scheme,r0_structure_id,is_agile,max_tanimoto_similarity,nearest_reachable_distance
component_family,R0C-0025f007aef651b44604,True,1.0,0.0
component_family,R0C-0099bb6451bc8032bebd,True,0.9482758620689655,0.051724137931034475
component_family,R0C-00c8497ae2f8c6a1c2ba,True,1.0,0.0
component_family,R0C-00cc2082cd07141df1e2,True,1.0,0.0
component_family,R0C-00da5b87600e104d3c9a,True,1.0,0.0
component_family,R0C-0171d247bce797a60a7d,True,1.0,0.0
component_family,R0C-018d586a3608b0dab905,True,0.8545454545454545,0.1454545454545455
component_family,R0C-020b8cb9da3e022253a9,True,1.0,0.0
component_family,R0C-020b91cf19e964643d7a,True,1.0,0.0
component_family,R0C-02101f8d47eb92a8a6d6,True,1.0,0.0
component_family,R0C-022d8df5915071157607,True,1.0,0.0
component_family,R0C-026a9fa32f3796f6d6e6,True,0.875,0.125
component_family,R0C-02788f67684cd3553194,True,1.0,0.0
component_family,R0C-02957f2c8a0a371b0316,True,0.8596491228070176,0.14035087719298245
component_family,R0C-02cf5240e89788fcc751,True,0.8181818181818182,0.18181818181818177
component_family,R0C-02e85d3db41f9168aad8,True,0.828125,0.171875
component_family,R0C-02ee33526d39e17a36c3,True,0.875,0.125
component_family,R0C-02fc03030555dc4c3d10,True,1.0,0.0
component_family,R0C-032fb2fcaafa820f0f8e,True,1.0,0.0
component_family,R0C-03616545f1f6ae3373c1,True,1.0,0.0
component_family,R0C-037c6a7b7b875f0b43a5,True,1.0,0.0
component_family,R0C-03ba29647cb4e89dbcce,True,0.7857142857142857,0.2142857142857143
component_family,R0C-043fedfdbb48e85b6f5b,True,0.9482758620689655,0.051724137931034475
component_family,R0C-04652aa71d8cd5e95498,True,1.0,0.0
component_family,R0C-046e87726b8f373ea62b,True,1.0,0.0
component_family,R0C-047f70017a558ab4f0a5,True,1.0,0.0
component_family,R0C-063baad0106efa8eedaa,True,0.8620689655172413,0.13793103448275867
component_family,R0C-0664fb23a32b706b8a79,True,0.8769230769230769,0.12307692307692308
component_family,R0C-06cb29129b9d7653398a,True,1.0,0.0
component_family,R0C-06ffd28a35a475376340,True,1.0,0.0
component_family,R0C-07628cbc074bdcc0e93e,True,1.0,0.0
component_family,R0C-0783cd6d69290191df26,True,0.7894736842105263,0.21052631578947367
component_family,R0C-079687b1ff1ca2137378,True,1.0,0.0
component_family,R0C-07c1744cc57ced48cd2c,True,1.0,0.0
component_family,R0C-083fd32ce1d30419f4fa,True,1.0,0.0
component_family,R0C-08c21cb3d3300c948d73,True,1.0,0.0
component_family,R0C-08eebbaf521f6ebdacf0,True,1.0,0.0
component_family,R0C-092ec1770c56ef428d1a,True,1.0,0.0
component_family,R0C-0939a3f7b6f84a6ab1ec,True,1.0,0.0
component_family,R0C-093fc27c8a883dfde086,True,0.9516129032258065,0.048387096774193505
component_family,R0C-09741e61515406fede61,True,1.0,0.0
component_family,R0C-0974cd2a60a9d50bfdd8,True,0.8787878787878788,0.12121212121212122
component_family,R0C-09860cf3141b6882be1e,True,1.0,0.0
component_family,R0C-09c00331ab13e78a634d,True,0.8596491228070176,0.14035087719298245
component_family,R0C-0a1ed252c31b1ea08fa8,True,1.0,0.0
component_family,R0C-0a4745c1fe90b44c15e4,True,0.8769230769230769,0.12307692307692308
component_family,R0C-0a89c831c05cd49b4aac,True,0.864406779661017,0.13559322033898302
component_family,R0C-0b0940c7b51a9882ed24,True,0.8688524590163934,0.1311475409836066
component_family,R0C-0b0fc812a23b2a6d56ea,True,0.8620689655172413,0.13793103448275867
component_family,R0C-0b2287ede665f4d945f5,True,1.0,0.0
component_family,R0C-0b5a639a0460669ed987,True,1.0,0.0
component_family,R0C-0b904a7795a8035feeaf,True,1.0,0.0
component_family,R0C-0bc604422cd571b94e90,True,1.0,0.0
component_family,R0C-0bcd44ae82b2421ad63d,True,1.0,0.0
component_family,R0C-0c444541a6141526eee1,True,1.0,0.0
component_family,R0C-0c8682a527fe8f658714,True,1.0,0.0
component_family,R0C-0cc3fb5f67f3054bd4f0,True,1.0,0.0
component_family,R0C-0cc982209b7067397d1f,True,1.0,0.0
component_family,R0C-0d9eca3d0f0e1eeb3133,True,1.0,0.0
component_family,R0C-0da2431e7b33fb274d86,True,1.0,0.0
component_family,R0C-0dd2f17db3b80f3780f6,True,1.0,0.0
component_family,R0C-0df0eb853ef014aa3a5e,True,0.8620689655172413,0.13793103448275867
component_family,R0C-0e4427b7de6a25e7fe61,True,0.8032786885245902,0.19672131147540983
component_family,R0C-0e6bd0eca366bee528af,True,0.9516129032258065,0.048387096774193505
component_family,R0C-0e6fbf77a4cfa21428cc,True,0.8153846153846154,0.18461538461538463
component_family,R0C-0eaea7141c9657426fd4,True,1.0,0.0
component_family,R0C-0ecbb0a9e0daf7fd5653,True,1.0,0.0
component_family,R0C-0ed9b633a1d837ccfeb2,True,1.0,0.0
component_family,R0C-0f22ef952e312f8cf3be,True,0.8688524590163934,0.1311475409836066
component_family,R0C-0ff361ebe6db112d78b9,True,1.0,0.0
component_family,R0C-109c3147dcc1bc926eaf,True,0.8666666666666667,0.1333333333333333
component_family,R0C-10ea62d2739e57fc85c6,True,0.9516129032258065,0.048387096774193505
component_family,R0C-1104da3c11208855c0f9,True,1.0,0.0
component_family,R0C-1156f772e2bd15955adc,True,1.0,0.0
component_family,R0C-11619893643f76391c1c,True,1.0,0.0
component_family,R0C-11830cfae9eadc667a1f,True,1.0,0.0
component_family,R0C-11d1c3ad7462c663b068,True,0.8666666666666667,0.1333333333333333
component_family,R0C-11ff75c4f8a4b87e0ce0,True,1.0,0.0
component_family,R0C-123d34ec4c33b605ac02,True,0.9482758620689655,0.051724137931034475
component_family,R0C-1252c2dcac10c626ea20,True,1.0,0.0
component_family,R0C-12de95f950a5f0b9fcad,True,1.0,0.0
component_family,R0C-131270514687efbcb3d9,True,1.0,0.0
component_family,R0C-13a58e3e132779bbd120,True,1.0,0.0
component_family,R0C-13e0a2afcf7ea8e61223,True,0.953125,0.046875
component_family,R0C-13e1196b285d519b392a,True,1.0,0.0
component_family,R0C-13e3432ebc3b3c28d872,True,1.0,0.0
component_family,R0C-141e6495075d6e7879e7,True,1.0,0.0
component_family,R0C-146d84ebb9dd79b70fb1,True,1.0,0.0
component_family,R0C-14b482529bb41075f96a,True,1.0,0.0
component_family,R0C-1525f0606ab896d5b66d,True,1.0,0.0
component_family,R0C-153912fac62e96c0547c,True,0.873015873015873,0.12698412698412698
component_family,R0C-162dfef62e5135b8d9f7,True,0.8688524590163934,0.1311475409836066
component_family,R0C-1641aa3087617162d511,True,0.8666666666666667,0.1333333333333333
component_family,R0C-164478430dd60ddd46b5,True,0.8596491228070176,0.14035087719298245
component_family,R0C-164d132b6176db031017,True,1.0,0.0
component_family,R0C-167fa68f432999277a7f,True,0.8688524590163934,0.1311475409836066
component_family,R0C-168cdacc9077801fb5e4,True,1.0,0.0
component_family,R0C-16a72daf847232527c5f,True,1.0,0.0
component_family,R0C-16b9f53dc6ab0f025fbb,True,1.0,0.0
component_family,R0C-176559194a554d974796,True,1.0,0.0
component_family,R0C-17a0fc5052c7e5de788e,True,1.0,0.0
component_family,R0C-17f21d5d94cb3e7c14a9,True,1.0,0.0
component_family,R0C-181654e3300c0df808a8,True,1.0,0.0
component_family,R0C-185a86f844dea8303b1f,True,1.0,0.0
component_family,R0C-189ee4ca1858a71d8d95,True,1.0,0.0
component_family,R0C-18aa239ff0d107ecdbe6,True,1.0,0.0
component_family,R0C-18b90a9f2d627d63629c,True,1.0,0.0
component_family,R0C-19346c460d18eb72e073,True,1.0,0.0
component_family,R0C-19580bc9ad6e39545af0,True,1.0,0.0
component_family,R0C-1965dbfb983d071807a2,True,1.0,0.0
component_family,R0C-19915bc28946f9525015,True,0.8518518518518519,0.14814814814814814
component_family,R0C-19e944070c65ace0ed74,True,0.8666666666666667,0.1333333333333333
component_family,R0C-1a07de988151267ee247,True,1.0,0.0
component_family,R0C-1a61c00bf5d48548bb5d,True,1.0,0.0
component_family,R0C-1a96906989c205581d86,True,1.0,0.0
component_family,R0C-1ac41a8dc289140aec0a,True,1.0,0.0
component_family,R0C-1be3cb52f731f198fc8a,True,1.0,0.0
component_family,R0C-1c1cb90c6e9b9eca5e39,True,0.8688524590163934,0.1311475409836066
component_family,R0C-1c4bea30748a9ceba48a,True,1.0,0.0
component_family,R0C-1cc79101811f5f28c93f,True,1.0,0.0
component_family,R0C-1cf6db61b759863a84e1,True,0.9137931034482759,0.08620689655172409
component_family,R0C-1d2905a77a1e6dae3404,True,1.0,0.0
component_family,R0C-1d31138f0cc44eb21ef8,True,0.864406779661017,0.13559322033898302
component_family,R0C-1d4e26512c9597474bca,True,1.0,0.0
component_family,R0C-1d50cf38807de223e476,True,0.8709677419354839,0.12903225806451613
component_family,R0C-1d5fff16a1567c1c9cc2,True,1.0,0.0
component_family,R0C-1d7ea749b706dd30ede7,True,0.9444444444444444,0.05555555555555558
component_family,R0C-1db58ede80741cfe55ac,True,1.0,0.0
component_family,R0C-1dc5b827d0c7d3f10a6b,True,1.0,0.0
component_family,R0C-1e3edc6a421d0ea5d93e,True,1.0,0.0
component_family,R0C-1edc19b9526bca0329da,True,1.0,0.0
component_family,R0C-1ee90f8bda000483a9d2,True,1.0,0.0
component_family,R0C-1f2c045a65b495ae4e20,True,0.8,0.19999999999999996
component_family,R0C-1f4f5e8c68dc4982c264,True,1.0,0.0
component_family,R0C-204f7e915e89bec61986,True,1.0,0.0
component_family,R0C-2070a19b685794d8b79d,True,1.0,0.0
component_family,R0C-210140acd4b68e35cea2,True,1.0,0.0
component_family,R0C-21859bd7c099558363ad,True,1.0,0.0
component_family,R0C-21cb4a243cb730a86fe7,True,1.0,0.0
component_family,R0C-21d1bdcbbe3e6640a0e1,True,0.9661016949152542,0.03389830508474578
component_family,R0C-21deea8153d544049e94,True,1.0,0.0
component_family,R0C-223f981ee336ef0bbc0c,True,1.0,0.0
component_family,R0C-22a524f5a6fe3ccb1233,True,0.8688524590163934,0.1311475409836066
component_family,R0C-22e9c26a851d5ff7628c,True,0.873015873015873,0.12698412698412698
component_family,R0C-23345f0f034897e79424,True,0.9454545454545454,0.054545454545454564
component_family,R0C-234c56a1cddfd145532a,True,1.0,0.0
component_family,R0C-2362dacae37a4eb6b3ff,True,1.0,0.0
component_family,R0C-23bbd16d17436d89925c,True,1.0,0.0
component_family,R0C-24513f58dca0efc93ea6,True,1.0,0.0
component_family,R0C-24671cadd46a384beb64,True,1.0,0.0
component_family,R0C-24cd6807ea2051fa0d1f,True,0.875,0.125
component_family,R0C-24d2e11db842388f9c1f,True,1.0,0.0
component_family,R0C-24e6e1ffb999cf9569fc,True,1.0,0.0
component_family,R0C-252c4b317be65c3901be,True,1.0,0.0
component_family,R0C-258f959452c264e6f315,True,0.8666666666666667,0.1333333333333333
component_family,R0C-2590febb1e0ba57ac028,True,0.9464285714285714,0.0535714285714286
component_family,R0C-26496ce6198baac4fdb4,True,1.0,0.0
component_family,R0C-26aa33b7f8d0e54afb64,True,1.0,0.0
component_family,R0C-272741419807b021a7bd,True,1.0,0.0
component_family,R0C-2864b5d01d8c0eebfb9c,True,0.873015873015873,0.12698412698412698
component_family,R0C-286df9167abfcdfe975d,True,0.967741935483871,0.032258064516129004
component_family,R0C-289bb796f5b4a21b2372,True,1.0,0.0
component_family,R0C-28b6f0a0875e1936994f,True,1.0,0.0
component_family,R0C-292ff9b1c85981137e21,True,1.0,0.0
component_family,R0C-29a8f4cfc962d2cf184d,True,1.0,0.0
component_family,R0C-2a77add3c5a9720b9998,True,1.0,0.0
component_family,R0C-2ac020cf6109fe11464b,True,1.0,0.0
component_family,R0C-2b20d4ad94e4c6cbc9f1,True,0.9491525423728814,0.05084745762711862
component_family,R0C-2b4bcbea9d19aa4349cd,True,1.0,0.0
component_family,R0C-2b5546bc60826bf83543,True,1.0,0.0
component_family,R0C-2c204f1cad3c999a7319,True,0.8620689655172413,0.13793103448275867
component_family,R0C-2c7e55f613e15857a4e4,True,1.0,0.0
component_family,R0C-2cf11454303352c22b7d,True,1.0,0.0
component_family,R0C-2d022a6d1d83a65b96e8,True,0.7894736842105263,0.21052631578947367
component_family,R0C-2d06c9c96a9c405ffd4c,True,1.0,0.0
component_family,R0C-2d0ca799a8cf58e4b7ad,True,0.8620689655172413,0.13793103448275867
component_family,R0C-2d4ba847a653506a3db3,True,0.7931034482758621,0.2068965517241379
component_family,R0C-2d4bf191f39a616ddc27,True,1.0,0.0
component_family,R0C-2d85e1c23fe20d88e38a,True,1.0,0.0
component_family,R0C-2da372fa07e564d620f6,True,1.0,0.0
component_family,R0C-2dd77ef65880fb93f3ae,True,0.8596491228070176,0.14035087719298245
component_family,R0C-2e88eef079e35df4749d,True,0.9454545454545454,0.054545454545454564
component_family,R0C-2ea0b653f82a86574ddc,True,1.0,0.0
component_family,R0C-2eb41e9738d4fc323bad,True,1.0,0.0
component_family,R0C-2f03226c9792ea569d1d,True,1.0,0.0
component_family,R0C-2facbcb1b9e97614fc74,True,1.0,0.0
component_family,R0C-2fc9204e2f2322874ccc,True,1.0,0.0
component_family,R0C-30a3e36e29b31ed2f674,True,0.8620689655172413,0.13793103448275867
component_family,R0C-30e145c4eea5ec1471b6,True,1.0,0.0
component_family,R0C-3125c8d9f366ab936602,True,1.0,0.0
component_family,R0C-315bdbb3669e4153ba7e,True,0.8518518518518519,0.14814814814814814
component_family,R0C-3184b7fd6f867982ecb0,True,1.0,0.0
component_family,R0C-31e1db0b703435903760,True,1.0,0.0
component_family,R0C-31eadf56b983536bc80b,True,0.8596491228070176,0.14035087719298245
component_family,R0C-323d1bb5113bca10605d,True,0.8103448275862069,0.18965517241379315
component_family,R0C-32557684a9cf637145ec,True,0.8620689655172413,0.13793103448275867
component_family,R0C-32a3de4f990fa4bee894,True,1.0,0.0
component_family,R0C-33bc22f9a0d7efad491b,True,0.7931034482758621,0.2068965517241379
component_family,R0C-33cd4774541d17ca72f3,True,0.8620689655172413,0.13793103448275867
component_family,R0C-344beb0111c4c654ff2d,True,0.8688524590163934,0.1311475409836066
component_family,R0C-3458cea17f80df5d5bc5,True,1.0,0.0
component_family,R0C-348451d8ff46f1ea6a28,True,0.8688524590163934,0.1311475409836066
component_family,R0C-34a26f23a41d7ae0f337,True,0.8518518518518519,0.14814814814814814
component_family,R0C-3580689ab8d6c517d2ec,True,0.864406779661017,0.13559322033898302
component_family,R0C-358dcb419f003b7bf169,True,1.0,0.0
component_family,R0C-359ba2b27cf8f07ff975,True,0.8823529411764706,0.11764705882352944
component_family,R0C-35b79df2cb8853d5de42,True,0.8688524590163934,0.1311475409836066
component_family,R0C-36f27d7671df2dd0b39b,True,1.0,0.0
component_family,R0C-37902a249713625e15ef,True,1.0,0.0
component_family,R0C-37def72a4a50d34023cd,True,1.0,0.0
component_family,R0C-37e846addd2a632d14ea,True,0.9464285714285714,0.0535714285714286
component_family,R0C-381162bff7027fac871d,True,0.8,0.19999999999999996
component_family,R0C-3832dd519b4a6a95a67c,True,0.9180327868852459,0.08196721311475408
component_family,R0C-3903a5bf872d8e6a5770,True,1.0,0.0
component_family,R0C-390cf55bd7d96589f724,True,1.0,0.0
component_family,R0C-39216dfad0d161694af4,True,0.8518518518518519,0.14814814814814814
component_family,R0C-3930309c695d6142e590,True,0.8518518518518519,0.14814814814814814
component_family,R0C-39ba6119452214c766b3,True,0.9464285714285714,0.0535714285714286
component_family,R0C-3a2ec062615f56730d56,True,1.0,0.0
component_family,R0C-3a50c9d7015c72ad2e34,True,1.0,0.0
component_family,R0C-3a830bb76a337b2835c3,True,1.0,0.0
component_family,R0C-3a9682d8c51a13f40de9,True,1.0,0.0
component_family,R0C-3a9957a2757242dcc10a,True,1.0,0.0
component_family,R0C-3a9f2d0c66ddc5ed5c08,True,1.0,0.0
component_family,R0C-3b352c26ff7ffbbf4790,True,1.0,0.0
component_family,R0C-3b5f5387409d22b571aa,True,0.7931034482758621,0.2068965517241379
component_family,R0C-3bc0935bfb0c6e930626,True,1.0,0.0
component_family,R0C-3bd9ad78e021ddc3995e,True,0.9122807017543859,0.08771929824561409
component_family,R0C-3c17698e4714b5d4ea85,True,1.0,0.0
component_family,R0C-3cd2ea3cae4c51e66b1e,True,1.0,0.0
component_family,R0C-3d137203d12557d37b5b,True,1.0,0.0
component_family,R0C-3d306204d1803fe4406d,True,0.8666666666666667,0.1333333333333333
component_family,R0C-3d511927bbce71f7f7a3,True,0.7894736842105263,0.21052631578947367
component_family,R0C-3d623e8c4278b0b5ae6e,True,1.0,0.0
component_family,R0C-3d9916428cd53234a4e9,True,1.0,0.0
component_family,R0C-3dae08e3d5af6768746f,True,0.8709677419354839,0.12903225806451613
component_family,R0C-3db4491e8fdc88a8fc4e,True,1.0,0.0
component_family,R0C-3df2c4343e5d58d3d426,True,0.8769230769230769,0.12307692307692308
component_family,R0C-3e0621c76ab4c80af088,True,1.0,0.0
component_family,R0C-3e37bc0859b9dbe58537,True,1.0,0.0
component_family,R0C-3e4bb246357615ca1de3,True,1.0,0.0
component_family,R0C-3e90461e8082764088d8,True,1.0,0.0
component_family,R0C-3ea42a8d71ce91e94a38,True,1.0,0.0
component_family,R0C-3eb21f35a94e4e066241,True,1.0,0.0
component_family,R0C-3ee5dd565f6a5bb430eb,True,0.8518518518518519,0.14814814814814814
component_family,R0C-3ef5d74359ddf4dc15cb,True,0.9482758620689655,0.051724137931034475
component_family,R0C-3fb6458147c14cc13c30,True,1.0,0.0
component_family,R0C-3ffe983223d87c2c70e4,True,0.9482758620689655,0.051724137931034475
component_family,R0C-402983943319537f19b9,True,1.0,0.0
component_family,R0C-402b2b8cf1751ddd5237,True,1.0,0.0
component_family,R0C-4031bda6c244ac826fa9,True,1.0,0.0
component_family,R0C-409afb8c8d2ce5b5bb43,True,1.0,0.0
component_family,R0C-4151637a76f14529ead5,True,0.8620689655172413,0.13793103448275867
component_family,R0C-418705339d7e067c922d,True,1.0,0.0
component_family,R0C-41aa24141c2417222a46,True,0.9482758620689655,0.051724137931034475
component_family,R0C-41e84dcb0e9790785e99,True,1.0,0.0
component_family,R0C-4203f982254cef4b6eb8,True,1.0,0.0
component_family,R0C-425507240523d1a317f9,True,1.0,0.0
component_family,R0C-42692768a135c7b8836b,True,0.8070175438596491,0.19298245614035092
component_family,R0C-4271c0e67c94a24f8108,True,0.8596491228070176,0.14035087719298245
component_family,R0C-42dbe3a658c8ef1cb386,True,1.0,0.0
component_family,R0C-435adbc39acc635d1675,True,1.0,0.0
component_family,R0C-445930416e2e0acb39c1,True,1.0,0.0
component_family,R0C-4487b6d10feae2b6e4dd,True,1.0,0.0
component_family,R0C-4494a3e78cbc65fad71b,True,0.8545454545454545,0.1454545454545455
component_family,R0C-44c1f97ab85b251f9cdc,True,0.8840579710144928,0.1159420289855072
component_family,R0C-44e874bb25a36b54e77c,True,0.8688524590163934,0.1311475409836066
component_family,R0C-45035a43b983a64b6ae3,True,1.0,0.0
component_family,R0C-456cc816bbc1fadacf60,True,1.0,0.0
component_family,R0C-45767320e9434ce3bfff,True,0.8070175438596491,0.19298245614035092
component_family,R0C-457c4724dbc2548ce7ba,True,1.0,0.0
component_family,R0C-45ca48378afefe0432fb,True,0.8666666666666667,0.1333333333333333
component_family,R0C-45f6e1339797556d1474,True,0.8571428571428571,0.1428571428571429
component_family,R0C-4606d60306b96239cde4,True,1.0,0.0
component_family,R0C-462bb91bb6e749329f5e,True,1.0,0.0
component_family,R0C-4643b2ef0ebec35823f1,True,0.7931034482758621,0.2068965517241379
component_family,R0C-471e719b7b96f4ba3d94,True,1.0,0.0
component_family,R0C-47a9c234e7bdae05defd,True,1.0,0.0
component_family,R0C-47c41e6287d157e9b1a1,True,0.967741935483871,0.032258064516129004
component_family,R0C-47f5848dcf329f8b3770,True,1.0,0.0
component_family,R0C-481f5b63e2d871b36ec0,True,0.953125,0.046875
component_family,R0C-48322f99d6929dd64974,True,1.0,0.0
component_family,R0C-48479af4fd1ee27beb31,True,0.9661016949152542,0.03389830508474578
component_family,R0C-484df2710c95b0d29c91,True,0.8666666666666667,0.1333333333333333
component_family,R0C-485a24aa3bd6f6b227c9,True,0.9491525423728814,0.05084745762711862
component_family,R0C-488cb10bacfb95bdcb87,True,0.873015873015873,0.12698412698412698
component_family,R0C-497a5397d6504ae3ea84,True,0.8166666666666667,0.18333333333333335
component_family,R0C-4a2ad8f9f8d0f653214c,True,0.8620689655172413,0.13793103448275867
component_family,R0C-4a8a7cbe32996eb6ec05,True,1.0,0.0
component_family,R0C-4ae9c969b084c3571222,True,0.8,0.19999999999999996
component_family,R0C-4b1f4576b9e198162025,True,0.8620689655172413,0.13793103448275867
component_family,R0C-4ba990fd34d81a6b2733,True,1.0,0.0
component_family,R0C-4bb463369c880b42a2dd,True,1.0,0.0
component_family,R0C-4bbd2f6fd6cafd6b265c,True,1.0,0.0
component_family,R0C-4be4519b98ee7fe29dd1,True,1.0,0.0
component_family,R0C-4c302aa21a8779169845,True,0.9508196721311475,0.049180327868852514
component_family,R0C-4c6c3c7c45140e88f0fe,True,1.0,0.0
component_family,R0C-4cd8117ac35c32092b91,True,0.9464285714285714,0.0535714285714286
component_family,R0C-4d2392168fee88753b7f,True,0.9491525423728814,0.05084745762711862
component_family,R0C-4d2f50bd756204246f80,True,0.8596491228070176,0.14035087719298245
component_family,R0C-4d4b56a952b3126e0b62,True,1.0,0.0
component_family,R0C-4d5d51ff6394a76134ce,True,1.0,0.0
component_family,R0C-4e2b260fcf6bc7465554,True,1.0,0.0
component_family,R0C-4e95d96065001b73f9a3,True,0.8666666666666667,0.1333333333333333
component_family,R0C-4eadefae9913e4dc9a19,True,1.0,0.0
component_family,R0C-4eb74350bb0d23105130,True,1.0,0.0
component_family,R0C-4ef339baf88b10d92890,True,1.0,0.0
component_family,R0C-4f356c52c47c6ad48c4b,True,0.8490566037735849,0.15094339622641506
component_family,R0C-4f528418969315295ec8,True,1.0,0.0
component_family,R0C-4f8aca4c9b83bc99df44,True,1.0,0.0
component_family,R0C-4fb89e46090d196874d3,True,0.8769230769230769,0.12307692307692308
component_family,R0C-4fde70bc8205ff877f67,True,0.8805970149253731,0.11940298507462688
component_family,R0C-4fe7e03ebcc1ee392479,True,0.953125,0.046875
component_family,R0C-509f418d04d35b8186e0,True,1.0,0.0
component_family,R0C-50dc89eab74d012d5f05,True,0.8709677419354839,0.12903225806451613
component_family,R0C-510f76a1de60853ec3f3,True,1.0,0.0
component_family,R0C-5133c224b6226cf61e13,True,0.8545454545454545,0.1454545454545455
component_family,R0C-514aef54e8b1a3b0f501,True,1.0,0.0
component_family,R0C-5152b60e2d8deccef642,True,1.0,0.0
component_family,R0C-519a7e569a3d9cbea154,True,0.967741935483871,0.032258064516129004
component_family,R0C-51fa322bd6adc5aff18e,True,1.0,0.0
component_family,R0C-5216c20b0463c88ead26,True,0.9230769230769231,0.07692307692307687
component_family,R0C-521f0ec76743eed40cf6,True,1.0,0.0
component_family,R0C-524992943162c00411cb,True,0.8518518518518519,0.14814814814814814
component_family,R0C-5256f742be145faa9560,True,1.0,0.0
component_family,R0C-52c93e842b2fcf3dfd7a,True,0.8181818181818182,0.18181818181818177
component_family,R0C-52dc08ca3fcb2c06389f,True,1.0,0.0
component_family,R0C-530041d3b6f1794be95c,True,1.0,0.0
component_family,R0C-538e0fa3999d41244478,True,1.0,0.0
component_family,R0C-53dc4f2c8670aceec78f,True,0.9454545454545454,0.054545454545454564
component_family,R0C-544515bc49622b10019d,True,1.0,0.0
component_family,R0C-550309ce140a034a612d,True,0.8688524590163934,0.1311475409836066
component_family,R0C-55b27a3d5646ef836b75,True,0.9491525423728814,0.05084745762711862
component_family,R0C-55fa51a3c7c647a42091,True,0.8596491228070176,0.14035087719298245
component_family,R0C-567478587b439d3078d3,True,1.0,0.0
component_family,R0C-56c1051beebf9ffbfbaa,True,1.0,0.0
component_family,R0C-56c6d2fcdaf2e3bd7f97,True,0.8032786885245902,0.19672131147540983
component_family,R0C-56ec8e04797829e185af,True,0.9193548387096774,0.08064516129032262
component_family,R0C-5720ad610864ad15b01d,True,1.0,0.0
component_family,R0C-5731fd39e1453bd17001,True,1.0,0.0
component_family,R0C-5734e496c40f91e03753,True,1.0,0.0
component_family,R0C-57ca54cba8e61547939a,True,0.9491525423728814,0.05084745762711862
component_family,R0C-57e7847a785a578072f6,True,1.0,0.0
component_family,R0C-581cff8b256ebe134797,True,1.0,0.0
component_family,R0C-584403ab1af116737e52,True,1.0,0.0
component_family,R0C-5848e21b94659d757ede,True,1.0,0.0
component_family,R0C-585a6c319b479668a11d,True,0.8596491228070176,0.14035087719298245
component_family,R0C-5875b71944251e325b2e,True,0.9482758620689655,0.051724137931034475
component_family,R0C-58928f7c4acf2e6dbd2e,True,0.8666666666666667,0.1333333333333333
component_family,R0C-58acaf7a34ba73b7e812,True,1.0,0.0
component_family,R0C-58ccbf547fc495ed8a97,True,1.0,0.0
component_family,R0C-58d8b553e7e1ee043f66,True,0.9464285714285714,0.0535714285714286
component_family,R0C-58f876952a333abd0dc6,True,1.0,0.0
component_family,R0C-590245e30223b5608228,True,0.8032786885245902,0.19672131147540983
component_family,R0C-5960382d813d272d19ca,True,0.873015873015873,0.12698412698412698
component_family,R0C-59905e242b72e7af4e2d,True,1.0,0.0
component_family,R0C-5a0ff5575c494c02baca,True,1.0,0.0
component_family,R0C-5a56811127c36c8024e7,True,0.9464285714285714,0.0535714285714286
component_family,R0C-5a6430cbe354ca908b4b,True,1.0,0.0
component_family,R0C-5b14744346b363a4e858,True,1.0,0.0
component_family,R0C-5bff4fedafd8bafaf4c5,True,1.0,0.0
component_family,R0C-5c08f8d00820525e29b5,True,0.8620689655172413,0.13793103448275867
component_family,R0C-5c3092950b181ed85b78,True,0.8545454545454545,0.1454545454545455
component_family,R0C-5c46130fdb5100028fd3,True,0.9491525423728814,0.05084745762711862
component_family,R0C-5c6fd742dfde2ff663ed,True,1.0,0.0
component_family,R0C-5c86b2ce4163e079d7b0,True,1.0,0.0
component_family,R0C-5dc16a786c534b428d4f,True,1.0,0.0
component_family,R0C-5dce8f6b5660ef61d5e0,True,1.0,0.0
component_family,R0C-5ddf2a0d2bf9c2aefbfb,True,0.8571428571428571,0.1428571428571429
component_family,R0C-5df64793e66523aad5aa,True,0.8620689655172413,0.13793103448275867
component_family,R0C-5e6e2a5607619902e005,True,1.0,0.0
component_family,R0C-5e85d262456f7938862e,True,0.9454545454545454,0.054545454545454564
component_family,R0C-5e9881a60b10b56d4bda,True,1.0,0.0
component_family,R0C-5eacf1935277a49fb9f1,True,1.0,0.0
component_family,R0C-5ee6f6c5fb2b5148d14c,True,0.9166666666666666,0.08333333333333337
component_family,R0C-5f07b6ea8748da2292a0,True,1.0,0.0
component_family,R0C-5f735d27170691196c4d,True,1.0,0.0
component_family,R0C-5fad5c833253b9d831dc,True,1.0,0.0
component_family,R0C-607b10d6fe5d1055d3b3,True,0.819672131147541,0.180327868852459
component_family,R0C-60be21cd131967a94bf5,True,1.0,0.0
component_family,R0C-60ec390cb36b92d0024f,True,1.0,0.0
component_family,R0C-6101b22ff63fb4826260,True,0.7894736842105263,0.21052631578947367
component_family,R0C-614bab7043969596c899,True,1.0,0.0
component_family,R0C-6200ee0564b0ab262faf,True,1.0,0.0
component_family,R0C-62124b6a25e854299592,True,1.0,0.0
component_family,R0C-6217ade97f217d1a7ae2,True,0.9491525423728814,0.05084745762711862
component_family,R0C-627a35296f33420ba8d2,True,1.0,0.0
component_family,R0C-628a651f4521831e192c,True,1.0,0.0
component_family,R0C-62b183bb6bc5c83feefd,True,1.0,0.0
component_family,R0C-62d85e95a07974bb2c91,True,0.9482758620689655,0.051724137931034475
component_family,R0C-630cfcb868cd64b65d3e,True,1.0,0.0
component_family,R0C-631551ccf383755a967c,True,1.0,0.0
component_family,R0C-63b4dacbc98449291687,True,1.0,0.0
component_family,R0C-63e1fe04b9bcaaedd9d0,True,0.8125,0.1875
component_family,R0C-64a9df638d989aaef135,True,1.0,0.0
component_family,R0C-65152681ec572a0dd997,True,0.8032786885245902,0.19672131147540983
component_family,R0C-65345465dc6a524eb2b7,True,0.873015873015873,0.12698412698412698
component_family,R0C-657fd09ccf4ac6096af4,True,1.0,0.0
component_family,R0C-65e44b7db527939b7008,True,0.8688524590163934,0.1311475409836066
component_family,R0C-660f844fb92164ebc483,True,0.8596491228070176,0.14035087719298245
component_family,R0C-663533a7453b9fcf326a,True,1.0,0.0
component_family,R0C-67016ed1e0e76b0ad0bb,True,0.9464285714285714,0.0535714285714286
component_family,R0C-6826f7681c2bf9480b54,True,0.8666666666666667,0.1333333333333333
component_family,R0C-682b3045bb1cc60f864d,True,1.0,0.0
component_family,R0C-682e20195398f520fd83,True,1.0,0.0
component_family,R0C-686fa69741e7b6f57215,True,1.0,0.0
component_family,R0C-6876849a13ef0bffccef,True,1.0,0.0
component_family,R0C-687cf14d0b9f5c4858c8,True,0.9454545454545454,0.054545454545454564
component_family,R0C-68a848ba1af07a174ab7,True,1.0,0.0
component_family,R0C-68bc12167f03183b1109,True,0.8620689655172413,0.13793103448275867
component_family,R0C-68e58fd455c4c4ea588d,True,0.8666666666666667,0.1333333333333333
component_family,R0C-68fec87ad1b97e640055,True,1.0,0.0
component_family,R0C-6905ab0a00af789034b9,True,0.8545454545454545,0.1454545454545455
component_family,R0C-692667d8a0f60d423b3e,True,0.8709677419354839,0.12903225806451613
component_family,R0C-69290498a08e058608b0,True,1.0,0.0
component_family,R0C-6979faeb42c38cb5177c,True,0.8688524590163934,0.1311475409836066
component_family,R0C-69ba8e8d00699c8a9fc7,True,1.0,0.0
component_family,R0C-6a838a19900218376532,True,0.9491525423728814,0.05084745762711862
component_family,R0C-6a9acadbbd7ae2ca9e68,True,1.0,0.0
component_family,R0C-6aaf43a64fd01f68da26,True,0.9454545454545454,0.054545454545454564
component_family,R0C-6c02ae46eaa222135a7b,True,1.0,0.0
component_family,R0C-6c185b4b5dd2642874cf,True,1.0,0.0
component_family,R0C-6c2b78984c3fb0d9e5c3,True,0.7931034482758621,0.2068965517241379
component_family,R0C-6c75c431e9d22e42c1cd,True,0.9482758620689655,0.051724137931034475
component_family,R0C-6cb033e5c7d172832740,True,0.8070175438596491,0.19298245614035092
component_family,R0C-6cd3e671272f3c24beca,True,1.0,0.0
component_family,R0C-6d6243de3df0e7472a71,True,1.0,0.0
component_family,R0C-6d703e4ac35121ead5bd,True,0.9454545454545454,0.054545454545454564
component_family,R0C-6d73aa50ea7d7a932796,True,0.9482758620689655,0.051724137931034475
component_family,R0C-6d95717f283b7c36c0e6,True,1.0,0.0
component_family,R0C-6dba0d1116a9bd0d25ff,True,0.873015873015873,0.12698412698412698
component_family,R0C-6e24d2044eb48492e191,True,0.8596491228070176,0.14035087719298245
component_family,R0C-6e4268c7228be72978c7,True,0.864406779661017,0.13559322033898302
component_family,R0C-6e837987a1a79bb5f598,True,1.0,0.0
component_family,R0C-6ead11cd479aec535489,True,0.9491525423728814,0.05084745762711862
component_family,R0C-6ec7ef541b59f9dfa690,True,1.0,0.0
component_family,R0C-6ed22dcf1e0740d30e9a,True,1.0,0.0
component_family,R0C-6ef1daae71ae02a8627a,True,1.0,0.0
component_family,R0C-6f000c98f41f9539143b,True,1.0,0.0
component_family,R0C-6f145f53a96eb6b901f2,True,0.8166666666666667,0.18333333333333335
component_family,R0C-6f1b72bd8b859068d771,True,1.0,0.0
component_family,R0C-6f1f351654c8ea34b090,True,1.0,0.0
component_family,R0C-6f25f325daf7d4967aa3,True,1.0,0.0
component_family,R0C-6feb86eb8741ff261ac6,True,0.8620689655172413,0.13793103448275867
component_family,R0C-6ff7574e35bf86392854,True,1.0,0.0
component_family,R0C-704b5c83894b48bd7e56,True,0.9454545454545454,0.054545454545454564
component_family,R0C-71386740bbe8fbb4a262,True,1.0,0.0
component_family,R0C-718522a757db589474f8,True,1.0,0.0
component_family,R0C-71b6ecd5d32ce0c9890f,True,0.7857142857142857,0.2142857142857143
component_family,R0C-71bb1de6d48607e0b457,True,1.0,0.0
component_family,R0C-71c614704a9abfe103ee,True,1.0,0.0
component_family,R0C-71ff6fc98336eab2e0f5,True,1.0,0.0
component_family,R0C-72372f2d6b406b2c37b1,True,0.8571428571428571,0.1428571428571429
component_family,R0C-72608b4184bcd5f611d7,True,0.8545454545454545,0.1454545454545455
component_family,R0C-72e975d4c40ef920db9d,True,0.8,0.19999999999999996
component_family,R0C-72f4b84b39238e223e94,True,0.8545454545454545,0.1454545454545455
component_family,R0C-735bc5a6caf906106e65,True,0.9107142857142857,0.0892857142857143
component_family,R0C-73e56740d065be1b201b,True,0.7894736842105263,0.21052631578947367
component_family,R0C-740c055a74c6fa483d00,True,0.7894736842105263,0.21052631578947367
component_family,R0C-743fe333bf8a96107a03,True,0.9491525423728814,0.05084745762711862
component_family,R0C-7470597ee101b13a7237,True,0.8490566037735849,0.15094339622641506
component_family,R0C-74b47a66b5a2fbc431a1,True,1.0,0.0
component_family,R0C-74bcfd9edc1ecb225392,True,0.8,0.19999999999999996
component_family,R0C-74ee75ed48e37faee2eb,True,1.0,0.0
component_family,R0C-759905509fc803b8e705,True,1.0,0.0
component_family,R0C-75f53b4baf3ed5ac138e,True,1.0,0.0
component_family,R0C-7649a215333573b9984a,True,0.8070175438596491,0.19298245614035092
component_family,R0C-76571a446fbd3d44cf35,True,1.0,0.0
component_family,R0C-76a2a87b02856ab22bce,True,1.0,0.0
component_family,R0C-76c5a977c34c4ad67635,True,0.8,0.19999999999999996
component_family,R0C-773a392644a2d7d99f88,True,1.0,0.0
component_family,R0C-773daa28cb55c3feb630,True,1.0,0.0
component_family,R0C-77a266f0bb4b29aeb982,True,1.0,0.0
component_family,R0C-77c5ccb85a52a644acbe,True,1.0,0.0
component_family,R0C-7803e159ea36b631cc0c,True,1.0,0.0
component_family,R0C-78194ea438eef9896a13,True,1.0,0.0
component_family,R0C-782d37eee851b70526ba,True,0.953125,0.046875
component_family,R0C-787e90c862948b1826cf,True,0.8596491228070176,0.14035087719298245
component_family,R0C-78ff570f5b3a0288d445,True,0.8064516129032258,0.19354838709677424
component_family,R0C-7936432f108cb604be7f,True,1.0,0.0
component_family,R0C-796b042d56a09f32a62a,True,0.9454545454545454,0.054545454545454564
component_family,R0C-7a1884f472341068faf1,True,1.0,0.0
component_family,R0C-7a70072cf6e49f5eb993,True,1.0,0.0
component_family,R0C-7a7121770ecaa7510130,True,1.0,0.0
component_family,R0C-7a7686c3632403000aec,True,1.0,0.0
component_family,R0C-7ad325bb5afce0ab985c,True,0.8070175438596491,0.19298245614035092
component_family,R0C-7ad8910d75e38d4ef682,True,1.0,0.0
component_family,R0C-7adfedacd9530d5321bc,True,1.0,0.0
component_family,R0C-7b00bbc677962ab83b3a,True,0.9464285714285714,0.0535714285714286
component_family,R0C-7b0ea5437882a372c3d1,True,0.8181818181818182,0.18181818181818177
component_family,R0C-7b140aac95cf34fb447d,True,0.8064516129032258,0.19354838709677424
component_family,R0C-7b408c86e1174a871c06,True,0.9482758620689655,0.051724137931034475
component_family,R0C-7b43442e745e0092a6fa,True,1.0,0.0
component_family,R0C-7b47b18a45840008b306,True,1.0,0.0
component_family,R0C-7b75466ea2c7b60e152e,True,0.8620689655172413,0.13793103448275867
component_family,R0C-7b81ff60b507c3b2398a,True,1.0,0.0
component_family,R0C-7b97170f57acf3aad27b,True,1.0,0.0
component_family,R0C-7b9bd6ec08ef03986514,True,0.9491525423728814,0.05084745762711862
component_family,R0C-7bf6ef900cf04024b4b6,True,1.0,0.0
component_family,R0C-7ca0e9dc18c7e05ceecb,True,1.0,0.0
component_family,R0C-7cc799d9150a7fb30f82,True,0.8490566037735849,0.15094339622641506
component_family,R0C-7cfc0aa5a6925d34dc72,True,1.0,0.0
component_family,R0C-7d1eb923e08d25814b69,True,1.0,0.0
component_family,R0C-7d299a19289d07bdb4cc,True,1.0,0.0
component_family,R0C-7d9ca015f65b9ba13ac4,True,1.0,0.0
component_family,R0C-7daf89d2277541a86955,True,1.0,0.0
component_family,R0C-7e189c095ef827722424,True,0.9464285714285714,0.0535714285714286
component_family,R0C-7e1abc63319a1747bbe4,True,0.9242424242424242,0.0757575757575758
component_family,R0C-7e737f1152cfc4e3df67,True,0.7931034482758621,0.2068965517241379
component_family,R0C-7eac48ae1b1e031f2b54,True,0.9508196721311475,0.049180327868852514
component_family,R0C-7f30d6f6d95a8bdc7dfd,True,0.7894736842105263,0.21052631578947367
component_family,R0C-7f9666ecb0ab9ee33701,True,0.8,0.19999999999999996
component_family,R0C-7fa94868d149a5b56393,True,1.0,0.0
component_family,R0C-8063d6baaf4d5e01095e,True,1.0,0.0
component_family,R0C-8164d20e1dc08572c91a,True,1.0,0.0
component_family,R0C-816d004d07b8f848cc78,True,1.0,0.0
component_family,R0C-817123faedeb4da7a845,True,1.0,0.0
component_family,R0C-8175c5b37af95cb335a3,True,1.0,0.0
component_family,R0C-81d0b1901d72a5618821,True,1.0,0.0
component_family,R0C-81f9f7342a63a8f46fc5,True,1.0,0.0
component_family,R0C-82ddf2eac1c77c3d9b53,True,1.0,0.0
component_family,R0C-83226bf1490ceede4ba0,True,0.9454545454545454,0.054545454545454564
component_family,R0C-834b5e42e2b9d6d21f10,True,1.0,0.0
component_family,R0C-83c2b1d5156d90950180,True,1.0,0.0
component_family,R0C-83ebc483bc01b2010e73,True,0.921875,0.078125
component_family,R0C-83f42ad029afbfd96b2d,True,0.8064516129032258,0.19354838709677424
component_family,R0C-848620da759d56fad5d2,True,1.0,0.0
component_family,R0C-84902a4be9d467bfd914,True,1.0,0.0
component_family,R0C-84af5be3f898cd844b51,True,0.8787878787878788,0.12121212121212122
component_family,R0C-8585af57cd6ed03ab8f0,True,0.7894736842105263,0.21052631578947367
component_family,R0C-85d62afd26669d80e7e3,True,1.0,0.0
component_family,R0C-867b1d2f5a5c4c45b570,True,1.0,0.0
component_family,R0C-86bf4417755116fce020,True,0.9516129032258065,0.048387096774193505
component_family,R0C-8744cd3b1f489f348247,True,0.9454545454545454,0.054545454545454564
component_family,R0C-88a268608e953f24e443,True,0.8,0.19999999999999996
component_family,R0C-88fec249e1b9a73d3d9d,True,0.8596491228070176,0.14035087719298245
component_family,R0C-895944082dffbfbf1f43,True,0.8032786885245902,0.19672131147540983
component_family,R0C-89e0df1544c48a614c3e,True,0.9482758620689655,0.051724137931034475
component_family,R0C-8a438eaa221d68577968,True,0.8070175438596491,0.19298245614035092
component_family,R0C-8aa34a67648b5a557d8b,True,0.8153846153846154,0.18461538461538463
component_family,R0C-8ab22bc02285725d3b2a,True,0.9444444444444444,0.05555555555555558
component_family,R0C-8af2155cea8b4cfcd7ce,True,1.0,0.0
component_family,R0C-8b57af71a538a242643a,True,0.8666666666666667,0.1333333333333333
component_family,R0C-8b75d8b4b4073520999c,True,1.0,0.0
component_family,R0C-8c05bad8f2dbbf9773c9,True,1.0,0.0
component_family,R0C-8c0f9bdd6bbe3a68d4ab,True,1.0,0.0
component_family,R0C-8c14e45350505213cf21,True,0.8,0.19999999999999996
component_family,R0C-8cc330eff68a7474163f,True,1.0,0.0
component_family,R0C-8d28a1cf4602677fef62,True,1.0,0.0
component_family,R0C-8dafc3d06a279ecd9b43,True,0.8596491228070176,0.14035087719298245
component_family,R0C-8ea70d129a3ba7e4e7d7,True,1.0,0.0
component_family,R0C-8eb850a54f642e4c6e2c,True,1.0,0.0
component_family,R0C-8eff2ef1a80f3a76c1cf,True,0.9482758620689655,0.051724137931034475
component_family,R0C-8f34db45952705477bfd,True,1.0,0.0
component_family,R0C-8f8212e5b983ae854dc5,True,1.0,0.0
component_family,R0C-8f940bd66a56260149a5,True,1.0,0.0
component_family,R0C-8fa5a3855b5ca81ec07b,True,1.0,0.0
component_family,R0C-901eef36cbd4cf19f5fe,True,1.0,0.0
component_family,R0C-90432739191141498afd,True,0.8596491228070176,0.14035087719298245
component_family,R0C-904f62cef4acefd077eb,True,1.0,0.0
component_family,R0C-90b782942278656e3dde,True,1.0,0.0
component_family,R0C-90d5f55bfff705977a5c,True,1.0,0.0
component_family,R0C-90dca8b0cdc081b7a574,True,1.0,0.0
component_family,R0C-910b0454c2e2d0142a80,True,1.0,0.0
component_family,R0C-9127867d4f154ef4b9ee,True,0.9180327868852459,0.08196721311475408
component_family,R0C-9149f0cb81ea03403c0b,True,1.0,0.0
component_family,R0C-916785d1e1cfdca3ba9a,True,1.0,0.0
component_family,R0C-917770fdfaf679e40a62,True,0.9482758620689655,0.051724137931034475
component_family,R0C-91df3fc6cd6fb4c2f420,True,1.0,0.0
component_family,R0C-9233c225d7467f025932,True,0.8,0.19999999999999996
component_family,R0C-927ddd5524391cc3f5e8,True,0.9137931034482759,0.08620689655172409
component_family,R0C-92a0314d1f2ec9a13f72,True,1.0,0.0
component_family,R0C-92ba16c16780d7df004c,True,1.0,0.0
component_family,R0C-92cef3a23eb7455806b5,True,1.0,0.0
component_family,R0C-92d8cb7ac359ea98bb2c,True,1.0,0.0
component_family,R0C-930c19ebe0043e96c61f,True,0.9491525423728814,0.05084745762711862
component_family,R0C-93238856ea52688b35f0,True,0.8166666666666667,0.18333333333333335
component_family,R0C-93293cdc4c1b71a2f7e0,True,1.0,0.0
component_family,R0C-935ebd0f98d46e2c15dc,True,1.0,0.0
component_family,R0C-936e2170de6048aa7207,True,0.875,0.125
component_family,R0C-93d440393a1ae21e7406,True,1.0,0.0
component_family,R0C-93f907f779d180eb7c89,True,1.0,0.0
component_family,R0C-941f91170469706ea5bf,True,1.0,0.0
component_family,R0C-94396b4807136d7eb652,True,1.0,0.0
component_family,R0C-948b5f07999c6972f5bb,True,0.9122807017543859,0.08771929824561409
component_family,R0C-94cc3056252b66179039,True,1.0,0.0
component_family,R0C-94cd26f7d22da7930097,True,1.0,0.0
component_family,R0C-94f295130fda27f14922,True,0.8787878787878788,0.12121212121212122
component_family,R0C-9557e592bf67901c6e60,True,0.8032786885245902,0.19672131147540983
component_family,R0C-95b0498a7c84e1eebabc,True,1.0,0.0
component_family,R0C-95c49edfd606987eb138,True,1.0,0.0
component_family,R0C-95f25bac604ab664e635,True,0.8620689655172413,0.13793103448275867
component_family,R0C-9650ce2891ff001c068e,True,0.8620689655172413,0.13793103448275867
component_family,R0C-9652732eae1df1c922fb,True,1.0,0.0
component_family,R0C-9662ca18e95482bb4a4c,True,1.0,0.0
component_family,R0C-9663be8faa6d8196ce3f,True,1.0,0.0
component_family,R0C-96df3cc81868f1c3682f,True,1.0,0.0
component_family,R0C-97b369be1b0e2482ea09,True,1.0,0.0
component_family,R0C-98a106f44085b8b88aa2,True,0.8596491228070176,0.14035087719298245
component_family,R0C-990289280d1f68a248f6,True,1.0,0.0
component_family,R0C-9952656f54cef63ccabb,True,1.0,0.0
component_family,R0C-997e46d405853fcdcf97,True,1.0,0.0
component_family,R0C-99a46b79bbcff5f8dc64,True,0.8688524590163934,0.1311475409836066
component_family,R0C-99aeec3ba81e6c5f3ec8,True,0.8709677419354839,0.12903225806451613
component_family,R0C-9a01dfd2871d3d010bc4,True,1.0,0.0
component_family,R0C-9a179addb3a1dd2b9e99,True,0.9482758620689655,0.051724137931034475
component_family,R0C-9a275dc48b96b41afe9e,True,1.0,0.0
component_family,R0C-9a5b4faa10be560f58f1,True,1.0,0.0
component_family,R0C-9a8e7fe0d04230e834e3,True,0.9454545454545454,0.054545454545454564
component_family,R0C-9af7a1b4e9fb36eb16d6,True,0.8103448275862069,0.18965517241379315
component_family,R0C-9b616865a58a434bc980,True,1.0,0.0
component_family,R0C-9bd21ce09365cf8e2e2b,True,1.0,0.0
component_family,R0C-9bd6b5065a229f62ebf9,True,1.0,0.0
component_family,R0C-9c4b7a65404696e70fba,True,0.9491525423728814,0.05084745762711862
component_family,R0C-9c9de1af213fe49c7dd2,True,1.0,0.0
component_family,R0C-9cadac375cca95c74c9a,True,0.8596491228070176,0.14035087719298245
component_family,R0C-9cca9d2c812116beaa01,True,0.8620689655172413,0.13793103448275867
component_family,R0C-9e13216120d7ef127aaf,True,0.8545454545454545,0.1454545454545455
component_family,R0C-9e359f1b338027c50acb,True,1.0,0.0
component_family,R0C-9ec8613e10778f6f1908,True,0.7857142857142857,0.2142857142857143
component_family,R0C-9ed5919c01dff935d679,True,1.0,0.0
component_family,R0C-9f268c0a3f744649965c,True,1.0,0.0
component_family,R0C-9fb3a232c09e51aa275d,True,1.0,0.0
component_family,R0C-a00d45af9b92dc493293,True,1.0,0.0
component_family,R0C-a080bfb76e7c0fab4ee8,True,0.8620689655172413,0.13793103448275867
component_family,R0C-a0a146172fd550193c86,True,1.0,0.0
component_family,R0C-a0a53917621f9e582af6,True,1.0,0.0
component_family,R0C-a0c5614fb9548b627bb2,True,0.9464285714285714,0.0535714285714286
component_family,R0C-a0fdf820f1d5e21ad85e,True,0.9508196721311475,0.049180327868852514
component_family,R0C-a13455ffd097b3713bda,True,1.0,0.0
component_family,R0C-a1d38de62ef1370bb215,True,1.0,0.0
component_family,R0C-a323a848719ec7537ae2,True,0.9661016949152542,0.03389830508474578
component_family,R0C-a3d73e3fd917484e5800,True,1.0,0.0
component_family,R0C-a3d8147680a6937a3606,True,0.8032786885245902,0.19672131147540983
component_family,R0C-a441fd101d190bf9636d,True,1.0,0.0
component_family,R0C-a490b24019cb5b418a26,True,1.0,0.0
component_family,R0C-a4f05d435649f9b90216,True,0.9661016949152542,0.03389830508474578
component_family,R0C-a5260d96558dec7644c0,True,0.8,0.19999999999999996
component_family,R0C-a5720175400312c3ac17,True,0.9464285714285714,0.0535714285714286
component_family,R0C-a576e09bbe60a5c3c35f,True,0.8518518518518519,0.14814814814814814
component_family,R0C-a6144f6e92a52a1860b7,True,0.9491525423728814,0.05084745762711862
component_family,R0C-a62a45da67a7304f9c1a,True,1.0,0.0
component_family,R0C-a62d13cb37a51c7dbd57,True,1.0,0.0
component_family,R0C-a63484e1447a3c468b3b,True,0.8518518518518519,0.14814814814814814
component_family,R0C-a63e62bb3ac8790d280b,True,0.9661016949152542,0.03389830508474578
component_family,R0C-a6a7dcddb9aba928588e,True,1.0,0.0
component_family,R0C-a71e631e62139152cbc3,True,1.0,0.0
component_family,R0C-a7259a785b52fc34e3d1,True,1.0,0.0
component_family,R0C-a76e75a3b672367af795,True,1.0,0.0
component_family,R0C-a7a85c716c273944f197,True,1.0,0.0
component_family,R0C-a7a8a8483d2dcaa2865b,True,0.9137931034482759,0.08620689655172409
component_family,R0C-a8099701caaa7fee5c1d,True,1.0,0.0
component_family,R0C-a8c127d0486049d31ac8,True,1.0,0.0
component_family,R0C-a9610aaf9a0cd95defae,True,1.0,0.0
component_family,R0C-a96f8f07807bdbb99902,True,0.967741935483871,0.032258064516129004
component_family,R0C-a97f488d83dcece74188,True,0.8596491228070176,0.14035087719298245
component_family,R0C-a9be8b71bcf00c39a0d3,True,1.0,0.0
component_family,R0C-a9ff31d28abc15cf2656,True,0.8545454545454545,0.1454545454545455
component_family,R0C-aa1dfb45bbb5e960c5c9,True,1.0,0.0
component_family,R0C-aa39bab925ad3d83858f,True,1.0,0.0
component_family,R0C-aa56c1d95b2560d43e22,True,1.0,0.0
component_family,R0C-aa6ee03a02246efe1de9,True,1.0,0.0
component_family,R0C-aae19f17dafda008996e,True,0.8620689655172413,0.13793103448275867
component_family,R0C-ab2afab9ea5000314c37,True,1.0,0.0
component_family,R0C-ab57634e136a0a5ee03d,True,0.9491525423728814,0.05084745762711862
component_family,R0C-ab72c517066452d8120d,True,1.0,0.0
component_family,R0C-abea3d3334be20fb9834,True,1.0,0.0
component_family,R0C-ac03fdbfdc3537ae3343,True,1.0,0.0
component_family,R0C-ac081c4e6f9b56b0a77c,True,1.0,0.0
component_family,R0C-ace9646cd0cb36bdccb9,True,0.9166666666666666,0.08333333333333337
component_family,R0C-ad66486ccf2f809e603f,True,1.0,0.0
component_family,R0C-ad764e6f3cf13c4662c3,True,0.9464285714285714,0.0535714285714286
component_family,R0C-adb63785707bcf6c8f21,True,0.8666666666666667,0.1333333333333333
component_family,R0C-aded675f41e3bc44dffe,True,0.8095238095238095,0.19047619047619047
component_family,R0C-ae28db21f54aa2553d64,True,1.0,0.0
component_family,R0C-ae2cc379a4ad7e6698b1,True,0.7931034482758621,0.2068965517241379
component_family,R0C-ae2d76207409b5eef4c2,True,1.0,0.0
component_family,R0C-ae7d7448966e460875f4,True,1.0,0.0
component_family,R0C-ae845324eccf3b9dace1,True,0.7931034482758621,0.2068965517241379
component_family,R0C-aed4bc14650898c802fa,True,1.0,0.0
component_family,R0C-af2072238aa5342e2a00,True,1.0,0.0
component_family,R0C-af4269d7accf14b35691,True,1.0,0.0
component_family,R0C-af727e142499a2592b8e,True,1.0,0.0
component_family,R0C-afa0824cdbf095671092,True,1.0,0.0
component_family,R0C-afa8efb6b6e1f0ae751d,True,1.0,0.0
component_family,R0C-afed846c6c6465f4ff9f,True,1.0,0.0
component_family,R0C-b0034cd8b130646df48a,True,0.873015873015873,0.12698412698412698
component_family,R0C-b0281a379acd12e68aec,True,1.0,0.0
component_family,R0C-b0730685384aff934585,True,0.7931034482758621,0.2068965517241379
component_family,R0C-b082645d1fde04a3422f,True,0.8,0.19999999999999996
component_family,R0C-b0901157fe45dd223262,True,1.0,0.0
component_family,R0C-b0c16eebcc002ab7f6f9,True,0.8181818181818182,0.18181818181818177
component_family,R0C-b14f00043f665512484b,True,1.0,0.0
component_family,R0C-b160c81f22ea2ad9494a,True,0.8518518518518519,0.14814814814814814
component_family,R0C-b16bfbfe6225a32609ba,True,0.9206349206349206,0.07936507936507942
component_family,R0C-b207dc2dc7d0dcf60cf6,True,0.9166666666666666,0.08333333333333337
component_family,R0C-b221b8b880f3253bf1df,True,1.0,0.0
component_family,R0C-b27554bd7f1c62e7cdc0,True,1.0,0.0
component_family,R0C-b277325387fc19c692de,True,1.0,0.0
component_family,R0C-b33d3863ea4c761ebb31,True,1.0,0.0
component_family,R0C-b39a7c76667f738c4905,True,0.9491525423728814,0.05084745762711862
component_family,R0C-b3c4a8af6c2bb9b51d05,True,1.0,0.0
component_family,R0C-b418277a189562497af9,True,1.0,0.0
component_family,R0C-b45cea4cfc9104d0711b,True,1.0,0.0
component_family,R0C-b4934fe68b409933b85e,True,1.0,0.0
component_family,R0C-b50c41b056d8a02af92c,True,0.8596491228070176,0.14035087719298245
component_family,R0C-b585d6872179cc1a06dd,True,1.0,0.0
component_family,R0C-b5b3d7d28b8a41ad7723,True,0.9491525423728814,0.05084745762711862
component_family,R0C-b61b670874bd20cee83f,True,1.0,0.0
component_family,R0C-b622e8fa590c4afdfd91,True,0.8666666666666667,0.1333333333333333
component_family,R0C-b63d9d1389faf29e2717,True,1.0,0.0
component_family,R0C-b68550a50c7d0103da85,True,1.0,0.0
component_family,R0C-b68dfa8f7d37b219dc35,True,1.0,0.0
component_family,R0C-b74f9e4d1f2008a18476,True,0.8666666666666667,0.1333333333333333
component_family,R0C-b758f36c2157fda9875f,True,1.0,0.0
component_family,R0C-b76d95c66d01c5a02ddd,True,1.0,0.0
component_family,R0C-b7771b9fa6c269db279f,True,1.0,0.0
component_family,R0C-b77c79a0cbbbc84e1301,True,0.8666666666666667,0.1333333333333333
component_family,R0C-b77c945c17011b5e1b41,True,0.8545454545454545,0.1454545454545455
component_family,R0C-b78fbe6b1604abdadfaa,True,0.8620689655172413,0.13793103448275867
component_family,R0C-b7add67394a24583c341,True,1.0,0.0
component_family,R0C-b7dbaab81e31e0a8bc4a,True,1.0,0.0
component_family,R0C-b7eda5d7f9ef62d38143,True,0.8,0.19999999999999996
component_family,R0C-b7fb67e87d655cb4ce7b,True,1.0,0.0
component_family,R0C-b9614d3fb5ab62c85773,True,1.0,0.0
component_family,R0C-ba95ff3f770ad6e55d95,True,1.0,0.0
component_family,R0C-bac9c497c1ed91064fae,True,1.0,0.0
component_family,R0C-bb79ece70b915a57faa9,True,0.9444444444444444,0.05555555555555558
component_family,R0C-bb9fabc1f716517c09c0,True,1.0,0.0
component_family,R0C-bbe01f5fe5662facf0b9,True,1.0,0.0
component_family,R0C-bbe2fb9604d71f6ce887,True,1.0,0.0
component_family,R0C-bc63e09e70d827d53bda,True,0.8125,0.1875
component_family,R0C-bc7dbb9fb8d26bb5e838,True,1.0,0.0
component_family,R0C-bcae377f3e964e37809d,True,1.0,0.0
component_family,R0C-bcb7ff0227dfc0c11c54,True,1.0,0.0
component_family,R0C-bcc65894ed5a371f53ae,True,0.8064516129032258,0.19354838709677424
component_family,R0C-bcf8280558e766a1be91,True,1.0,0.0
component_family,R0C-bd027c60bced7ad81255,True,1.0,0.0
component_family,R0C-bd24d2c1e24a33968054,True,0.8688524590163934,0.1311475409836066
component_family,R0C-bd3b8785a31fe62a25e4,True,0.9464285714285714,0.0535714285714286
component_family,R0C-bd992ff0a585a93aa005,True,1.0,0.0
component_family,R0C-be07b6f66638ded2e417,True,1.0,0.0
component_family,R0C-be4912c6716e99eb8099,True,1.0,0.0
component_family,R0C-be6800024820af194927,True,1.0,0.0
component_family,R0C-be9220305b1400385dcc,True,1.0,0.0
component_family,R0C-beac8c3bf47d618cfd1e,True,1.0,0.0
component_family,R0C-bedb258b7baffe80ebf5,True,0.8666666666666667,0.1333333333333333
component_family,R0C-bedcc8e3d405fda85bed,True,0.8620689655172413,0.13793103448275867
component_family,R0C-bee970315ba9165d1345,True,0.8095238095238095,0.19047619047619047
component_family,R0C-bf0dfc27ef8613271b42,True,0.9122807017543859,0.08771929824561409
component_family,R0C-bf0e6e7807c1b10f90f6,True,1.0,0.0
component_family,R0C-bf3de14deb75fe7db688,True,1.0,0.0
component_family,R0C-bfa4c1933b6110d8cc6e,True,1.0,0.0
component_family,R0C-bfdf1fc9274c874d72ff,True,0.8787878787878788,0.12121212121212122
component_family,R0C-bff6e0c789b4e06d4a3a,True,1.0,0.0
component_family,R0C-c05d991e7cca20968eff,True,1.0,0.0
component_family,R0C-c094f50de4d117f21e5c,True,0.8545454545454545,0.1454545454545455
component_family,R0C-c0a7ad383d34c91671a1,True,0.8103448275862069,0.18965517241379315
component_family,R0C-c1649a6252223d5a296b,True,1.0,0.0
component_family,R0C-c1901cac0c77fefde759,True,1.0,0.0
component_family,R0C-c21e2a25e2c4af0446ee,True,0.875,0.125
component_family,R0C-c27cf7dee2b1a6fef358,True,0.9454545454545454,0.054545454545454564
component_family,R0C-c29e723b6a647a5a3b9b,True,1.0,0.0
component_family,R0C-c310ea13d3624ff7340b,True,1.0,0.0
component_family,R0C-c3254ca89a29c07d4d48,True,1.0,0.0
component_family,R0C-c3320f9c0555748693a1,True,1.0,0.0
component_family,R0C-c3de0a36210f5fe52b0d,True,0.8666666666666667,0.1333333333333333
component_family,R0C-c44af9f6689a7528e98c,True,1.0,0.0
component_family,R0C-c44f2938fbf5eb3e5e39,True,0.7894736842105263,0.21052631578947367
component_family,R0C-c471fa1a7fb035dcdbf7,True,1.0,0.0
component_family,R0C-c4799d2bfcd9d8283fcb,True,0.8095238095238095,0.19047619047619047
component_family,R0C-c48fdd91aaf40cb1cf56,True,1.0,0.0
component_family,R0C-c4903af927d873074446,True,0.8620689655172413,0.13793103448275867
component_family,R0C-c4be0e782201aa85b59b,True,0.8620689655172413,0.13793103448275867
component_family,R0C-c5e7375811c3c3090bfe,True,1.0,0.0
component_family,R0C-c5ed451f05e20c8ed0aa,True,0.8620689655172413,0.13793103448275867
component_family,R0C-c623f63721c096d84591,True,1.0,0.0
component_family,R0C-c676e6e54dd24705b379,True,1.0,0.0
component_family,R0C-c694d12deffe1795459f,True,0.7931034482758621,0.2068965517241379
component_family,R0C-c6e1c12e313a0f730d5b,True,1.0,0.0
component_family,R0C-c6e53caf067d07414832,True,1.0,0.0
component_family,R0C-c6fc6112b921cd637858,True,0.8095238095238095,0.19047619047619047
component_family,R0C-c7c3409e7c219084f2fa,True,1.0,0.0
component_family,R0C-c7c745968d6ba693b3c2,True,0.9491525423728814,0.05084745762711862
component_family,R0C-c8294c2137ef60236ced,True,1.0,0.0
component_family,R0C-c833bdc4ca7dc73b3ae7,True,1.0,0.0
component_family,R0C-c8592b3666b9f33376e9,True,0.8153846153846154,0.18461538461538463
component_family,R0C-c8d4604000d410727aaf,True,1.0,0.0
component_family,R0C-c8d64e155a8fbbc90dba,True,1.0,0.0
component_family,R0C-c91cd724604c405ca108,True,0.8620689655172413,0.13793103448275867
component_family,R0C-c9f429765cc77d224752,True,0.8688524590163934,0.1311475409836066
component_family,R0C-caa82b5540150ceda363,True,1.0,0.0
component_family,R0C-cab73b4f4d7d4f964391,True,0.9166666666666666,0.08333333333333337
component_family,R0C-cabc4c304be9a629857b,True,1.0,0.0
component_family,R0C-caf44e9169fafbbc7210,True,1.0,0.0
component_family,R0C-cb266805d71a02b85003,True,0.8666666666666667,0.1333333333333333
component_family,R0C-cb3cb95aa55ea5cabf03,True,1.0,0.0
component_family,R0C-cb5f2d5d3c31286604e0,True,1.0,0.0
component_family,R0C-cb8dd53a8e86bb49a473,True,0.8070175438596491,0.19298245614035092
component_family,R0C-cb922dbdcd0336df954d,True,1.0,0.0
component_family,R0C-cbcf9fde2e45cfae8ef2,True,1.0,0.0
component_family,R0C-cc2572c602765086209f,True,1.0,0.0
component_family,R0C-cc2e2c918ed22e3e9624,True,0.8688524590163934,0.1311475409836066
component_family,R0C-cd0d4c75cde1adc21810,True,1.0,0.0
component_family,R0C-cd26edab30e5e674efbd,True,0.8709677419354839,0.12903225806451613
component_family,R0C-cd5b6c004a2dc88b253d,True,1.0,0.0
component_family,R0C-cd82e30b4d26a6f078d2,True,0.8596491228070176,0.14035087719298245
component_family,R0C-cdae1f8db69fc3c2ba89,True,1.0,0.0
component_family,R0C-cdf0cfec42e5c86cdf63,True,1.0,0.0
component_family,R0C-ce86016ae8633802a567,True,1.0,0.0
component_family,R0C-ce974b33f21310992e08,True,1.0,0.0
component_family,R0C-ceba1dc311cb57b40f7e,True,0.8787878787878788,0.12121212121212122
component_family,R0C-ceed5de059071c46cc5d,True,1.0,0.0
component_family,R0C-d0bcd78c3448df8cbdbb,True,1.0,0.0
component_family,R0C-d0d22ac1c4cf0fdc045a,True,1.0,0.0
component_family,R0C-d10d3beb56d91ca3afcf,True,1.0,0.0
component_family,R0C-d11ab2b2b28c8911b000,True,0.8035714285714286,0.1964285714285714
component_family,R0C-d11b4558adf64562dd37,True,1.0,0.0
component_family,R0C-d11ed160fb506ab549c5,True,1.0,0.0
component_family,R0C-d16aca476caa7724dcfd,True,1.0,0.0
component_family,R0C-d18d8598caeb154e1abb,True,1.0,0.0
component_family,R0C-d1973e899ceb5303d7f6,True,1.0,0.0
component_family,R0C-d1ae896d4ca22d2efaf5,True,1.0,0.0
component_family,R0C-d1f946c784745dce51dd,True,0.9454545454545454,0.054545454545454564
component_family,R0C-d2102ec2760c84cee197,True,0.8688524590163934,0.1311475409836066
component_family,R0C-d21571913b99691d7a45,True,1.0,0.0
component_family,R0C-d2c1ac879e5571e79775,True,0.864406779661017,0.13559322033898302
component_family,R0C-d2c8d53e2ae6363b1be6,True,1.0,0.0
component_family,R0C-d3e1c89e9d98b093aa8d,True,0.8596491228070176,0.14035087719298245
component_family,R0C-d4439dad6c170b469735,True,1.0,0.0
component_family,R0C-d52b83fb52ba9a6f4d61,True,1.0,0.0
component_family,R0C-d55cb58088ec0e981c05,True,0.9482758620689655,0.051724137931034475
component_family,R0C-d58b85ef0ba216bbcccf,True,1.0,0.0
component_family,R0C-d5b82277228d7a784ada,True,0.9180327868852459,0.08196721311475408
component_family,R0C-d5ceebd4872b54fb1bd8,True,1.0,0.0
component_family,R0C-d61c5640ee1132e2e300,True,0.8166666666666667,0.18333333333333335
component_family,R0C-d638998be78ef1b93483,True,0.8571428571428571,0.1428571428571429
component_family,R0C-d6a1165f1a20d2fdb2b0,True,1.0,0.0
component_family,R0C-d6b39dd8943c416407f9,True,0.873015873015873,0.12698412698412698
component_family,R0C-d6d568c3fb042eb8cd5c,True,1.0,0.0
component_family,R0C-d700fe511a1467b6a00d,True,1.0,0.0
component_family,R0C-d7be733699008b998fbd,True,0.8125,0.1875
component_family,R0C-d7d39c0070514b828ea1,True,1.0,0.0
component_family,R0C-d7ebfb6dd2da77784d51,True,1.0,0.0
component_family,R0C-d81ca85d206bb0690e2a,True,0.875,0.125
component_family,R0C-d8b7aaa3f9b620078123,True,0.873015873015873,0.12698412698412698
component_family,R0C-d8bf6209bd3d5a046cdb,True,0.8032786885245902,0.19672131147540983
component_family,R0C-d90c6c421f744ded8d00,True,1.0,0.0
component_family,R0C-d9a6b94125a3599b6f65,True,1.0,0.0
component_family,R0C-da3c66147d9fe463513e,True,0.8688524590163934,0.1311475409836066
component_family,R0C-da760dcf8eb0a42cf0cc,True,1.0,0.0
component_family,R0C-da808474a02156f92cba,True,1.0,0.0
component_family,R0C-da82cbb8f28fe18fc20c,True,1.0,0.0
component_family,R0C-db21c11ce8d417a02dfb,True,1.0,0.0
component_family,R0C-db2ad8b02765aec97673,True,1.0,0.0
component_family,R0C-db964da899b6d825ef27,True,1.0,0.0
component_family,R0C-dba92cb3c6ed4378d748,True,0.8545454545454545,0.1454545454545455
component_family,R0C-dbb5b291525f246640fe,True,0.8666666666666667,0.1333333333333333
component_family,R0C-dbf9db89802dca33040f,True,0.8596491228070176,0.14035087719298245
component_family,R0C-dc87d79a6a9f04f775c2,True,1.0,0.0
component_family,R0C-dc8a67390349a0683a02,True,1.0,0.0
component_family,R0C-dcab7b5b3ec996d04267,True,1.0,0.0
component_family,R0C-dd5170d4758cfa9716d8,True,1.0,0.0
component_family,R0C-dd7f255487eeca0dab9a,True,0.8518518518518519,0.14814814814814814
component_family,R0C-de477889ada9edfd3a37,True,0.7857142857142857,0.2142857142857143
component_family,R0C-de513649e8f09137a854,True,0.8596491228070176,0.14035087719298245
component_family,R0C-dea07e04d1d571ab6b40,True,1.0,0.0
component_family,R0C-deb9dc0a378e1a0183c3,True,0.8688524590163934,0.1311475409836066
component_family,R0C-dee6f204cc4917f92250,True,1.0,0.0
component_family,R0C-df48a9eed7b8889160ed,True,0.9444444444444444,0.05555555555555558
component_family,R0C-df9b98b425f8c03bb6db,True,1.0,0.0
component_family,R0C-dfa9ca37f2a26571068a,True,0.8688524590163934,0.1311475409836066
component_family,R0C-dff54653aa04ad8ea75c,True,0.9508196721311475,0.049180327868852514
component_family,R0C-dffe723fa7d4b187c7ac,True,1.0,0.0
component_family,R0C-e01f18763f4c15adf782,True,0.8620689655172413,0.13793103448275867
component_family,R0C-e043818bf5aaadc9326e,True,0.8125,0.1875
component_family,R0C-e0b6881d46cc57e16093,True,0.8333333333333334,0.16666666666666663
component_family,R0C-e183791de01ed1aa8bed,True,1.0,0.0
component_family,R0C-e2258945d84870866e80,True,1.0,0.0
component_family,R0C-e2461d4832680271d20a,True,1.0,0.0
component_family,R0C-e25f1beb1ed6b1d0069c,True,1.0,0.0
component_family,R0C-e2b39ea615130802288a,True,1.0,0.0
component_family,R0C-e2f7b5bd5c6b467df86f,True,0.8596491228070176,0.14035087719298245
component_family,R0C-e32a98ef3f8433ed66bd,True,1.0,0.0
component_family,R0C-e35d3c817f9279f93b06,True,0.9482758620689655,0.051724137931034475
component_family,R0C-e38d209e9caabb575c0e,True,1.0,0.0
component_family,R0C-e414de38616d55494063,True,0.873015873015873,0.12698412698412698
component_family,R0C-e4692e4d11b3a3f28f16,True,1.0,0.0
component_family,R0C-e47503563a5f81a79bc2,True,1.0,0.0
component_family,R0C-e482c64663bcc2b29b48,True,0.8153846153846154,0.18461538461538463
component_family,R0C-e49291fed4c821ad7cf7,True,1.0,0.0
component_family,R0C-e4c04e0776056187f6e2,True,0.7894736842105263,0.21052631578947367
component_family,R0C-e513bf677b52b1339630,True,0.8596491228070176,0.14035087719298245
component_family,R0C-e536270a0b5349aba21f,True,1.0,0.0
component_family,R0C-e54264153a6c4ccc0967,True,0.9482758620689655,0.051724137931034475
component_family,R0C-e5a3994b2978b87ce46e,True,0.9491525423728814,0.05084745762711862
component_family,R0C-e5c2fc227b8e31959026,True,0.7894736842105263,0.21052631578947367
component_family,R0C-e620f9041a451f80043e,True,1.0,0.0
component_family,R0C-e69c6f3b14f4f6a289aa,True,0.8225806451612904,0.17741935483870963
component_family,R0C-e69c98066785233e6f76,True,1.0,0.0
component_family,R0C-e6c5226279f0c44ca8aa,True,1.0,0.0
component_family,R0C-e6d5ce05640d365de4a1,True,0.953125,0.046875
component_family,R0C-e7339ca6d15a8738d604,True,0.967741935483871,0.032258064516129004
component_family,R0C-e825b1e59326466c13a6,True,1.0,0.0
component_family,R0C-e884421dcf2f2968580f,True,1.0,0.0
component_family,R0C-e92a065aa3b27d780023,True,1.0,0.0
component_family,R0C-e92e3acc55a603df7ca6,True,1.0,0.0
component_family,R0C-ea3f9f3ed53102e017d5,True,0.9464285714285714,0.0535714285714286
component_family,R0C-ea4c5a877bcb0f0f0f6e,True,0.9444444444444444,0.05555555555555558
component_family,R0C-ea4d0679dc2030d32021,True,1.0,0.0
component_family,R0C-ea92b9a9373459188d26,True,0.7931034482758621,0.2068965517241379
component_family,R0C-eac908741a13f860b042,True,1.0,0.0
component_family,R0C-eb21752b6cf2b5305c61,True,0.9482758620689655,0.051724137931034475
component_family,R0C-ebbfb7fc6f5ff1c77ee5,True,0.8253968253968254,0.17460317460317465
component_family,R0C-ebd6aa471ec3bdb21270,True,0.9180327868852459,0.08196721311475408
component_family,R0C-ec3cd827169ae10697ff,True,1.0,0.0
component_family,R0C-ec458b3f44bb53885786,True,0.8307692307692308,0.16923076923076918
component_family,R0C-ec6773af32cbe39f4348,True,0.8245614035087719,0.17543859649122806
component_family,R0C-ecaaa7ee54f637b18bfb,True,0.8688524590163934,0.1311475409836066
component_family,R0C-ecb67d1052497a017f72,True,1.0,0.0
component_family,R0C-ece290aee159a98a9a11,True,1.0,0.0
component_family,R0C-eddf9c8c9785cf69a257,True,1.0,0.0
component_family,R0C-edf17eb7cdb108646f43,True,0.8032786885245902,0.19672131147540983
component_family,R0C-edf43c107b6bebec1a63,True,1.0,0.0
component_family,R0C-ee1b458936282adb2714,True,1.0,0.0
component_family,R0C-ee6137b6fb70287990e4,True,1.0,0.0
component_family,R0C-ee79b0388ae0a159a2ce,True,0.8709677419354839,0.12903225806451613
component_family,R0C-eeaca2ba7c88039735a9,True,1.0,0.0
component_family,R0C-eee0f3c20ff90d8b5882,True,0.7894736842105263,0.21052631578947367
component_family,R0C-eef6d7d523eb33e63933,True,1.0,0.0
component_family,R0C-ef2392bb7482fde0cc56,True,1.0,0.0
component_family,R0C-ef74fc3ecab7083e2c66,True,1.0,0.0
component_family,R0C-efa5fbe3d2229a25f0f5,True,0.8688524590163934,0.1311475409836066
component_family,R0C-f00ec984038eda0a14af,True,1.0,0.0
component_family,R0C-f026689ad9d30b3a2e92,True,1.0,0.0
component_family,R0C-f08ce292003c76a11fe2,True,1.0,0.0
component_family,R0C-f0b973e60df2c51b2e53,True,0.8,0.19999999999999996
component_family,R0C-f12d400de1dd11ac1ac5,True,1.0,0.0
component_family,R0C-f130675b5bb7588e1581,True,0.7931034482758621,0.2068965517241379
component_family,R0C-f1453548bfb902c46f29,True,1.0,0.0
component_family,R0C-f14e3326fe10fe5a012f,True,0.8596491228070176,0.14035087719298245
component_family,R0C-f163a5437e9e17eb4d75,True,0.875,0.125
component_family,R0C-f191565f9d25bbaf1cc3,True,0.8596491228070176,0.14035087719298245
component_family,R0C-f1c8512a5a1db2ea1e92,True,0.9491525423728814,0.05084745762711862
component_family,R0C-f1e5bd1330e500e90c44,True,1.0,0.0
component_family,R0C-f1f22cbfdcfb5708afae,True,1.0,0.0
component_family,R0C-f1f65a4dcd31791bbd1c,True,1.0,0.0
component_family,R0C-f2189333408512238e51,True,0.8490566037735849,0.15094339622641506
component_family,R0C-f24d7f8da3b8c9577bbb,True,1.0,0.0
component_family,R0C-f24f4dba01019729a639,True,1.0,0.0
component_family,R0C-f28ef9f6d0d74d01db30,True,0.9516129032258065,0.048387096774193505
component_family,R0C-f3359e6a1d0995e6929f,True,0.873015873015873,0.12698412698412698
component_family,R0C-f37436adeb72b014ff12,True,1.0,0.0
component_family,R0C-f3a55ac51f168e17969b,True,1.0,0.0
component_family,R0C-f3b6fa1902e4576808ea,True,0.875,0.125
component_family,R0C-f3b92bd35a348977e2b3,True,1.0,0.0
component_family,R0C-f3cff5486bcd22d81aa2,True,1.0,0.0
component_family,R0C-f4292cb6085def9bb3b4,True,1.0,0.0
component_family,R0C-f50e4edd103c7ee87cb7,True,1.0,0.0
component_family,R0C-f591bf3cbb9eef175e1f,True,0.8666666666666667,0.1333333333333333
component_family,R0C-f5ed270082b8a61adaf3,True,0.819672131147541,0.180327868852459
component_family,R0C-f646e54c87dbb9d2af45,True,1.0,0.0
component_family,R0C-f647a7d01fe5bdadfb1a,True,1.0,0.0
component_family,R0C-f6b986c7c64ec5f2a122,True,1.0,0.0
component_family,R0C-f6e84edc894c8460acf2,True,1.0,0.0
component_family,R0C-f7015e273aca23bdeb07,True,1.0,0.0
component_family,R0C-f76c9a6acaf2f7f3fe60,True,0.8,0.19999999999999996
component_family,R0C-f7d545fd6210c5af2791,True,1.0,0.0
component_family,R0C-f7da98cea5a116cc3f10,True,1.0,0.0
component_family,R0C-f7fcf91e262e1fc739f2,True,1.0,0.0
component_family,R0C-f80a2eae6357e2a2879d,True,1.0,0.0
component_family,R0C-f80c8cd3f2017d64747a,True,1.0,0.0
component_family,R0C-f82a9fc6badb1e02b848,True,1.0,0.0
component_family,R0C-f82e5848756cf54d132b,True,1.0,0.0
component_family,R0C-f86cbc6ed8d417bb7632,True,0.8666666666666667,0.1333333333333333
component_family,R0C-f875747f30441470df64,True,0.8032786885245902,0.19672131147540983
component_family,R0C-f87a24518b03e26262d8,True,1.0,0.0
component_family,R0C-f89e12996cb4aa2aa586,True,1.0,0.0
component_family,R0C-f8bf75e076c70a08b079,True,1.0,0.0
component_family,R0C-f93f87384e134680a8b2,True,0.8709677419354839,0.12903225806451613
component_family,R0C-f9505d0bd67b30af73e4,True,0.9508196721311475,0.049180327868852514
component_family,R0C-f9b139af3ecc5a96a6f0,True,1.0,0.0
component_family,R0C-f9be4e92e6a774235c80,True,1.0,0.0
component_family,R0C-fa9589369c360a40688a,True,0.819672131147541,0.180327868852459
component_family,R0C-faddf7e10476dbd1b5bd,True,1.0,0.0
component_family,R0C-faedaedaa124c798f4de,True,1.0,0.0
component_family,R0C-fb5e1a9b5707da32301c,True,0.9464285714285714,0.0535714285714286
component_family,R0C-fb7033a20359dcb9e457,True,1.0,0.0
component_family,R0C-fc60a78e76fb5d71b50f,True,0.8,0.19999999999999996
component_family,R0C-fc9e1740a4506a170bee,True,1.0,0.0
component_family,R0C-fcb843d0a6b7027bae2e,True,0.8032786885245902,0.19672131147540983
component_family,R0C-fd0327abd414144098cd,True,0.8032786885245902,0.19672131147540983
component_family,R0C-fd16efdd462c0d19038d,True,0.8596491228070176,0.14035087719298245
component_family,R0C-fd475c34789fb4fe83eb,True,0.9454545454545454,0.054545454545454564
component_family,R0C-fdaf8980fa798a116b0e,True,0.9482758620689655,0.051724137931034475
component_family,R0C-fdec6d16970edd915f09,True,0.8518518518518519,0.14814814814814814
component_family,R0C-fe3739a0072b63d600b1,True,1.0,0.0
component_family,R0C-fea7b59eba42ea6366db,True,1.0,0.0
component_family,R0C-ff20d7de4ccb8d44551b,True,1.0,0.0
component_family,R0C-ff33e3e1effc374e4c35,True,0.8769230769230769,0.12307692307692308
headgroup,R0C-0025f007aef651b44604,True,0.8269230769230769,0.17307692307692313
headgroup,R0C-0031f164d4e934aefdbb,False,0.7567567567567568,0.2432432432432432
headgroup,R0C-005f9233d950b8338d71,False,0.8148148148148148,0.18518518518518523
headgroup,R0C-006bed3c8d0fd91e3fee,False,0.5,0.5
headgroup,R0C-00863661ab22463842b6,False,0.5833333333333334,0.41666666666666663
headgroup,R0C-00991697cea9b71406d1,False,0.8275862068965517,0.1724137931034483
headgroup,R0C-00a2596efc74348a6c71,False,0.6862745098039216,0.3137254901960784
headgroup,R0C-00e2bbb3cb817aade8a3,False,0.48,0.52
headgroup,R0C-00e3b327e1eb7ee7e03b,False,0.8529411764705882,0.1470588235294118
headgroup,R0C-00f5825f337ebb682958,False,1.0,0.0
headgroup,R0C-0167e5a8ec18337fd903,False,0.48,0.52
headgroup,R0C-01cf988b62710293bd1e,True,0.7833333333333333,0.21666666666666667
headgroup,R0C-01db649f79279bc361dd,False,0.6865671641791045,0.31343283582089554
headgroup,R0C-01f42d9d4527e41e1a6a,False,0.8163265306122449,0.18367346938775508
headgroup,R0C-022291ae15308c62808d,False,0.5409836065573771,0.4590163934426229
headgroup,R0C-022d8df5915071157607,True,0.7121212121212122,0.28787878787878785
headgroup,R0C-025ed462a3ce411c8199,False,0.7083333333333334,0.29166666666666663
headgroup,R0C-02784ee1942bcb086c35,False,0.8043478260869565,0.19565217391304346
headgroup,R0C-0285ff6a340eba89b5af,False,0.8125,0.1875
headgroup,R0C-028b002782d0926c8cfa,False,0.711864406779661,0.288135593220339
headgroup,R0C-02957f2c8a0a371b0316,True,0.796875,0.203125
headgroup,R0C-02c920a80375665e9a75,False,0.8363636363636363,0.1636363636363637
headgroup,R0C-02cf5240e89788fcc751,True,0.7323943661971831,0.2676056338028169
headgroup,R0C-03225fbb5d1a6635f224,False,0.7741935483870968,0.22580645161290325
headgroup,R0C-0344e751aa3eedd4451c,False,0.8421052631578947,0.1578947368421053
headgroup,R0C-035d749cecc2f653992f,False,0.7105263157894737,0.2894736842105263
headgroup,R0C-03616545f1f6ae3373c1,True,0.7361111111111112,0.26388888888888884
headgroup,R0C-036a8867bd494c86eb20,False,0.484375,0.515625
headgroup,R0C-0375495fcb087709f599,False,0.75,0.25
headgroup,R0C-03974945873d2f5e6834,True,0.7833333333333333,0.21666666666666667
headgroup,R0C-03af8ab110fec7326ece,False,0.4489795918367347,0.5510204081632653
headgroup,R0C-03e80942444004474036,False,0.6538461538461539,0.34615384615384615
headgroup,R0C-0404439e37c27051b700,False,0.717948717948718,0.28205128205128205
headgroup,R0C-041ab656a1ce62dc4781,False,0.8529411764705882,0.1470588235294118
headgroup,R0C-04397c6f6842f9af8fa3,False,0.9649122807017544,0.03508771929824561
headgroup,R0C-043e905a96d8b4e16724,False,0.5636363636363636,0.4363636363636364
headgroup,R0C-043fedfdbb48e85b6f5b,True,0.8,0.19999999999999996
headgroup,R0C-044cc17fb9c29fc71913,False,0.7123287671232876,0.28767123287671237
headgroup,R0C-04652aa71d8cd5e95498,True,0.8269230769230769,0.17307692307692313
headgroup,R0C-047f4a8e46fa928cf10c,False,0.5614035087719298,0.4385964912280702
headgroup,R0C-04c1467cdb4d5f5bf95c,False,0.4186046511627907,0.5813953488372092
headgroup,R0C-04e4a8dbb3a3ea0fa9f4,False,1.0,0.0
headgroup,R0C-051401a7e35e00f79813,False,0.6792452830188679,0.3207547169811321
headgroup,R0C-05595cbb272b515bbd08,False,0.725,0.275
headgroup,R0C-058456fd0d0631a7f499,False,0.8636363636363636,0.13636363636363635
headgroup,R0C-058de882c3d1035f29b8,False,0.7741935483870968,0.22580645161290325
headgroup,R0C-058ef6f4836e53a260c5,False,0.7631578947368421,0.23684210526315785
headgroup,R0C-05d33ec256f1bc8c41c5,False,0.7567567567567568,0.2432432432432432
headgroup,R0C-06041f8a5414af1f0b20,False,0.4423076923076923,0.5576923076923077
headgroup,R0C-0606d40543296215b556,False,0.8666666666666667,0.1333333333333333
headgroup,R0C-066afcafb399e165c7d7,False,0.4067796610169492,0.5932203389830508
headgroup,R0C-06833f677836e59e4e99,False,0.6901408450704225,0.3098591549295775
headgroup,R0C-068a09d9e3a0218b7e9f,False,0.7123287671232876,0.28767123287671237
headgroup,R0C-06ecb4d96f5a8d8bbfc6,False,0.9354838709677419,0.06451612903225812
headgroup,R0C-06f9b23547cc7dbbf269,False,0.4032258064516129,0.5967741935483871
headgroup,R0C-06fb022697c6204e689c,False,0.40350877192982454,0.5964912280701755
headgroup,R0C-0702f2ba0b1934ea42e6,False,0.29508196721311475,0.7049180327868853
headgroup,R0C-07514cd7e60f0e2c56b9,False,0.8260869565217391,0.17391304347826086
headgroup,R0C-075bcfb03ca433cba155,False,0.6885245901639344,0.3114754098360656
headgroup,R0C-0765907c6263befb8ee8,False,0.9310344827586207,0.06896551724137934
headgroup,R0C-079d89eb76fd961fda67,False,0.8363636363636363,0.1636363636363637
headgroup,R0C-07ad5f07bead85db7e5e,False,0.54,0.45999999999999996
headgroup,R0C-07ef0543da9c33571fa1,False,0.82,0.18000000000000005
headgroup,R0C-07f348f77638b44a16a5,False,0.8363636363636363,0.1636363636363637
headgroup,R0C-07f8cf86b11e388d95b4,False,0.6538461538461539,0.34615384615384615
headgroup,R0C-0803cee76656c7538112,False,0.7924528301886793,0.2075471698113207
headgroup,R0C-0894faa20d8602baef4a,False,0.4857142857142857,0.5142857142857142
headgroup,R0C-089d5ff0f3d28bd667d0,False,0.8541666666666666,0.14583333333333337
headgroup,R0C-08fe81afda32f4cc908b,False,0.7441860465116279,0.2558139534883721
headgroup,R0C-091cb6f8692a54df203c,False,0.9016393442622951,0.09836065573770492
headgroup,R0C-091df47115ce9a3a7bbf,False,0.5416666666666666,0.45833333333333337
headgroup,R0C-0939a3f7b6f84a6ab1ec,True,0.7678571428571429,0.2321428571428571
headgroup,R0C-0964267f846a3abb8b0e,False,0.6964285714285714,0.3035714285714286
headgroup,R0C-0974cd2a60a9d50bfdd8,True,0.7432432432432432,0.2567567567567568
headgroup,R0C-09ab38139e11526f542f,False,0.6944444444444444,0.3055555555555556
headgroup,R0C-09bfb629c2043f1d18e5,False,0.8431372549019608,0.1568627450980392
headgroup,R0C-0a0f960a8b0baf0d463d,False,0.8596491228070176,0.14035087719298245
headgroup,R0C-0a28c5d0df72222b9d78,False,0.8461538461538461,0.15384615384615385
headgroup,R0C-0a39e4a8462aefc71643,False,0.3939393939393939,0.6060606060606061
headgroup,R0C-0a3be69b17807a23c67a,False,0.7215189873417721,0.2784810126582279
headgroup,R0C-0a5b220c6d76473e0be9,False,0.725,0.275
headgroup,R0C-0a64e8b840be6e46e105,False,0.7878787878787878,0.21212121212121215
headgroup,R0C-0a6d66eaaed150573fc9,False,0.9107142857142857,0.0892857142857143
headgroup,R0C-0a8325f37bb467794bf4,False,0.6865671641791045,0.31343283582089554
headgroup,R0C-0a8c9d7b09647e485380,False,0.864406779661017,0.13559322033898302
headgroup,R0C-0afbe45011ca9ff8b452,False,0.6041666666666666,0.39583333333333337
headgroup,R0C-0b207aa5900ff04d2ede,False,0.9245283018867925,0.07547169811320753
headgroup,R0C-0b6beffe4aba7922369c,False,0.56,0.43999999999999995
headgroup,R0C-0b6d77993189c3169a89,False,0.86,0.14
headgroup,R0C-0b7735552348923e8dc7,False,0.71875,0.28125
headgroup,R0C-0b81fcf9af3b16ecb783,False,0.825,0.17500000000000004
headgroup,R0C-0b828f12fdcaec059841,False,0.8305084745762712,0.1694915254237288
headgroup,R0C-0b82e7a6c542b838b01c,False,0.8985507246376812,0.10144927536231885
headgroup,R0C-0b94657632c6d6fb274f,False,0.6382978723404256,0.36170212765957444
headgroup,R0C-0c047e7500df9efc021c,False,0.85,0.15000000000000002
headgroup,R0C-0c0b4b4bff47a5f1daa8,False,0.7551020408163265,0.24489795918367352
headgroup,R0C-0c0b5f2cdbdf63d542d2,False,0.75,0.25
headgroup,R0C-0c2a835c6d1cf8421cd5,False,0.6865671641791045,0.31343283582089554
headgroup,R0C-0c3ae25ac02aeb4ccf74,False,0.6415094339622641,0.3584905660377359
headgroup,R0C-0c444541a6141526eee1,True,0.7121212121212122,0.28787878787878785
headgroup,R0C-0c4a9f12c87a9081be6c,False,0.8775510204081632,0.12244897959183676
headgroup,R0C-0c4c29c43e36daa38864,False,0.74,0.26
headgroup,R0C-0c4d0373b01f05537f99,False,0.8958333333333334,0.10416666666666663
headgroup,R0C-0c57c9b5d750cd0f10dd,False,0.5714285714285714,0.4285714285714286
headgroup,R0C-0c582e64764c5f585b6d,False,0.95,0.050000000000000044
headgroup,R0C-0c5b97eeaa3892f72421,False,0.7450980392156863,0.2549019607843137
headgroup,R0C-0c6a442585210b44bf58,False,0.6538461538461539,0.34615384615384615
headgroup,R0C-0cf0e4319cea1b082be3,False,0.8723404255319149,0.12765957446808507
headgroup,R0C-0cf4921110887a1c6dc9,False,0.4032258064516129,0.5967741935483871
headgroup,R0C-0cfa1cd647d842593103,False,0.6792452830188679,0.3207547169811321
headgroup,R0C-0d09ebe2be0b9dda8df2,True,0.7833333333333333,0.21666666666666667
headgroup,R0C-0d25c93569a1f6696e15,False,0.7450980392156863,0.2549019607843137
headgroup,R0C-0d8ab74602ed16363b6a,False,1.0,0.0
headgroup,R0C-0dcc45537a7926fba050,False,0.71875,0.28125
headgroup,R0C-0dd4514ca38259eb213e,False,0.7971014492753623,0.2028985507246377
headgroup,R0C-0dda522908e9cde5f074,False,0.8235294117647058,0.17647058823529416
headgroup,R0C-0e864bd2e224a8fa5a57,False,0.8666666666666667,0.1333333333333333
headgroup,R0C-0e9310c13ae8df25c916,False,0.35,0.65
headgroup,R0C-0ecbb0a9e0daf7fd5653,True,0.7361111111111112,0.26388888888888884
headgroup,R0C-0ecec4b0619dd89fb452,False,0.6865671641791045,0.31343283582089554
headgroup,R0C-0ed19dc8a88c9033baaa,False,0.864406779661017,0.13559322033898302
headgroup,R0C-0f070e36c969ff24f826,False,0.6375,0.36250000000000004
headgroup,R0C-0f0c4303f09ca81e62b5,False,1.0,0.0
headgroup,R0C-0f1d9156723ea0f4adb5,False,0.7236842105263158,0.2763157894736842
headgroup,R0C-0f28cc937d3d0ba28a00,False,0.725,0.275
headgroup,R0C-0f7c8bc71867d87ab17e,False,0.847457627118644,0.15254237288135597
headgroup,R0C-0f974bbb7b9098dca8b7,False,0.8222222222222222,0.1777777777777778
headgroup,R0C-0fdd2769a09817e634b5,False,0.5384615384615384,0.46153846153846156
headgroup,R0C-1007b8baf58e65dd3c4b,False,1.0,0.0
headgroup,R0C-1019d11b0e79ff253f14,False,0.6865671641791045,0.31343283582089554
headgroup,R0C-102fd1e9ba46f5954ab7,False,0.627906976744186,0.37209302325581395
headgroup,R0C-1051b9ba5ff699664df7,False,0.49122807017543857,0.5087719298245614
headgroup,R0C-108845c8c075953efc98,False,0.45098039215686275,0.5490196078431373
headgroup,R0C-10980a00a77a918a1d26,False,0.8541666666666666,0.14583333333333337
headgroup,R0C-10a74f7c20fd7a76afcb,False,0.5116279069767442,0.4883720930232558
headgroup,R0C-10eb97a388f76252b575,False,0.8939393939393939,0.10606060606060608
headgroup,R0C-1106c494213171e5e5b4,False,0.8958333333333334,0.10416666666666663
headgroup,R0C-11199e73ffd62479c068,False,0.9090909090909091,0.09090909090909094
headgroup,R0C-1156f772e2bd15955adc,True,0.8269230769230769,0.17307692307692313
headgroup,R0C-11584039db015ff65fed,False,0.8666666666666667,0.1333333333333333
headgroup,R0C-1165837888e2f66f96e3,False,0.35135135135135137,0.6486486486486487
headgroup,R0C-117cd4f95b69c48757e2,False,0.765625,0.234375
headgroup,R0C-11d1c3ad7462c663b068,True,0.796875,0.203125
headgroup,R0C-11fce9d09d427bda0e37,False,0.9074074074074074,0.09259259259259256
headgroup,R0C-128e1a890625f74156a5,False,0.5409836065573771,0.4590163934426229
headgroup,R0C-12a7532aab0e4c7fc11d,False,0.8269230769230769,0.17307692307692313
headgroup,R0C-12cbb4665bcee92f73ad,False,0.9107142857142857,0.0892857142857143
headgroup,R0C-12d55f013381cc070724,False,0.42857142857142855,0.5714285714285714
headgroup,R0C-130e15512b07b82600c2,False,0.8666666666666667,0.1333333333333333
headgroup,R0C-131270514687efbcb3d9,True,0.8269230769230769,0.17307692307692313
headgroup,R0C-131d4c3a238ae284f738,False,0.875,0.125
headgroup,R0C-131fed4cd4a3b4ce2084,False,0.6904761904761905,0.30952380952380953
headgroup,R0C-1332bc21aa9b49265c51,False,0.7666666666666667,0.23333333333333328
headgroup,R0C-134fde934f3cfdcb6fbb,False,0.7924528301886793,0.2075471698113207
headgroup,R0C-1353e2a5d621803a7fe3,False,0.6986301369863014,0.3013698630136986
headgroup,R0C-13720fdb0891f36eb8ec,False,0.39655172413793105,0.603448275862069
headgroup,R0C-13b18440d52aa1c9cc62,False,0.921875,0.078125
headgroup,R0C-13ce2a23ae6b82a39571,False,0.8985507246376812,0.10144927536231885
headgroup,R0C-13e0a2afcf7ea8e61223,True,0.7466666666666667,0.2533333333333333
headgroup,R0C-13e356db3ef5c2bc3f6c,False,0.532258064516129,0.467741935483871
headgroup,R0C-1401c074394b6d054f60,False,1.0,0.0
headgroup,R0C-1401eea89e5edaaac95a,False,0.9428571428571428,0.05714285714285716
headgroup,R0C-14128ebc23f301bc79d9,False,0.6896551724137931,0.31034482758620685
headgroup,R0C-14420c4d06c5738338f6,False,0.8095238095238095,0.19047619047619047
headgroup,R0C-146b19446ee891b1e332,False,0.8529411764705882,0.1470588235294118
headgroup,R0C-1490c265eac59c8f65d5,False,0.7903225806451613,0.20967741935483875
headgroup,R0C-14b8b9181e51e5ff8658,False,0.5967741935483871,0.4032258064516129
headgroup,R0C-14ca06755cf755441b24,False,0.717948717948718,0.28205128205128205
headgroup,R0C-14d3966d1b060b03ee52,False,0.6790123456790124,0.32098765432098764
headgroup,R0C-1525f0606ab896d5b66d,True,0.7121212121212122,0.28787878787878785
headgroup,R0C-1546b01f07c73d61a149,False,0.5645161290322581,0.4354838709677419
headgroup,R0C-15833d9b0a06bc1a4255,True,0.8392857142857143,0.1607142857142857
headgroup,R0C-1585082f9e4ec162a5c5,False,0.8297872340425532,0.17021276595744683
headgroup,R0C-15b4311ee3c1a5c2aad8,False,0.9090909090909091,0.09090909090909094
headgroup,R0C-15d5501abea7049490ef,False,0.8260869565217391,0.17391304347826086
headgroup,R0C-15dbf27e0c99ea08fee5,False,0.7380952380952381,0.26190476190476186
headgroup,R0C-160ff5f019b80dcc24f1,False,0.532258064516129,0.467741935483871
headgroup,R0C-1611e00c5a1b81c0ebe0,False,0.8688524590163934,0.1311475409836066
headgroup,R0C-1617972664ec475dbfa7,False,0.6829268292682927,0.31707317073170727
headgroup,R0C-163df7c28fc58b7f2e22,False,0.6,0.4
headgroup,R0C-1641aa3087617162d511,True,0.85,0.15000000000000002
headgroup,R0C-16564e91aa54967bbc37,False,0.9655172413793104,0.03448275862068961
headgroup,R0C-1714d93d907a1f1e0403,False,0.8461538461538461,0.15384615384615385
headgroup,R0C-17602d370841a257ca65,False,0.9857142857142858,0.014285714285714235
headgroup,R0C-178144e9f0f016816e5c,False,0.72,0.28
headgroup,R0C-17b8005266b44a18be26,False,0.8297872340425532,0.17021276595744683
headgroup,R0C-17d5c9350b7d8b16d930,False,0.8363636363636363,0.1636363636363637
headgroup,R0C-17e3c33d43c117254df7,False,0.7741935483870968,0.22580645161290325
headgroup,R0C-17ec76adddf8b4b41ec3,False,0.6382978723404256,0.36170212765957444
headgroup,R0C-17f426342be65031eeaa,False,0.8840579710144928,0.1159420289855072
headgroup,R0C-18038f3e6e7c71a4a262,False,0.7678571428571429,0.2321428571428571
headgroup,R0C-18343ec286c4d6bb3c3b,False,0.8260869565217391,0.17391304347826086
headgroup,R0C-185a86f844dea8303b1f,True,0.8448275862068966,0.15517241379310343
headgroup,R0C-18649250b69a405710e7,False,0.8524590163934426,0.14754098360655743
headgroup,R0C-186777bc684ddb409f68,False,0.8292682926829268,0.1707317073170732
headgroup,R0C-18c6542d99f46a2e88b2,False,0.8571428571428571,0.1428571428571429
headgroup,R0C-18ccb63bc9b90335949d,False,0.5254237288135594,0.47457627118644063
headgroup,R0C-18d5cdc9ca09504df996,False,0.7846153846153846,0.2153846153846154
headgroup,R0C-18ee6477cad38f942156,False,0.8958333333333334,0.10416666666666663
headgroup,R0C-1910f591e68a20431e20,False,0.5072463768115942,0.49275362318840576
headgroup,R0C-1917d4c4194119e7d353,False,0.75,0.25
headgroup,R0C-1919459b4db08bee095f,False,0.7297297297297297,0.2702702702702703
headgroup,R0C-191b84260188ed68061d,False,0.9152542372881356,0.0847457627118644
headgroup,R0C-1932a44b08953dad3085,False,0.8245614035087719,0.17543859649122806
headgroup,R0C-1934f7a22d7aaaa407a7,False,0.6904761904761905,0.30952380952380953
headgroup,R0C-193966f79e43f9ce0225,False,0.7741935483870968,0.22580645161290325
headgroup,R0C-19588f3c691bdc41f6d0,False,0.4067796610169492,0.5932203389830508
headgroup,R0C-19616a249059d8dd8c1f,False,0.8676470588235294,0.13235294117647056
headgroup,R0C-196524f2374c68712488,False,0.2857142857142857,0.7142857142857143
headgroup,R0C-196b936239f20f7a5b98,False,0.7631578947368421,0.23684210526315785
headgroup,R0C-197dd25e02ce2c1cfeb2,False,0.5409836065573771,0.4590163934426229
headgroup,R0C-1987cf1c0a052db38917,False,0.5789473684210527,0.42105263157894735
headgroup,R0C-199a752442b8523bd9d8,False,0.819672131147541,0.180327868852459
headgroup,R0C-199ce3331a763154645e,False,0.8222222222222222,0.1777777777777778
headgroup,R0C-199e7c4a32e925a99285,False,0.8181818181818182,0.18181818181818177
headgroup,R0C-19b0bb65fe717c00045f,False,0.8974358974358975,0.10256410256410253
headgroup,R0C-19c052c707e92fc81a49,False,0.8235294117647058,0.17647058823529416
headgroup,R0C-19f952ede1f48a305c17,False,0.5918367346938775,0.40816326530612246
headgroup,R0C-1a0315e03bd212cd04da,False,0.71875,0.28125
headgroup,R0C-1a04b82dec05275d621e,False,0.581081081081081,0.41891891891891897
headgroup,R0C-1a189b55d9255ab54df8,False,0.9206349206349206,0.07936507936507942
headgroup,R0C-1a5d0b2d49044ad2015e,False,0.7450980392156863,0.2549019607843137
headgroup,R0C-1a7c12672d413e8f7737,False,0.4567901234567901,0.5432098765432098
headgroup,R0C-1a7c64edfd0488a9eaf4,False,0.41304347826086957,0.5869565217391304
headgroup,R0C-1a833d650e826d64aac1,False,0.6774193548387096,0.32258064516129037
headgroup,R0C-1a8fdf1adbb491a4c9d1,False,0.5161290322580645,0.4838709677419355
headgroup,R0C-1a96906989c205581d86,True,0.8269230769230769,0.17307692307692313
headgroup,R0C-1ad16c739c76c41fd15b,False,0.8958333333333334,0.10416666666666663
headgroup,R0C-1b004543b01419a31bcf,False,0.6111111111111112,0.38888888888888884
headgroup,R0C-1b16c1660f8be9e69b63,False,0.8181818181818182,0.18181818181818177
headgroup,R0C-1b1d6565d9b92a36e1e8,False,0.9014084507042254,0.09859154929577463
headgroup,R0C-1b5b4a222bb4f222c186,False,0.6041666666666666,0.39583333333333337
headgroup,R0C-1b79c3009f67e108bc84,False,0.8360655737704918,0.16393442622950816
headgroup,R0C-1bc3c32e11f5a8aae1b7,False,0.8591549295774648,0.14084507042253525
headgroup,R0C-1c2de55c4310e5d6a302,False,0.9344262295081968,0.06557377049180324
headgroup,R0C-1c38406818ea24639df1,False,0.75,0.25
headgroup,R0C-1c46a591649df4d69949,False,0.5102040816326531,0.4897959183673469
headgroup,R0C-1c72491c92184ad6d865,False,0.7,0.30000000000000004
headgroup,R0C-1c74d713e4a84fa46025,False,0.8,0.19999999999999996
headgroup,R0C-1c7e70737692dd315a17,False,0.5714285714285714,0.4285714285714286
headgroup,R0C-1c8275e56ff070a0c427,False,1.0,0.0
headgroup,R0C-1c8ac6d9a02de99fd1ea,False,0.41304347826086957,0.5869565217391304
headgroup,R0C-1c964931a0d39837e6f3,False,0.9411764705882353,0.05882352941176472
headgroup,R0C-1c9bb731bbd4a2237b84,False,0.7317073170731707,0.2682926829268293
headgroup,R0C-1cb7cbb2e0d75839d417,False,0.8222222222222222,0.1777777777777778
headgroup,R0C-1d3905b6735197b30500,False,0.42592592592592593,0.5740740740740741
headgroup,R0C-1d92e3603732b1cbc786,False,0.765625,0.234375
headgroup,R0C-1daed1232e20cd4ad242,False,0.4444444444444444,0.5555555555555556
headgroup,R0C-1df4c5951ff70737a5fe,False,0.9629629629629629,0.03703703703703709
headgroup,R0C-1df5715fe93110c4954d,False,0.7435897435897436,0.2564102564102564
headgroup,R0C-1e0fa39e7d3d34f6f644,False,1.0,0.0
headgroup,R0C-1e2e91e3c25a90f41d7d,False,0.8529411764705882,0.1470588235294118
headgroup,R0C-1e3efa559028bc24eb90,False,0.5694444444444444,0.4305555555555556
headgroup,R0C-1e40487d8c71e77cded2,False,0.875,0.125
headgroup,R0C-1e45021e7cbcc819b6df,False,0.9428571428571428,0.05714285714285716
headgroup,R0C-1e90ee93bcf387858aa5,False,0.95,0.050000000000000044
headgroup,R0C-1e99cd7a84b3f5fa1f67,False,0.5833333333333334,0.41666666666666663
headgroup,R0C-1ea9953da3fbdc7353d7,False,0.86,0.14
headgroup,R0C-1eaeb45f47195a30ec99,False,0.8571428571428571,0.1428571428571429
headgroup,R0C-1eb05fd343d72c8b6f66,False,0.8448275862068966,0.15517241379310343
headgroup,R0C-1eb34f2ec523e11b2768,False,1.0,0.0
headgroup,R0C-1eecfd314cad1826eba6,False,0.9148936170212766,0.08510638297872342
headgroup,R0C-1f0ffbc818ce7e6dd8ff,False,0.6571428571428571,0.34285714285714286
headgroup,R0C-1f2c045a65b495ae4e20,True,0.7868852459016393,0.21311475409836067
headgroup,R0C-1f2ca14e51eff0048e4f,False,0.7435897435897436,0.2564102564102564
headgroup,R0C-1f813de15abbad40737e,False,1.0,0.0
headgroup,R0C-1f854b2ea9a7843f23dc,False,0.6176470588235294,0.38235294117647056
headgroup,R0C-1f95d03da3e5848b76bc,False,0.8666666666666667,0.1333333333333333
headgroup,R0C-1fc58caefb94c5d48a0d,False,0.6382978723404256,0.36170212765957444
headgroup,R0C-2034971b885f4acdb21d,False,0.7272727272727273,0.2727272727272727
headgroup,R0C-2041658a5190c3f453a7,False,0.72,0.28
headgroup,R0C-20ebf03221a48a11ca6d,False,0.8604651162790697,0.13953488372093026
headgroup,R0C-21309e834fd7b6c2c249,False,0.926829268292683,0.07317073170731703
headgroup,R0C-2168e7e2bb35de56952a,False,0.8,0.19999999999999996
headgroup,R0C-21790724848988e454e2,False,0.35135135135135137,0.6486486486486487
headgroup,R0C-217f6b464c8d5aea67f2,False,0.6,0.4
headgroup,R0C-21b76af872be8727e210,False,0.8260869565217391,0.17391304347826086
headgroup,R0C-21b76b554f7ea2d10020,False,0.7441860465116279,0.2558139534883721
headgroup,R0C-21ece7d34adfc80e07d0,False,0.7435897435897436,0.2564102564102564
headgroup,R0C-21f5496047220c10942e,False,0.851063829787234,0.14893617021276595
headgroup,R0C-21fe0065822eb5e1588f,False,0.8088235294117647,0.19117647058823528
headgroup,R0C-21fe81e89c82e8478856,False,0.6176470588235294,0.38235294117647056
headgroup,R0C-2212b19970dfd8716f8f,False,0.6938775510204082,0.30612244897959184
headgroup,R0C-2230d07a47798908ecae,False,0.5789473684210527,0.42105263157894735
headgroup,R0C-22333409df30f1344255,False,0.7123287671232876,0.28767123287671237
headgroup,R0C-22407df000c48c64c75c,False,0.4647887323943662,0.5352112676056338
headgroup,R0C-2244f32a062d5529c610,False,1.0,0.0
headgroup,R0C-224b7d0393922da892b9,False,0.75,0.25
headgroup,R0C-226113ed4a23a26b6e91,False,1.0,0.0
headgroup,R0C-226bbdfcddd5dd590c0a,False,0.9148936170212766,0.08510638297872342
headgroup,R0C-2293dd5c8d9d384d276e,False,0.9682539682539683,0.031746031746031744
headgroup,R0C-22d02e8fa3112546dc32,False,0.7111111111111111,0.28888888888888886
headgroup,R0C-22e9c26a851d5ff7628c,True,0.7432432432432432,0.2567567567567568
headgroup,R0C-230989a97df53f123732,False,0.7291666666666666,0.27083333333333337
headgroup,R0C-231cbcf0b7e27e629a88,False,0.6382978723404256,0.36170212765957444
headgroup,R0C-2327872c67e48c81edc3,False,0.9180327868852459,0.08196721311475408
headgroup,R0C-2327a9804104e06a901a,False,0.42105263157894735,0.5789473684210527
headgroup,R0C-23370da159dd40d5b8aa,False,0.6865671641791045,0.31343283582089554
headgroup,R0C-2362dacae37a4eb6b3ff,True,0.7121212121212122,0.28787878787878785
headgroup,R0C-2399b4cc815fb3cb5b4f,False,0.618421052631579,0.381578947368421
headgroup,R0C-23bb29eec3a4fdc581c8,False,0.39655172413793105,0.603448275862069
headgroup,R0C-242df26f40a3abaa017f,False,0.6382978723404256,0.36170212765957444
headgroup,R0C-24640d00782ec9a259c1,False,0.611764705882353,0.388235294117647
headgroup,R0C-248eba3e86164edff5f3,False,0.9090909090909091,0.09090909090909094
headgroup,R0C-24a162c0620c00da85d1,False,0.8133333333333334,0.18666666666666665
headgroup,R0C-24a7c3620f4377587894,False,0.9387755102040817,0.061224489795918324
headgroup,R0C-24b9b756a6576da3fc39,False,0.8666666666666667,0.1333333333333333
headgroup,R0C-24cdd56a44d3dcb04100,False,0.4489795918367347,0.5510204081632653
headgroup,R0C-24d2e11db842388f9c1f,True,0.7361111111111112,0.26388888888888884
headgroup,R0C-2519992414f3f2b5e397,False,0.8260869565217391,0.17391304347826086
headgroup,R0C-2534a32722d161ecf522,False,0.4090909090909091,0.5909090909090908
headgroup,R0C-25372340476ce8da55ad,False,1.0,0.0
headgroup,R0C-254e90522081edc963d7,False,0.9701492537313433,0.02985074626865669
headgroup,R0C-257ef806a24a6f02ee69,False,0.8260869565217391,0.17391304347826086
headgroup,R0C-2587c68a10505af40199,False,0.9782608695652174,0.021739130434782594
headgroup,R0C-258f959452c264e6f315,True,0.85,0.15000000000000002
headgroup,R0C-259b355a08aa0ad37d60,False,0.7317073170731707,0.2682926829268293
headgroup,R0C-25ab5fa4919afa39c7fe,False,0.5102040816326531,0.4897959183673469
headgroup,R0C-25b3cf0ba6b8d6c2c5c1,False,0.8222222222222222,0.1777777777777778
headgroup,R0C-26005c53441747a0a7f8,False,0.8275862068965517,0.1724137931034483
headgroup,R0C-26063165bc103b78dd9c,False,0.71875,0.28125
headgroup,R0C-2619801c7e00c7cf229e,False,0.9629629629629629,0.03703703703703709
headgroup,R0C-266132e62cb79a6f33c3,False,0.9122807017543859,0.08771929824561409
headgroup,R0C-26aa33b7f8d0e54afb64,True,0.8448275862068966,0.15517241379310343
headgroup,R0C-26b9c5b6d85a840dad66,False,0.6865671641791045,0.31343283582089554
headgroup,R0C-272741419807b021a7bd,True,0.7121212121212122,0.28787878787878785
headgroup,R0C-273149d59f62eef067ec,False,0.8333333333333334,0.16666666666666663
headgroup,R0C-278a7c1a3364ae901e4d,False,0.5833333333333334,0.41666666666666663
headgroup,R0C-27a1734a1ff86c160a67,False,0.8793103448275862,0.12068965517241381
headgroup,R0C-27ad15a4979b98e50249,False,0.95,0.050000000000000044
headgroup,R0C-27d3acb48676586bf806,False,0.9056603773584906,0.09433962264150941
headgroup,R0C-27ea594f61eccbb8ce62,False,0.6875,0.3125
headgroup,R0C-27fe404d59434ae2ad73,False,0.9206349206349206,0.07936507936507942
headgroup,R0C-2806ef0f67719974343e,False,0.9322033898305084,0.06779661016949157
headgroup,R0C-285a406f4b5cb5fd2095,False,0.8863636363636364,0.11363636363636365
headgroup,R0C-28607ae83b362dbeeb10,False,0.796875,0.203125
headgroup,R0C-2864b5d01d8c0eebfb9c,True,0.8142857142857143,0.18571428571428572
headgroup,R0C-28789a529e2b6e8e520f,False,0.8222222222222222,0.1777777777777778
headgroup,R0C-287c205fc9da714df218,False,0.8695652173913043,0.13043478260869568
headgroup,R0C-289bb796f5b4a21b2372,True,0.7121212121212122,0.28787878787878785
headgroup,R0C-28e9fb0da3611baf9fb0,False,0.72,0.28
headgroup,R0C-28f67ec5e7b057bc7271,False,0.9272727272727272,0.07272727272727275
headgroup,R0C-292ff9b1c85981137e21,True,0.7903225806451613,0.20967741935483875
headgroup,R0C-2957b9019520cf7b487f,False,0.6,0.4
headgroup,R0C-297442675e5a318269c8,False,0.725,0.275
headgroup,R0C-299566f025f12d64fc36,False,0.9629629629629629,0.03703703703703709
headgroup,R0C-29a8f4cfc962d2cf184d,True,0.8269230769230769,0.17307692307692313
headgroup,R0C-29f1149ccdecbcfdd327,False,0.6219512195121951,0.3780487804878049
headgroup,R0C-2a0b146aae3232ad9824,False,1.0,0.0
headgroup,R0C-2a1ef3c7e596e1e302f7,False,0.8,0.19999999999999996
headgroup,R0C-2a35fb7510ed7043dc09,False,0.8688524590163934,0.1311475409836066
headgroup,R0C-2a5ea9a57de9b1e466de,False,0.9428571428571428,0.05714285714285716
headgroup,R0C-2a711239cad41d2c54e7,False,0.825,0.17500000000000004
headgroup,R0C-2a8de70c86e812fac86f,False,0.8490566037735849,0.15094339622641506
headgroup,R0C-2a9cfeafe670cec14c10,True,0.8392857142857143,0.1607142857142857
headgroup,R0C-2aa80bce2ab4c9d0fce7,False,0.8292682926829268,0.1707317073170732
headgroup,R0C-2aaf20351dd94dcdb0b1,False,0.8524590163934426,0.14754098360655743
headgroup,R0C-2abfda3b7702ed53f2c4,False,0.5102040816326531,0.4897959183673469
headgroup,R0C-2af6162692944b3097dc,False,0.8723404255319149,0.12765957446808507
headgroup,R0C-2b1c9c5bc7ce308d599f,False,0.71875,0.28125
headgroup,R0C-2b25d4ee004378341605,False,0.7936507936507936,0.2063492063492064
headgroup,R0C-2b3bf107030ccbb554c6,False,0.625,0.375
headgroup,R0C-2ba1faa06b92878bb5a5,False,0.9090909090909091,0.09090909090909094
headgroup,R0C-2bc291fab536aef2b750,False,0.851063829787234,0.14893617021276595
headgroup,R0C-2bfd0da174dea6ef0618,False,0.84,0.16000000000000003
headgroup,R0C-2c29895e2b8c6208e4db,False,0.725,0.275
headgroup,R0C-2c37d28dbfe4a1719014,False,1.0,0.0
headgroup,R0C-2c66d2bc2f5132b2fa78,False,0.1935483870967742,0.8064516129032258
headgroup,R0C-2c9c3aeb317a0de9e31a,False,0.9375,0.0625
headgroup,R0C-2c9e8b11f28de97d5f3c,False,0.7272727272727273,0.2727272727272727
headgroup,R0C-2ca8db9ee522357d17bd,False,0.4857142857142857,0.5142857142857142
headgroup,R0C-2cb95cf7a99bd3038078,False,0.8490566037735849,0.15094339622641506
headgroup,R0C-2cd8e86f19d966a52792,False,0.8666666666666667,0.1333333333333333
headgroup,R0C-2d01797e1a68f86b0c8d,False,0.9384615384615385,0.06153846153846154
headgroup,R0C-2d055ce5f9b066691384,False,0.9166666666666666,0.08333333333333337
headgroup,R0C-2d06c9c96a9c405ffd4c,True,0.8448275862068966,0.15517241379310343
headgroup,R0C-2d4b75f16d34e27765c4,False,0.717948717948718,0.28205128205128205
headgroup,R0C-2d5107707f32cfa4ffa6,False,0.9111111111111111,0.0888888888888889
headgroup,R0C-2d6c65041b6605f09d10,False,0.7903225806451613,0.20967741935483875
headgroup,R0C-2d6c797fcf6b9e4c5543,False,0.6176470588235294,0.38235294117647056
headgroup,R0C-2d86d65d0db2c8faacd8,False,0.7076923076923077,0.29230769230769227
headgroup,R0C-2da372fa07e564d620f6,True,0.7678571428571429,0.2321428571428571
headgroup,R0C-2dbc97fa6c3a9d85155d,False,0.9344262295081968,0.06557377049180324
headgroup,R0C-2dd7c67546cc7c2b32b7,False,0.7878787878787878,0.21212121212121215
headgroup,R0C-2de41a29effa7c2ef0c6,False,0.9183673469387755,0.08163265306122447
headgroup,R0C-2dff5880347a68400c8a,False,0.7959183673469388,0.20408163265306123
headgroup,R0C-2e2d0aec74c597a8165f,False,0.6346153846153846,0.3653846153846154
headgroup,R0C-2e3000d6686173c61719,False,0.4423076923076923,0.5576923076923077
headgroup,R0C-2e451d2e388e2a1f52be,False,0.7903225806451613,0.20967741935483875
headgroup,R0C-2e45d854bb8e6cb1793c,False,0.4883720930232558,0.5116279069767442
headgroup,R0C-2e6cf175557f77b2a69f,False,0.6265060240963856,0.37349397590361444
headgroup,R0C-2ea450deedffb32a6d84,False,0.6282051282051282,0.3717948717948718
headgroup,R0C-2eb41e9738d4fc323bad,True,0.7121212121212122,0.28787878787878785
headgroup,R0C-2ee682a6d9f03c13a893,False,0.9428571428571428,0.05714285714285716
headgroup,R0C-2f03226c9792ea569d1d,True,0.7361111111111112,0.26388888888888884
headgroup,R0C-2f077280b32ad6708c3c,False,0.46938775510204084,0.5306122448979591
headgroup,R0C-2f2fc71cf425e92c2aa8,False,0.5416666666666666,0.45833333333333337
headgroup,R0C-2f95c4f52f7aabb67896,False,0.8360655737704918,0.16393442622950816
headgroup,R0C-2f99bbf9196ca5ce87cf,False,0.86,0.14
headgroup,R0C-2fadbd76762bbb0f89cc,False,0.5714285714285714,0.4285714285714286
headgroup,R0C-3006e29c3ab9818aba77,False,0.7076923076923077,0.29230769230769227
headgroup,R0C-304a799ad47c75af360c,False,0.703125,0.296875
headgroup,R0C-30ac0b178df8f7f2ab65,False,0.8269230769230769,0.17307692307692313
headgroup,R0C-30ac9cacd8b59f23148d,False,0.6086956521739131,0.3913043478260869
headgroup,R0C-30d348bfefbba503fc9c,False,0.8260869565217391,0.17391304347826086
headgroup,R0C-30e145c4eea5ec1471b6,True,0.7903225806451613,0.20967741935483875
headgroup,R0C-30e4aeb735d4081327e9,False,0.5645161290322581,0.4354838709677419
headgroup,R0C-31024a284d092e711075,False,0.8235294117647058,0.17647058823529416
headgroup,R0C-3138004fa281db746247,True,0.7833333333333333,0.21666666666666667
headgroup,R0C-31418420337e113cdbdf,False,0.5409836065573771,0.4590163934426229
headgroup,R0C-314fcba3e908403e757c,False,0.8222222222222222,0.1777777777777778
headgroup,R0C-31612232013fc087cb32,False,0.8666666666666667,0.1333333333333333
headgroup,R0C-316e3b9d9aaa3a67ca37,False,0.8863636363636364,0.11363636363636365
headgroup,R0C-3193a98a77fae6cf844f,False,0.6885245901639344,0.3114754098360656
headgroup,R0C-31aaa7a21ec9277d6791,False,0.9148936170212766,0.08510638297872342
headgroup,R0C-31c0b38af68b9fed6198,False,0.9183673469387755,0.08163265306122447
headgroup,R0C-31eadf56b983536bc80b,True,0.85,0.15000000000000002
headgroup,R0C-32388267fa36b4057b9b,False,0.9125,0.08750000000000002
headgroup,R0C-326417d15ebffd660594,False,0.4339622641509434,0.5660377358490566
headgroup,R0C-3272979dd49a33b459ba,False,0.46938775510204084,0.5306122448979591
headgroup,R0C-328aee713cb07a7c0e68,False,0.43243243243243246,0.5675675675675675
headgroup,R0C-32925988342f9b40861b,False,0.6865671641791045,0.31343283582089554
headgroup,R0C-329be3a28529cb7c7193,False,0.7450980392156863,0.2549019607843137
headgroup,R0C-32cda9fb5c736b105581,False,0.6176470588235294,0.38235294117647056
headgroup,R0C-3306d4f0834146775644,False,0.8194444444444444,0.18055555555555558
headgroup,R0C-3316b9b6d581e9485fd1,False,0.5555555555555556,0.4444444444444444
headgroup,R0C-3375e255974528b7f274,False,0.8292682926829268,0.1707317073170732
headgroup,R0C-33d21a408b89dbfadbb5,False,0.5416666666666666,0.45833333333333337
headgroup,R0C-3456ee929a7bb043ac06,False,0.6865671641791045,0.31343283582089554
headgroup,R0C-345d8f60b0b0a83dd587,False,0.8507462686567164,0.14925373134328357
headgroup,R0C-347e3351f9cbd50bcc6d,False,0.5531914893617021,0.44680851063829785
headgroup,R0C-34aca55c3e9a08084376,False,0.5961538461538461,0.40384615384615385
headgroup,R0C-34b75420667a940e2b5d,False,0.9473684210526315,0.052631578947368474
headgroup,R0C-34d4e66723dc474336cd,False,0.71875,0.28125
headgroup,R0C-34e2d327107f1e89cae0,False,0.8,0.19999999999999996
headgroup,R0C-34ff6fa339a09996d0e4,False,0.5614035087719298,0.4385964912280702
headgroup,R0C-3557500e36546793c9f9,False,0.7169811320754716,0.28301886792452835
headgroup,R0C-358d3c6d4319ec99b756,False,0.717948717948718,0.28205128205128205
headgroup,R0C-3596accb482771d15dca,False,0.5918367346938775,0.40816326530612246
headgroup,R0C-35dfe74930b9db3512be,False,0.8958333333333334,0.10416666666666663
headgroup,R0C-3611670e1fd8eaf9146e,False,0.7846153846153846,0.2153846153846154
headgroup,R0C-363cbda87d798fb8a618,False,0.796875,0.203125
headgroup,R0C-36905239a98ba310c994,False,0.5818181818181818,0.4181818181818182
headgroup,R0C-36c9357af59a3e4eead1,False,0.6582278481012658,0.3417721518987342
headgroup,R0C-3701de88a750b06d6e2e,False,0.864406779661017,0.13559322033898302
headgroup,R0C-373e0eea13df0e18aea0,False,0.4791666666666667,0.5208333333333333
headgroup,R0C-375a65c31ef226a4271d,False,0.8653846153846154,0.13461538461538458
headgroup,R0C-37902a249713625e15ef,True,0.7121212121212122,0.28787878787878785
headgroup,R0C-3794004714bea87d69c2,False,0.8939393939393939,0.10606060606060608
headgroup,R0C-37964e825cf15e053677,False,0.8043478260869565,0.19565217391304346
headgroup,R0C-379a0a977fb52284c5a9,False,0.8928571428571429,0.1071428571428571
headgroup,R0C-381162bff7027fac871d,True,0.8421052631578947,0.1578947368421053
headgroup,R0C-383ea67167982799980d,False,0.75,0.25
headgroup,R0C-3850c1d0ea96355819de,False,0.7441860465116279,0.2558139534883721
headgroup,R0C-3888cbc227492995da12,False,0.4883720930232558,0.5116279069767442
headgroup,R0C-388cce4670dbea846dcf,False,0.9166666666666666,0.08333333333333337
headgroup,R0C-38965cfb5f1457721f50,False,0.7567567567567568,0.2432432432432432
headgroup,R0C-38aa282d5795d59699ba,False,0.9038461538461539,0.09615384615384615
headgroup,R0C-390cf55bd7d96589f724,True,0.7678571428571429,0.2321428571428571
headgroup,R0C-390d51f3af0cddfb3d5f,False,0.84,0.16000000000000003
headgroup,R0C-395c6c20a0e577cab3d7,False,0.532258064516129,0.467741935483871
headgroup,R0C-39b3d762c4ae4882b020,False,0.8412698412698413,0.15873015873015872
headgroup,R0C-39c09e7e91b01fa46ff4,False,0.725,0.275
headgroup,R0C-39d77b0161c50c361a61,False,0.9230769230769231,0.07692307692307687
headgroup,R0C-39d7b58b5d9f13ddf1ba,False,0.7551020408163265,0.24489795918367352
headgroup,R0C-3a14b78d0cb8a617df6c,False,0.3620689655172414,0.6379310344827587
headgroup,R0C-3a86ee1ef77be2fd6ca2,False,0.7236842105263158,0.2763157894736842
headgroup,R0C-3ad297b33f7dd7a72e80,False,0.8666666666666667,0.1333333333333333
headgroup,R0C-3b153b2982f81c6f04c9,False,0.9436619718309859,0.05633802816901412
headgroup,R0C-3bcbfce3b49607346744,False,0.34065934065934067,0.6593406593406593
headgroup,R0C-3bdd0f459deede20354e,False,0.5591397849462365,0.4408602150537635
headgroup,R0C-3bf4e7233a1875e64cf2,False,0.9,0.09999999999999998
headgroup,R0C-3c35a7ef90cd34cc40aa,False,0.7833333333333333,0.21666666666666667
headgroup,R0C-3cae6cf278506d0e7596,False,0.6176470588235294,0.38235294117647056
headgroup,R0C-3ce3d6f66359e1e5cf61,False,0.7794117647058824,0.22058823529411764
headgroup,R0C-3cfd5ed29d77181ecd13,False,0.9482758620689655,0.051724137931034475
headgroup,R0C-3d0200da5b55450c348d,False,0.92,0.07999999999999996
headgroup,R0C-3d0fff41fdf42d86a182,False,0.9032258064516129,0.09677419354838712
headgroup,R0C-3d16e74ae893b3845416,False,0.9019607843137255,0.0980392156862745
headgroup,R0C-3d1aa15970900ef6667f,False,0.6382978723404256,0.36170212765957444
headgroup,R0C-3d306204d1803fe4406d,True,0.85,0.15000000000000002
headgroup,R0C-3d3a9771c9f72f4a092f,False,1.0,0.0
headgroup,R0C-3d6a4eb871eef17590b2,False,0.3968253968253968,0.6031746031746033
headgroup,R0C-3d6b4223a510683ef8e0,False,0.8958333333333334,0.10416666666666663
headgroup,R0C-3de169117ce7a3c5be8f,False,0.9375,0.0625
headgroup,R0C-3de965991b35060e86fa,False,0.6545454545454545,0.34545454545454546
headgroup,R0C-3dec4994cd2d846207c9,False,0.8360655737704918,0.16393442622950816
headgroup,R0C-3e02b3231e6d5430bda1,False,0.8490566037735849,0.15094339622641506
headgroup,R0C-3e248f078e46d3d0ea8a,False,0.7627118644067796,0.23728813559322037
headgroup,R0C-3e6cacdd526e6aa38daf,False,1.0,0.0
headgroup,R0C-3e726d14280707ac2b79,False,0.7627118644067796,0.23728813559322037
headgroup,R0C-3e7d7f2e7f5461d27c59,False,0.6304347826086957,0.3695652173913043
headgroup,R0C-3e90461e8082764088d8,True,0.8269230769230769,0.17307692307692313
headgroup,R0C-3e999991d24b72bc90bc,False,0.9130434782608695,0.08695652173913049
headgroup,R0C-3e9da7d671a0eb501990,False,0.7631578947368421,0.23684210526315785
headgroup,R0C-3ebaa9ddb5d52dba8db1,False,0.7906976744186046,0.2093023255813954
headgroup,R0C-3ef5d74359ddf4dc15cb,True,0.8524590163934426,0.14754098360655743
headgroup,R0C-3f1ada178261bd4d2037,False,0.7741935483870968,0.22580645161290325
headgroup,R0C-3f659415827d775a55ca,False,1.0,0.0
headgroup,R0C-3f6e49991c3a12a03c4f,False,0.851063829787234,0.14893617021276595
headgroup,R0C-3f909b407edda95fb0f6,False,0.851063829787234,0.14893617021276595
headgroup,R0C-3f9b709e251dbfcde3a5,False,1.0,0.0
headgroup,R0C-3f9b91ecc3b74258bdc5,False,0.6774193548387096,0.32258064516129037
headgroup,R0C-3ff68826c51078177c8a,False,0.6346153846153846,0.3653846153846154
headgroup,R0C-402b2b8cf1751ddd5237,True,0.7121212121212122,0.28787878787878785
headgroup,R0C-4031bda6c244ac826fa9,True,0.8448275862068966,0.15517241379310343
headgroup,R0C-4035b4c04e07b25a4f63,False,0.7567567567567568,0.2432432432432432
headgroup,R0C-4066b65dd4fabb2366db,False,1.0,0.0
headgroup,R0C-40776df0b24605a252b4,False,0.9180327868852459,0.08196721311475408
headgroup,R0C-40b6dd51550c7ad5ec47,False,0.6382978723404256,0.36170212765957444
headgroup,R0C-40d66f8433d23b6040fc,False,0.9310344827586207,0.06896551724137934
headgroup,R0C-40edef817fee7c2a4e9c,False,0.47619047619047616,0.5238095238095238
headgroup,R0C-40eedbc91c53a646da71,False,0.9354838709677419,0.06451612903225812
headgroup,R0C-40ff971628fd6d4d8c30,False,0.7435897435897436,0.2564102564102564
headgroup,R0C-4109287013bb4a1954af,False,0.7407407407407407,0.2592592592592593
headgroup,R0C-411c03c91bda160ac249,False,0.4857142857142857,0.5142857142857142
headgroup,R0C-4127ecd9ba14b212f2e2,False,0.8333333333333334,0.16666666666666663
headgroup,R0C-413b3ab273db792a17c9,False,0.8863636363636364,0.11363636363636365
headgroup,R0C-41570bd71000483be769,False,0.9074074074074074,0.09259259259259256
headgroup,R0C-415cb11f707273cd94fe,False,0.88,0.12
headgroup,R0C-41aa24141c2417222a46,True,0.8,0.19999999999999996
headgroup,R0C-41e9bb45f7db8bcde8e6,False,0.7441860465116279,0.2558139534883721
headgroup,R0C-42605b9987475e48916b,False,0.7272727272727273,0.2727272727272727
headgroup,R0C-42605cc37e78710e02a5,False,0.47619047619047616,0.5238095238095238
headgroup,R0C-429849ad9d565bece9ca,False,0.9354838709677419,0.06451612903225812
headgroup,R0C-42ac0c4021c71c8b3a67,False,0.6538461538461539,0.34615384615384615
headgroup,R0C-42d6fca00c0e7aa8c361,False,0.4745762711864407,0.5254237288135593
headgroup,R0C-4336f9efce0830498984,False,0.8571428571428571,0.1428571428571429
headgroup,R0C-438851b23271e0bdce23,False,0.8666666666666667,0.1333333333333333
headgroup,R0C-43dcb91fc814adf3aa22,False,0.41304347826086957,0.5869565217391304
headgroup,R0C-43deac5cffd279ea8d25,False,0.8181818181818182,0.18181818181818177
headgroup,R0C-43fa8559b349f86387d9,False,1.0,0.0
headgroup,R0C-442f1734f3b478c36092,False,0.9148936170212766,0.08510638297872342
headgroup,R0C-4447b1bf44a7a7f9643b,False,0.9433962264150944,0.05660377358490565
headgroup,R0C-4463dcbe10fdf4eaf093,False,0.6491228070175439,0.3508771929824561
headgroup,R0C-4474912d2dc2b1f1e6b9,False,0.84375,0.15625
headgroup,R0C-44867f8c25ef21d295f5,False,0.47619047619047616,0.5238095238095238
headgroup,R0C-44a47148ca53a331acf4,False,1.0,0.0
headgroup,R0C-44bbb377c5ad1cedf0a6,False,0.603448275862069,0.39655172413793105
headgroup,R0C-44c1f97ab85b251f9cdc,True,0.7625,0.23750000000000004
headgroup,R0C-44e1ab1d34152486eb30,False,1.0,0.0
headgroup,R0C-45035a43b983a64b6ae3,True,0.7121212121212122,0.28787878787878785
headgroup,R0C-4506c69c0e414ed31883,False,0.6986301369863014,0.3013698630136986
headgroup,R0C-4521e4925cd608863904,False,0.8363636363636363,0.1636363636363637
headgroup,R0C-45337c90d97e6d947f93,False,0.6911764705882353,0.3088235294117647
headgroup,R0C-45426c3e35bd7f9a9c1e,False,0.6346153846153846,0.3653846153846154
headgroup,R0C-455054af719fca096d7c,False,0.9206349206349206,0.07936507936507942
headgroup,R0C-455e15f9136328e7a749,False,0.9393939393939394,0.06060606060606055
headgroup,R0C-45e7fa7d6020ea7877e7,False,0.5882352941176471,0.4117647058823529
headgroup,R0C-45ece11048f2bf7a55c4,False,0.582089552238806,0.417910447761194
headgroup,R0C-4652808213a031e40f9e,False,0.6142857142857143,0.3857142857142857
headgroup,R0C-466318f588306004ecf3,False,0.8,0.19999999999999996
headgroup,R0C-4681731d3a91429c92ce,False,0.5344827586206896,0.4655172413793104
headgroup,R0C-46cc7d5e4fdff3989fdb,False,0.8775510204081632,0.12244897959183676
headgroup,R0C-46d243a760f553338625,False,0.8490566037735849,0.15094339622641506
headgroup,R0C-46e5b52e71eb1d66921e,False,0.6885245901639344,0.3114754098360656
headgroup,R0C-47261fd92aa7c274a535,False,0.9666666666666667,0.033333333333333326
headgroup,R0C-475050537f143cdc1d12,False,0.71875,0.28125
headgroup,R0C-4758c4f773b41431c2ee,False,0.96875,0.03125
headgroup,R0C-477cd55be1ab3796560a,False,0.8524590163934426,0.14754098360655743
headgroup,R0C-4780171895e8e2f03f23,False,0.5576923076923077,0.4423076923076923
headgroup,R0C-47873541db2ac0e111c1,False,0.7236842105263158,0.2763157894736842
headgroup,R0C-479047d162b25b26d77b,False,1.0,0.0
headgroup,R0C-47c3b377dca6b32268b8,False,0.819672131147541,0.180327868852459
headgroup,R0C-47cbe01f4314e9190e23,False,0.775,0.22499999999999998
headgroup,R0C-481f5b63e2d871b36ec0,True,0.7466666666666667,0.2533333333333333
headgroup,R0C-4820a1871c153ecde414,False,0.6176470588235294,0.38235294117647056
headgroup,R0C-484df2710c95b0d29c91,True,0.796875,0.203125
headgroup,R0C-48532c1627d18e00bd55,False,0.8947368421052632,0.10526315789473684
headgroup,R0C-486ce109af9fd0a17bc3,False,0.8611111111111112,0.13888888888888884
headgroup,R0C-48748e853bc8fc30b172,False,0.8260869565217391,0.17391304347826086
headgroup,R0C-489b14968336037bb86a,False,0.8076923076923077,0.1923076923076923
headgroup,R0C-48d87f331b8562db371d,False,0.9,0.09999999999999998
headgroup,R0C-48f679dc38fc843daddb,False,0.7741935483870968,0.22580645161290325
headgroup,R0C-48fa6ce3042b0fb03e9e,False,0.9344262295081968,0.06557377049180324
headgroup,R0C-49315eaae97d893d9f40,False,0.9459459459459459,0.05405405405405406
headgroup,R0C-493d674fb2ce55f21f4a,False,0.8666666666666667,0.1333333333333333
headgroup,R0C-49a7c025fb9c48b806b7,False,0.8055555555555556,0.19444444444444442
headgroup,R0C-49d045ccf4444eaa4e27,False,0.8163265306122449,0.18367346938775508
headgroup,R0C-49f7883aa7f76c54f9e5,False,0.40350877192982454,0.5964912280701755
headgroup,R0C-4a153facc65d59eda067,False,0.725,0.275
headgroup,R0C-4a3501da21a744ee59b1,False,0.6375,0.36250000000000004
headgroup,R0C-4a35bf4ee3a1cf65ef19,False,0.8958333333333334,0.10416666666666663
headgroup,R0C-4a47546b0a259962e9bf,False,0.717948717948718,0.28205128205128205
headgroup,R0C-4a54151aec23c14a7acc,False,0.7076923076923077,0.29230769230769227
headgroup,R0C-4a6e621c38d67e230172,False,0.9107142857142857,0.0892857142857143
headgroup,R0C-4a70a71ebcf7cc14a802,False,0.603448275862069,0.39655172413793105
headgroup,R0C-4a912a5977ccf8ab031f,False,0.8157894736842105,0.1842105263157895
headgroup,R0C-4ac55d6e975df2f935c2,False,0.8529411764705882,0.1470588235294118
headgroup,R0C-4aeb0db859530a1ae2a9,False,0.7307692307692307,0.2692307692307693
headgroup,R0C-4afdcceeb37f5ad793b2,False,1.0,0.0
headgroup,R0C-4b0086097cb062f1134a,False,0.8627450980392157,0.13725490196078427
headgroup,R0C-4b4afe7242ef57fb0bc7,False,0.9428571428571428,0.05714285714285716
headgroup,R0C-4b4cb702c4b2adcbcc8d,False,0.9629629629629629,0.03703703703703709
headgroup,R0C-4b5de61f3843f974a85c,False,0.8679245283018868,0.13207547169811318
headgroup,R0C-4b80ffd72b47f18f62bf,False,0.42857142857142855,0.5714285714285714
headgroup,R0C-4b909ff84fa3c7107388,False,0.7567567567567568,0.2432432432432432
headgroup,R0C-4ba32adeccb4bb1d419d,False,0.6301369863013698,0.36986301369863017
headgroup,R0C-4bab34b6293e4c8cf3f4,False,0.875,0.125
headgroup,R0C-4bac82c486e978f8e141,False,0.6071428571428571,0.3928571428571429
headgroup,R0C-4bb5281c12844e9a31ed,False,0.46,0.54
headgroup,R0C-4bb64f027d7857a6935e,False,0.9180327868852459,0.08196721311475408
headgroup,R0C-4bb6d2b13d0128dcdad8,False,0.7285714285714285,0.27142857142857146
headgroup,R0C-4c4c6f347edc100fb694,False,0.8333333333333334,0.16666666666666663
headgroup,R0C-4c6c3c7c45140e88f0fe,True,0.7678571428571429,0.2321428571428571
headgroup,R0C-4ca63b5a8ce860027a05,False,0.484375,0.515625
headgroup,R0C-4cb214970bf3cdd015cb,False,0.18947368421052632,0.8105263157894737
headgroup,R0C-4d2f50bd756204246f80,True,0.85,0.15000000000000002
headgroup,R0C-4d353b5b0515a71b9061,False,0.5918367346938775,0.40816326530612246
headgroup,R0C-4d5d51ff6394a76134ce,True,0.7678571428571429,0.2321428571428571
headgroup,R0C-4d6ebeff4138c282d751,False,0.6666666666666666,0.33333333333333337
headgroup,R0C-4d8088a43e3612127b0f,False,0.7105263157894737,0.2894736842105263
headgroup,R0C-4d9ca2cb8c174e744efc,False,0.5686274509803921,0.43137254901960786
headgroup,R0C-4db23fa4859c35eb65cf,False,0.6904761904761905,0.30952380952380953
headgroup,R0C-4db4628b60794c92580c,False,0.725,0.275
headgroup,R0C-4db63d2342107b2c54fa,False,0.5882352941176471,0.4117647058823529
headgroup,R0C-4db7da5214611717005d,False,0.6911764705882353,0.3088235294117647
headgroup,R0C-4dcb523a5489acc761db,False,0.8620689655172413,0.13793103448275867
headgroup,R0C-4dfb885446223b1ce945,False,0.9130434782608695,0.08695652173913049
headgroup,R0C-4e079e87f95fd755fa72,False,0.813953488372093,0.18604651162790697
headgroup,R0C-4e6536c27e2f9df784f4,False,0.425,0.575
headgroup,R0C-4e7251f56f0e4a2a5c36,False,0.391304347826087,0.6086956521739131
headgroup,R0C-4e8c2c0162d193e1645f,False,0.359375,0.640625
headgroup,R0C-4e95d96065001b73f9a3,True,0.85,0.15000000000000002
headgroup,R0C-4eb167d66d314c3bad93,False,0.5614035087719298,0.4385964912280702
headgroup,R0C-4ec8d7eae255bded33f7,False,0.47619047619047616,0.5238095238095238
headgroup,R0C-4ed228bbdaa32447de3d,False,0.8923076923076924,0.10769230769230764
headgroup,R0C-4ee873b96edd81a9e0d2,False,0.821917808219178,0.17808219178082196
headgroup,R0C-4eea2a320f13f0da4287,False,0.7704918032786885,0.2295081967213115
headgroup,R0C-4efa467c9715c7b2e378,False,0.5294117647058824,0.47058823529411764
headgroup,R0C-4f174202ad247501e263,False,0.8421052631578947,0.1578947368421053
headgroup,R0C-4f273bda2e676a0e6587,False,0.8363636363636363,0.1636363636363637
headgroup,R0C-4f35a91c43d6f5236bcc,False,0.4444444444444444,0.5555555555555556
headgroup,R0C-4f657ad7068f6ffe5030,False,0.8840579710144928,0.1159420289855072
headgroup,R0C-4faa82cef1e844475123,False,0.75,0.25
headgroup,R0C-4fbf7ae98baa011c352d,False,0.45098039215686275,0.5490196078431373
headgroup,R0C-4fcb2bb442bb8d9dc17e,False,0.8245614035087719,0.17543859649122806
headgroup,R0C-4fe391e522ff222d8983,False,1.0,0.0
headgroup,R0C-4fe7e03ebcc1ee392479,True,0.7466666666666667,0.2533333333333333
headgroup,R0C-5057dff2fcd65954abb1,False,0.6904761904761905,0.30952380952380953
headgroup,R0C-50817185b4adaa25b0b2,False,0.7,0.30000000000000004
headgroup,R0C-50881f7e4ff90326e45d,False,0.5833333333333334,0.41666666666666663
headgroup,R0C-50989534f19fc39a3c5e,False,0.8333333333333334,0.16666666666666663
headgroup,R0C-50f8df1ea004e517c6fb,False,0.43283582089552236,0.5671641791044777
headgroup,R0C-50fe7ef2073fb4e241c8,False,0.8478260869565217,0.15217391304347827
headgroup,R0C-51451eb823f53902aa15,False,0.6419753086419753,0.3580246913580247
headgroup,R0C-517a3b71edb6922ccd8a,False,0.8529411764705882,0.1470588235294118
headgroup,R0C-5203337e95761dd5f635,False,0.6911764705882353,0.3088235294117647
headgroup,R0C-5210af94a513113ca963,False,0.609375,0.390625
headgroup,R0C-525b5b4abe4ca52826f4,False,0.88,0.12
headgroup,R0C-5295dd1ac6881590f1ca,False,0.7073170731707317,0.29268292682926833
headgroup,R0C-52ac3714d69e8ba9f143,False,0.6545454545454545,0.34545454545454546
headgroup,R0C-52be03d307a7b0a857dd,False,0.8936170212765957,0.1063829787234043
headgroup,R0C-52c93e842b2fcf3dfd7a,True,0.7323943661971831,0.2676056338028169
headgroup,R0C-52e0c7ab4bdbccc39055,False,0.8421052631578947,0.1578947368421053
headgroup,R0C-531a0557fea81dfbee7a,False,0.9148936170212766,0.08510638297872342
headgroup,R0C-5321bd30c2e67fa61df7,False,1.0,0.0
headgroup,R0C-5373481218b6aa175482,False,0.8490566037735849,0.15094339622641506
headgroup,R0C-53c9ce29658f0f7ad26a,False,0.717948717948718,0.28205128205128205
headgroup,R0C-53dee735bf2fd52bb5f6,False,0.4714285714285714,0.5285714285714286
headgroup,R0C-53f34df3cdeb4c94ef8b,False,0.6133333333333333,0.3866666666666667
headgroup,R0C-53f67411bea431b6ce84,False,0.8775510204081632,0.12244897959183676
headgroup,R0C-53f920274e1f853a1163,False,0.8421052631578947,0.1578947368421053
headgroup,R0C-5426a97b4c618923d1fc,False,0.717391304347826,0.28260869565217395
headgroup,R0C-542ae4c765c0f2f4a7a5,False,0.8448275862068966,0.15517241379310343
headgroup,R0C-543c20554f7aa861d701,False,0.725,0.275
headgroup,R0C-5441a2927c414eb1aefe,False,0.9183673469387755,0.08163265306122447
headgroup,R0C-546f03b8795bda136d58,False,0.71875,0.28125
headgroup,R0C-5479262b0e884c64c8f7,False,0.9090909090909091,0.09090909090909094
headgroup,R0C-549dde4e2baa1284ac95,False,0.851063829787234,0.14893617021276595
headgroup,R0C-553546aef3a0574dffa9,False,0.8292682926829268,0.1707317073170732
headgroup,R0C-5540ef1ecf1118bcb0ef,False,0.9428571428571428,0.05714285714285716
headgroup,R0C-555fe93ab6a73baec74b,False,0.8787878787878788,0.12121212121212122
headgroup,R0C-558e85bf0ca0b2de7067,True,0.8392857142857143,0.1607142857142857
headgroup,R0C-55b43910caef5d59b514,False,0.7910447761194029,0.20895522388059706
headgroup,R0C-55f2f6d6c49c786f6c2c,False,0.9661016949152542,0.03389830508474578
headgroup,R0C-55fa51a3c7c647a42091,True,0.796875,0.203125
headgroup,R0C-55fab4dbbaa128a87c57,False,0.95,0.050000000000000044
headgroup,R0C-5630ee74792db41422ff,False,1.0,0.0
headgroup,R0C-56bf2111f357022e600a,False,0.9148936170212766,0.08510638297872342
headgroup,R0C-571ad7275daf29810785,False,0.41304347826086957,0.5869565217391304
headgroup,R0C-572bb8c7a6dd4b591eb9,False,0.8363636363636363,0.1636363636363637
headgroup,R0C-577fc93dbd4ae9b574ef,False,0.8666666666666667,0.1333333333333333
headgroup,R0C-57899aa2975b81805ab2,False,0.6582278481012658,0.3417721518987342
headgroup,R0C-57c53aed52d3638c4fc9,False,0.8076923076923077,0.1923076923076923
headgroup,R0C-57d9127a66b3f1361592,False,0.8412698412698413,0.15873015873015872
headgroup,R0C-582c12351b690479587c,False,0.6060606060606061,0.3939393939393939
headgroup,R0C-583796f3a195ae1e2ed0,False,0.921875,0.078125
headgroup,R0C-583df248cdadef6dab06,False,0.9019607843137255,0.0980392156862745
headgroup,R0C-584403ab1af116737e52,True,0.7678571428571429,0.2321428571428571
headgroup,R0C-58820db0780d2b815832,False,0.8490566037735849,0.15094339622641506
headgroup,R0C-588ef626857071702728,False,0.725,0.275
headgroup,R0C-58a7b46b057459f9ae25,False,0.6885245901639344,0.3114754098360656
headgroup,R0C-58acaf7a34ba73b7e812,True,0.7678571428571429,0.2321428571428571
headgroup,R0C-58c72d1c7f477de31ae6,False,0.9333333333333333,0.06666666666666665
headgroup,R0C-58f876952a333abd0dc6,True,0.7678571428571429,0.2321428571428571
headgroup,R0C-590d10eeac3582fea0dd,False,0.6666666666666666,0.33333333333333337
headgroup,R0C-5959d361097013de4f61,False,0.8409090909090909,0.15909090909090906
headgroup,R0C-5960382d813d272d19ca,True,0.7432432432432432,0.2567567567567568
headgroup,R0C-59829ff9bfb7156c59de,False,0.7627118644067796,0.23728813559322037
headgroup,R0C-59d102168cb4dce5b791,False,0.5531914893617021,0.44680851063829785
headgroup,R0C-5a607997245ba8730051,False,0.76,0.24
headgroup,R0C-5a69fe4fa0a28d7c8854,False,0.864406779661017,0.13559322033898302
headgroup,R0C-5ab86a700b1d1e02ca08,False,0.7627118644067796,0.23728813559322037
headgroup,R0C-5af4c87d7a687bae0b5e,False,0.8115942028985508,0.18840579710144922
headgroup,R0C-5b097a29f5a0de6c8589,False,0.9074074074074074,0.09259259259259256
headgroup,R0C-5b2f3d127d06fa05bab8,False,0.8363636363636363,0.1636363636363637
headgroup,R0C-5b52f9146f7e6d5b57cc,True,0.803030303030303,0.19696969696969702
headgroup,R0C-5ba2b615b4a103de9537,False,0.6382978723404256,0.36170212765957444
headgroup,R0C-5bb135b8d79308f86414,False,0.7872340425531915,0.21276595744680848
headgroup,R0C-5bb38d7e20f8b2825315,False,0.8181818181818182,0.18181818181818177
headgroup,R0C-5bc4a93ec0562154bc84,False,0.35135135135135137,0.6486486486486487
headgroup,R0C-5c1b70fc6d42fc67274d,False,0.8958333333333334,0.10416666666666663
headgroup,R0C-5c7ec9d90d9cb7eb6587,False,0.3968253968253968,0.6031746031746033
headgroup,R0C-5c8116505c927e4fdb09,False,0.7741935483870968,0.22580645161290325
headgroup,R0C-5c83602baeb21ab837d6,False,0.8666666666666667,0.1333333333333333
headgroup,R0C-5c990b025b99e8f529f1,False,0.4339622641509434,0.5660377358490566
headgroup,R0C-5cb3441f0d2c653dd702,False,0.7083333333333334,0.29166666666666663
headgroup,R0C-5ce7c0f5e1ef560ac615,False,0.8260869565217391,0.17391304347826086
headgroup,R0C-5cecdb9aea77cb453423,False,0.8448275862068966,0.15517241379310343
headgroup,R0C-5cf29b0dc9818fe12c85,False,0.8125,0.1875
headgroup,R0C-5d0ed6e1ccc6789a5d6d,False,0.3770491803278688,0.6229508196721312
headgroup,R0C-5d437723f48fa6b33c55,False,0.5416666666666666,0.45833333333333337
headgroup,R0C-5d61888146559fdacbc6,False,1.0,0.0
headgroup,R0C-5d7aa710a30a20230c50,False,0.9019607843137255,0.0980392156862745
headgroup,R0C-5da87bf4fa96199b9657,False,0.5714285714285714,0.4285714285714286
headgroup,R0C-5de18a01595714812c2d,False,0.8490566037735849,0.15094339622641506
headgroup,R0C-5def71eabcf9c2cfe22e,False,0.8775510204081632,0.12244897959183676
headgroup,R0C-5e07d2c58b4dd14ca91c,False,0.9166666666666666,0.08333333333333337
headgroup,R0C-5e2eb0925b495629cd10,False,0.7857142857142857,0.2142857142857143
headgroup,R0C-5e5d671e7b512970ccae,False,0.46987951807228917,0.5301204819277108
headgroup,R0C-5e6e2a5607619902e005,True,0.7678571428571429,0.2321428571428571
headgroup,R0C-5e926036917eb2417ce7,False,0.673469387755102,0.326530612244898
headgroup,R0C-5e95ccd2a3257a2fedac,False,0.5652173913043478,0.4347826086956522
headgroup,R0C-5e98db0cea4dec42f8d9,False,0.9333333333333333,0.06666666666666665
headgroup,R0C-5eb36ad30de08edcf84f,False,0.9230769230769231,0.07692307692307687
headgroup,R0C-5eb51073e194a8e29539,False,0.30303030303030304,0.696969696969697
headgroup,R0C-5ecde764a4fa4c2a43bb,False,0.40350877192982454,0.5964912280701755
headgroup,R0C-5ed12d9f6dea94828224,False,0.8392857142857143,0.1607142857142857
headgroup,R0C-5ed73ac2f1ae7bc0ee23,False,0.9056603773584906,0.09433962264150941
headgroup,R0C-5ef4535ed296ece430ee,False,0.7567567567567568,0.2432432432432432
headgroup,R0C-5f0b8fa64b6c5294847a,False,0.9253731343283582,0.07462686567164178
headgroup,R0C-5f1638ed959b941b9166,False,0.9302325581395349,0.06976744186046513
headgroup,R0C-5f2b8c66be0b9d943135,False,0.8985507246376812,0.10144927536231885
headgroup,R0C-5f3815ef0f7ef4f1f977,False,0.7105263157894737,0.2894736842105263
headgroup,R0C-5f3a34052a77dbcd7c23,False,0.4090909090909091,0.5909090909090908
headgroup,R0C-5f90387a52769ba35fe1,False,0.8775510204081632,0.12244897959183676
headgroup,R0C-5f99042c5539bfc61754,False,0.8548387096774194,0.14516129032258063
headgroup,R0C-5fb1bfeca9e9e07c7d8b,False,0.6142857142857143,0.3857142857142857
headgroup,R0C-5fcbce5c4773240614dd,False,0.7368421052631579,0.26315789473684215
headgroup,R0C-5fd03950dab5c60732d7,False,0.8979591836734694,0.10204081632653061
headgroup,R0C-5fe9de1be1f687516ee7,False,0.78125,0.21875
headgroup,R0C-5fed3c06d2b50e2477a6,False,0.9310344827586207,0.06896551724137934
headgroup,R0C-602b880cc139eb099fbd,False,0.8163265306122449,0.18367346938775508
headgroup,R0C-6054961d68afed9bdf78,False,0.391304347826087,0.6086956521739131
headgroup,R0C-608a2ccdfb0c69556017,False,0.6666666666666666,0.33333333333333337
headgroup,R0C-60a2e4e8697f11415f14,False,0.75,0.25
headgroup,R0C-60afbbdd32bc4b95ecbf,False,0.7567567567567568,0.2432432432432432
headgroup,R0C-60c29652d7d9b86aa362,False,0.4032258064516129,0.5967741935483871
headgroup,R0C-60d06a4c800d3588a3e9,True,0.7285714285714285,0.27142857142857146
headgroup,R0C-60e127e427c2c31cf798,False,0.8333333333333334,0.16666666666666663
headgroup,R0C-60e63a4eef3ea658309d,False,0.5882352941176471,0.4117647058823529
headgroup,R0C-60fa370c2d9e5429db3a,False,0.8775510204081632,0.12244897959183676
headgroup,R0C-6189506a9ec175e2cb92,False,0.7857142857142857,0.2142857142857143
headgroup,R0C-619e7f623b860104be57,False,0.5227272727272727,0.4772727272727273
headgroup,R0C-61d3cfe67d497c7655bc,False,0.58,0.42000000000000004
headgroup,R0C-61f8248b79bde9a5bb40,False,0.8043478260869565,0.19565217391304346
headgroup,R0C-620eedabecc8741a8ae1,False,0.5882352941176471,0.4117647058823529
headgroup,R0C-62134d68701b39be814c,False,1.0,0.0
headgroup,R0C-62148569e61a72fbc555,False,0.6176470588235294,0.38235294117647056
headgroup,R0C-624a699696758680e4e4,False,0.42857142857142855,0.5714285714285714
headgroup,R0C-624f087b0c1603a5a6e1,False,0.8490566037735849,0.15094339622641506
headgroup,R0C-626ca93a5704c48198d2,False,0.6829268292682927,0.31707317073170727
headgroup,R0C-62833937c63303ce2205,False,0.43283582089552236,0.5671641791044777
headgroup,R0C-62906e4e5bfd4edbf46e,False,0.8958333333333334,0.10416666666666663
headgroup,R0C-62e0a8cdd77e1911b3ad,False,0.35106382978723405,0.648936170212766
headgroup,R0C-62f5a294c91b60f9a2f7,False,0.7236842105263158,0.2763157894736842
headgroup,R0C-6304aa795468b3a04c9a,False,0.717948717948718,0.28205128205128205
headgroup,R0C-637b804984266365b6cb,False,0.6206896551724138,0.3793103448275862
headgroup,R0C-638c586db5d5854ec420,False,0.8928571428571429,0.1071428571428571
headgroup,R0C-6397fcd1e6008517169e,False,0.8297872340425532,0.17021276595744683
headgroup,R0C-63a12c84f33ed783b883,False,0.8115942028985508,0.18840579710144922
headgroup,R0C-63b4dacbc98449291687,True,0.8269230769230769,0.17307692307692313
headgroup,R0C-63bac6dedafcfe23938b,False,0.6865671641791045,0.31343283582089554
headgroup,R0C-63bd1c56c81b0ad19406,False,0.5531914893617021,0.44680851063829785
headgroup,R0C-63c582221540263f72e9,False,0.8269230769230769,0.17307692307692313
headgroup,R0C-63e0d319e73848957bd2,False,0.5740740740740741,0.42592592592592593
headgroup,R0C-64017228aa64949b8cf9,False,0.8484848484848485,0.1515151515151515
headgroup,R0C-6423772550f8674aa95d,False,0.8666666666666667,0.1333333333333333
headgroup,R0C-642760605c0a0f1c7257,False,0.803030303030303,0.19696969696969702
headgroup,R0C-643078a36d573b154c54,False,0.6538461538461539,0.34615384615384615
headgroup,R0C-649b7289f0bec2ab572d,False,0.6865671641791045,0.31343283582089554
headgroup,R0C-64e22544c99b846e7b42,False,0.8936170212765957,0.1063829787234043
headgroup,R0C-6501f1426b337ea09cde,False,0.38596491228070173,0.6140350877192983
headgroup,R0C-65345465dc6a524eb2b7,True,0.7432432432432432,0.2567567567567568
headgroup,R0C-654956c95579141356dd,False,0.9428571428571428,0.05714285714285716
headgroup,R0C-6552b72f0fbbbe87ab41,False,0.7454545454545455,0.2545454545454545
headgroup,R0C-657fd09ccf4ac6096af4,True,0.7121212121212122,0.28787878787878785
headgroup,R0C-659e397728f59e904477,False,0.8085106382978723,0.19148936170212771
headgroup,R0C-65bf41ee319db82474dd,False,0.9,0.09999999999999998
headgroup,R0C-660f844fb92164ebc483,True,0.796875,0.203125
headgroup,R0C-66162b8f164289c64289,False,0.725,0.275
headgroup,R0C-6617e3c2178a53b05974,False,0.6307692307692307,0.36923076923076925
headgroup,R0C-661d1c0d4f43fbd82538,False,0.5670103092783505,0.4329896907216495
headgroup,R0C-661f87160d0e5e5e3731,False,0.8431372549019608,0.1568627450980392
headgroup,R0C-6654ae366af0874c09e1,False,0.7435897435897436,0.2564102564102564
headgroup,R0C-665ba8f0b166bf8ab4f2,False,0.42592592592592593,0.5740740740740741
headgroup,R0C-667765e8dd2276451cc6,False,0.6363636363636364,0.36363636363636365
headgroup,R0C-66832f26d44cd7fffeaf,False,0.9038461538461539,0.09615384615384615
headgroup,R0C-669e7f8acb5095ac4db9,False,0.6865671641791045,0.31343283582089554
headgroup,R0C-66ad9af8978453850a8d,False,0.6265060240963856,0.37349397590361444
headgroup,R0C-66d2d3484f6efc319809,False,0.8571428571428571,0.1428571428571429
headgroup,R0C-66e75ad0770b3801afc8,False,0.5882352941176471,0.4117647058823529
headgroup,R0C-6709efacae217164497d,False,0.9122807017543859,0.08771929824561409
headgroup,R0C-67221f09c9b8d4f5f92e,False,0.9230769230769231,0.07692307692307687
headgroup,R0C-67636eabd3920348a9da,False,0.6551724137931034,0.3448275862068966
headgroup,R0C-6771d49d761621063b75,False,0.3230769230769231,0.676923076923077
headgroup,R0C-6790483197799522d87e,False,0.6153846153846154,0.3846153846153846
headgroup,R0C-67ab58c287a6fe0f075e,False,0.704225352112676,0.295774647887324
headgroup,R0C-67da611767e8c6f893c6,False,0.9795918367346939,0.020408163265306145
headgroup,R0C-67f5e65964e9971f078a,False,0.8947368421052632,0.10526315789473684
headgroup,R0C-6810045fd5469b053734,False,0.72,0.28
headgroup,R0C-6822a5c32b78c835af6a,False,1.0,0.0
headgroup,R0C-6825fe7711e2ace3a64a,False,0.7105263157894737,0.2894736842105263
headgroup,R0C-6826f7681c2bf9480b54,True,0.796875,0.203125
headgroup,R0C-6836821edbfabca7f979,False,0.7321428571428571,0.2678571428571429
headgroup,R0C-684c14c34a91f1f3c83f,False,0.782608695652174,0.21739130434782605
headgroup,R0C-687271eb6ad1ccccdc03,False,0.7941176470588235,0.20588235294117652
headgroup,R0C-68990dff935ebe1fcbc4,False,0.725,0.275
headgroup,R0C-689f41054d1e177720c2,False,0.725,0.275
headgroup,R0C-68b96b0566938cdce7fa,False,0.6811594202898551,0.3188405797101449
headgroup,R0C-68cc7f9cdef211fd025c,False,0.4791666666666667,0.5208333333333333
headgroup,R0C-68d7fce6b5f7d001d251,False,0.8490566037735849,0.15094339622641506
headgroup,R0C-690fe428c4d1f31220c1,False,0.8431372549019608,0.1568627450980392
headgroup,R0C-69290498a08e058608b0,True,0.8269230769230769,0.17307692307692313
headgroup,R0C-69b91160f957c6b66ea0,False,0.7966101694915254,0.2033898305084746
headgroup,R0C-69c78797b60e698cca02,False,0.9272727272727272,0.07272727272727275
headgroup,R0C-69d26ed347ecf6bc5eb0,False,0.5517241379310345,0.4482758620689655
headgroup,R0C-6a0f15bd36665861b3eb,False,0.6666666666666666,0.33333333333333337
headgroup,R0C-6a3ba70f9fa370cd94dd,False,0.3055555555555556,0.6944444444444444
headgroup,R0C-6a4103ec2a88534c3e8b,False,0.4915254237288136,0.5084745762711864
headgroup,R0C-6a41a3b5c9917e218203,False,0.6097560975609756,0.3902439024390244
headgroup,R0C-6a63477ea09233c4ce8b,False,0.8490566037735849,0.15094339622641506
headgroup,R0C-6a6ef086c047b21cd55d,False,0.8461538461538461,0.15384615384615385
headgroup,R0C-6a700fe99877ecb7d105,False,0.26153846153846155,0.7384615384615385
headgroup,R0C-6a71221e83c0676999ed,False,0.864406779661017,0.13559322033898302
headgroup,R0C-6a9acadbbd7ae2ca9e68,True,0.8269230769230769,0.17307692307692313
headgroup,R0C-6ab81a886b9b3f2b5911,False,0.7678571428571429,0.2321428571428571
headgroup,R0C-6ad8f0e4aba276e9aaa3,False,0.7083333333333334,0.29166666666666663
headgroup,R0C-6ae7a71d1015053cc57c,False,0.43478260869565216,0.5652173913043479
headgroup,R0C-6ae86fb2cb84afcebd5c,False,0.8292682926829268,0.1707317073170732
headgroup,R0C-6afde3844aa52be69193,False,0.75,0.25
headgroup,R0C-6affebe0190deb055b17,False,0.775,0.22499999999999998
headgroup,R0C-6b2be585e33353ce1e0d,False,0.7631578947368421,0.23684210526315785
headgroup,R0C-6b2f252a7c2530c71aea,False,0.88,0.12
headgroup,R0C-6b2fa1fb548161caecae,False,0.7741935483870968,0.22580645161290325
headgroup,R0C-6b463ba6a0ba2403da21,False,0.84,0.16000000000000003
headgroup,R0C-6b8296d643b76390bb5b,False,0.8936170212765957,0.1063829787234043
headgroup,R0C-6b892789fd034c10390a,False,0.3793103448275862,0.6206896551724138
headgroup,R0C-6b939a6ef985eab54580,False,0.725,0.275
headgroup,R0C-6b9927b3a31b90b94a08,False,0.6071428571428571,0.3928571428571429
headgroup,R0C-6b9fc682a5b564e726e8,False,0.7619047619047619,0.23809523809523814
headgroup,R0C-6bd84ae99418b2bf7ed6,False,0.6551724137931034,0.3448275862068966
headgroup,R0C-6beb43e59acb15d99d4b,False,0.84375,0.15625
headgroup,R0C-6bf757da44e76d8a16f2,False,0.611764705882353,0.388235294117647
headgroup,R0C-6c185b4b5dd2642874cf,True,0.8269230769230769,0.17307692307692313
headgroup,R0C-6c3448e7e73216ce5ae3,False,0.8928571428571429,0.1071428571428571
headgroup,R0C-6c3dba0e4d2d6f1e28e5,False,0.7236842105263158,0.2763157894736842
headgroup,R0C-6c75c431e9d22e42c1cd,True,0.8524590163934426,0.14754098360655743
headgroup,R0C-6c99139ec418bd42e41f,False,0.6865671641791045,0.31343283582089554
headgroup,R0C-6cc7db98b7011e142323,False,0.8490566037735849,0.15094339622641506
headgroup,R0C-6cdda44b577f499d4c2f,False,0.8484848484848485,0.1515151515151515
headgroup,R0C-6d0d8b33f20a4276688f,False,0.5645161290322581,0.4354838709677419
headgroup,R0C-6d16ab3353ac90229658,False,0.78125,0.21875
headgroup,R0C-6d2c02dbdaff81b9ec39,False,0.8867924528301887,0.1132075471698113
headgroup,R0C-6d6243de3df0e7472a71,True,0.7361111111111112,0.26388888888888884
headgroup,R0C-6d7c5a62722aa26d8b8f,False,0.9272727272727272,0.07272727272727275
headgroup,R0C-6dac2b03581e06301186,False,0.8870967741935484,0.11290322580645162
headgroup,R0C-6dba0d1116a9bd0d25ff,True,0.7432432432432432,0.2567567567567568
headgroup,R0C-6dca23d39147baed0577,False,0.43859649122807015,0.5614035087719298
headgroup,R0C-6dddcee608d25175793a,False,0.323943661971831,0.676056338028169
headgroup,R0C-6e2a72a5580df92c1b0e,False,0.6375,0.36250000000000004
headgroup,R0C-6e40e6a3e44168f349eb,False,0.7076923076923077,0.29230769230769227
headgroup,R0C-6e5f27a583eebfd10af3,False,0.38636363636363635,0.6136363636363636
headgroup,R0C-6e669f757a49f0be4711,False,0.603448275862069,0.39655172413793105
headgroup,R0C-6e8ba50401ea87946e6a,False,0.8958333333333334,0.10416666666666663
headgroup,R0C-6e9013b7f9e3e750194a,False,0.9285714285714286,0.0714285714285714
headgroup,R0C-6ed105b3a37dd3f9a5d4,False,0.8260869565217391,0.17391304347826086
headgroup,R0C-6eed2e578f0a78ff21d7,False,0.45161290322580644,0.5483870967741935
headgroup,R0C-6f145f53a96eb6b901f2,True,0.8448275862068966,0.15517241379310343
headgroup,R0C-6f19f7bff5978dc485f3,False,0.4339622641509434,0.5660377358490566
headgroup,R0C-6f1f351654c8ea34b090,True,0.7903225806451613,0.20967741935483875
headgroup,R0C-6f221a0e60ba6b362549,False,0.6229508196721312,0.3770491803278688
headgroup,R0C-6f3b75de4be47afe171a,False,0.9166666666666666,0.08333333333333337
headgroup,R0C-6f865561a8eae5cd0a88,False,0.9152542372881356,0.0847457627118644
headgroup,R0C-6fd4823ac17b1115e573,False,0.9130434782608695,0.08695652173913049
headgroup,R0C-7067b3cb377cf01f93a7,False,0.6901408450704225,0.3098591549295775
headgroup,R0C-708d646b9ffea167103c,False,0.5416666666666666,0.45833333333333337
headgroup,R0C-70a0705752da45766a0c,False,0.8490566037735849,0.15094339622641506
headgroup,R0C-70d4ecac083974a59fe4,False,0.8695652173913043,0.13043478260869568
headgroup,R0C-70fde0e29bed011fb2c1,False,0.8507462686567164,0.14925373134328357
headgroup,R0C-71386740bbe8fbb4a262,True,0.7361111111111112,0.26388888888888884
headgroup,R0C-713b6ce944cb38502e86,False,0.8269230769230769,0.17307692307692313
headgroup,R0C-7148fa1464215ff2ab6c,False,0.8260869565217391,0.17391304347826086
headgroup,R0C-714c86f98630cdd2fc67,False,1.0,0.0
headgroup,R0C-714dbaa2256dc548074a,False,0.7678571428571429,0.2321428571428571
headgroup,R0C-719363273d2347562960,False,0.9166666666666666,0.08333333333333337
headgroup,R0C-719fb9197942b25f852c,False,0.5666666666666667,0.43333333333333335
headgroup,R0C-71a429a8bf5b138134a0,False,0.5102040816326531,0.4897959183673469
headgroup,R0C-71b7700d112b0289af46,False,0.8958333333333334,0.10416666666666663
headgroup,R0C-71c8d50c4fc1f9bf5f6b,False,0.532258064516129,0.467741935483871
headgroup,R0C-71c94125bae520171913,False,0.8363636363636363,0.1636363636363637
headgroup,R0C-71dbb4d8d80cbc706c45,False,0.78125,0.21875
headgroup,R0C-71e8dda1a7f0eed42d17,False,0.4857142857142857,0.5142857142857142
headgroup,R0C-71f15cdbc34131178fe8,False,0.7073170731707317,0.29268292682926833
headgroup,R0C-720cfbdc051fc72e6f3f,False,0.5060240963855421,0.49397590361445787
headgroup,R0C-72195471aefaca6c87b1,False,0.6071428571428571,0.3928571428571429
headgroup,R0C-72285306c13ad6893476,False,0.532258064516129,0.467741935483871
headgroup,R0C-7231ef6e38a6e94fe2e9,False,0.5531914893617021,0.44680851063829785
headgroup,R0C-723f9745fead0020c92e,False,0.9107142857142857,0.0892857142857143
headgroup,R0C-726fc3a73971cd170ae6,False,0.8333333333333334,0.16666666666666663
headgroup,R0C-72c48ff4761be56c463c,False,1.0,0.0
headgroup,R0C-730c7e9c538e82528d11,False,0.855072463768116,0.14492753623188404
headgroup,R0C-733c9782436b9402fa13,False,0.45098039215686275,0.5490196078431373
headgroup,R0C-73715f0f1fb9ceac0865,False,0.5263157894736842,0.4736842105263158
headgroup,R0C-73c3224d130607452b3d,False,0.8214285714285714,0.1785714285714286
headgroup,R0C-73c89ff66acd06ccbd45,False,0.71875,0.28125
headgroup,R0C-73d53e7dbbd862b9ac8f,False,0.6904761904761905,0.30952380952380953
headgroup,R0C-746df2116b581217da49,False,0.725,0.275
headgroup,R0C-74a53e7079f46db00edf,False,0.819672131147541,0.180327868852459
headgroup,R0C-74b70aa08e2a60c2a4f5,False,1.0,0.0
headgroup,R0C-74bcfd9edc1ecb225392,True,0.8421052631578947,0.1578947368421053
headgroup,R0C-74d5d029e77278cac8c3,False,0.4883720930232558,0.5116279069767442
headgroup,R0C-75155ecd26817f636d98,False,0.5714285714285714,0.4285714285714286
headgroup,R0C-75196bd995e7d41f3d06,False,0.8529411764705882,0.1470588235294118
headgroup,R0C-75479163f2091f025cb6,False,0.8235294117647058,0.17647058823529416
headgroup,R0C-756958754aff42c31340,False,0.7966101694915254,0.2033898305084746
headgroup,R0C-75bb85badf3e97da5ab2,False,0.8918918918918919,0.10810810810810811
headgroup,R0C-75e29bf14219c98320d8,False,1.0,0.0
headgroup,R0C-7610be4799c845487662,False,0.4883720930232558,0.5116279069767442
headgroup,R0C-761bcb8c3dec1c0e4302,False,0.8297872340425532,0.17021276595744683
headgroup,R0C-763118a69b2abc8b259c,False,0.8695652173913043,0.13043478260869568
headgroup,R0C-7642868bbb70e4471748,False,0.8421052631578947,0.1578947368421053
headgroup,R0C-7657c97c0a23b9d82a6d,False,0.6792452830188679,0.3207547169811321
headgroup,R0C-7675c92a1d25292f9d6a,False,0.8529411764705882,0.1470588235294118
headgroup,R0C-76b01ae8a48a3c88c9ba,False,0.7441860465116279,0.2558139534883721
headgroup,R0C-76cce4c45f7ca6734105,False,0.4883720930232558,0.5116279069767442
headgroup,R0C-76e3a3cd1d77c4d3b364,False,0.8333333333333334,0.16666666666666663
headgroup,R0C-77086783d97c77c27d8a,False,0.5645161290322581,0.4354838709677419
headgroup,R0C-772d3cac3aff8e61740f,False,0.532258064516129,0.467741935483871
headgroup,R0C-772f5c3bfbbeb4838812,False,0.5,0.5
headgroup,R0C-77787523cc381f32f8e1,False,0.38181818181818183,0.6181818181818182
headgroup,R0C-779bc786cbe8cf1853cf,False,0.8857142857142857,0.11428571428571432
headgroup,R0C-77b49327395548954b1f,False,0.8059701492537313,0.19402985074626866
headgroup,R0C-7801d703018dcb8d2ee9,False,0.6176470588235294,0.38235294117647056
headgroup,R0C-7803e159ea36b631cc0c,True,0.7678571428571429,0.2321428571428571
headgroup,R0C-780bb1b58f1f05f55519,False,1.0,0.0
headgroup,R0C-7824a800b675597d6114,False,0.8367346938775511,0.16326530612244894
headgroup,R0C-782d37eee851b70526ba,True,0.7466666666666667,0.2533333333333333
headgroup,R0C-78336eb380eebc95dafa,False,0.7073170731707317,0.29268292682926833
headgroup,R0C-785f2da6c6c906fef407,False,0.7631578947368421,0.23684210526315785
headgroup,R0C-78c373891eca36afbf51,False,0.8936170212765957,0.1063829787234043
headgroup,R0C-78f93701473bfe075870,False,0.35714285714285715,0.6428571428571428
headgroup,R0C-7912bed07271207b6b44,False,0.40350877192982454,0.5964912280701755
headgroup,R0C-793363caf1dee6f7c224,False,0.9107142857142857,0.0892857142857143
headgroup,R0C-79cfff767fdd47566072,False,0.6097560975609756,0.3902439024390244
headgroup,R0C-7a27b5d87033ba9df3c5,False,0.9607843137254902,0.039215686274509776
headgroup,R0C-7a2d89eb3072a0999b25,False,0.8478260869565217,0.15217391304347827
headgroup,R0C-7a330e7703bc381aae6f,False,0.8805970149253731,0.11940298507462688
headgroup,R0C-7a7686c3632403000aec,True,0.7678571428571429,0.2321428571428571
headgroup,R0C-7a9e5617b192c3ed6c40,False,0.7872340425531915,0.21276595744680848
headgroup,R0C-7a9fe44f59efc6bc21b0,False,0.8028169014084507,0.19718309859154926
headgroup,R0C-7ac830b7c2a733300c18,False,0.43478260869565216,0.5652173913043479
headgroup,R0C-7b0ea5437882a372c3d1,True,0.7323943661971831,0.2676056338028169
headgroup,R0C-7b408c86e1174a871c06,True,0.8524590163934426,0.14754098360655743
headgroup,R0C-7b43442e745e0092a6fa,True,0.8269230769230769,0.17307692307692313
headgroup,R0C-7b5f460f636de3de1e68,False,1.0,0.0
headgroup,R0C-7b694a4b37e68f6c29ae,False,0.9090909090909091,0.09090909090909094
headgroup,R0C-7b7962ef33485a301d90,False,0.717948717948718,0.28205128205128205
headgroup,R0C-7b8450742a650ecbe34c,False,0.6551724137931034,0.3448275862068966
headgroup,R0C-7b8c9f8dc437191207d8,False,0.7121212121212122,0.28787878787878785
headgroup,R0C-7b8e83365f58b76f46b1,False,0.9016393442622951,0.09836065573770492
headgroup,R0C-7ba41990a953a5ca5001,False,1.0,0.0
headgroup,R0C-7bd7cc4d4574f2bb4fd7,False,0.8787878787878788,0.12121212121212122
headgroup,R0C-7bebc2f9e1d1901a3df5,False,0.6865671641791045,0.31343283582089554
headgroup,R0C-7c21c6b232060f6896c0,False,0.9607843137254902,0.039215686274509776
headgroup,R0C-7c7bc42815ef370528f8,False,0.8333333333333334,0.16666666666666663
headgroup,R0C-7ca450f9a1df354a1ce6,False,0.9,0.09999999999999998
headgroup,R0C-7cd1cdddd0e1cf8e1a91,False,0.5576923076923077,0.4423076923076923
headgroup,R0C-7cd8784db1feacdaaa92,False,0.4492753623188406,0.5507246376811594
headgroup,R0C-7d2ba08accb107c70796,False,0.7846153846153846,0.2153846153846154
headgroup,R0C-7d44d65d23ced0774143,False,1.0,0.0
headgroup,R0C-7d47f7f64df4c62606f8,False,0.54,0.45999999999999996
headgroup,R0C-7d4e638adab660a6a7e3,False,0.8333333333333334,0.16666666666666663
headgroup,R0C-7d6990ef0dd4bc293c16,False,0.8297872340425532,0.17021276595744683
headgroup,R0C-7d7bcfe6242501575f52,False,0.5675675675675675,0.43243243243243246
headgroup,R0C-7dd3ec294bee0e570a92,False,0.9295774647887324,0.07042253521126762
headgroup,R0C-7dd443c17a11d366c934,False,0.8333333333333334,0.16666666666666663
headgroup,R0C-7de42496015634b8f461,False,0.8260869565217391,0.17391304347826086
headgroup,R0C-7df6a459dae8d0a82df8,False,0.5576923076923077,0.4423076923076923
headgroup,R0C-7e168aa9e059f5a440fc,False,0.9365079365079365,0.06349206349206349
headgroup,R0C-7e1abc63319a1747bbe4,True,0.7532467532467533,0.24675324675324672
headgroup,R0C-7e1f69dd3e24e758e013,False,0.8421052631578947,0.1578947368421053
headgroup,R0C-7e2413e7d9934ae101c6,False,0.8163265306122449,0.18367346938775508
headgroup,R0C-7e4f23e2d6c3ba15d0ba,False,0.9384615384615385,0.06153846153846154
headgroup,R0C-7e50cb82caad79478282,False,0.71875,0.28125
headgroup,R0C-7e76ba7750380d7f1f02,False,0.6545454545454545,0.34545454545454546
headgroup,R0C-7e8156d44b28203ba66c,False,0.6865671641791045,0.31343283582089554
headgroup,R0C-7e8997c143de902898f0,False,0.58,0.42000000000000004
headgroup,R0C-7ea95ec889bd0fdb75fb,False,0.4857142857142857,0.5142857142857142
headgroup,R0C-7ec6ac88e4fcf197ff1c,False,0.5409836065573771,0.4590163934426229
headgroup,R0C-7ece9c56000bb27361d3,False,0.8947368421052632,0.10526315789473684
headgroup,R0C-7ee4d1e2535dbc5fbf90,False,0.847457627118644,0.15254237288135597
headgroup,R0C-7ef182c861bc4c4dba63,False,0.8904109589041096,0.1095890410958904
headgroup,R0C-7f206eb6dfd5ff105908,False,0.9230769230769231,0.07692307692307687
headgroup,R0C-7f9666ecb0ab9ee33701,True,0.7868852459016393,0.21311475409836067
headgroup,R0C-7fc1156fd258603d0a16,False,0.5531914893617021,0.44680851063829785
headgroup,R0C-8023cbc696e0cb810be3,False,0.6037735849056604,0.39622641509433965
headgroup,R0C-80249be5d1ce7df9fb4a,False,0.8275862068965517,0.1724137931034483
headgroup,R0C-80309e6758288cd20908,False,0.725,0.275
headgroup,R0C-8035fd1be4debc2c1740,False,0.7317073170731707,0.2682926829268293
headgroup,R0C-803eb44398b7d635482f,False,0.7105263157894737,0.2894736842105263
headgroup,R0C-8049414f4336da74897f,False,0.5789473684210527,0.42105263157894735
headgroup,R0C-807c1d2e0e098396c6d9,False,0.7631578947368421,0.23684210526315785
headgroup,R0C-809af087a8306574059f,False,1.0,0.0
headgroup,R0C-80c38faecdf692fc6f36,False,0.7450980392156863,0.2549019607843137
headgroup,R0C-811b1b34f0bcd0ea41fe,False,0.71875,0.28125
headgroup,R0C-817123faedeb4da7a845,True,0.7903225806451613,0.20967741935483875
headgroup,R0C-81a3f937d6bb8c26fa53,False,1.0,0.0
headgroup,R0C-81b237c2c87378601653,False,0.6086956521739131,0.3913043478260869
headgroup,R0C-81d0b1901d72a5618821,True,0.7903225806451613,0.20967741935483875
headgroup,R0C-81e7a59b1732f034beef,False,0.8363636363636363,0.1636363636363637
headgroup,R0C-82206fd4508a5d97adfd,False,0.7272727272727273,0.2727272727272727
headgroup,R0C-825e56ab908fdb251e50,False,0.7936507936507936,0.2063492063492064
headgroup,R0C-825e786afbc399d5231d,False,0.8363636363636363,0.1636363636363637
headgroup,R0C-827f92e58251b96a1024,False,0.717948717948718,0.28205128205128205
headgroup,R0C-82860ecee37c60467435,False,0.4186046511627907,0.5813953488372092
headgroup,R0C-828d0415818ca76cc37a,False,0.8529411764705882,0.1470588235294118
headgroup,R0C-8305dbba371619517526,False,0.8333333333333334,0.16666666666666663
headgroup,R0C-833a3994dc0eda04d7b0,False,0.8490566037735849,0.15094339622641506
headgroup,R0C-834b5e42e2b9d6d21f10,True,0.7121212121212122,0.28787878787878785
headgroup,R0C-839f336cb66fc83560a3,False,0.5849056603773585,0.41509433962264153
headgroup,R0C-83c9c101cb6684e728d2,False,0.4329896907216495,0.5670103092783505
headgroup,R0C-83e386572dd7bfd0dca9,False,1.0,0.0
headgroup,R0C-842d44c8a8da32167af8,False,0.4857142857142857,0.5142857142857142
headgroup,R0C-84682e54c3aa0d1d118d,False,0.6086956521739131,0.3913043478260869
headgroup,R0C-84902a4be9d467bfd914,True,0.7121212121212122,0.28787878787878785
headgroup,R0C-84abcffc747c6332a670,False,0.42592592592592593,0.5740740740740741
headgroup,R0C-84af5be3f898cd844b51,True,0.7432432432432432,0.2567567567567568
headgroup,R0C-84c8aeaaf5e8404228c1,False,0.5833333333333334,0.41666666666666663
headgroup,R0C-84f5513a26d546054113,False,0.8484848484848485,0.1515151515151515
headgroup,R0C-8519298e0855db32679c,False,0.8775510204081632,0.12244897959183676
headgroup,R0C-8542099d775fc136cc87,False,0.6,0.4
headgroup,R0C-856512370a2f202a8443,False,0.484375,0.515625
headgroup,R0C-85681cd312652ccb1726,False,0.8043478260869565,0.19565217391304346
headgroup,R0C-85dddd483cf92c83b949,False,0.8297872340425532,0.17021276595744683
headgroup,R0C-8608234eff8d6713654a,False,0.5409836065573771,0.4590163934426229
headgroup,R0C-8608760469a683972493,False,0.7959183673469388,0.20408163265306123
headgroup,R0C-8612d09e090a74329188,False,0.4918032786885246,0.5081967213114754
headgroup,R0C-863de0ec6347b3285a74,False,0.851063829787234,0.14893617021276595
headgroup,R0C-865de691970b4c71ae8a,False,0.48333333333333334,0.5166666666666666
headgroup,R0C-86939b672321c2832119,False,0.9354838709677419,0.06451612903225812
headgroup,R0C-8697aab0faa5fdf51a73,False,0.8490566037735849,0.15094339622641506
headgroup,R0C-869dad793663090374a5,False,0.532258064516129,0.467741935483871
headgroup,R0C-869e2c7aab65b246ad9c,False,0.7547169811320755,0.24528301886792447
headgroup,R0C-86a653d5248c130240e3,False,0.5538461538461539,0.4461538461538461
headgroup,R0C-86f2662669c06dde2f9c,False,0.9152542372881356,0.0847457627118644
headgroup,R0C-871715bb5f2d14bf991c,False,0.8846153846153846,0.11538461538461542
headgroup,R0C-871c17fc078c7bd8e11b,False,0.8301886792452831,0.16981132075471694
headgroup,R0C-87248da159b42ee00c6f,False,0.5604395604395604,0.43956043956043955
headgroup,R0C-876d486064a2a631e46d,False,0.813953488372093,0.18604651162790697
headgroup,R0C-876d644307ec74b8d76f,False,0.9038461538461539,0.09615384615384615
headgroup,R0C-87a345e50de84ded9889,False,0.75,0.25
headgroup,R0C-87c66678741a6e109153,False,0.47619047619047616,0.5238095238095238
headgroup,R0C-87dc6e78d13f25200486,False,0.7166666666666667,0.2833333333333333
headgroup,R0C-880c7f0bcd3f53aabb41,False,0.4246575342465753,0.5753424657534247
headgroup,R0C-882e75807b9034f60e04,False,0.8333333333333334,0.16666666666666663
headgroup,R0C-88607dc90d9345a0053b,False,0.6086956521739131,0.3913043478260869
headgroup,R0C-88b60c4b2f7cda48fed7,False,0.5384615384615384,0.46153846153846156
headgroup,R0C-88c710f69a90b97a661d,False,0.9,0.09999999999999998
headgroup,R0C-89239fe71f66745c1644,False,0.40350877192982454,0.5964912280701755
headgroup,R0C-8943d4eb097526b34a2e,False,0.7704918032786885,0.2295081967213115
headgroup,R0C-89530f7613b6964217f6,False,0.72,0.28
headgroup,R0C-899f2150efc9f539cede,False,0.7,0.30000000000000004
headgroup,R0C-89a52c4240f200b327ae,False,0.813953488372093,0.18604651162790697
headgroup,R0C-89cbb568ab82736b05f2,False,0.819672131147541,0.180327868852459
headgroup,R0C-89f1c342d34f7c6bd2fc,False,0.8297872340425532,0.17021276595744683
headgroup,R0C-8a0a72c7c56420620e51,False,1.0,0.0
headgroup,R0C-8a11e9c214ea772f529e,False,0.3968253968253968,0.6031746031746033
headgroup,R0C-8a55482d59f3054fae9c,False,0.803030303030303,0.19696969696969702
headgroup,R0C-8abad8a079c092659ea7,False,0.7441860465116279,0.2558139534883721
headgroup,R0C-8af6840a30a7b3673c71,False,0.8852459016393442,0.11475409836065575
headgroup,R0C-8b2696775291ebf2e8de,False,0.7948717948717948,0.20512820512820518
headgroup,R0C-8b289234ccea96b63094,False,0.3620689655172414,0.6379310344827587
headgroup,R0C-8b39d4c8787ccadffc10,False,0.7567567567567568,0.2432432432432432
headgroup,R0C-8bf5dd1a7a72cb89d6e8,False,0.9074074074074074,0.09259259259259256
headgroup,R0C-8c0f9bdd6bbe3a68d4ab,True,0.7361111111111112,0.26388888888888884
headgroup,R0C-8c14e45350505213cf21,True,0.7868852459016393,0.21311475409836067
headgroup,R0C-8c336e19c9d2a3213511,False,0.8596491228070176,0.14035087719298245
headgroup,R0C-8c404a8ad52fb706373f,False,0.813953488372093,0.18604651162790697
headgroup,R0C-8c47540888473cdb2e7c,False,0.660377358490566,0.339622641509434
headgroup,R0C-8c844e42898648dfed9f,False,0.7741935483870968,0.22580645161290325
headgroup,R0C-8c8b0947158ed483bfd8,False,0.703125,0.296875
headgroup,R0C-8c8de70bf2346b622fe9,False,0.4857142857142857,0.5142857142857142
headgroup,R0C-8ccb6b766205d9f81659,False,0.6382978723404256,0.36170212765957444
headgroup,R0C-8cce38de0ae789175652,False,0.54,0.45999999999999996
headgroup,R0C-8ce2c0249047a607bd88,False,0.4186046511627907,0.5813953488372092
headgroup,R0C-8cfa4b7206e04cd2c300,False,0.6582278481012658,0.3417721518987342
headgroup,R0C-8d32ba7c28d3985b1fae,False,0.9322033898305084,0.06779661016949157
headgroup,R0C-8d347fb060b190586475,False,0.8412698412698413,0.15873015873015872
headgroup,R0C-8d377f1956ed0dad066c,False,0.8529411764705882,0.1470588235294118
headgroup,R0C-8d39f997141886206b45,False,0.8928571428571429,0.1071428571428571
headgroup,R0C-8d6a25383f1477827812,False,0.5531914893617021,0.44680851063829785
headgroup,R0C-8d8b92715e62efeac3be,False,0.8913043478260869,0.10869565217391308
headgroup,R0C-8d906f324743448c028b,False,0.532258064516129,0.467741935483871
headgroup,R0C-8d953fffe07f30e74e1b,False,0.8367346938775511,0.16326530612244894
headgroup,R0C-8d994641926bbc92e764,False,0.6382978723404256,0.36170212765957444
headgroup,R0C-8deae7086cd3914ce2dd,False,0.42592592592592593,0.5740740740740741
headgroup,R0C-8e101dcf955a2539954b,False,1.0,0.0
headgroup,R0C-8e2b05e518f9cf4bc0b5,False,0.6415094339622641,0.3584905660377359
headgroup,R0C-8e630a7ec69a7f0069f9,False,0.7105263157894737,0.2894736842105263
headgroup,R0C-8e6368a7d9f7d8db023b,False,0.851063829787234,0.14893617021276595
headgroup,R0C-8e7a3a0d9a583fe8a4af,False,0.6142857142857143,0.3857142857142857
headgroup,R0C-8e7f38b449c4eda47749,False,0.4666666666666667,0.5333333333333333
headgroup,R0C-8e80014016a0cac0d5a9,False,0.8666666666666667,0.1333333333333333
headgroup,R0C-8ec36e0e08a6a7ed4d94,False,0.9736842105263158,0.02631578947368418
headgroup,R0C-8eff2ef1a80f3a76c1cf,True,0.8,0.19999999999999996
headgroup,R0C-8f05673bd73732b04f6e,False,0.581081081081081,0.41891891891891897
headgroup,R0C-8f1a0bc7cdb24077b394,True,0.8392857142857143,0.1607142857142857
headgroup,R0C-8f1b201576c5614d69e2,False,0.8461538461538461,0.15384615384615385
headgroup,R0C-8f270dc994e4c84a0845,False,0.5844155844155844,0.4155844155844156
headgroup,R0C-8f2daa36a5b201d9ab75,False,0.7105263157894737,0.2894736842105263
headgroup,R0C-8f3028ba504f471b2ba7,False,0.46774193548387094,0.532258064516129
headgroup,R0C-8f372ef43186bef24f76,False,0.4791666666666667,0.5208333333333333
headgroup,R0C-8f3a3f2c28e42aaf6e22,False,0.8947368421052632,0.10526315789473684
headgroup,R0C-8f3e551accd845a9bc6f,False,0.95,0.050000000000000044
headgroup,R0C-8f6abdd9ec6db3d69f84,False,0.9333333333333333,0.06666666666666665
headgroup,R0C-8f7905c0bb394635b732,False,0.6071428571428571,0.3928571428571429
headgroup,R0C-8f7b60093cc7d726d9ec,False,0.4067796610169492,0.5932203389830508
headgroup,R0C-8f8212e5b983ae854dc5,True,0.7361111111111112,0.26388888888888884
headgroup,R0C-8fa828511c4b3efcdcd0,False,0.6176470588235294,0.38235294117647056
headgroup,R0C-8fcfdffa1c3798e124dc,False,0.9428571428571428,0.05714285714285716
headgroup,R0C-9005f1184f276c7c89dc,False,0.9846153846153847,0.01538461538461533
headgroup,R0C-900be8a085a7128e1ac4,False,0.38095238095238093,0.6190476190476191
headgroup,R0C-90228b2684463d4ced08,False,1.0,0.0
headgroup,R0C-9040ec830ec2dd7d51c8,False,0.6956521739130435,0.30434782608695654
headgroup,R0C-9046c8e02a3f20db4215,False,0.7450980392156863,0.2549019607843137
headgroup,R0C-90b6e9062e307eb9dd77,False,0.875,0.125
headgroup,R0C-90b782942278656e3dde,True,0.8269230769230769,0.17307692307692313
headgroup,R0C-90dd54a9cfae0dfdaa3d,False,0.35135135135135137,0.6486486486486487
headgroup,R0C-911e035dc62890aa1e88,False,0.484375,0.515625
headgroup,R0C-912ee62c63d6ed41700f,False,0.5897435897435898,0.41025641025641024
headgroup,R0C-916785d1e1cfdca3ba9a,True,0.8269230769230769,0.17307692307692313
headgroup,R0C-9171c218fc562df3db2a,False,0.8260869565217391,0.17391304347826086
headgroup,R0C-917770fdfaf679e40a62,True,0.8,0.19999999999999996
headgroup,R0C-9180d9b16e0c18646311,False,0.9152542372881356,0.0847457627118644
headgroup,R0C-91d03cc768ba20656386,False,0.3333333333333333,0.6666666666666667
headgroup,R0C-91ebbd346ac7785a2a98,False,0.6176470588235294,0.38235294117647056
headgroup,R0C-91f25c8d727e163fe8ab,False,0.6382978723404256,0.36170212765957444
headgroup,R0C-91fe8ecbb58b3ea7d761,False,0.7105263157894737,0.2894736842105263
headgroup,R0C-92177f2e40fed4d87d93,False,0.9298245614035088,0.07017543859649122
headgroup,R0C-929bbbda1b40c4895306,False,0.7435897435897436,0.2564102564102564
headgroup,R0C-92c7856615ed658b6b98,False,0.6545454545454545,0.34545454545454546
headgroup,R0C-92f7ff26f0af0514c2f7,False,0.8392857142857143,0.1607142857142857
headgroup,R0C-92fd6afc706202c61fe4,False,0.8448275862068966,0.15517241379310343
headgroup,R0C-9319e727b7c2513a26f6,False,0.4857142857142857,0.5142857142857142
headgroup,R0C-93238856ea52688b35f0,True,0.7903225806451613,0.20967741935483875
headgroup,R0C-934a6e7afccfd3b970b5,False,0.9622641509433962,0.037735849056603765
headgroup,R0C-9379b0a615226e439044,False,0.6379310344827587,0.3620689655172413
headgroup,R0C-937de797cf495dba275f,False,0.75,0.25
headgroup,R0C-93bfcaced2b764330bc6,False,0.7307692307692307,0.2692307692307693
headgroup,R0C-93cbf4418908c955a563,False,0.7666666666666667,0.23333333333333328
headgroup,R0C-93d440393a1ae21e7406,True,0.8448275862068966,0.15517241379310343
headgroup,R0C-93dad29a3f6a867ff1c8,False,1.0,0.0
headgroup,R0C-93ff66b06bf20961e8fa,False,0.39285714285714285,0.6071428571428572
headgroup,R0C-94059766b2e108838202,False,0.5833333333333334,0.41666666666666663
headgroup,R0C-941c866eed0f787d673f,False,0.48484848484848486,0.5151515151515151
headgroup,R0C-941ef45659364ce3ee23,False,0.7833333333333333,0.21666666666666667
headgroup,R0C-9460ff2c281c6dc8d397,False,0.6901408450704225,0.3098591549295775
headgroup,R0C-9499e9bc83f136cbc4b5,False,0.42857142857142855,0.5714285714285714
headgroup,R0C-949ec52a77d56996220f,False,1.0,0.0
headgroup,R0C-94bbd33eb9a79adf3c7b,False,0.8260869565217391,0.17391304347826086
headgroup,R0C-94d18c4bc42653831383,False,0.717391304347826,0.28260869565217395
headgroup,R0C-94d3d3d2bf379ea9b822,False,1.0,0.0
headgroup,R0C-94dda51f1ccb5a7b67be,False,0.82,0.18000000000000005
headgroup,R0C-94e93b08f3843569ab54,False,0.45614035087719296,0.543859649122807
headgroup,R0C-94f295130fda27f14922,True,0.7432432432432432,0.2567567567567568
headgroup,R0C-95072fd70e4a84f78814,False,0.85,0.15000000000000002
headgroup,R0C-95416dcf40d727a2b0ec,False,0.6582278481012658,0.3417721518987342
headgroup,R0C-9548c491716fc0f70da7,False,0.9848484848484849,0.015151515151515138
headgroup,R0C-958ec0110c2ad9c68778,False,0.6097560975609756,0.3902439024390244
headgroup,R0C-95aec5dbf63b41f130fa,False,0.37037037037037035,0.6296296296296297
headgroup,R0C-95c49edfd606987eb138,True,0.7678571428571429,0.2321428571428571
headgroup,R0C-95da090d07a6a2750d63,False,0.9333333333333333,0.06666666666666665
headgroup,R0C-95f03c83f0b497dc429d,False,0.6730769230769231,0.32692307692307687
headgroup,R0C-96004d2ef36eb1fe9cb9,False,0.527027027027027,0.472972972972973
headgroup,R0C-962530104e5bd4d6deca,False,0.6153846153846154,0.3846153846153846
headgroup,R0C-962f2066fce4888cf420,False,0.8947368421052632,0.10526315789473684
headgroup,R0C-9652732eae1df1c922fb,True,0.8269230769230769,0.17307692307692313
headgroup,R0C-9662ca18e95482bb4a4c,True,0.7903225806451613,0.20967741935483875
headgroup,R0C-96c20b7e3037ae640019,False,0.8775510204081632,0.12244897959183676
headgroup,R0C-96ec3aa23dfb1ee25f46,False,0.6829268292682927,0.31707317073170727
headgroup,R0C-96ef678c79a48d5496fb,False,0.7142857142857143,0.2857142857142857
headgroup,R0C-978e803e097beec30d7b,False,0.8444444444444444,0.15555555555555556
headgroup,R0C-97a38bd7651f9e56e523,False,0.75,0.25
headgroup,R0C-97ba8ff7db23c16cd4a6,False,0.8529411764705882,0.1470588235294118
headgroup,R0C-97c60bb9bdb5ced79aaa,False,0.9230769230769231,0.07692307692307687
headgroup,R0C-97edcfec35d6ad6eac2e,False,0.4864864864864865,0.5135135135135135
headgroup,R0C-97ee1bfb548309c4b5e8,False,0.68,0.31999999999999995
headgroup,R0C-9805d360d8b4972cb50a,False,0.46551724137931033,0.5344827586206897
headgroup,R0C-983caad97505ec03b915,False,0.8275862068965517,0.1724137931034483
headgroup,R0C-985e833b42e76739db92,False,0.7,0.30000000000000004
headgroup,R0C-987545fd173709bf7dad,False,0.864406779661017,0.13559322033898302
headgroup,R0C-98a106f44085b8b88aa2,True,0.85,0.15000000000000002
headgroup,R0C-98c6068af8ccb7499d87,False,0.8360655737704918,0.16393442622950816
headgroup,R0C-98d48836b0f5e2c911ff,False,0.8787878787878788,0.12121212121212122
headgroup,R0C-98df30805725410c5557,False,0.7586206896551724,0.24137931034482762
headgroup,R0C-990289280d1f68a248f6,True,0.7678571428571429,0.2321428571428571
headgroup,R0C-99242f670a0b0ec0f93e,False,0.54,0.45999999999999996
headgroup,R0C-992a2a96a30071afa7db,False,1.0,0.0
headgroup,R0C-996fe3f9f1ac4f33e023,False,0.47115384615384615,0.5288461538461539
headgroup,R0C-997e46d405853fcdcf97,True,0.7121212121212122,0.28787878787878785
headgroup,R0C-99e86c844c2fc4a3833b,False,0.6551724137931034,0.3448275862068966
headgroup,R0C-9a0e864b1a556cddf0f4,False,0.71875,0.28125
headgroup,R0C-9a263e7e3b7164f0d569,False,0.9024390243902439,0.09756097560975607
headgroup,R0C-9a5b4faa10be560f58f1,True,0.8448275862068966,0.15517241379310343
headgroup,R0C-9a6e61dcd3076fea739f,False,0.7450980392156863,0.2549019607843137
headgroup,R0C-9a709dba119e40bab337,False,0.9384615384615385,0.06153846153846154
headgroup,R0C-9a87222c8b305467083b,False,0.8333333333333334,0.16666666666666663
headgroup,R0C-9a8bb3ee6396202ade24,False,0.6666666666666666,0.33333333333333337
headgroup,R0C-9a97ed26586853a7607f,False,0.7411764705882353,0.2588235294117647
headgroup,R0C-9ac3041ecb1490166c25,False,0.8142857142857143,0.18571428571428572
headgroup,R0C-9b213907d901dddefae5,False,0.9615384615384616,0.038461538461538436
headgroup,R0C-9b3707a65de81f249d0a,False,0.725,0.275
headgroup,R0C-9b43e041934d363f0a02,False,0.5151515151515151,0.48484848484848486
headgroup,R0C-9b616865a58a434bc980,True,0.8269230769230769,0.17307692307692313
headgroup,R0C-9b68b970ebb77928f73d,False,0.7272727272727273,0.2727272727272727
headgroup,R0C-9b919b1ab212d6dff3b5,False,0.9090909090909091,0.09090909090909094
headgroup,R0C-9bb0a56cfb47c46211b2,False,1.0,0.0
headgroup,R0C-9bcbb034c5510086aa3a,False,0.859375,0.140625
headgroup,R0C-9bd21ce09365cf8e2e2b,True,0.7121212121212122,0.28787878787878785
headgroup,R0C-9bed4055325d76c4780b,False,0.5208333333333334,0.47916666666666663
headgroup,R0C-9bf4cd5e8831adef45d7,False,0.5882352941176471,0.4117647058823529
headgroup,R0C-9c18b38d4d7e27fa0f5e,False,0.8113207547169812,0.18867924528301883
headgroup,R0C-9c1a77accb671cedd121,False,0.6545454545454545,0.34545454545454546
headgroup,R0C-9c2ae5dda7f6f473ccdb,False,0.8367346938775511,0.16326530612244894
headgroup,R0C-9c49883191f126b5c368,False,0.94,0.06000000000000005
headgroup,R0C-9caefb6aae2277fef1de,False,0.8775510204081632,0.12244897959183676
headgroup,R0C-9ccb7fff6b0d772f2250,False,0.4857142857142857,0.5142857142857142
headgroup,R0C-9cd2ce2c86e98560396a,False,0.6181818181818182,0.38181818181818183
headgroup,R0C-9d42ced4bd4ee7f4e083,False,0.6419753086419753,0.3580246913580247
headgroup,R0C-9d6d28926560f2226805,False,0.4339622641509434,0.5660377358490566
headgroup,R0C-9da43ffb8d3a725d2491,False,0.765625,0.234375
headgroup,R0C-9dc65d974e4b3813e110,False,0.8085106382978723,0.19148936170212771
headgroup,R0C-9e06bae73f57f9d67ba3,False,0.6222222222222222,0.37777777777777777
headgroup,R0C-9e32e54dc0c26d9d28eb,False,0.6865671641791045,0.31343283582089554
headgroup,R0C-9e359f1b338027c50acb,True,0.7121212121212122,0.28787878787878785
headgroup,R0C-9e4db0a66eb51202c937,False,0.9166666666666666,0.08333333333333337
headgroup,R0C-9e77b9fa5c52008754fa,False,0.8703703703703703,0.12962962962962965
headgroup,R0C-9e8cce03bf392f937ad8,False,0.9347826086956522,0.06521739130434778
headgroup,R0C-9ea2c4935ac81eb49e14,False,0.717948717948718,0.28205128205128205
headgroup,R0C-9ecc3d83f89c4dc1c5b6,False,0.78125,0.21875
headgroup,R0C-9ed2b3167ba25754d028,False,0.6144578313253012,0.3855421686746988
headgroup,R0C-9eee2eefd3789c053731,False,0.71875,0.28125
headgroup,R0C-9f021896aab01d598a41,False,0.8787878787878788,0.12121212121212122
headgroup,R0C-9f44b2a2927f243f8da0,False,0.47572815533980584,0.5242718446601942
headgroup,R0C-9f5ced0b0e5700d065c0,False,0.8260869565217391,0.17391304347826086
headgroup,R0C-9f6a4075c0c9950a52c0,False,0.7547169811320755,0.24528301886792447
headgroup,R0C-9fa8199754de655cbe2e,False,0.18292682926829268,0.8170731707317074
headgroup,R0C-9fb55f3ba25e75efdaca,False,0.7272727272727273,0.2727272727272727
headgroup,R0C-9fea4f445b45de66866c,False,0.7631578947368421,0.23684210526315785
headgroup,R0C-9ff79d0e2c2d8f817387,False,0.7111111111111111,0.28888888888888886
headgroup,R0C-a00ba35022abeefe622e,False,0.9629629629629629,0.03703703703703709
headgroup,R0C-a05688fb2a9a2e01d914,False,0.9166666666666666,0.08333333333333337
headgroup,R0C-a064ce58a684543e34a0,False,0.9074074074074074,0.09259259259259256
headgroup,R0C-a06f44edee8039b92589,False,0.6060606060606061,0.3939393939393939
headgroup,R0C-a0ba8cf9625b8df8ee43,False,0.8478260869565217,0.15217391304347827
headgroup,R0C-a0bf133e9a8ed233c679,False,0.5084745762711864,0.4915254237288136
headgroup,R0C-a0c7b938a8555bb724c9,False,0.8461538461538461,0.15384615384615385
headgroup,R0C-a0f761109db4f63478ca,False,0.48484848484848486,0.5151515151515151
headgroup,R0C-a10fd57a86e7de9ebaa6,False,0.7236842105263158,0.2763157894736842
headgroup,R0C-a13b21ef4024a83e0ccf,False,0.8245614035087719,0.17543859649122806
headgroup,R0C-a16ba56b2021952bc907,False,0.49019607843137253,0.5098039215686274
headgroup,R0C-a18f940e3dc26100f6ce,False,0.8301886792452831,0.16981132075471694
headgroup,R0C-a1b21d43d0b36cc819d8,False,0.5,0.5
headgroup,R0C-a1decaf1ec2547d580d4,False,0.717948717948718,0.28205128205128205
headgroup,R0C-a1f8ed9494cabfd1f7c7,False,0.7435897435897436,0.2564102564102564
headgroup,R0C-a2564e328515bf00755a,False,1.0,0.0
headgroup,R0C-a28d9a8e656b6e4df38f,False,0.7301587301587301,0.2698412698412699
headgroup,R0C-a2b2acca7776c55e2047,False,0.4423076923076923,0.5576923076923077
headgroup,R0C-a2d20fec37d1a3fb9866,False,0.8541666666666666,0.14583333333333337
headgroup,R0C-a30403cd1aaa2454891c,False,0.813953488372093,0.18604651162790697
headgroup,R0C-a30aec413a2b0fa4a409,False,0.9333333333333333,0.06666666666666665
headgroup,R0C-a349f6cef2065ca50b5a,False,0.725,0.275
headgroup,R0C-a36fd7174aaaf8a57d4b,False,0.6984126984126984,0.3015873015873016
headgroup,R0C-a373e6fd82e64ce14632,False,0.8292682926829268,0.1707317073170732
headgroup,R0C-a38d3b794eaaae3c0ec0,True,0.8548387096774194,0.14516129032258063
headgroup,R0C-a39a0dca96606feb60e8,False,0.45,0.55
headgroup,R0C-a3b957ec287f4ef9bdb7,False,0.4523809523809524,0.5476190476190477
headgroup,R0C-a3bb0a3125cf20ad4362,False,0.9322033898305084,0.06779661016949157
headgroup,R0C-a4091615a79a1cf87f14,False,0.9322033898305084,0.06779661016949157
headgroup,R0C-a423e06a5d3d64c7b037,False,0.725,0.275
headgroup,R0C-a43cea65dfa9e7f7f14e,False,0.6086956521739131,0.3913043478260869
headgroup,R0C-a440c36f5818cb3e8a29,False,1.0,0.0
headgroup,R0C-a44dd0de9f7a64178b50,False,0.5675675675675675,0.43243243243243246
headgroup,R0C-a46613b6b1d9c8717143,False,0.6829268292682927,0.31707317073170727
headgroup,R0C-a490b24019cb5b418a26,True,0.8448275862068966,0.15517241379310343
headgroup,R0C-a4939752b5b539d02669,False,0.4032258064516129,0.5967741935483871
headgroup,R0C-a493df8a8b0c4e52dcab,False,0.8840579710144928,0.1159420289855072
headgroup,R0C-a49b65b4ff77008c11d0,False,0.71875,0.28125
headgroup,R0C-a4c9897ff4a62fd1577f,False,0.6875,0.3125
headgroup,R0C-a4d8c6f0a7016e8ad789,False,1.0,0.0
headgroup,R0C-a52b11f1268a29f4b829,False,0.39655172413793105,0.603448275862069
headgroup,R0C-a53053bf47b265ce6faf,False,0.40594059405940597,0.594059405940594
headgroup,R0C-a536ad1183b936afa8ae,False,0.75,0.25
headgroup,R0C-a53730eb83eb72a690c3,False,0.4642857142857143,0.5357142857142857
headgroup,R0C-a55a1f49adde4293c73f,False,0.7464788732394366,0.2535211267605634
headgroup,R0C-a55eead9d40a222b825f,False,0.8958333333333334,0.10416666666666663
headgroup,R0C-a58eed3c65e61405ee8a,False,0.765625,0.234375
headgroup,R0C-a5cf7561db82caa599e4,False,0.625,0.375
headgroup,R0C-a5f22c1f44edf9df5b3f,False,0.6226415094339622,0.37735849056603776
headgroup,R0C-a5fbf3c923d9a349da85,False,1.0,0.0
headgroup,R0C-a601bd48f9918c2169e7,False,0.7,0.30000000000000004
headgroup,R0C-a6189450ee7fba445077,False,0.8958333333333334,0.10416666666666663
headgroup,R0C-a634b5f9e96aaa0478fa,False,0.9137931034482759,0.08620689655172409
headgroup,R0C-a67f403f64c52285308c,False,0.95,0.050000000000000044
headgroup,R0C-a68cadcad28b812f0d43,False,0.4186046511627907,0.5813953488372092
headgroup,R0C-a6d8f650111a6013a5b5,False,0.8596491228070176,0.14035087719298245
headgroup,R0C-a6e86cdc9f52915c5ac1,False,0.8043478260869565,0.19565217391304346
headgroup,R0C-a6f1da281dd22dd967b9,False,0.5645161290322581,0.4354838709677419
headgroup,R0C-a7427e96c717dea2c886,False,0.6904761904761905,0.30952380952380953
headgroup,R0C-a7573210b421700f9d01,False,1.0,0.0
headgroup,R0C-a76a73f38ad67df6bcd3,False,0.7741935483870968,0.22580645161290325
headgroup,R0C-a797bb6e979edcc6c218,False,0.391304347826087,0.6086956521739131
headgroup,R0C-a80bf8e07eec12e40818,False,0.8,0.19999999999999996
headgroup,R0C-a8568d3344bfb3a4bd69,False,0.8305084745762712,0.1694915254237288
headgroup,R0C-a89f82d76c852abced0f,False,0.864406779661017,0.13559322033898302
headgroup,R0C-a8aeb827acc3450212b9,False,0.9402985074626866,0.05970149253731338
headgroup,R0C-a8c51f2e4fad2767df40,False,0.4918032786885246,0.5081967213114754
headgroup,R0C-a8d11b83974f212f2ca0,False,0.40217391304347827,0.5978260869565217
headgroup,R0C-a8d94b570466b20d12c0,False,0.6904761904761905,0.30952380952380953
headgroup,R0C-a8fdb04ad18e7e14c986,False,0.6144578313253012,0.3855421686746988
headgroup,R0C-a92ba4a04fefc9cb1b35,False,0.6144578313253012,0.3855421686746988
headgroup,R0C-a94833e258892185ab98,False,0.8333333333333334,0.16666666666666663
headgroup,R0C-a9644a05c0f1c80b4ea9,False,0.9122807017543859,0.08771929824561409
headgroup,R0C-a964b56f8f6d5e934069,False,0.9428571428571428,0.05714285714285716
headgroup,R0C-a98c1f7213e1e4c9f4cd,False,0.725,0.275
headgroup,R0C-a9bdb7da875ebbe12ed8,False,0.8260869565217391,0.17391304347826086
headgroup,R0C-a9c0f7ec250199ab740c,False,0.7959183673469388,0.20408163265306123
headgroup,R0C-a9c1dfd6e3ebc7c4f387,False,0.8490566037735849,0.15094339622641506
headgroup,R0C-a9c70ccf664c40e60d70,False,0.36,0.64
headgroup,R0C-a9d246b6f69b1bf60dae,False,1.0,0.0
headgroup,R0C-aa0262b5c26643a08f2d,False,0.5125,0.48750000000000004
headgroup,R0C-aa1b1ece7786e45b68bd,False,0.8367346938775511,0.16326530612244894
headgroup,R0C-aa43da5f9af4485e0ab9,False,0.6538461538461539,0.34615384615384615
headgroup,R0C-aa44eb26a4a834fc6e17,False,0.6904761904761905,0.30952380952380953
headgroup,R0C-aa56c1d95b2560d43e22,True,0.7678571428571429,0.2321428571428571
headgroup,R0C-aa5fe31a00e7f701f6e5,False,0.74,0.26
headgroup,R0C-aa6e3467a5173691aff1,False,1.0,0.0
headgroup,R0C-aa71e7048819c900a15f,False,0.725,0.275
headgroup,R0C-aaa67836425cbb54991b,False,0.9122807017543859,0.08771929824561409
headgroup,R0C-ab03245ab07379dbae17,False,0.7169811320754716,0.28301886792452835
headgroup,R0C-ab09f6c4ee99cbf58186,False,0.7323943661971831,0.2676056338028169
headgroup,R0C-ab10a998f0a069d6d845,False,0.5675675675675675,0.43243243243243246
headgroup,R0C-ab5129c8f6613b2a7882,False,0.9014084507042254,0.09859154929577463
headgroup,R0C-aba2cbc95dd190929d95,False,0.7636363636363637,0.23636363636363633
headgroup,R0C-abaea069718dbaebc4be,False,0.873015873015873,0.12698412698412698
headgroup,R0C-abdb945aba75bd6c7725,False,0.45,0.55
headgroup,R0C-abeb8c40cbc353ffb734,False,0.6792452830188679,0.3207547169811321
headgroup,R0C-abfe41f4c8de83a32ad3,False,0.6301369863013698,0.36986301369863017
headgroup,R0C-ac0e40e165df823a54e7,False,0.819672131147541,0.180327868852459
headgroup,R0C-ac37c968a5ea9487983b,False,0.8888888888888888,0.11111111111111116
headgroup,R0C-ac4ae434694092c5d4db,False,0.37777777777777777,0.6222222222222222
headgroup,R0C-ac61a55f174a1087c7f4,False,0.7407407407407407,0.2592592592592593
headgroup,R0C-ac8c003d6061fa19276e,False,0.725,0.275
headgroup,R0C-accc5bb601e3be87a93a,False,0.6219512195121951,0.3780487804878049
headgroup,R0C-ace0e517240a1b470e0b,False,0.611764705882353,0.388235294117647
headgroup,R0C-ace9646cd0cb36bdccb9,True,0.8059701492537313,0.19402985074626866
headgroup,R0C-ad1f838cc8f767ee67df,False,0.9324324324324325,0.06756756756756754
headgroup,R0C-ad2908b81cbb1c153441,False,0.5714285714285714,0.4285714285714286
headgroup,R0C-ad5d32914cdd1267c5cd,False,0.8979591836734694,0.10204081632653061
headgroup,R0C-ad86eab0783be4e0551f,False,0.4423076923076923,0.5576923076923077
headgroup,R0C-ad8abb7b326c9f728bd2,False,0.8913043478260869,0.10869565217391308
headgroup,R0C-ae2b10b3353429ac26b7,False,0.7083333333333334,0.29166666666666663
headgroup,R0C-ae350cd3e7924bb95c43,False,0.8292682926829268,0.1707317073170732
headgroup,R0C-ae3b4ae10b416d3407ea,False,0.8043478260869565,0.19565217391304346
headgroup,R0C-ae9d841555d331042ad6,False,0.9090909090909091,0.09090909090909094
headgroup,R0C-aed4bc14650898c802fa,True,0.7678571428571429,0.2321428571428571
headgroup,R0C-aedaf823bfd8a97612ba,False,0.8676470588235294,0.13235294117647056
headgroup,R0C-af09735b68fd21462d2a,True,0.75,0.25
headgroup,R0C-af17e4534bc9d761af12,False,1.0,0.0
headgroup,R0C-af2072238aa5342e2a00,True,0.7121212121212122,0.28787878787878785
headgroup,R0C-af5432b4312ed8c4594f,False,0.4177215189873418,0.5822784810126582
headgroup,R0C-af75335f0791a12946d4,False,0.873015873015873,0.12698412698412698
headgroup,R0C-af7f5ff48ad51eb76e71,False,0.6582278481012658,0.3417721518987342
headgroup,R0C-af893682cb40057ab038,False,1.0,0.0
headgroup,R0C-af96e763dfea95957923,False,0.5588235294117647,0.4411764705882353
headgroup,R0C-afa3a57cc49bf71b56d6,False,0.8297872340425532,0.17021276595744683
headgroup,R0C-afa50b9c0fda3af061a9,False,1.0,0.0
headgroup,R0C-afa6b7e428e3b789771b,False,0.8245614035087719,0.17543859649122806
headgroup,R0C-afdbc7a7cb4a80dfa71c,False,0.9393939393939394,0.06060606060606055
headgroup,R0C-b0034cd8b130646df48a,True,0.8636363636363636,0.13636363636363635
headgroup,R0C-b017ef2c9b82298b5f14,False,0.8412698412698413,0.15873015873015872
headgroup,R0C-b0562f67aee5a2cc1648,False,0.6865671641791045,0.31343283582089554
headgroup,R0C-b082645d1fde04a3422f,True,0.7868852459016393,0.21311475409836067
headgroup,R0C-b0a019899b1213ef2192,False,0.54,0.45999999999999996
headgroup,R0C-b0aa122d32c9a183f64f,False,0.5714285714285714,0.4285714285714286
headgroup,R0C-b0bc06cd23d6ab4e1cb9,False,0.7037037037037037,0.2962962962962963
headgroup,R0C-b0beb1f28788a8f1c294,False,0.8269230769230769,0.17307692307692313
headgroup,R0C-b0c16eebcc002ab7f6f9,True,0.7323943661971831,0.2676056338028169
headgroup,R0C-b0c4402bba1d6be0fe96,False,0.6545454545454545,0.34545454545454546
headgroup,R0C-b0cc228da0442774bf34,False,0.44,0.56
headgroup,R0C-b0cfcf1e8e8f3db24c9a,False,0.7317073170731707,0.2682926829268293
headgroup,R0C-b0f8235d1617ce6b3680,False,0.95,0.050000000000000044
headgroup,R0C-b13c9a779eccd8d148a7,False,0.6779661016949152,0.3220338983050848
headgroup,R0C-b19da410874e766a170a,False,0.3473684210526316,0.6526315789473685
headgroup,R0C-b1a7482e3572c6e6d48e,False,0.75,0.25
headgroup,R0C-b1b1bbe6111408c443a8,False,0.39655172413793105,0.603448275862069
headgroup,R0C-b1b9221708e0c82bfb4f,False,0.9074074074074074,0.09259259259259256
headgroup,R0C-b1caea99ffaff6b744c7,False,0.8666666666666667,0.1333333333333333
headgroup,R0C-b1da94381898c3076474,False,0.6904761904761905,0.30952380952380953
headgroup,R0C-b2118c50cc6a1376e941,False,0.7547169811320755,0.24528301886792447
headgroup,R0C-b221abd2e8e846d69e5f,False,0.48,0.52
headgroup,R0C-b26ec3357883fa79f745,False,0.6923076923076923,0.3076923076923077
headgroup,R0C-b287b7f57fb83bbc7d9b,False,0.6382978723404256,0.36170212765957444
headgroup,R0C-b2f798dbb1518620d94f,False,0.7291666666666666,0.27083333333333337
headgroup,R0C-b30b08f71e4558e115c3,False,0.8260869565217391,0.17391304347826086
headgroup,R0C-b31458cfd981bedcb0a8,False,0.7105263157894737,0.2894736842105263
headgroup,R0C-b32dfe25e8aaf01ae7f9,False,0.7121212121212122,0.28787878787878785
headgroup,R0C-b340bae4f3520e1c2193,False,0.9074074074074074,0.09259259259259256
headgroup,R0C-b367ee25491e34f08add,False,0.7236842105263158,0.2763157894736842
headgroup,R0C-b37f73a19e64d1cac283,False,0.9852941176470589,0.014705882352941124
headgroup,R0C-b3891a96e8610e6cc22d,False,0.6551724137931034,0.3448275862068966
headgroup,R0C-b39b4a206672096cd03a,False,0.4032258064516129,0.5967741935483871
headgroup,R0C-b3b2e98002c52bda9824,False,0.8297872340425532,0.17021276595744683
headgroup,R0C-b3beb4d79f5eb3cbbd5b,False,0.9193548387096774,0.08064516129032262
headgroup,R0C-b3d872090782e3b64294,False,0.9230769230769231,0.07692307692307687
headgroup,R0C-b3f557442622f97b435f,False,0.391304347826087,0.6086956521739131
headgroup,R0C-b451177cd6235c4198e7,False,0.7272727272727273,0.2727272727272727
headgroup,R0C-b45cea4cfc9104d0711b,True,0.7678571428571429,0.2321428571428571
headgroup,R0C-b479f5963eced5bcce11,False,0.6382978723404256,0.36170212765957444
headgroup,R0C-b48ae913940df9ea02b7,False,0.58,0.42000000000000004
headgroup,R0C-b4b08fe43c8377115625,False,0.8301886792452831,0.16981132075471694
headgroup,R0C-b4b4db8f0653b125b79d,False,0.8545454545454545,0.1454545454545455
headgroup,R0C-b4c8531fa677c5759729,False,0.6944444444444444,0.3055555555555556
headgroup,R0C-b4d5b9fd127a4ac499a4,False,0.864406779661017,0.13559322033898302
headgroup,R0C-b552cd9bfadd741727e7,False,0.6666666666666666,0.33333333333333337
headgroup,R0C-b575f4cfde0933e383d1,False,0.8596491228070176,0.14035087719298245
headgroup,R0C-b5b3dd18b708428931be,False,0.7,0.30000000000000004
headgroup,R0C-b5d1bc147dd96c3cf23e,False,0.8837209302325582,0.11627906976744184
headgroup,R0C-b5e8d9824f0c3dd27777,False,0.6666666666666666,0.33333333333333337
headgroup,R0C-b5f359fd5ac452a730dc,False,0.8970588235294118,0.1029411764705882
headgroup,R0C-b5f6ea82b296e1edff2d,False,0.48484848484848486,0.5151515151515151
headgroup,R0C-b6010167cd4b6e9d4ee7,False,0.875,0.125
headgroup,R0C-b608f18bd392dfed4c72,False,0.9264705882352942,0.07352941176470584
headgroup,R0C-b60b1e37dad9eb8c6449,False,0.5531914893617021,0.44680851063829785
headgroup,R0C-b63c580398d2b96e3bf5,False,0.82,0.18000000000000005
headgroup,R0C-b64d8552f0eb02d7ec0e,False,0.7105263157894737,0.2894736842105263
headgroup,R0C-b669abd950152b5cc6bb,False,0.8888888888888888,0.11111111111111116
headgroup,R0C-b66eeb1bb7b2d27af907,False,0.35135135135135137,0.6486486486486487
headgroup,R0C-b68ba260847fd378dd9b,False,0.6865671641791045,0.31343283582089554
headgroup,R0C-b691019d61ab63da1632,False,0.5227272727272727,0.4772727272727273
headgroup,R0C-b6a005703bcd9553c0a6,False,0.7121212121212122,0.28787878787878785
headgroup,R0C-b70a68b76fcd452c766f,False,0.7076923076923077,0.29230769230769227
headgroup,R0C-b7138e065d0e33385dfa,False,0.8732394366197183,0.12676056338028174
headgroup,R0C-b71484ccb8663ba76058,False,0.851063829787234,0.14893617021276595
headgroup,R0C-b723fe28b6c2e1da98ee,False,0.5522388059701493,0.4477611940298507
headgroup,R0C-b739489483f2f6b0de07,False,0.8360655737704918,0.16393442622950816
headgroup,R0C-b758ee7271997e966c83,False,0.5076923076923077,0.49230769230769234
headgroup,R0C-b761ca3ba1c6128b85f8,False,0.8076923076923077,0.1923076923076923
headgroup,R0C-b7855accf3fbbce18adf,False,0.38596491228070173,0.6140350877192983
headgroup,R0C-b797dfcd8b9eb34e3bfb,False,0.7142857142857143,0.2857142857142857
headgroup,R0C-b7ad279262c8f9c9a02b,False,0.9090909090909091,0.09090909090909094
headgroup,R0C-b7ee85e9a65b811f74e5,False,0.74,0.26
headgroup,R0C-b7f27ccbc8ee0ecda485,False,0.6811594202898551,0.3188405797101449
headgroup,R0C-b8152e29ffdbeca3f4c1,False,0.47619047619047616,0.5238095238095238
headgroup,R0C-b82bb32e6de9266d3c1f,False,0.71875,0.28125
headgroup,R0C-b85f9deba1aa684b9db5,False,0.9298245614035088,0.07017543859649122
headgroup,R0C-b862a3a8ba6a73057b34,False,1.0,0.0
headgroup,R0C-b89ed605057839ded683,False,0.85,0.15000000000000002
headgroup,R0C-b8df4b6953b6f07eae5d,False,1.0,0.0
headgroup,R0C-b91e02c6f1357e5f0f13,False,0.35135135135135137,0.6486486486486487
headgroup,R0C-ba26fc6b4ba3537f92a0,False,0.6829268292682927,0.31707317073170727
headgroup,R0C-ba313224162b68b71899,False,0.875,0.125
headgroup,R0C-ba3c1468fc0e5d127d98,False,0.765625,0.234375
headgroup,R0C-ba4a52a48ec63e900adc,False,0.8620689655172413,0.13793103448275867
headgroup,R0C-ba6dbf67a5a4f9a07b5b,False,0.5084745762711864,0.4915254237288136
headgroup,R0C-ba95ff3f770ad6e55d95,True,0.8269230769230769,0.17307692307692313
headgroup,R0C-ba9faed7394172521080,False,0.41304347826086957,0.5869565217391304
headgroup,R0C-baa43589429e889142f4,False,0.48484848484848486,0.5151515151515151
headgroup,R0C-bafa611bc28368821474,False,0.71875,0.28125
headgroup,R0C-bafc64dc34b4ca24a089,False,0.9428571428571428,0.05714285714285716
headgroup,R0C-bb0b77f10eeafccc63fb,False,0.8666666666666667,0.1333333333333333
headgroup,R0C-bb40e44e0174c88db5de,False,0.864406779661017,0.13559322033898302
headgroup,R0C-bb42207ad1d0f3ed01b7,False,0.8615384615384616,0.1384615384615384
headgroup,R0C-bb5a9693e1cc66b7ca6a,False,0.8292682926829268,0.1707317073170732
headgroup,R0C-bb5bad99c4f3638152f4,False,0.8269230769230769,0.17307692307692313
headgroup,R0C-bb68225631b40b94794c,False,0.6265060240963856,0.37349397590361444
headgroup,R0C-bbc50431661a56a8e7d0,False,0.5967741935483871,0.4032258064516129
headgroup,R0C-bbe01f5fe5662facf0b9,True,0.8269230769230769,0.17307692307692313
headgroup,R0C-bbf06a961f93858137b0,False,0.5079365079365079,0.4920634920634921
headgroup,R0C-bbfb1ac2c41bbe76e7f7,False,0.8163265306122449,0.18367346938775508
headgroup,R0C-bc0b46c8550f4faceef9,False,0.8958333333333334,0.10416666666666663
headgroup,R0C-bc16c373d22dbb37c6aa,False,0.9354838709677419,0.06451612903225812
headgroup,R0C-bc434f7b7dead761088d,False,0.95,0.050000000000000044
headgroup,R0C-bc607299e066164b5ba9,False,0.5974025974025974,0.4025974025974026
headgroup,R0C-bc78b6f6238ca2886b4c,False,0.8541666666666666,0.14583333333333337
headgroup,R0C-bcc72d548069e00d309b,False,0.5652173913043478,0.4347826086956522
headgroup,R0C-bcdab81fcc89191f2350,False,0.9607843137254902,0.039215686274509776
headgroup,R0C-bd4a69b96200987a8781,False,0.7631578947368421,0.23684210526315785
headgroup,R0C-bd6384d100bd154bf78a,False,0.821917808219178,0.17808219178082196
headgroup,R0C-bd8572a6edc20e1889cb,False,0.9074074074074074,0.09259259259259256
headgroup,R0C-bd948bac5e74669c0bec,False,0.8275862068965517,0.1724137931034483
headgroup,R0C-bdc27a655e463953340e,False,0.75,0.25
headgroup,R0C-bdd564095c82c3a84752,False,0.6724137931034483,0.3275862068965517
headgroup,R0C-be24b317cb3c3bea855b,False,0.6785714285714286,0.3214285714285714
headgroup,R0C-be292ad5f4f94b240017,False,0.6153846153846154,0.3846153846153846
headgroup,R0C-be29323d4542b836006f,False,0.8823529411764706,0.11764705882352944
headgroup,R0C-be2ce539c3e6849db968,False,0.7105263157894737,0.2894736842105263
headgroup,R0C-be4912c6716e99eb8099,True,0.8448275862068966,0.15517241379310343
headgroup,R0C-be8174b93967720fc9b6,False,0.8142857142857143,0.18571428571428572
headgroup,R0C-be9220305b1400385dcc,True,0.7121212121212122,0.28787878787878785
headgroup,R0C-bedd34993f9ce5b5e150,False,0.6379310344827587,0.3620689655172413
headgroup,R0C-bee42ab3221514d38be0,False,0.41304347826086957,0.5869565217391304
headgroup,R0C-bef38f826a6c94a433e3,False,0.8775510204081632,0.12244897959183676
headgroup,R0C-bf14dcd690e143611258,False,0.4166666666666667,0.5833333333333333
headgroup,R0C-bf179e9886fa73b99820,False,0.75,0.25
headgroup,R0C-bf2c9107986c2f7dfddf,False,0.45714285714285713,0.5428571428571429
headgroup,R0C-bf388d5393b5afaaedbe,False,0.8181818181818182,0.18181818181818177
headgroup,R0C-bf5011ac344ed65e73ac,False,0.9649122807017544,0.03508771929824561
headgroup,R0C-bf59d7fc7d8b093430d9,False,0.8409090909090909,0.15909090909090906
headgroup,R0C-bf9991896e679dc88010,False,0.704225352112676,0.295774647887324
headgroup,R0C-bfae86eef6232991bf51,False,0.6379310344827587,0.3620689655172413
headgroup,R0C-bfdf1fc9274c874d72ff,True,0.7432432432432432,0.2567567567567568
headgroup,R0C-c016d1b776ca3c89f06f,False,0.7906976744186046,0.2093023255813954
headgroup,R0C-c01a4a44b32a1589be7d,False,0.7941176470588235,0.20588235294117652
headgroup,R0C-c0a3ddc06002002e98eb,False,0.4090909090909091,0.5909090909090908
headgroup,R0C-c0f9d23fbac40bd5e101,False,0.9074074074074074,0.09259259259259256
headgroup,R0C-c10793b8b6dd7785e847,False,0.7323943661971831,0.2676056338028169
headgroup,R0C-c1132d6c12ff1958a0ad,False,0.8333333333333334,0.16666666666666663
headgroup,R0C-c130fc880a2508550c31,False,0.6956521739130435,0.30434782608695654
headgroup,R0C-c15d83c30c8f47276e7b,False,0.9107142857142857,0.0892857142857143
headgroup,R0C-c1613ced831edb213a6c,False,0.5576923076923077,0.4423076923076923
headgroup,R0C-c1826372ce71765f540b,False,0.8529411764705882,0.1470588235294118
headgroup,R0C-c1c775d78f4fe9f76484,False,0.85,0.15000000000000002
headgroup,R0C-c2f1dfca5f1a1137747c,False,0.8548387096774194,0.14516129032258063
headgroup,R0C-c339102fee5096ab5f51,False,0.53125,0.46875
headgroup,R0C-c36bdef9ac46516ffe55,False,0.9032258064516129,0.09677419354838712
headgroup,R0C-c390955f326990717dad,True,0.7285714285714285,0.27142857142857146
headgroup,R0C-c3a08c5d6a8e870ec6ed,False,0.9672131147540983,0.032786885245901676
headgroup,R0C-c3d9a1a428562c29b8d1,False,0.7910447761194029,0.20895522388059706
headgroup,R0C-c3e2b8b96220fa9cf633,False,0.71875,0.28125
headgroup,R0C-c3fcb78e46548c28ace5,False,0.9069767441860465,0.09302325581395354
headgroup,R0C-c4208c357f6d189389b8,False,0.611764705882353,0.388235294117647
headgroup,R0C-c45dcf97e9856f82e8ec,False,0.86,0.14
headgroup,R0C-c48fdd91aaf40cb1cf56,True,0.7903225806451613,0.20967741935483875
headgroup,R0C-c4989293106f42d6c66f,False,0.9436619718309859,0.05633802816901412
headgroup,R0C-c4b4fc99578cd7a1edb3,False,0.2923076923076923,0.7076923076923076
headgroup,R0C-c4fdee24f16b53ee27c7,False,0.8292682926829268,0.1707317073170732
headgroup,R0C-c547c1ad117f3282e452,False,0.6142857142857143,0.3857142857142857
headgroup,R0C-c54d9c036b4b26cc3971,False,1.0,0.0
headgroup,R0C-c594b101cec7a4352454,False,0.7846153846153846,0.2153846153846154
headgroup,R0C-c5958fe78d64827a8cb1,False,0.725,0.275
headgroup,R0C-c59bfe440331423bf826,False,0.6097560975609756,0.3902439024390244
headgroup,R0C-c5cf192958a1318e7664,False,0.8947368421052632,0.10526315789473684
headgroup,R0C-c655f5fa02980baec180,False,0.7105263157894737,0.2894736842105263
headgroup,R0C-c6575eb06a0da34c77d6,False,0.9122807017543859,0.08771929824561409
headgroup,R0C-c67bcb606550bbddb77e,False,0.7051282051282052,0.2948717948717948
headgroup,R0C-c681c4d61875d2c03141,False,0.7586206896551724,0.24137931034482762
headgroup,R0C-c68bbe52fe062ed690a0,False,1.0,0.0
headgroup,R0C-c6a5221c8e28e849a782,False,0.9130434782608695,0.08695652173913049
headgroup,R0C-c6a6889fd7837d9bb7e7,False,0.5357142857142857,0.4642857142857143
headgroup,R0C-c7035aaa0da68ac5775f,False,0.8653846153846154,0.13461538461538458
headgroup,R0C-c70ced244a29ff3e05cb,False,0.4067796610169492,0.5932203389830508
headgroup,R0C-c74b1b3cf7774a16e8f9,False,0.6538461538461539,0.34615384615384615
headgroup,R0C-c7b3ee9047813359e64d,False,1.0,0.0
headgroup,R0C-c80123596279a2f32cd4,False,0.8367346938775511,0.16326530612244894
headgroup,R0C-c80a7a01dd8f3f3a2c32,False,0.8723404255319149,0.12765957446808507
headgroup,R0C-c8116ef8c335bd65dd42,False,0.873015873015873,0.12698412698412698
headgroup,R0C-c815dbd1455ca1cca691,False,0.8636363636363636,0.13636363636363635
headgroup,R0C-c8294c2137ef60236ced,True,0.7903225806451613,0.20967741935483875
headgroup,R0C-c82cacfb4b82a51face7,False,0.618421052631579,0.381578947368421
headgroup,R0C-c8bf081effa3e45d8849,False,0.95,0.050000000000000044
headgroup,R0C-c8f8103376e0c557ff44,False,0.5972222222222222,0.4027777777777778
headgroup,R0C-c90853b080014c5d2544,False,0.8148148148148148,0.18518518518518523
headgroup,R0C-c90b983750115a86a4de,False,0.71875,0.28125
headgroup,R0C-c985a503e16af8611965,False,0.72,0.28
headgroup,R0C-c9ab7079f5fde7b924ee,False,0.7121212121212122,0.28787878787878785
headgroup,R0C-ca323ae2664085d6a68d,False,0.7323943661971831,0.2676056338028169
headgroup,R0C-ca4d8079f02a2a83bc0a,False,1.0,0.0
headgroup,R0C-caa82b5540150ceda363,True,0.7678571428571429,0.2321428571428571
headgroup,R0C-cab325c8cf545ee662f6,False,0.6041666666666666,0.39583333333333337
headgroup,R0C-cab73b4f4d7d4f964391,True,0.8571428571428571,0.1428571428571429
headgroup,R0C-cac15886f5860e9c4479,False,0.9069767441860465,0.09302325581395354
headgroup,R0C-cac24711635df56a762a,False,0.8448275862068966,0.15517241379310343
headgroup,R0C-caf0040d38e23fb61226,False,0.95,0.050000000000000044
headgroup,R0C-cb0ce0b95662d92fd690,False,0.6176470588235294,0.38235294117647056
headgroup,R0C-cb326a579dbc641f254a,False,0.803030303030303,0.19696969696969702
headgroup,R0C-cb436f6320be8010c35e,False,0.71875,0.28125
headgroup,R0C-cb62970e7d7a0da8bd67,False,0.8611111111111112,0.13888888888888884
headgroup,R0C-cb7d341cf3f10715929e,False,0.4857142857142857,0.5142857142857142
headgroup,R0C-cbae4169b336bb812a93,False,0.48,0.52
headgroup,R0C-cbbed45fac98f601fdd1,False,0.8235294117647058,0.17647058823529416
headgroup,R0C-cbeb9bbffcd8a4b478ef,False,0.42592592592592593,0.5740740740740741
headgroup,R0C-cbf65650560a72c0e204,False,0.4883720930232558,0.5116279069767442
headgroup,R0C-cc623361463869dad017,False,0.8709677419354839,0.12903225806451613
headgroup,R0C-cc7b975a2eaa3de5a709,False,0.8392857142857143,0.1607142857142857
headgroup,R0C-cc7fb34c31f5a76cb02b,False,0.8372093023255814,0.16279069767441856
headgroup,R0C-cc97edfa496fdace0093,False,0.5416666666666666,0.45833333333333337
headgroup,R0C-ccd2c99f806583e4f4e1,False,0.8529411764705882,0.1470588235294118
headgroup,R0C-ccdc6d43aa3d550f8e6a,False,0.8412698412698413,0.15873015873015872
headgroup,R0C-cce9ba5a1966ae27f2ef,False,0.72,0.28
headgroup,R0C-cd08c79541440de1734b,False,0.9253731343283582,0.07462686567164178
headgroup,R0C-cd21c693e2108e0fc113,False,0.7872340425531915,0.21276595744680848
headgroup,R0C-cd4e1795cc9ee02abe7c,False,0.84375,0.15625
headgroup,R0C-cd5106bbe1b86a59e785,False,0.8260869565217391,0.17391304347826086
headgroup,R0C-cd5f6d3167b31efc3c4b,False,0.8222222222222222,0.1777777777777778
headgroup,R0C-cdfefad63e658326b7e7,False,0.875,0.125
headgroup,R0C-ce007530cf01a07a9e40,False,0.8679245283018868,0.13207547169811318
headgroup,R0C-ce3756a19eaf8c75e42b,False,0.8448275862068966,0.15517241379310343
headgroup,R0C-ce3b539f489ca4e74f86,False,0.8260869565217391,0.17391304347826086
headgroup,R0C-ce7aa7dc5f101cca7873,False,0.94,0.06000000000000005
headgroup,R0C-ce86016ae8633802a567,True,0.8269230769230769,0.17307692307692313
headgroup,R0C-ce95caed3cf2917c8074,False,0.23529411764705882,0.7647058823529411
headgroup,R0C-cee733ff8ae7e9a571bf,False,0.6904761904761905,0.30952380952380953
headgroup,R0C-cf15977657876134f23b,False,0.5833333333333334,0.41666666666666663
headgroup,R0C-cf166f424b4aaddcdd22,False,0.8958333333333334,0.10416666666666663
headgroup,R0C-cf5b7762f9157467c58d,False,0.8979591836734694,0.10204081632653061
headgroup,R0C-cf6758fb0c76800f5808,False,0.8666666666666667,0.1333333333333333
headgroup,R0C-cf83bfd24744ea11311e,False,0.6219512195121951,0.3780487804878049
headgroup,R0C-cf8d0dafc7715b11c0cb,False,0.5319148936170213,0.46808510638297873
headgroup,R0C-cfb3b8a6674073544273,False,0.7323943661971831,0.2676056338028169
headgroup,R0C-d019e2bc57469bfd7fd3,False,0.873015873015873,0.12698412698412698
headgroup,R0C-d02223239a36fded7ff2,False,0.765625,0.234375
headgroup,R0C-d025cc60123e40f51985,False,0.7777777777777778,0.2222222222222222
headgroup,R0C-d043044a1f44efb2e6d8,False,0.8958333333333334,0.10416666666666663
headgroup,R0C-d057e905416bb4299ea7,False,0.8275862068965517,0.1724137931034483
headgroup,R0C-d060241c36d32ac8d8f5,False,0.8615384615384616,0.1384615384615384
headgroup,R0C-d07eeef9a2bf8dd50ade,False,0.42592592592592593,0.5740740740740741
headgroup,R0C-d08e685694912b928e91,False,0.9137931034482759,0.08620689655172409
headgroup,R0C-d09dc59030746cbab658,False,0.6938775510204082,0.30612244897959184
headgroup,R0C-d09ed4e18dda156a06c5,False,0.8305084745762712,0.1694915254237288
headgroup,R0C-d0c555ccc4800fb4e0aa,False,0.9315068493150684,0.06849315068493156
headgroup,R0C-d0d19b272949a0ea9056,False,0.6582278481012658,0.3417721518987342
headgroup,R0C-d0db98374c498f1ed5ef,False,0.7959183673469388,0.20408163265306123
headgroup,R0C-d0df52a61b540250b308,False,0.9402985074626866,0.05970149253731338
headgroup,R0C-d10e1d56ede4ffcc2300,False,0.8507462686567164,0.14925373134328357
headgroup,R0C-d112c568caf34ad917a5,False,0.7361111111111112,0.26388888888888884
headgroup,R0C-d122560d22ff3cc0c91a,False,0.6,0.4
headgroup,R0C-d126aaf5696795a4c203,False,1.0,0.0
headgroup,R0C-d1371143aa5211e9221e,False,0.4883720930232558,0.5116279069767442
headgroup,R0C-d1508fe44ad873a3c9cb,False,0.5263157894736842,0.4736842105263158
headgroup,R0C-d1c73f237505491fef75,False,0.5952380952380952,0.40476190476190477
headgroup,R0C-d1d4df9dc3500fb97f8b,False,0.7755102040816326,0.22448979591836737
headgroup,R0C-d1eecb95e8ee22e7003b,False,0.8269230769230769,0.17307692307692313
headgroup,R0C-d22cb7369219e2be8c10,False,0.8333333333333334,0.16666666666666663
headgroup,R0C-d252785cff6ae89dbc7e,False,0.4339622641509434,0.5660377358490566
headgroup,R0C-d25cb379d0247d6491ea,False,0.4186046511627907,0.5813953488372092
headgroup,R0C-d25e56acff7656d934a3,False,0.8703703703703703,0.12962962962962965
headgroup,R0C-d281fb8f2fcf15a6adc2,False,0.484375,0.515625
headgroup,R0C-d29e85fc40ab38860b5a,False,0.7631578947368421,0.23684210526315785
headgroup,R0C-d2a4308d4d3ebbe7b09b,False,0.7205882352941176,0.27941176470588236
headgroup,R0C-d2a5762efaad5a3523a6,False,0.8928571428571429,0.1071428571428571
headgroup,R0C-d2b2d4678eb29138f164,False,0.9411764705882353,0.05882352941176472
headgroup,R0C-d2e7ac66b497303f0708,False,0.5263157894736842,0.4736842105263158
headgroup,R0C-d2e934d4b1b28b23844f,False,0.5102040816326531,0.4897959183673469
headgroup,R0C-d2f0a1a105f5337a6b71,False,0.8490566037735849,0.15094339622641506
headgroup,R0C-d2fa2e2b6d13d3617fca,False,1.0,0.0
headgroup,R0C-d331424b4f9f59170262,False,0.38181818181818183,0.6181818181818182
headgroup,R0C-d33c3ab9e41c7629e61b,False,0.8529411764705882,0.1470588235294118
headgroup,R0C-d34a8f408e8c8fd02b37,False,0.7631578947368421,0.23684210526315785
headgroup,R0C-d3a2767c4131e24195fe,False,0.8260869565217391,0.17391304347826086
headgroup,R0C-d3a3eac0ba79a89dc02f,False,0.6865671641791045,0.31343283582089554
headgroup,R0C-d402b0571cd928d168bb,False,0.8269230769230769,0.17307692307692313
headgroup,R0C-d4941e9697f080958cae,False,0.9069767441860465,0.09302325581395354
headgroup,R0C-d4df4e57acca4436901b,False,0.7567567567567568,0.2432432432432432
headgroup,R0C-d506ca3ec73b0b6811c8,False,0.7857142857142857,0.2142857142857143
headgroup,R0C-d50cc25e4b87c073b55a,False,0.6219512195121951,0.3780487804878049
headgroup,R0C-d52659e036da12da8b6e,False,0.82,0.18000000000000005
headgroup,R0C-d53f9d73e521c29e00de,False,0.7323943661971831,0.2676056338028169
headgroup,R0C-d5534c197cc9759a8548,False,1.0,0.0
headgroup,R0C-d5560f6bd2365c858721,False,0.8653846153846154,0.13461538461538458
headgroup,R0C-d5585167b794424316f2,True,0.7285714285714285,0.27142857142857146
headgroup,R0C-d596202ee261fabc5119,False,0.88,0.12
headgroup,R0C-d5c05bab2df4054110f3,False,0.6865671641791045,0.31343283582089554
headgroup,R0C-d5d299102b1064d42511,False,0.54,0.45999999999999996
headgroup,R0C-d5dd4f6153ef9160c712,False,1.0,0.0
headgroup,R0C-d621263fdc3c6029bb71,False,0.6041666666666666,0.39583333333333337
headgroup,R0C-d6579c312ed0e97362d2,False,0.8085106382978723,0.19148936170212771
headgroup,R0C-d6741a3bdf137105123e,False,0.7121212121212122,0.28787878787878785
headgroup,R0C-d67660bd99f908e23dc7,False,0.8,0.19999999999999996
headgroup,R0C-d68b442cc311854da82a,False,0.7678571428571429,0.2321428571428571
headgroup,R0C-d6adf3dff3c403bffcd1,False,0.96,0.040000000000000036
headgroup,R0C-d6c21ce03628457d7f45,False,0.47619047619047616,0.5238095238095238
headgroup,R0C-d6d70bcc7d8abb995fd5,False,0.9245283018867925,0.07547169811320753
headgroup,R0C-d6d880debea5181199e5,False,0.4489795918367347,0.5510204081632653
headgroup,R0C-d74f57386141834cccf1,False,0.8163265306122449,0.18367346938775508
headgroup,R0C-d76e049b4b5d361c7920,False,0.8,0.19999999999999996
headgroup,R0C-d774b0608bf4888b3025,False,0.5818181818181818,0.4181818181818182
headgroup,R0C-d7861188aab664e46df7,False,0.6538461538461539,0.34615384615384615
headgroup,R0C-d79b08e37812b6834e79,False,0.5102040816326531,0.4897959183673469
headgroup,R0C-d7aa394157b367d88622,False,0.9111111111111111,0.0888888888888889
headgroup,R0C-d7bb89cae1be96d0585f,False,0.7121212121212122,0.28787878787878785
headgroup,R0C-d7e8386a6babbf5c44af,False,0.4067796610169492,0.5932203389830508
headgroup,R0C-d7f0fb042883be74933f,False,0.8867924528301887,0.1132075471698113
headgroup,R0C-d80381d9fabf9e857178,False,0.7971014492753623,0.2028985507246377
headgroup,R0C-d82f5e8177d19596e0c5,False,0.9166666666666666,0.08333333333333337
headgroup,R0C-d8817e036ee217cca32d,False,0.9285714285714286,0.0714285714285714
headgroup,R0C-d89833d3d1252cea1a76,False,0.8085106382978723,0.19148936170212771
headgroup,R0C-d8acc0af55ffe0c82a0b,False,0.7346938775510204,0.26530612244897955
headgroup,R0C-d8b67b5513e4537b6471,False,1.0,0.0
headgroup,R0C-d8bca098fd37d1d316ec,False,0.8913043478260869,0.10869565217391308
headgroup,R0C-d926c05b4f44a5c5ccb1,False,0.8461538461538461,0.15384615384615385
headgroup,R0C-d9274d0df8343ad7e90d,False,0.8260869565217391,0.17391304347826086
headgroup,R0C-d9965b9a68bfc6c8af2c,False,1.0,0.0
headgroup,R0C-d9a5606a4a36ab7d13f7,False,0.975609756097561,0.024390243902439046
headgroup,R0C-d9a6aee40360003ba6e0,False,0.6041666666666666,0.39583333333333337
headgroup,R0C-d9b216443776d9d2bed0,False,0.41304347826086957,0.5869565217391304
headgroup,R0C-da1f41cca324756b5705,False,0.864406779661017,0.13559322033898302
headgroup,R0C-da4a548e21bfa5f8f213,False,0.6382978723404256,0.36170212765957444
headgroup,R0C-da7776415e22066ce75d,False,0.9166666666666666,0.08333333333333337
headgroup,R0C-daa18da50bc0c573b4fc,False,0.4444444444444444,0.5555555555555556
headgroup,R0C-daa5f126d48570e8ff43,False,0.8043478260869565,0.19565217391304346
headgroup,R0C-daa7c5cc8b5602b666e3,False,0.8392857142857143,0.1607142857142857
headgroup,R0C-dacc6d55e68b9efba00a,False,0.7543859649122807,0.24561403508771928
headgroup,R0C-dade6c2b5a66d703f174,False,0.71875,0.28125
headgroup,R0C-db211d73b69a140003fb,False,0.7441860465116279,0.2558139534883721
headgroup,R0C-db247ebb6a37853017ba,False,0.44776119402985076,0.5522388059701493
headgroup,R0C-db576d269690bdf961d4,False,0.4883720930232558,0.5116279069767442
headgroup,R0C-db8805bf189c021694c3,False,0.7450980392156863,0.2549019607843137
headgroup,R0C-dba6b2eddf9656f6c075,False,0.9054054054054054,0.09459459459459463
headgroup,R0C-dbb5b291525f246640fe,True,0.796875,0.203125
headgroup,R0C-dbb7773d79584f162c1c,False,0.9295774647887324,0.07042253521126762
headgroup,R0C-dbbc42b69bdd50eec749,False,0.8163265306122449,0.18367346938775508
headgroup,R0C-dbc3bdf69a02ed0adb92,False,1.0,0.0
headgroup,R0C-dbc86fb4fd9e73f7bfb7,False,0.7333333333333333,0.2666666666666667
headgroup,R0C-dbd639711a21583e7f3a,False,0.6346153846153846,0.3653846153846154
headgroup,R0C-dbf3204ad3a3557eebc0,False,0.7586206896551724,0.24137931034482762
headgroup,R0C-dbf9db89802dca33040f,True,0.85,0.15000000000000002
headgroup,R0C-dc0f0923b7665a53feb1,False,0.8490566037735849,0.15094339622641506
headgroup,R0C-dc3cc82a645eca9d25c8,False,0.5344827586206896,0.4655172413793104
headgroup,R0C-dc5466f547fab45696d5,False,0.72,0.28
headgroup,R0C-dc546af1c624d1c0bbe9,False,0.7105263157894737,0.2894736842105263
headgroup,R0C-dc578d48daa93f63bc6c,False,0.71875,0.28125
headgroup,R0C-dc67118544a67ceff458,False,0.8709677419354839,0.12903225806451613
headgroup,R0C-dc7fd41023f58f23daac,False,0.8507462686567164,0.14925373134328357
headgroup,R0C-dcc8240d11f6c4cd0cce,False,0.5535714285714286,0.4464285714285714
headgroup,R0C-dcebdc45ee9bb7bd61dc,False,0.4423076923076923,0.5576923076923077
headgroup,R0C-dd0f93652387df39979e,False,0.6721311475409836,0.3278688524590164
headgroup,R0C-dd601ccad95be5c74b99,False,0.9074074074074074,0.09259259259259256
headgroup,R0C-dd6599ee22eeb7bb3f33,False,1.0,0.0
headgroup,R0C-dd7dd46178a01e600948,False,0.4444444444444444,0.5555555555555556
headgroup,R0C-dd90879d33ac67e75662,False,0.9482758620689655,0.051724137931034475
headgroup,R0C-dda3e3274a65722d95b0,False,0.6176470588235294,0.38235294117647056
headgroup,R0C-ddc2a586b72111e385fc,False,0.8958333333333334,0.10416666666666663
headgroup,R0C-ddf01342305dd204b6bb,False,0.4727272727272727,0.5272727272727273
headgroup,R0C-de3bb2aa20624f518c2f,False,0.484375,0.515625
headgroup,R0C-de4b215b4ba0bc69a5bb,False,0.8222222222222222,0.1777777777777778
headgroup,R0C-de5dde8900308ed04852,False,0.7567567567567568,0.2432432432432432
headgroup,R0C-de61a0a46e851ea743ef,False,0.4857142857142857,0.5142857142857142
headgroup,R0C-de82d7ba575b8c2c7c32,False,0.8082191780821918,0.1917808219178082
headgroup,R0C-deae5ee4484c98a04723,False,0.6904761904761905,0.30952380952380953
headgroup,R0C-df0365aa646c9f8b6a1b,False,0.8490566037735849,0.15094339622641506
headgroup,R0C-df29f9addcb1045fce34,False,0.3786407766990291,0.6213592233009708
headgroup,R0C-df34a331e58faf26df1a,False,0.6419753086419753,0.3580246913580247
headgroup,R0C-df4fd3245278dc84d633,False,0.46938775510204084,0.5306122448979591
headgroup,R0C-df988f728dd6142ba82b,False,0.9743589743589743,0.02564102564102566
headgroup,R0C-df99ebbe9e2808dfdc75,False,0.8611111111111112,0.13888888888888884
headgroup,R0C-dfa3bdd6f109db9d5b88,False,0.42857142857142855,0.5714285714285714
headgroup,R0C-dfe65a46f7e08743e135,False,0.7317073170731707,0.2682926829268293
headgroup,R0C-dffa80188b3ff1a5873e,False,0.6346153846153846,0.3653846153846154
headgroup,R0C-dffdc17a88a723c3e731,False,0.8769230769230769,0.12307692307692308
headgroup,R0C-e0069d6ca9e253d0687b,False,0.8,0.19999999999999996
headgroup,R0C-e0153ee610e0d9cc1a05,False,0.8297872340425532,0.17021276595744683
headgroup,R0C-e0b6881d46cc57e16093,True,0.7361111111111112,0.26388888888888884
headgroup,R0C-e0bfe573aca9e4e557e8,False,0.5180722891566265,0.4819277108433735
headgroup,R0C-e0c0af223fb218b70157,False,1.0,0.0
headgroup,R0C-e0cb058cdce37c0571e3,False,0.4098360655737705,0.5901639344262295
headgroup,R0C-e1043b035c1ecdbcf634,False,0.7631578947368421,0.23684210526315785
headgroup,R0C-e10fab671c8793ae9390,False,0.4489795918367347,0.5510204081632653
headgroup,R0C-e1204165e477f38f8b37,False,0.855072463768116,0.14492753623188404
headgroup,R0C-e12324a0a18f50121bce,False,0.8372093023255814,0.16279069767441856
headgroup,R0C-e12ef1288b0c51599957,False,0.8363636363636363,0.1636363636363637
headgroup,R0C-e13c476921cd05d5519c,False,0.8666666666666667,0.1333333333333333
headgroup,R0C-e189ec677f5e926f7b81,False,0.6071428571428571,0.3928571428571429
headgroup,R0C-e1a62d4382500e1d9bce,False,0.9206349206349206,0.07936507936507942
headgroup,R0C-e1d37f1cc1635211c50f,False,0.7586206896551724,0.24137931034482762
headgroup,R0C-e1fa8ffe8db2397764d9,False,0.7586206896551724,0.24137931034482762
headgroup,R0C-e203261bfb92bae84240,False,0.39655172413793105,0.603448275862069
headgroup,R0C-e231a6ebf53ec4d5abb4,False,0.725,0.275
headgroup,R0C-e2461d4832680271d20a,True,0.7903225806451613,0.20967741935483875
headgroup,R0C-e24e833026d2711f48c3,False,0.9841269841269841,0.015873015873015928
headgroup,R0C-e263e3550daa1de172b9,False,0.6382978723404256,0.36170212765957444
headgroup,R0C-e267fcafa54530b64fdc,False,0.7215189873417721,0.2784810126582279
headgroup,R0C-e276ba093b6e89784653,False,0.8,0.19999999999999996
headgroup,R0C-e28301f6de9bcda87190,False,0.4714285714285714,0.5285714285714286
headgroup,R0C-e2abdbd69aae8c471694,False,0.5483870967741935,0.4516129032258065
headgroup,R0C-e304ac940e6e94106524,False,0.8260869565217391,0.17391304347826086
headgroup,R0C-e310658f9119ad74bc8f,False,0.7441860465116279,0.2558139534883721
headgroup,R0C-e34b586236385ca60a07,False,0.9090909090909091,0.09090909090909094
headgroup,R0C-e3532d632cc488776274,False,1.0,0.0
headgroup,R0C-e35d3c817f9279f93b06,True,0.8,0.19999999999999996
headgroup,R0C-e35d8df3c05337e0e376,False,0.5686274509803921,0.43137254901960786
headgroup,R0C-e3a5b677b8b6575098af,False,0.6375,0.36250000000000004
headgroup,R0C-e400f984a5055e2e0132,False,0.6885245901639344,0.3114754098360656
headgroup,R0C-e418a32e9c87478f8180,False,0.9069767441860465,0.09302325581395354
headgroup,R0C-e4516d0101a1824f4389,False,0.813953488372093,0.18604651162790697
headgroup,R0C-e462750ece5b182b559e,False,0.8421052631578947,0.1578947368421053
headgroup,R0C-e49291fed4c821ad7cf7,True,0.8448275862068966,0.15517241379310343
headgroup,R0C-e4ad64c43ad11cf00703,False,0.3877551020408163,0.6122448979591837
headgroup,R0C-e4b7fa5de388a2a68d59,False,0.9487179487179487,0.05128205128205132
headgroup,R0C-e4b82703d56bed25b9d1,False,0.9436619718309859,0.05633802816901412
headgroup,R0C-e4eae6c6eb3d32970ec4,False,1.0,0.0
headgroup,R0C-e5011c0936d5fd5914ad,False,0.6792452830188679,0.3207547169811321
headgroup,R0C-e512a9df370808e382cc,False,0.4791666666666667,0.5208333333333333
headgroup,R0C-e54264153a6c4ccc0967,True,0.8524590163934426,0.14754098360655743
headgroup,R0C-e5630eac266cc4dd3179,False,1.0,0.0
headgroup,R0C-e571710a49df6be7be51,False,0.8055555555555556,0.19444444444444442
headgroup,R0C-e576d23c07e4e5a02537,False,0.5652173913043478,0.4347826086956522
headgroup,R0C-e588cb4484729dfbeda0,False,0.68,0.31999999999999995
headgroup,R0C-e5e351354ae76d53545e,False,0.7741935483870968,0.22580645161290325
headgroup,R0C-e65e7075d6b4b769adf5,False,0.48,0.52
headgroup,R0C-e697bab30d5a3799665b,False,0.4642857142857143,0.5357142857142857
headgroup,R0C-e6d5ce05640d365de4a1,True,0.7466666666666667,0.2533333333333333
headgroup,R0C-e6ef735676c5f5f7e941,False,0.5660377358490566,0.4339622641509434
headgroup,R0C-e70c3d560d00e967ce49,False,0.5967741935483871,0.4032258064516129
headgroup,R0C-e74ac02e371b85d9572a,False,0.6382978723404256,0.36170212765957444
headgroup,R0C-e7502d4417a02fb65a70,False,0.7142857142857143,0.2857142857142857
headgroup,R0C-e7668684861d6a68e9ac,False,0.984375,0.015625
headgroup,R0C-e76e56a62c33c4fa027e,False,0.7105263157894737,0.2894736842105263
headgroup,R0C-e7705b6efcd4c246f5f6,False,0.8,0.19999999999999996
headgroup,R0C-e788690d03dc2a319339,False,0.8596491228070176,0.14035087719298245
headgroup,R0C-e7952d46f5eabc7d8802,False,0.4918032786885246,0.5081967213114754
headgroup,R0C-e79a919b75889975cf72,False,0.7435897435897436,0.2564102564102564
headgroup,R0C-e7b10bfe757121c66d93,False,0.5918367346938775,0.40816326530612246
headgroup,R0C-e7bd14c2f74366a59d3a,False,0.8297872340425532,0.17021276595744683
headgroup,R0C-e7d1090f85bc88ff263c,False,0.7704918032786885,0.2295081967213115
headgroup,R0C-e7f86b69403ecfe408e2,False,0.391304347826087,0.6086956521739131
headgroup,R0C-e8115d82afc755d8b162,False,0.6956521739130435,0.30434782608695654
headgroup,R0C-e819be822168b49bb78f,False,0.8955223880597015,0.10447761194029848
headgroup,R0C-e82d709c2451ed1c0d7c,False,0.7236842105263158,0.2763157894736842
headgroup,R0C-e8632ee0bdd36e5b00bc,False,0.7205882352941176,0.27941176470588236
headgroup,R0C-e87b5867bb4dff4f9a31,False,0.8235294117647058,0.17647058823529416
headgroup,R0C-e88eafdfa6514cca6403,False,0.8939393939393939,0.10606060606060608
headgroup,R0C-e9601646204cbe4d6fd2,False,0.9666666666666667,0.033333333333333326
headgroup,R0C-e977ab82951c57c5c8a0,False,0.46511627906976744,0.5348837209302326
headgroup,R0C-e9e7eb25ad1fe70f332f,False,0.7454545454545455,0.2545454545454545
headgroup,R0C-e9f19319be6d61ce9f61,False,0.8269230769230769,0.17307692307692313
headgroup,R0C-e9f77814baf1ecba5353,False,0.71875,0.28125
headgroup,R0C-e9f80187a988f191ce90,False,0.7846153846153846,0.2153846153846154
headgroup,R0C-ea219504754213f52538,False,0.8666666666666667,0.1333333333333333
headgroup,R0C-ea2343b9f560c0ee87d2,False,0.9,0.09999999999999998
headgroup,R0C-ea4d0679dc2030d32021,True,0.7361111111111112,0.26388888888888884
headgroup,R0C-ea52ddf69a33c67ddc59,False,0.4090909090909091,0.5909090909090908
headgroup,R0C-ea589e95e3dfbd4fc091,False,0.9193548387096774,0.08064516129032262
headgroup,R0C-ea7038f4c68b9c3e345c,False,0.9090909090909091,0.09090909090909094
headgroup,R0C-ea85704ff7a525366d01,False,0.8235294117647058,0.17647058823529416
headgroup,R0C-ea8aa8c70fcd93e3d138,False,0.75,0.25
headgroup,R0C-eaa2f14e14ece1e3bdac,False,0.7666666666666667,0.23333333333333328
headgroup,R0C-eab3bb0899c178ad3df4,False,0.921875,0.078125
headgroup,R0C-ead27eaf834c185e70b7,False,0.581081081081081,0.41891891891891897
headgroup,R0C-eae5d7379d877358ec92,False,0.5238095238095238,0.47619047619047616
headgroup,R0C-eafe20da7be70c94be15,False,0.8260869565217391,0.17391304347826086
headgroup,R0C-eb0e1348fd58072ee1d3,False,0.8266666666666667,0.17333333333333334
headgroup,R0C-eb21752b6cf2b5305c61,True,0.8524590163934426,0.14754098360655743
headgroup,R0C-eba778d719814c97188c,False,0.8412698412698413,0.15873015873015872
headgroup,R0C-ebb9012d2440c507a8b6,False,0.8222222222222222,0.1777777777777778
headgroup,R0C-ebbe539b953500f720ea,False,0.9428571428571428,0.05714285714285716
headgroup,R0C-ebc40e98bb9f35136054,False,0.8461538461538461,0.15384615384615385
headgroup,R0C-ebf1bc72ec5eac148916,False,0.484375,0.515625
headgroup,R0C-ec31734dfa7190b2903f,False,0.855072463768116,0.14492753623188404
headgroup,R0C-ecca7ef1cab36e72dea0,False,0.7540983606557377,0.24590163934426235
headgroup,R0C-ed72943a5e69db00306b,False,0.4027777777777778,0.5972222222222222
headgroup,R0C-ed7e9fc1864bbea070b7,False,0.86,0.14
headgroup,R0C-ed86ef42330ae2306b26,False,0.3793103448275862,0.6206896551724138
headgroup,R0C-edb6a9cca57e9fbb5b28,False,0.4857142857142857,0.5142857142857142
headgroup,R0C-ee4d22ec09fe83f3ca55,False,0.9636363636363636,0.036363636363636376
headgroup,R0C-ee64c6d8f0bbcd6264cb,False,0.9333333333333333,0.06666666666666665
headgroup,R0C-ee76dbbb2aeba73de50a,False,0.6,0.4
headgroup,R0C-eea3858f99f486dd135a,False,0.53125,0.46875
headgroup,R0C-eeac5ced0851ee24f422,False,0.5789473684210527,0.42105263157894735
headgroup,R0C-eeaca2ba7c88039735a9,True,0.8269230769230769,0.17307692307692313
headgroup,R0C-eebf0df3f1577eacd4ec,False,0.725,0.275
headgroup,R0C-eeff87e524e9265c3ace,False,0.8333333333333334,0.16666666666666663
headgroup,R0C-ef0118e1f2db58a255f5,False,0.4153846153846154,0.5846153846153845
headgroup,R0C-ef0db1494dd8b23069db,False,0.47619047619047616,0.5238095238095238
headgroup,R0C-ef12de0f9e3be547e6ac,False,0.5230769230769231,0.4769230769230769
headgroup,R0C-ef2392bb7482fde0cc56,True,0.7903225806451613,0.20967741935483875
headgroup,R0C-ef86a8e7dac25b53eaf4,False,0.8723404255319149,0.12765957446808507
headgroup,R0C-ef8dfa20c6110c8a6266,False,0.7123287671232876,0.28767123287671237
headgroup,R0C-ef92a22009e36a1a6aa1,False,0.9672131147540983,0.032786885245901676
headgroup,R0C-efc2bb47721ceb920359,False,0.7183098591549296,0.2816901408450704
headgroup,R0C-efd6b5d7f7c4a07f4f84,False,0.7872340425531915,0.21276595744680848
headgroup,R0C-efea69d81ee8e5328859,False,0.813953488372093,0.18604651162790697
headgroup,R0C-efeae676cd087fb7d23d,False,0.7,0.30000000000000004
headgroup,R0C-eff7686d5050d500db6e,False,0.5972222222222222,0.4027777777777778
headgroup,R0C-f031b7906cf39af281f3,False,0.9661016949152542,0.03389830508474578
headgroup,R0C-f04209f987957c8f56d9,False,0.8769230769230769,0.12307692307692308
headgroup,R0C-f05c7e180fae51191784,False,0.9242424242424242,0.0757575757575758
headgroup,R0C-f06e11ff7fea9b036d79,False,0.4,0.6
headgroup,R0C-f08ce292003c76a11fe2,True,0.7678571428571429,0.2321428571428571
headgroup,R0C-f0a02e6c31c8dae459b8,False,1.0,0.0
headgroup,R0C-f0b973e60df2c51b2e53,True,0.8421052631578947,0.1578947368421053
headgroup,R0C-f0e0b558f5302dd27a74,False,0.7910447761194029,0.20895522388059706
headgroup,R0C-f0e694f75ff19c820ab3,False,0.8596491228070176,0.14035087719298245
headgroup,R0C-f10218a5b5956371ff39,False,0.717391304347826,0.28260869565217395
headgroup,R0C-f105bb30ace0312f07aa,False,0.4791666666666667,0.5208333333333333
headgroup,R0C-f11814173c6dc4ce8628,False,0.673469387755102,0.326530612244898
headgroup,R0C-f13e61a455e8483f16c2,False,0.8823529411764706,0.11764705882352944
headgroup,R0C-f15e583ddadf17a1b84b,False,0.9090909090909091,0.09090909090909094
headgroup,R0C-f16baa07144656d7bcec,False,0.48484848484848486,0.5151515151515151
headgroup,R0C-f1770ed217ac744f7cca,False,0.9411764705882353,0.05882352941176472
headgroup,R0C-f1e5bd1330e500e90c44,True,0.7121212121212122,0.28787878787878785
headgroup,R0C-f1fc24d52ee1218e1d5a,False,0.7692307692307693,0.23076923076923073
headgroup,R0C-f203806d06342b3bf8bf,False,0.9090909090909091,0.09090909090909094
headgroup,R0C-f206400d10a2757b217b,False,0.8571428571428571,0.1428571428571429
headgroup,R0C-f20f28ff4fa4cb473b86,False,0.8627450980392157,0.13725490196078427
headgroup,R0C-f22fd24e5b11a5188185,False,0.47619047619047616,0.5238095238095238
headgroup,R0C-f23f83efe9446c0c4e96,False,0.4883720930232558,0.5116279069767442
headgroup,R0C-f245888cea2530c1e132,False,0.8333333333333334,0.16666666666666663
headgroup,R0C-f24d7f8da3b8c9577bbb,True,0.7361111111111112,0.26388888888888884
headgroup,R0C-f2518a9345b7899dc38f,False,0.42592592592592593,0.5740740740740741
headgroup,R0C-f26ae359c0f53f848824,False,0.5434782608695652,0.4565217391304348
headgroup,R0C-f27975b9c808479b000b,False,0.7027027027027027,0.29729729729729726
headgroup,R0C-f2bf2a12aa47b33e2c02,False,0.717948717948718,0.28205128205128205
headgroup,R0C-f2cb7eea24ece1d7749a,False,0.873015873015873,0.12698412698412698
headgroup,R0C-f2d51f44e21bd9da9406,False,0.8490566037735849,0.15094339622641506
headgroup,R0C-f302cc28d29b138963dc,False,0.3076923076923077,0.6923076923076923
headgroup,R0C-f34cc0932fd62c82c064,False,0.9354838709677419,0.06451612903225812
headgroup,R0C-f392b6e95c167464ccef,False,0.9148936170212766,0.08510638297872342
headgroup,R0C-f3cff5486bcd22d81aa2,True,0.7678571428571429,0.2321428571428571
headgroup,R0C-f3e9b9b88070dc5676cc,False,0.819672131147541,0.180327868852459
headgroup,R0C-f3ed23253be865d9eb60,False,0.5272727272727272,0.4727272727272728
headgroup,R0C-f3fe63dd60b2da3a3b6d,False,0.65,0.35
headgroup,R0C-f3ffa0cd08c79178fb3f,False,0.45098039215686275,0.5490196078431373
headgroup,R0C-f408b1c58a0673d11f51,True,0.7285714285714285,0.27142857142857146
headgroup,R0C-f44d464b3575bfeca451,False,0.8461538461538461,0.15384615384615385
headgroup,R0C-f477f9dddf0ac533003c,False,0.725,0.275
headgroup,R0C-f4bfad45d9ccb8cc919d,False,0.8412698412698413,0.15873015873015872
headgroup,R0C-f4da03c8538c45cbe5ff,False,1.0,0.0
headgroup,R0C-f4df6975a001cbc13b04,False,0.9459459459459459,0.05405405405405406
headgroup,R0C-f4fb8a2601322aa8fccf,False,0.8275862068965517,0.1724137931034483
headgroup,R0C-f5014fde9704a04db657,False,0.4857142857142857,0.5142857142857142
headgroup,R0C-f5159c9071339a012d70,False,0.725,0.275
headgroup,R0C-f51a457ffba36456d1c1,False,0.8478260869565217,0.15217391304347827
headgroup,R0C-f51e5e84b6287cb93be4,False,0.44086021505376344,0.5591397849462365
headgroup,R0C-f56d698e6a5808d895f8,False,0.8709677419354839,0.12903225806451613
headgroup,R0C-f57b31aba4b62763ab32,False,0.5555555555555556,0.4444444444444444
headgroup,R0C-f596700af6a762d2e776,False,0.9193548387096774,0.08064516129032262
headgroup,R0C-f5a14e0b22e02e68df36,False,0.4927536231884058,0.5072463768115942
headgroup,R0C-f5aded820dd5ee5c9288,False,0.5396825396825397,0.46031746031746035
headgroup,R0C-f5b82b9567f8171bb65f,False,0.8292682926829268,0.1707317073170732
headgroup,R0C-f611a11df76516e76645,False,0.9090909090909091,0.09090909090909094
headgroup,R0C-f6163f9041cc5782ef5a,False,0.7627118644067796,0.23728813559322037
headgroup,R0C-f61aefc2cf7ec05f91c9,False,0.8490566037735849,0.15094339622641506
headgroup,R0C-f62e15641ab37a513878,False,0.9074074074074074,0.09259259259259256
headgroup,R0C-f65ef4af2259e28d2db8,False,0.9333333333333333,0.06666666666666665
headgroup,R0C-f675d01848bcee401cad,False,0.5789473684210527,0.42105263157894735
headgroup,R0C-f67aedd3a58eb678b440,False,0.8421052631578947,0.1578947368421053
headgroup,R0C-f69707beab28c484f825,False,0.8,0.19999999999999996
headgroup,R0C-f726b149dbca804caf2e,False,0.8490566037735849,0.15094339622641506
headgroup,R0C-f74807f06f4bb7ca8024,False,0.7105263157894737,0.2894736842105263
headgroup,R0C-f76137db9feb1e2fd22d,False,1.0,0.0
headgroup,R0C-f7687eb8ece6322cd62e,False,0.3888888888888889,0.6111111111111112
headgroup,R0C-f76c9a6acaf2f7f3fe60,True,0.8421052631578947,0.1578947368421053
headgroup,R0C-f76df335209679e8b777,False,0.4264705882352941,0.5735294117647058
headgroup,R0C-f78efd898409f2c2a6b3,False,0.41304347826086957,0.5869565217391304
headgroup,R0C-f7be44b864c27b20bbec,False,0.9180327868852459,0.08196721311475408
headgroup,R0C-f7e60d8b42c3068644df,False,0.851063829787234,0.14893617021276595
headgroup,R0C-f817e467b6f1ec7d20ec,False,0.8133333333333334,0.18666666666666665
headgroup,R0C-f819c1cc8f3c300fe183,False,0.5576923076923077,0.4423076923076923
headgroup,R0C-f86cd859a528d2a81d0a,False,0.8461538461538461,0.15384615384615385
headgroup,R0C-f87a24518b03e26262d8,True,0.8448275862068966,0.15517241379310343
headgroup,R0C-f89e12996cb4aa2aa586,True,0.7678571428571429,0.2321428571428571
headgroup,R0C-f8f63642e2161c2cf867,False,0.7450980392156863,0.2549019607843137
headgroup,R0C-f921f2206ec40205c94c,False,0.8260869565217391,0.17391304347826086
headgroup,R0C-f92caf134f81de94b65f,False,0.4883720930232558,0.5116279069767442
headgroup,R0C-f9be4e92e6a774235c80,True,0.7121212121212122,0.28787878787878785
headgroup,R0C-f9be9bd674655ac3d04c,False,0.8518518518518519,0.14814814814814814
headgroup,R0C-f9bf1b6409f262e3f16c,False,0.41304347826086957,0.5869565217391304
headgroup,R0C-fa19e685c28cdbef4d30,False,0.6904761904761905,0.30952380952380953
headgroup,R0C-fa2575c031c36cc355f8,False,0.5416666666666666,0.45833333333333337
headgroup,R0C-fa5400eafbaa872b2a74,False,0.9166666666666666,0.08333333333333337
headgroup,R0C-fa72102f7a44e05cf10c,False,0.47619047619047616,0.5238095238095238
headgroup,R0C-fa9642369b22cbcb2231,False,0.4782608695652174,0.5217391304347826
headgroup,R0C-facc36392dccf29025a8,False,1.0,0.0
headgroup,R0C-fad49bab50f8e7fbdb37,False,0.8260869565217391,0.17391304347826086
headgroup,R0C-faefeeb83a291b04b032,False,0.8709677419354839,0.12903225806451613
headgroup,R0C-fb1b07781f4c3db85f9d,False,0.8833333333333333,0.1166666666666667
headgroup,R0C-fb21c03dc0143cea29bf,False,1.0,0.0
headgroup,R0C-fb872ea58852716ded75,False,0.7205882352941176,0.27941176470588236
headgroup,R0C-fba4fb68fe6923c7e437,False,0.5396825396825397,0.46031746031746035
headgroup,R0C-fbb1217689f78c137437,False,0.8235294117647058,0.17647058823529416
headgroup,R0C-fbebf4895252fb6a04e8,False,0.8205128205128205,0.17948717948717952
headgroup,R0C-fc4a14516c6c22e440a7,False,0.9074074074074074,0.09259259259259256
headgroup,R0C-fc56116dad40c81b3b3c,False,0.78125,0.21875
headgroup,R0C-fc7edcaf45b0003be213,False,0.6382978723404256,0.36170212765957444
headgroup,R0C-fc975ebbcc4604442544,False,0.8,0.19999999999999996
headgroup,R0C-fcb2460f056c83d12037,False,0.6923076923076923,0.3076923076923077
headgroup,R0C-fcbe9f8cf18f69bee58c,False,0.717391304347826,0.28260869565217395
headgroup,R0C-fcd4ae5929323aef9e25,False,0.8360655737704918,0.16393442622950816
headgroup,R0C-fcf5f36c4afba5a48a75,False,0.9864864864864865,0.013513513513513487
headgroup,R0C-fd09f06c00710532b179,False,0.6904761904761905,0.30952380952380953
headgroup,R0C-fd0d6de20384430fedf5,False,0.7543859649122807,0.24561403508771928
headgroup,R0C-fd16efdd462c0d19038d,True,0.796875,0.203125
headgroup,R0C-fd1804a0e2c39ac673dc,False,0.5531914893617021,0.44680851063829785
headgroup,R0C-fd79e518dde68fe14cfe,False,0.9206349206349206,0.07936507936507942
headgroup,R0C-fd9da72e02cf99797ce2,False,0.88,0.12
headgroup,R0C-fdcee487e546cdaad75c,False,0.7272727272727273,0.2727272727272727
headgroup,R0C-fdf95873f7ce14daf60a,False,0.6911764705882353,0.3088235294117647
headgroup,R0C-fe132b573d2cb2bfc67e,False,0.47191011235955055,0.5280898876404494
headgroup,R0C-fe7a7db02108913eb0b2,False,0.6666666666666666,0.33333333333333337
headgroup,R0C-fe7ee648bbf270201402,False,0.7105263157894737,0.2894736842105263
headgroup,R0C-fe833a3f3b62cd2d22a8,False,0.71875,0.28125
headgroup,R0C-fe97c898d14dfd4cef81,False,0.4186046511627907,0.5813953488372092
headgroup,R0C-fecad931504fd610dd14,False,0.9285714285714286,0.0714285714285714
headgroup,R0C-ff384609e42ea78394ad,False,0.8222222222222222,0.1777777777777778
headgroup,R0C-ff8a5b20dcb54c980e51,False,0.4,0.6
headgroup,R0C-ff8a70bc4a04d7cdcd7c,False,0.9846153846153847,0.01538461538461533
headgroup,R0C-ffa1bee571d4c8df46a0,False,0.4090909090909091,0.5909090909090908
headgroup,R0C-ffa77abf90ae791f5939,False,0.723404255319149,0.276595744680851
headgroup,R0C-ffba06231a3c817141d3,False,0.8163265306122449,0.18367346938775508
headgroup,R0C-ffbd3b16f9c047386bc7,False,0.95,0.050000000000000044
headgroup,R0C-ffd5ce9e17495f5d4489,False,0.717391304347826,0.28260869565217395
headgroup,R0C-fff8b162993f33fe6082,False,0.5344827586206896,0.4655172413793104
linker_scaffold,R0C-0034200afc92f85c4513,False,0.8596491228070176,0.14035087719298245
linker_scaffold,R0C-0051b23ca13035e27324,False,0.3448275862068966,0.6551724137931034
linker_scaffold,R0C-0061317774fe4c6ca122,False,0.9523809523809523,0.04761904761904767
linker_scaffold,R0C-006bed3c8d0fd91e3fee,False,0.4897959183673469,0.5102040816326531
linker_scaffold,R0C-00b7b2e470b3bd9416ac,False,0.8979591836734694,0.10204081632653061
linker_scaffold,R0C-00ccc15a1a7e2bc8f2b5,False,0.775,0.22499999999999998
linker_scaffold,R0C-011b4864abfda6f751db,False,0.5714285714285714,0.4285714285714286
linker_scaffold,R0C-01519ced3b2ccfc6a490,False,0.6507936507936508,0.3492063492063492
linker_scaffold,R0C-017bee903adb0893f364,False,0.8913043478260869,0.10869565217391308
linker_scaffold,R0C-019b0d7af7437ea3a0db,False,0.85,0.15000000000000002
linker_scaffold,R0C-01a5425af4e3cfd86f05,False,0.8947368421052632,0.10526315789473684
linker_scaffold,R0C-01a8209d054265a2b0ef,False,0.8936170212765957,0.1063829787234043
linker_scaffold,R0C-01b88f71ff977f79d43e,False,0.5166666666666667,0.4833333333333333
linker_scaffold,R0C-01caee1ebfce74320e01,False,0.7954545454545454,0.20454545454545459
linker_scaffold,R0C-01da3be9ac2e409fb45b,False,0.43333333333333335,0.5666666666666667
linker_scaffold,R0C-022291ae15308c62808d,False,0.515625,0.484375
linker_scaffold,R0C-02a0cd2307a6591255b7,False,0.8421052631578947,0.1578947368421053
linker_scaffold,R0C-02c68c0b603fa434e3a3,False,0.6153846153846154,0.3846153846153846
linker_scaffold,R0C-036cc99c0c5371c797ab,False,0.859375,0.140625
linker_scaffold,R0C-039e0f0080fd2c5d308a,False,0.8936170212765957,0.1063829787234043
linker_scaffold,R0C-03af8ab110fec7326ece,False,0.4489795918367347,0.5510204081632653
linker_scaffold,R0C-03e9421a1fb5f44b5035,False,0.5074626865671642,0.4925373134328358
linker_scaffold,R0C-0404439e37c27051b700,False,0.717948717948718,0.28205128205128205
linker_scaffold,R0C-0430b166005fad852ea9,False,0.6785714285714286,0.3214285714285714
linker_scaffold,R0C-0456886c619bbcfeeb81,False,0.96875,0.03125
linker_scaffold,R0C-047bf11163a1094fac27,False,0.5,0.5
linker_scaffold,R0C-0489af9e619e95c708bc,False,0.7014925373134329,0.29850746268656714
linker_scaffold,R0C-04a892446ec626e5a53f,False,0.8928571428571429,0.1071428571428571
linker_scaffold,R0C-04e4a8dbb3a3ea0fa9f4,False,0.8656716417910447,0.13432835820895528
linker_scaffold,R0C-04f69b13a873805b3edd,False,0.8548387096774194,0.14516129032258063
linker_scaffold,R0C-052250e96eb20186f8d0,False,0.8947368421052632,0.10526315789473684
linker_scaffold,R0C-05b2f3a7e76c82946191,False,0.8103448275862069,0.18965517241379315
linker_scaffold,R0C-05e0899a7d63a9df036a,False,0.8714285714285714,0.12857142857142856
linker_scaffold,R0C-0645444d553722079fec,False,0.6727272727272727,0.32727272727272727
linker_scaffold,R0C-065ab79f3098f35c608a,False,0.3181818181818182,0.6818181818181819
linker_scaffold,R0C-0660cb2a24311950d7df,False,0.8095238095238095,0.19047619047619047
linker_scaffold,R0C-0661277d41eb70ef0647,False,0.3333333333333333,0.6666666666666667
linker_scaffold,R0C-06c23cd7dbd2c77df58c,False,0.3384615384615385,0.6615384615384615
linker_scaffold,R0C-06ca67a594d11ebf379a,False,0.6851851851851852,0.31481481481481477
linker_scaffold,R0C-06d69979d0f3cffa566f,False,0.7586206896551724,0.24137931034482762
linker_scaffold,R0C-06ef85f41ac1ad06aefd,False,1.0,0.0
linker_scaffold,R0C-06fb022697c6204e689c,False,0.40350877192982454,0.5964912280701755
linker_scaffold,R0C-0702f2ba0b1934ea42e6,False,0.29508196721311475,0.7049180327868853
linker_scaffold,R0C-073b51eea236e6a3cf8e,False,0.4489795918367347,0.5510204081632653
linker_scaffold,R0C-074f36ca4b18021cb90c,False,0.8484848484848485,0.1515151515151515
linker_scaffold,R0C-0754c6c9358a1a05c0b9,False,0.8,0.19999999999999996
linker_scaffold,R0C-0759b6d5825ec2da11ba,False,0.675,0.32499999999999996
linker_scaffold,R0C-0777936b2b0f1ff2015c,False,0.8461538461538461,0.15384615384615385
linker_scaffold,R0C-07b9a18b1b7c536883d0,False,0.4153846153846154,0.5846153846153845
linker_scaffold,R0C-07e8052c483de1960194,False,0.813953488372093,0.18604651162790697
linker_scaffold,R0C-07ed3a086795f501beca,False,0.8301886792452831,0.16981132075471694
linker_scaffold,R0C-082af5268ac90d6140bd,False,0.8095238095238095,0.19047619047619047
linker_scaffold,R0C-08338936f3dc97ad05e6,False,0.6212121212121212,0.3787878787878788
linker_scaffold,R0C-083420cacf854d93ae71,False,0.5217391304347826,0.4782608695652174
linker_scaffold,R0C-08778b4435a76a2fd18c,False,0.6818181818181818,0.31818181818181823
linker_scaffold,R0C-08b65ab16977c3f9d07f,False,0.8936170212765957,0.1063829787234043
linker_scaffold,R0C-08c163f0e1d6b20863fc,False,0.98,0.020000000000000018
linker_scaffold,R0C-08e104712259dbe91694,False,0.88,0.12
linker_scaffold,R0C-08f0e264516fda28478b,False,0.8888888888888888,0.11111111111111116
linker_scaffold,R0C-08f26504cd97b7b2efef,False,0.5869565217391305,0.4130434782608695
linker_scaffold,R0C-091917c4877360bfdd53,False,0.8461538461538461,0.15384615384615385
linker_scaffold,R0C-09349c6ef067bb36ccb4,False,0.4264705882352941,0.5735294117647058
linker_scaffold,R0C-093ba08d056f8736fcc3,False,0.8490566037735849,0.15094339622641506
linker_scaffold,R0C-0946fa300a8cab3ac54f,False,0.8648648648648649,0.1351351351351351
linker_scaffold,R0C-09957d864333d310dd9c,False,0.859375,0.140625
linker_scaffold,R0C-0a0ecd7717fda0f6c5ff,False,0.7272727272727273,0.2727272727272727
linker_scaffold,R0C-0a1576a523e904bfcecb,False,0.6122448979591837,0.3877551020408163
linker_scaffold,R0C-0a28c5d0df72222b9d78,False,0.88,0.12
linker_scaffold,R0C-0a305947c69eea97734f,False,0.8732394366197183,0.12676056338028174
linker_scaffold,R0C-0a39e4a8462aefc71643,False,0.39285714285714285,0.6071428571428572
linker_scaffold,R0C-0a61ef802fee1137a3eb,False,0.4264705882352941,0.5735294117647058
linker_scaffold,R0C-0a7289399a80f06c311a,False,0.8169014084507042,0.18309859154929575
linker_scaffold,R0C-0a87640dfc34f4392c4d,False,1.0,0.0
linker_scaffold,R0C-0aa105167f1cab38a216,False,0.8676470588235294,0.13235294117647056
linker_scaffold,R0C-0aeb50ffdba9623579f1,False,0.6610169491525424,0.3389830508474576
linker_scaffold,R0C-0b03e4f3d4f5917479a2,False,0.8,0.19999999999999996
linker_scaffold,R0C-0b06e31ec5fc27ce59f8,False,0.6341463414634146,0.36585365853658536
linker_scaffold,R0C-0b0eb3bcbd083237e044,False,0.775,0.22499999999999998
linker_scaffold,R0C-0b411b9afd89086438e3,False,0.5689655172413793,0.43103448275862066
linker_scaffold,R0C-0b710b10b828d0e875df,False,0.3333333333333333,0.6666666666666667
linker_scaffold,R0C-0ba62fb243a03ba0eb5c,False,0.7906976744186046,0.2093023255813954
linker_scaffold,R0C-0be4e08a46c10f880295,False,1.0,0.0
linker_scaffold,R0C-0c4a9f12c87a9081be6c,False,0.9782608695652174,0.021739130434782594
linker_scaffold,R0C-0c582e64764c5f585b6d,False,1.0,0.0
linker_scaffold,R0C-0c604c05d19c6c21851e,False,0.7391304347826086,0.26086956521739135
linker_scaffold,R0C-0c759b1814495eadc73d,False,0.9047619047619048,0.09523809523809523
linker_scaffold,R0C-0ce0a3e872110a4d85d7,False,0.8860759493670886,0.11392405063291144
linker_scaffold,R0C-0d427adb5fff1f8090bf,False,0.6041666666666666,0.39583333333333337
linker_scaffold,R0C-0d5cb43b7e6ce9475de5,False,0.3918918918918919,0.6081081081081081
linker_scaffold,R0C-0d6167899021927d3e0c,False,0.7555555555555555,0.24444444444444446
linker_scaffold,R0C-0d8ab74602ed16363b6a,False,1.0,0.0
linker_scaffold,R0C-0d8f39f48b83c39b7e50,False,0.9038461538461539,0.09615384615384615
linker_scaffold,R0C-0d95d4305936f91692fb,False,0.8775510204081632,0.12244897959183676
linker_scaffold,R0C-0e099d0b3468ea4e6008,False,0.45161290322580644,0.5483870967741935
linker_scaffold,R0C-0e259549a050a2cb4b76,False,0.8947368421052632,0.10526315789473684
linker_scaffold,R0C-0e46dd8763db5ae2ba7e,False,0.8048780487804879,0.19512195121951215
linker_scaffold,R0C-0e4f0f4aab55437f889e,False,0.7424242424242424,0.25757575757575757
linker_scaffold,R0C-0e534c917dcdc0bcdc06,False,0.7678571428571429,0.2321428571428571
linker_scaffold,R0C-0eb9df04c17495373ea5,False,0.7213114754098361,0.2786885245901639
linker_scaffold,R0C-0ed19dc8a88c9033baaa,False,0.8947368421052632,0.10526315789473684
linker_scaffold,R0C-0ee61c9beb1335f1a1b6,False,0.5753424657534246,0.4246575342465754
linker_scaffold,R0C-0f3fe678e7fdb55a438e,False,0.44680851063829785,0.5531914893617021
linker_scaffold,R0C-0f5be9d4c130b6d46b54,False,0.7454545454545455,0.2545454545454545
linker_scaffold,R0C-0f94da99477e442e11ff,False,0.6041666666666666,0.39583333333333337
linker_scaffold,R0C-0f974bbb7b9098dca8b7,False,0.813953488372093,0.18604651162790697
linker_scaffold,R0C-0f997430db1dddc36188,False,0.4745762711864407,0.5254237288135593
linker_scaffold,R0C-0fca4ea594f197e73bef,False,0.7450980392156863,0.2549019607843137
linker_scaffold,R0C-0fe81b5e00eacbab9510,False,0.3508771929824561,0.6491228070175439
linker_scaffold,R0C-0fe93069dc5d21e7465d,False,0.6607142857142857,0.3392857142857143
linker_scaffold,R0C-0ff3ee4a3ea8e3c2b81a,False,0.7857142857142857,0.2142857142857143
linker_scaffold,R0C-0ff7d7989fb8294bba06,False,0.3389830508474576,0.6610169491525424
linker_scaffold,R0C-1008d313628fc2e0b447,False,0.8484848484848485,0.1515151515151515
linker_scaffold,R0C-1027af92d3b0d4995dcf,False,0.8461538461538461,0.15384615384615385
linker_scaffold,R0C-104e411e98f48fa21f4c,False,0.3918918918918919,0.6081081081081081
linker_scaffold,R0C-1051b9ba5ff699664df7,False,0.48333333333333334,0.5166666666666666
linker_scaffold,R0C-1079cf9c7d393138229e,False,0.8947368421052632,0.10526315789473684
linker_scaffold,R0C-10b814e3725e3f539e1b,False,0.8867924528301887,0.1132075471698113
linker_scaffold,R0C-10dc76e026771a06688c,False,0.40625,0.59375
linker_scaffold,R0C-10f7a37603c83ba1a5da,False,0.4264705882352941,0.5735294117647058
linker_scaffold,R0C-10fb8f096605b5125da6,False,0.8548387096774194,0.14516129032258063
linker_scaffold,R0C-117d48d48b456bd39266,False,0.39166666666666666,0.6083333333333334
linker_scaffold,R0C-11b57f3d096757f7b10b,False,0.4473684210526316,0.5526315789473684
linker_scaffold,R0C-12163df9a4e80a916704,False,0.746268656716418,0.25373134328358204
linker_scaffold,R0C-12199b028ffc8db8236c,False,0.8048780487804879,0.19512195121951215
linker_scaffold,R0C-1283933987ed903107b9,False,0.6538461538461539,0.34615384615384615
linker_scaffold,R0C-128e1a890625f74156a5,False,0.515625,0.484375
linker_scaffold,R0C-12b0e8af0d76bc2fdb58,False,0.8979591836734694,0.10204081632653061
linker_scaffold,R0C-12b6b9079ff283a3bf63,False,0.5142857142857142,0.48571428571428577
linker_scaffold,R0C-12d55f013381cc070724,False,0.42857142857142855,0.5714285714285714
linker_scaffold,R0C-12f4bcf37418fc233e2d,False,0.8831168831168831,0.11688311688311692
linker_scaffold,R0C-12f5140401160f6d0d35,False,0.8888888888888888,0.11111111111111116
linker_scaffold,R0C-1354c0e9541c20ef5aff,False,0.56,0.43999999999999995
linker_scaffold,R0C-1364f85b48305a957713,False,0.6607142857142857,0.3392857142857143
linker_scaffold,R0C-13720fdb0891f36eb8ec,False,0.39655172413793105,0.603448275862069
linker_scaffold,R0C-13b6867c1ac59448c46a,False,0.9696969696969697,0.030303030303030276
linker_scaffold,R0C-13e29290a7832f464bac,False,0.4444444444444444,0.5555555555555556
linker_scaffold,R0C-13e356db3ef5c2bc3f6c,False,0.5272727272727272,0.4727272727272728
linker_scaffold,R0C-1401c074394b6d054f60,False,1.0,0.0
linker_scaffold,R0C-14128ebc23f301bc79d9,False,0.6896551724137931,0.31034482758620685
linker_scaffold,R0C-1418534287c17b4525b5,False,0.6229508196721312,0.3770491803278688
linker_scaffold,R0C-1469d86777807bed981d,False,0.5,0.5
linker_scaffold,R0C-14899bdccab29c08556b,False,0.84375,0.15625
linker_scaffold,R0C-1490c265eac59c8f65d5,False,0.828125,0.171875
linker_scaffold,R0C-15dc51d940783f35cd98,False,0.6481481481481481,0.35185185185185186
linker_scaffold,R0C-15fe239b133971d24e7b,False,0.8392857142857143,0.1607142857142857
linker_scaffold,R0C-160436dd9ae129ee0fac,False,0.7045454545454546,0.2954545454545454
linker_scaffold,R0C-160e9f3f1ea801643344,False,0.46551724137931033,0.5344827586206897
linker_scaffold,R0C-16127ca127de23666776,False,0.8823529411764706,0.11764705882352944
linker_scaffold,R0C-166fa6fd5a28d6735100,False,0.4489795918367347,0.5510204081632653
linker_scaffold,R0C-167bdc65dc3cf0c615fb,False,0.3275862068965517,0.6724137931034483
linker_scaffold,R0C-16c2ffaf9b783520038a,False,0.859375,0.140625
linker_scaffold,R0C-16ec107bb3dafbb36908,False,0.78125,0.21875
linker_scaffold,R0C-171489defc3192b396f6,False,0.9459459459459459,0.05405405405405406
linker_scaffold,R0C-1724f737f71f782de7e6,False,0.6825396825396826,0.31746031746031744
linker_scaffold,R0C-178144e9f0f016816e5c,False,0.72,0.28
linker_scaffold,R0C-1785b734fc54e093c1d2,False,0.864406779661017,0.13559322033898302
linker_scaffold,R0C-17d5bb632319d4482282,False,0.859375,0.140625
linker_scaffold,R0C-17e8b5c60905522ac116,False,0.5753424657534246,0.4246575342465754
linker_scaffold,R0C-17e9c177c055265b6def,False,0.5147058823529411,0.4852941176470589
linker_scaffold,R0C-17ef00ca86f17f4cdbfb,False,0.4153846153846154,0.5846153846153845
linker_scaffold,R0C-17f0ca2d360df8e4b076,False,0.5,0.5
linker_scaffold,R0C-1817ed05bbca6c0cef14,False,0.5769230769230769,0.42307692307692313
linker_scaffold,R0C-18321c020ca205243cb0,False,0.74,0.26
linker_scaffold,R0C-187604619e2ddc53274c,False,0.3620689655172414,0.6379310344827587
linker_scaffold,R0C-1876f8f70515b9ddae9e,False,0.88,0.12
linker_scaffold,R0C-1910f591e68a20431e20,False,0.5072463768115942,0.49275362318840576
linker_scaffold,R0C-19234718d5ff21354d66,False,0.4492753623188406,0.5507246376811594
linker_scaffold,R0C-192ecaa1fa1c2177b50f,False,0.7906976744186046,0.2093023255813954
linker_scaffold,R0C-194da680731d0ec994da,False,0.6071428571428571,0.3928571428571429
linker_scaffold,R0C-196cc297871b41fc7c61,False,0.859375,0.140625
linker_scaffold,R0C-197dd25e02ce2c1cfeb2,False,0.515625,0.484375
linker_scaffold,R0C-1987e3a45c66d0b0e586,False,0.8615384615384616,0.1384615384615384
linker_scaffold,R0C-199ce3331a763154645e,False,0.813953488372093,0.18604651162790697
linker_scaffold,R0C-199e7c4a32e925a99285,False,0.8095238095238095,0.19047619047619047
linker_scaffold,R0C-1a04b82dec05275d621e,False,0.5357142857142857,0.4642857142857143
linker_scaffold,R0C-1a283a713e59f676e7e5,False,1.0,0.0
linker_scaffold,R0C-1a2afb7c25892fd8d2bd,False,0.8571428571428571,0.1428571428571429
linker_scaffold,R0C-1a55eddb473092fa20b3,False,0.6612903225806451,0.33870967741935487
linker_scaffold,R0C-1a5e5c046f7f77be91d4,False,0.3389830508474576,0.6610169491525424
linker_scaffold,R0C-1a87d0c2e13f6ed80a49,False,0.3389830508474576,0.6610169491525424
linker_scaffold,R0C-1afc2b834d7a30ec0929,False,0.6666666666666666,0.33333333333333337
linker_scaffold,R0C-1b04c06e89f55f738e89,False,0.88,0.12
linker_scaffold,R0C-1b159ad25bcb8c4443d3,False,0.6538461538461539,0.34615384615384615
linker_scaffold,R0C-1b1f3c69bb1632880323,False,0.8103448275862069,0.18965517241379315
linker_scaffold,R0C-1b33bfc237a7e0b97e57,False,0.8095238095238095,0.19047619047619047
linker_scaffold,R0C-1b406e6cd8a019320709,False,0.96875,0.03125
linker_scaffold,R0C-1b474e8f443a04cd3403,False,0.3389830508474576,0.6610169491525424
linker_scaffold,R0C-1b84cf025315006d3e2a,False,0.7627118644067796,0.23728813559322037
linker_scaffold,R0C-1b8dcb0e21ebfac07d90,False,0.53125,0.46875
linker_scaffold,R0C-1b91f29bf8d85a1543ef,False,0.94,0.06000000000000005
linker_scaffold,R0C-1b9fa33a13c3b4214a58,False,0.5217391304347826,0.4782608695652174
linker_scaffold,R0C-1befc4e3416356e5d8fe,False,0.8979591836734694,0.10204081632653061
linker_scaffold,R0C-1bf61619dbd9a5353069,False,0.8695652173913043,0.13043478260869568
linker_scaffold,R0C-1c357c6ed0ccc6d14369,False,0.4153846153846154,0.5846153846153845
linker_scaffold,R0C-1c3d765c38b6783691f9,False,0.43103448275862066,0.5689655172413793
linker_scaffold,R0C-1c4cd103551fa6cc46c1,False,0.45569620253164556,0.5443037974683544
linker_scaffold,R0C-1c53f71d8860fa5f40f2,False,0.6271186440677966,0.3728813559322034
linker_scaffold,R0C-1c5a994c69fb8cb75ddf,False,0.859375,0.140625
linker_scaffold,R0C-1c956075a4001e42dd9a,False,0.8392857142857143,0.1607142857142857
linker_scaffold,R0C-1ccfd2bcf0352c89247e,False,0.46875,0.53125
linker_scaffold,R0C-1cdfec76adb6bdd1a133,False,0.7391304347826086,0.26086956521739135
linker_scaffold,R0C-1ce7c520d9090d4f90f2,False,0.5344827586206896,0.4655172413793104
linker_scaffold,R0C-1d0ffe4f7df58e1fa10d,False,0.8392857142857143,0.1607142857142857
linker_scaffold,R0C-1d4b55e37d80a17e5065,False,0.5942028985507246,0.4057971014492754
linker_scaffold,R0C-1d66d685aad65d31a8e7,False,0.62,0.38
linker_scaffold,R0C-1d736f974213a00ca337,False,0.4691358024691358,0.5308641975308642
linker_scaffold,R0C-1d8b4827a0394bf7e1e4,False,0.6538461538461539,0.34615384615384615
linker_scaffold,R0C-1daed1232e20cd4ad242,False,0.4444444444444444,0.5555555555555556
linker_scaffold,R0C-1ddbb91a407061b19cbc,False,0.8392857142857143,0.1607142857142857
linker_scaffold,R0C-1df4c5951ff70737a5fe,False,0.7586206896551724,0.24137931034482762
linker_scaffold,R0C-1e26a753453c5fa7fc9a,False,0.7450980392156863,0.2549019607843137
linker_scaffold,R0C-1e30b47a0bd9c663b4ab,False,0.6136363636363636,0.38636363636363635
linker_scaffold,R0C-1e374b1e2c24d0c8a7c9,False,0.2028985507246377,0.7971014492753623
linker_scaffold,R0C-1e3efa559028bc24eb90,False,0.524390243902439,0.47560975609756095
linker_scaffold,R0C-1e520b4a3dbaa3b5f6a7,False,0.8548387096774194,0.14516129032258063
linker_scaffold,R0C-1e5e59d15c15135dc32a,False,0.32786885245901637,0.6721311475409837
linker_scaffold,R0C-1e650b575c640418a5f4,False,0.45454545454545453,0.5454545454545454
linker_scaffold,R0C-1e886c5c32b5d2579115,False,0.48,0.52
linker_scaffold,R0C-1e90ee93bcf387858aa5,False,1.0,0.0
linker_scaffold,R0C-1ea9953da3fbdc7353d7,False,0.8775510204081632,0.12244897959183676
linker_scaffold,R0C-1ed566cc41dd1a342dfb,False,0.875,0.125
linker_scaffold,R0C-1ef64f608801d8608229,False,0.675,0.32499999999999996
linker_scaffold,R0C-1f3a6df5763fafeb2a81,False,0.7164179104477612,0.28358208955223885
linker_scaffold,R0C-1f476ee306575ccf9a87,False,0.6607142857142857,0.3392857142857143
linker_scaffold,R0C-1f65f2ef92fb727535c5,False,0.96875,0.03125
linker_scaffold,R0C-1f6653a900e517b7b3d8,False,0.6551724137931034,0.3448275862068966
linker_scaffold,R0C-1fa3581640c85a45b329,False,0.5606060606060606,0.43939393939393945
linker_scaffold,R0C-1fa364c58d2164dba49f,False,0.4426229508196721,0.5573770491803278
linker_scaffold,R0C-1fcd54adab9bd1520189,False,0.8524590163934426,0.14754098360655743
linker_scaffold,R0C-1fcf62c20a81bb02a7fb,False,0.8571428571428571,0.1428571428571429
linker_scaffold,R0C-1fe35f7cf857a3ec9ba1,False,0.603448275862069,0.39655172413793105
linker_scaffold,R0C-1fec1d0346daa595aa8b,False,0.8260869565217391,0.17391304347826086
linker_scaffold,R0C-1ff2a80dbedcbad5179b,False,0.4074074074074074,0.5925925925925926
linker_scaffold,R0C-200ce9354abb591f99c6,False,0.8723404255319149,0.12765957446808507
linker_scaffold,R0C-200e84188ac1d53f78a3,False,0.43333333333333335,0.5666666666666667
linker_scaffold,R0C-20407c162a63310c1c83,False,1.0,0.0
linker_scaffold,R0C-20512151f1d03ec5ff3d,False,0.859375,0.140625
linker_scaffold,R0C-20727b70546d595b3bbd,False,0.5686274509803921,0.43137254901960786
linker_scaffold,R0C-208b532045d83a60f771,False,0.8767123287671232,0.12328767123287676
linker_scaffold,R0C-209010a09c54d9d26763,False,0.6818181818181818,0.31818181818181823
linker_scaffold,R0C-2093bce28c3759586c3c,False,0.813953488372093,0.18604651162790697
linker_scaffold,R0C-20b9cf27f82a9ff829f6,False,0.639344262295082,0.360655737704918
linker_scaffold,R0C-20f19cd233bb3b20f20d,False,0.8125,0.1875
linker_scaffold,R0C-2136b56a6de740451d8a,False,0.8870967741935484,0.11290322580645162
linker_scaffold,R0C-215e192f47aaa67c5aa6,False,0.8867924528301887,0.1132075471698113
linker_scaffold,R0C-215e445f12fcd65b3879,False,0.52,0.48
linker_scaffold,R0C-2161f5ea0668fdbc2bc0,False,0.6170212765957447,0.3829787234042553
linker_scaffold,R0C-218c2067ee0dd5c86c98,False,0.5087719298245614,0.49122807017543857
linker_scaffold,R0C-21c98ba08d7f59f7eafe,False,0.6122448979591837,0.3877551020408163
linker_scaffold,R0C-21ece7d34adfc80e07d0,False,0.7435897435897436,0.2564102564102564
linker_scaffold,R0C-22080d9f7e10efa35979,False,0.7,0.30000000000000004
linker_scaffold,R0C-220a78ea63a9b874a5f4,False,0.88,0.12
linker_scaffold,R0C-2212b70b9562ccac1cb4,False,0.8636363636363636,0.13636363636363635
linker_scaffold,R0C-22407df000c48c64c75c,False,0.42857142857142855,0.5714285714285714
linker_scaffold,R0C-2253c32c88660a86af12,False,0.6779661016949152,0.3220338983050848
linker_scaffold,R0C-2293dd5c8d9d384d276e,False,0.7910447761194029,0.20895522388059706
linker_scaffold,R0C-2297742177e2fac10f3f,False,0.7413793103448276,0.2586206896551724
linker_scaffold,R0C-22a17a3437a81ff299ae,False,0.7272727272727273,0.2727272727272727
linker_scaffold,R0C-22b82e399b83a11e5493,False,0.4567901234567901,0.5432098765432098
linker_scaffold,R0C-22d02e8fa3112546dc32,False,0.7111111111111111,0.28888888888888886
linker_scaffold,R0C-22d111c67d2eeda3e857,False,0.7543859649122807,0.24561403508771928
linker_scaffold,R0C-22fe9048b82c99575d67,False,0.8783783783783784,0.1216216216216216
linker_scaffold,R0C-231b10e45907d04eab44,False,0.5,0.5
linker_scaffold,R0C-23241cc8c4cc8277beb6,False,0.47058823529411764,0.5294117647058824
linker_scaffold,R0C-2398351eb4bd12a7d282,False,0.8208955223880597,0.17910447761194026
linker_scaffold,R0C-2399763caca2bffbc193,False,0.7692307692307693,0.23076923076923073
linker_scaffold,R0C-23ada06b8432043f3c75,False,0.49056603773584906,0.5094339622641509
linker_scaffold,R0C-23add0a16b984c75db8c,False,0.48,0.52
linker_scaffold,R0C-23bb29eec3a4fdc581c8,False,0.39655172413793105,0.603448275862069
linker_scaffold,R0C-23cf5ca3cb872a42a559,False,1.0,0.0
linker_scaffold,R0C-23e81e0a23881d76e64f,False,0.6382978723404256,0.36170212765957444
linker_scaffold,R0C-23efcc97c0f473db2a27,False,0.8867924528301887,0.1132075471698113
linker_scaffold,R0C-242aee10c9e957075d8c,False,0.8714285714285714,0.12857142857142856
linker_scaffold,R0C-242fc2ec711699496df2,False,0.32786885245901637,0.6721311475409837
linker_scaffold,R0C-24446583f18d0d6cca08,False,0.55,0.44999999999999996
linker_scaffold,R0C-2463b3937f9e98ba32da,False,0.6607142857142857,0.3392857142857143
linker_scaffold,R0C-248965cf9cff2e86d165,False,0.7540983606557377,0.24590163934426235
linker_scaffold,R0C-249b77c1867b1ea0da67,False,1.0,0.0
linker_scaffold,R0C-24a3167148f55d54c928,False,0.3392857142857143,0.6607142857142857
linker_scaffold,R0C-24cdd56a44d3dcb04100,False,0.4489795918367347,0.5510204081632653
linker_scaffold,R0C-24edc9f7f953557f83a9,False,0.6031746031746031,0.39682539682539686
linker_scaffold,R0C-25103af443382f814d94,False,0.8732394366197183,0.12676056338028174
linker_scaffold,R0C-251c163b21c729257630,False,0.8775510204081632,0.12244897959183676
linker_scaffold,R0C-2530b88c53c37a2a8105,False,0.6538461538461539,0.34615384615384615
linker_scaffold,R0C-2534a32722d161ecf522,False,0.38596491228070173,0.6140350877192983
linker_scaffold,R0C-25388b9efb572a7edb7c,False,0.4897959183673469,0.5102040816326531
linker_scaffold,R0C-257cd469c128a28f18f0,False,0.6190476190476191,0.38095238095238093
linker_scaffold,R0C-258554386fa2977dc2be,False,0.7916666666666666,0.20833333333333337
linker_scaffold,R0C-258fee699d4855a4304c,False,0.8636363636363636,0.13636363636363635
linker_scaffold,R0C-2596cccb711505a44f75,False,0.775,0.22499999999999998
linker_scaffold,R0C-259a14bade6d9cbb63a7,False,0.5098039215686274,0.4901960784313726
linker_scaffold,R0C-259eb9ec25633e39e0bd,False,0.8636363636363636,0.13636363636363635
linker_scaffold,R0C-25a91bee611c2338b459,False,0.8860759493670886,0.11392405063291144
linker_scaffold,R0C-25ac09027a582752bbcb,False,0.8048780487804879,0.19512195121951215
linker_scaffold,R0C-25b3cf0ba6b8d6c2c5c1,False,0.813953488372093,0.18604651162790697
linker_scaffold,R0C-261cdee84f2ddbb6dd46,False,0.8870967741935484,0.11290322580645162
linker_scaffold,R0C-2686240b02f22d4ce137,False,0.8775510204081632,0.12244897959183676
linker_scaffold,R0C-2689ab04126503ccee79,False,0.40625,0.59375
linker_scaffold,R0C-26a25b276f7df7c12209,False,0.9361702127659575,0.06382978723404253
linker_scaffold,R0C-26a55f62a654e4652d35,False,0.7567567567567568,0.2432432432432432
linker_scaffold,R0C-26b36117e208f8a6a212,False,0.4791666666666667,0.5208333333333333
linker_scaffold,R0C-26c60e75a5369cbbb8a1,False,0.6935483870967742,0.30645161290322576
linker_scaffold,R0C-275047d165d1bb4a6497,False,0.8867924528301887,0.1132075471698113
linker_scaffold,R0C-2752e4927a164a7c1f9f,False,0.4642857142857143,0.5357142857142857
linker_scaffold,R0C-2767f0cf7dc23dda8a97,False,0.859375,0.140625
linker_scaffold,R0C-277c0f6b01492c3d57d6,False,0.4264705882352941,0.5735294117647058
linker_scaffold,R0C-277c643c9eb0fe50cde9,False,0.5753424657534246,0.4246575342465754
linker_scaffold,R0C-27920319dc1611b5796c,False,0.26229508196721313,0.7377049180327868
linker_scaffold,R0C-27ad15a4979b98e50249,False,1.0,0.0
linker_scaffold,R0C-27d2b77e0162976bb051,False,0.8979591836734694,0.10204081632653061
linker_scaffold,R0C-27f88d950607e3942b8c,False,0.5454545454545454,0.4545454545454546
linker_scaffold,R0C-2801400a4a855ce2e5c9,False,0.8860759493670886,0.11392405063291144
linker_scaffold,R0C-2815c9e49f7924e25138,False,0.6545454545454545,0.34545454545454546
linker_scaffold,R0C-28234d13fecaedfadc85,False,0.5333333333333333,0.4666666666666667
linker_scaffold,R0C-28378bdf001ed687cb7b,False,0.8181818181818182,0.18181818181818177
linker_scaffold,R0C-289604dba68125ff81a0,False,0.3181818181818182,0.6818181818181819
linker_scaffold,R0C-28ddd7b9ad581225793a,False,0.7555555555555555,0.24444444444444446
linker_scaffold,R0C-28f67ec5e7b057bc7271,False,0.7413793103448276,0.2586206896551724
linker_scaffold,R0C-2927c46cd4af2dcb3c10,False,0.7777777777777778,0.2222222222222222
linker_scaffold,R0C-293e8e892ebfe0992e89,False,0.8775510204081632,0.12244897959183676
linker_scaffold,R0C-298e5ddd9262349485b7,False,0.9038461538461539,0.09615384615384615
linker_scaffold,R0C-29bebda4ce8538460c17,False,0.7352941176470589,0.2647058823529411
linker_scaffold,R0C-29ec9b709dbcded0ab19,False,0.4426229508196721,0.5573770491803278
linker_scaffold,R0C-2a0dc5ebc95e0f625a38,False,0.8524590163934426,0.14754098360655743
linker_scaffold,R0C-2a2e56f89a76db11bad2,False,0.8524590163934426,0.14754098360655743
linker_scaffold,R0C-2a7bf8eeefd75e608580,False,0.8775510204081632,0.12244897959183676
linker_scaffold,R0C-2a8de70c86e812fac86f,False,0.6607142857142857,0.3392857142857143
linker_scaffold,R0C-2a91a96d5c19880e126f,False,0.851063829787234,0.14893617021276595
linker_scaffold,R0C-2ae8aee21d5fe575443b,False,0.8936170212765957,0.1063829787234043
linker_scaffold,R0C-2b1d45f1fbe90d00be37,False,0.859375,0.140625
linker_scaffold,R0C-2b2bf4ddf3d23da44b44,False,1.0,0.0
linker_scaffold,R0C-2b328db032ec71745db4,False,0.5384615384615384,0.46153846153846156
linker_scaffold,R0C-2b4380bb48e4cfb6283d,False,0.4666666666666667,0.5333333333333333
linker_scaffold,R0C-2b6b693bdcda7c1caeb6,False,0.5522388059701493,0.4477611940298507
linker_scaffold,R0C-2b788c337f15ea517398,False,0.3333333333333333,0.6666666666666667
linker_scaffold,R0C-2bbc0e4b47125f7aa7c0,False,0.88,0.12
linker_scaffold,R0C-2beffd90d010210f88ad,False,0.7906976744186046,0.2093023255813954
linker_scaffold,R0C-2c07ea47b38d3660cb3a,False,0.5967741935483871,0.4032258064516129
linker_scaffold,R0C-2c35c202534adb7e954d,False,0.42857142857142855,0.5714285714285714
linker_scaffold,R0C-2c3dcdcbff4e7fd2e064,False,0.7073170731707317,0.29268292682926833
linker_scaffold,R0C-2c66d2bc2f5132b2fa78,False,0.1875,0.8125
linker_scaffold,R0C-2c6f0df6ce454a2b6d8b,False,0.6326530612244898,0.36734693877551017
linker_scaffold,R0C-2c863ff249ee0558b338,False,0.8913043478260869,0.10869565217391308
linker_scaffold,R0C-2c9203368975a96c0c78,False,0.813953488372093,0.18604651162790697
linker_scaffold,R0C-2c9c3aeb317a0de9e31a,False,0.803030303030303,0.19696969696969702
linker_scaffold,R0C-2cb63b10d9bfc040b4ae,False,0.8125,0.1875
linker_scaffold,R0C-2d0ea4756166007cb2d7,False,0.40625,0.59375
linker_scaffold,R0C-2d10eebeaf323e88ada0,False,0.8301886792452831,0.16981132075471694
linker_scaffold,R0C-2d1cfd58461a782bceb9,False,0.5211267605633803,0.47887323943661975
linker_scaffold,R0C-2d25229af1afd99aa039,False,0.7846153846153846,0.2153846153846154
linker_scaffold,R0C-2d65a188028fe4825c10,False,0.43333333333333335,0.5666666666666667
linker_scaffold,R0C-2d8bfdc9a5cbbb1739dd,False,0.5102040816326531,0.4897959183673469
linker_scaffold,R0C-2df431249acce41466c7,False,0.8936170212765957,0.1063829787234043
linker_scaffold,R0C-2e7fa98171be5f41e717,False,0.4927536231884058,0.5072463768115942
linker_scaffold,R0C-2e92414a05c4b240c580,False,0.4426229508196721,0.5573770491803278
linker_scaffold,R0C-2efebd53b805c9fea75e,False,0.6046511627906976,0.39534883720930236
linker_scaffold,R0C-2f20930d3df0b8d129be,False,1.0,0.0
linker_scaffold,R0C-2f580ebca1e6c99325b3,False,0.7567567567567568,0.2432432432432432
linker_scaffold,R0C-2f66ee0e7ad31ee96bf9,False,0.5333333333333333,0.4666666666666667
linker_scaffold,R0C-2f6cbf36b7ee806a85eb,False,0.8928571428571429,0.1071428571428571
linker_scaffold,R0C-2f99bbf9196ca5ce87cf,False,0.8775510204081632,0.12244897959183676
linker_scaffold,R0C-30062e2fbc98ce9fb85c,False,0.6507936507936508,0.3492063492063492
linker_scaffold,R0C-304947cc54453824294c,False,0.8548387096774194,0.14516129032258063
linker_scaffold,R0C-3077f6c3f8cb366298c3,False,0.8958333333333334,0.10416666666666663
linker_scaffold,R0C-30cc9e38f4e85faf224a,False,0.46875,0.53125
linker_scaffold,R0C-30da264fedd1f4159f32,False,0.4126984126984127,0.5873015873015873
linker_scaffold,R0C-30fa3c21638490b9eef1,False,0.7230769230769231,0.27692307692307694
linker_scaffold,R0C-31053acaa81f95089b59,False,0.5869565217391305,0.4130434782608695
linker_scaffold,R0C-311ddd2766258c803ac1,False,0.6666666666666666,0.33333333333333337
linker_scaffold,R0C-31418420337e113cdbdf,False,0.515625,0.484375
linker_scaffold,R0C-314fcba3e908403e757c,False,0.813953488372093,0.18604651162790697
linker_scaffold,R0C-316e1e09fab4acc2e984,False,0.7954545454545454,0.20454545454545459
linker_scaffold,R0C-3172c392b1a709a9d2ca,False,0.5135135135135135,0.4864864864864865
linker_scaffold,R0C-317368e8040b66de2c2e,False,0.5,0.5
linker_scaffold,R0C-3188dec51ff92d4d8819,False,0.42857142857142855,0.5714285714285714
linker_scaffold,R0C-3197355ebd0592f9d6d6,False,0.6041666666666666,0.39583333333333337
linker_scaffold,R0C-31ad0763171150131ffc,False,0.47058823529411764,0.5294117647058824
linker_scaffold,R0C-31babdb2003f434d4426,False,0.8095238095238095,0.19047619047619047
linker_scaffold,R0C-31c56e2592233c7310bc,False,0.8979591836734694,0.10204081632653061
linker_scaffold,R0C-321fdf047c69ff98f2ae,False,0.9523809523809523,0.04761904761904767
linker_scaffold,R0C-32569001cf3e9b305a02,False,0.8831168831168831,0.11688311688311692
linker_scaffold,R0C-326417d15ebffd660594,False,0.45614035087719296,0.543859649122807
linker_scaffold,R0C-328a346c5479b3ff4f24,False,0.8775510204081632,0.12244897959183676
linker_scaffold,R0C-329be3a28529cb7c7193,False,0.7450980392156863,0.2549019607843137
linker_scaffold,R0C-32debe4434d447f3cbfe,False,0.5217391304347826,0.4782608695652174
linker_scaffold,R0C-32e3bda6a0b5865bafbc,False,0.8524590163934426,0.14754098360655743
linker_scaffold,R0C-32e9f742575947695b26,False,0.9019607843137255,0.0980392156862745
linker_scaffold,R0C-32f786465ccdc345ae8e,False,0.6111111111111112,0.38888888888888884
linker_scaffold,R0C-32ff542fcecdcbc41196,False,0.7301587301587301,0.2698412698412699
linker_scaffold,R0C-33088a6ebaf9a409226b,False,0.3389830508474576,0.6610169491525424
linker_scaffold,R0C-330a81b5398f881be128,False,0.8524590163934426,0.14754098360655743
linker_scaffold,R0C-330fbbee1685f3229edb,False,1.0,0.0
linker_scaffold,R0C-3316b9b6d581e9485fd1,False,0.5555555555555556,0.4444444444444444
linker_scaffold,R0C-336f29387c34f9517aab,False,0.3389830508474576,0.6610169491525424
linker_scaffold,R0C-33a269c679734808a718,False,0.46296296296296297,0.537037037037037
linker_scaffold,R0C-33b4b6d4509df4c6e243,False,0.8518518518518519,0.14814814814814814
linker_scaffold,R0C-33bd9c4ac09c85eb46da,False,0.32786885245901637,0.6721311475409837
linker_scaffold,R0C-33c6c20895392f9ab94b,False,0.463768115942029,0.536231884057971
linker_scaffold,R0C-33e66ebab92b422aa784,False,0.578125,0.421875
linker_scaffold,R0C-33fe483aa9264fad263a,False,0.3108108108108108,0.6891891891891893
linker_scaffold,R0C-3482abd35b994669df4c,False,0.78,0.21999999999999997
linker_scaffold,R0C-3489b35cc72ced8dd0a5,False,0.8571428571428571,0.1428571428571429
linker_scaffold,R0C-348da7c578aba14a7530,False,0.8524590163934426,0.14754098360655743
linker_scaffold,R0C-34b75420667a940e2b5d,False,1.0,0.0
linker_scaffold,R0C-34ed92ec337847d4ebe3,False,0.3484848484848485,0.6515151515151515
linker_scaffold,R0C-35296fdb1ce46a838f95,False,0.515625,0.484375
linker_scaffold,R0C-3543c30a156b44fd22e7,False,0.8947368421052632,0.10526315789473684
linker_scaffold,R0C-3545c694cbdcb6485881,False,0.8979591836734694,0.10204081632653061
linker_scaffold,R0C-3557500e36546793c9f9,False,0.7169811320754716,0.28301886792452835
linker_scaffold,R0C-35a6c7cdb147cc505bb1,False,0.8571428571428571,0.1428571428571429
linker_scaffold,R0C-36026648b1bbff0019a4,False,0.8875,0.11250000000000004
linker_scaffold,R0C-360b2a2befc5a9109d4f,False,0.7407407407407407,0.2592592592592593
linker_scaffold,R0C-368188040385c872f272,False,0.3389830508474576,0.6610169491525424
linker_scaffold,R0C-36e7d04a69cce9efa946,False,0.6341463414634146,0.36585365853658536
linker_scaffold,R0C-372c5f9c8e51f2477508,False,0.62,0.38
linker_scaffold,R0C-373e0eea13df0e18aea0,False,0.5,0.5
linker_scaffold,R0C-378f1ba3b5171f873f18,False,0.3492063492063492,0.6507936507936508
linker_scaffold,R0C-37d408078d3067ce80fa,False,0.8709677419354839,0.12903225806451613
linker_scaffold,R0C-381ae5cbaf8c5ac6340a,False,0.8947368421052632,0.10526315789473684
linker_scaffold,R0C-383ea67167982799980d,False,0.6027397260273972,0.3972602739726028
linker_scaffold,R0C-3855025b06059181ac15,False,0.4074074074074074,0.5925925925925926
linker_scaffold,R0C-38f50e8322f0dc298b86,False,0.7272727272727273,0.2727272727272727
linker_scaffold,R0C-38f5cf51457ad6c20797,False,0.5753424657534246,0.4246575342465754
linker_scaffold,R0C-390ed3b231ee54befcee,False,0.8095238095238095,0.19047619047619047
linker_scaffold,R0C-39810ed37fa2c6bbebb7,False,0.6041666666666666,0.39583333333333337
linker_scaffold,R0C-39b24ebb4adb28da2cc3,False,0.881578947368421,0.11842105263157898
linker_scaffold,R0C-39bb910c47cad8575a0e,False,0.5492957746478874,0.45070422535211263
linker_scaffold,R0C-39d7b58b5d9f13ddf1ba,False,0.8409090909090909,0.15909090909090906
linker_scaffold,R0C-3a14b78d0cb8a617df6c,False,0.3898305084745763,0.6101694915254237
linker_scaffold,R0C-3a293e9dcc4041b73eda,False,0.7796610169491526,0.22033898305084743
linker_scaffold,R0C-3a3fa27e269bafa8cbea,False,0.8125,0.1875
linker_scaffold,R0C-3a6b2de402b3fd7c355c,False,0.775,0.22499999999999998
linker_scaffold,R0C-3a9ec6da2df9d4fe1f91,False,0.6610169491525424,0.3389830508474576
linker_scaffold,R0C-3ac866a472d84f7da80c,False,0.671875,0.328125
linker_scaffold,R0C-3b9e9719582252493865,False,0.7068965517241379,0.2931034482758621
linker_scaffold,R0C-3bacc41eb03569aa9189,False,0.75,0.25
linker_scaffold,R0C-3bb10480d6f1245ed2b6,False,0.625,0.375
linker_scaffold,R0C-3bc332975f53bf91bd69,False,1.0,0.0
linker_scaffold,R0C-3c25bd7db958b885378e,False,0.6811594202898551,0.3188405797101449
linker_scaffold,R0C-3c52d4564832618d7ea3,False,0.39285714285714285,0.6071428571428572
linker_scaffold,R0C-3c6d63049f26df3e38ec,False,0.8125,0.1875
linker_scaffold,R0C-3c7a2b8d73e32ebd0702,False,0.5753424657534246,0.4246575342465754
linker_scaffold,R0C-3c846b46e8c6ffd84863,False,0.78,0.21999999999999997
linker_scaffold,R0C-3ce1bf353e1ee42acbff,False,0.484375,0.515625
linker_scaffold,R0C-3cefa2f0614e8ec352c3,False,0.34545454545454546,0.6545454545454545
linker_scaffold,R0C-3cf5ac14bc57c7e94c5f,False,0.8888888888888888,0.11111111111111116
linker_scaffold,R0C-3cf82ebd6c4f2ccd75f0,False,1.0,0.0
linker_scaffold,R0C-3cfd5ed29d77181ecd13,False,1.0,0.0
linker_scaffold,R0C-3d25306f4acc7c588fa6,False,0.6964285714285714,0.3035714285714286
linker_scaffold,R0C-3d3a3d9ea5b170be8665,False,1.0,0.0
linker_scaffold,R0C-3d3a9771c9f72f4a092f,False,0.881578947368421,0.11842105263157898
linker_scaffold,R0C-3d6a4eb871eef17590b2,False,0.40625,0.59375
linker_scaffold,R0C-3db3ad51aff54745e773,False,0.5227272727272727,0.4772727272727273
linker_scaffold,R0C-3dd5cba787469549b38f,False,0.696969696969697,0.303030303030303
linker_scaffold,R0C-3de77cb781a570a8a553,False,0.8095238095238095,0.19047619047619047
linker_scaffold,R0C-3df7899dbdfad45ade3d,False,1.0,0.0
linker_scaffold,R0C-3e24de23af2609dcd488,False,0.8333333333333334,0.16666666666666663
linker_scaffold,R0C-3e3531b14311096304b6,False,0.8941176470588236,0.10588235294117643
linker_scaffold,R0C-3e39928eb03ef3d69c0e,False,0.4411764705882353,0.5588235294117647
linker_scaffold,R0C-3e59a5e8fea29e53f5ad,False,0.6808510638297872,0.3191489361702128
linker_scaffold,R0C-3e9f0739adaaeb33897d,False,0.7931034482758621,0.2068965517241379
linker_scaffold,R0C-3eda1e7c984f88e5281b,False,0.7169811320754716,0.28301886792452835
linker_scaffold,R0C-3ee777327f34d23d1a3b,False,0.5072463768115942,0.49275362318840576
linker_scaffold,R0C-3f049167b6cf899cd88f,False,0.8714285714285714,0.12857142857142856
linker_scaffold,R0C-3f592616dd85eb86e256,False,0.8913043478260869,0.10869565217391308
linker_scaffold,R0C-3f5c4911d19eb3a84891,False,0.4915254237288136,0.5084745762711864
linker_scaffold,R0C-3f6398afadb2061fdb90,False,0.5344827586206896,0.4655172413793104
linker_scaffold,R0C-3f6db05e6fe4f88a1625,False,0.8461538461538461,0.15384615384615385
linker_scaffold,R0C-3f9b91ecc3b74258bdc5,False,0.6774193548387096,0.32258064516129037
linker_scaffold,R0C-3f9c9c3e5b43fc5ee39a,False,1.0,0.0
linker_scaffold,R0C-3fa9801e6752e74564c1,False,0.8767123287671232,0.12328767123287676
linker_scaffold,R0C-400bd35843df7f513383,False,0.5932203389830508,0.4067796610169492
linker_scaffold,R0C-4023236f6eac37dc924f,False,0.8947368421052632,0.10526315789473684
linker_scaffold,R0C-4028854816b25b7a33e4,False,0.8571428571428571,0.1428571428571429
linker_scaffold,R0C-404de4db596f87328b12,False,0.5,0.5
linker_scaffold,R0C-405b0dff02a11f67f62e,False,0.5942028985507246,0.4057971014492754
linker_scaffold,R0C-405f20de09d7e5ac12be,False,0.671875,0.328125
linker_scaffold,R0C-4092412a285c7c911eba,False,0.7021276595744681,0.2978723404255319
linker_scaffold,R0C-40a383d5272bd4156670,False,0.6851851851851852,0.31481481481481477
linker_scaffold,R0C-40f078e141e3378e63da,False,0.8695652173913043,0.13043478260869568
linker_scaffold,R0C-40f71b084b36ce370bcc,False,0.62,0.38
linker_scaffold,R0C-40ff971628fd6d4d8c30,False,0.7435897435897436,0.2564102564102564
linker_scaffold,R0C-41068137c0322c7492f6,False,0.4426229508196721,0.5573770491803278
linker_scaffold,R0C-41258845395d12034f7f,False,0.8979591836734694,0.10204081632653061
linker_scaffold,R0C-4144606bbf1aa12692ba,False,0.5753424657534246,0.4246575342465754
linker_scaffold,R0C-415cb11f707273cd94fe,False,1.0,0.0
linker_scaffold,R0C-416f95d539ee930a166b,False,0.8275862068965517,0.1724137931034483
linker_scaffold,R0C-41764ca02f16e0b13891,False,0.5333333333333333,0.4666666666666667
linker_scaffold,R0C-41bfed4e841a5d1a2dc7,False,0.6909090909090909,0.3090909090909091
linker_scaffold,R0C-41c187fd73a6c000b0d1,False,0.9534883720930233,0.046511627906976716
linker_scaffold,R0C-41dff9b64e0a89d0e538,False,0.8363636363636363,0.1636363636363637
linker_scaffold,R0C-41e2e67c979f5b23ae41,False,0.3392857142857143,0.6607142857142857
linker_scaffold,R0C-41f33f5c186f4bb041ba,False,0.4745762711864407,0.5254237288135593
linker_scaffold,R0C-41fcabc8c4412c465323,False,0.5222222222222223,0.47777777777777775
linker_scaffold,R0C-420474a687e6f71b3b45,False,0.8979591836734694,0.10204081632653061
linker_scaffold,R0C-42155c2bf462a9d2894a,False,0.8297872340425532,0.17021276595744683
linker_scaffold,R0C-4229eb59e5f06edcbbd3,False,0.6949152542372882,0.30508474576271183
linker_scaffold,R0C-423837cec796aaaeff58,False,0.8048780487804879,0.19512195121951215
linker_scaffold,R0C-42480ad0b807b104a9b5,False,0.4230769230769231,0.5769230769230769
linker_scaffold,R0C-429aa1dfe37af7211c9a,False,0.7413793103448276,0.2586206896551724
linker_scaffold,R0C-42c20115b8c14acce106,False,0.62,0.38
linker_scaffold,R0C-42c9e34f82cf18941e3b,False,0.6825396825396826,0.31746031746031744
linker_scaffold,R0C-42d6fca00c0e7aa8c361,False,0.4745762711864407,0.5254237288135593
linker_scaffold,R0C-42dd1d8f9eee1043c43a,False,0.660377358490566,0.339622641509434
linker_scaffold,R0C-42decfe4ad7aa3aae91f,False,0.6857142857142857,0.3142857142857143
linker_scaffold,R0C-42ee730d1b8aa022f3f4,False,0.3275862068965517,0.6724137931034483
linker_scaffold,R0C-42fd4aebe3b3f6c37cc3,False,0.6607142857142857,0.3392857142857143
linker_scaffold,R0C-43077ad967512b53c0ed,False,0.8928571428571429,0.1071428571428571
linker_scaffold,R0C-437300322601e3f82c78,False,0.5344827586206896,0.4655172413793104
linker_scaffold,R0C-43d9d38b0f569efe878f,False,0.6428571428571429,0.3571428571428571
linker_scaffold,R0C-43fe62478963f6358080,False,0.8125,0.1875
linker_scaffold,R0C-440dc60e2871a76ca9be,False,0.8695652173913043,0.13043478260869568
linker_scaffold,R0C-4484b9ba254209268eb3,False,0.8732394366197183,0.12676056338028174
linker_scaffold,R0C-44be7cf82238189c1701,False,0.48,0.52
linker_scaffold,R0C-44fedd87c8b42f8390ca,False,0.675,0.32499999999999996
linker_scaffold,R0C-450e3578ffe046f2bcd3,False,0.8958333333333334,0.10416666666666663
linker_scaffold,R0C-4518885ad055db9b7c27,False,0.5,0.5
linker_scaffold,R0C-45467da4ce784c5d64b2,False,0.5652173913043478,0.4347826086956522
linker_scaffold,R0C-4561fdcbd4e3938491bb,False,0.3698630136986301,0.6301369863013699
linker_scaffold,R0C-45b4f448b60bd2b6e694,False,0.6111111111111112,0.38888888888888884
linker_scaffold,R0C-45cb9269be22d8b8ba8f,False,0.5,0.5
linker_scaffold,R0C-4649d0b80e810369b494,False,0.696969696969697,0.303030303030303
linker_scaffold,R0C-46cc7d5e4fdff3989fdb,False,0.9782608695652174,0.021739130434782594
linker_scaffold,R0C-46dd48226798e360bc35,False,0.8875,0.11250000000000004
linker_scaffold,R0C-470275cf152da53e0314,False,0.8524590163934426,0.14754098360655743
linker_scaffold,R0C-47132446318a36ef3994,False,0.9459459459459459,0.05405405405405406
linker_scaffold,R0C-47228b071ccb52329a0b,False,0.8947368421052632,0.10526315789473684
linker_scaffold,R0C-47261fd92aa7c274a535,False,0.78125,0.21875
linker_scaffold,R0C-473588356d4508df71ac,False,0.78,0.21999999999999997
linker_scaffold,R0C-4758c4f773b41431c2ee,False,0.6527777777777778,0.3472222222222222
linker_scaffold,R0C-4765b2f390402d44210b,False,0.5,0.5
linker_scaffold,R0C-47fd4b487e7b3bbbc21f,False,0.5217391304347826,0.4782608695652174
linker_scaffold,R0C-48021922ac49c67c7f81,False,0.8947368421052632,0.10526315789473684
linker_scaffold,R0C-4829851d8df709b5489f,False,0.8928571428571429,0.1071428571428571
linker_scaffold,R0C-482c70412a13453a04bc,False,0.813953488372093,0.18604651162790697
linker_scaffold,R0C-483347b7fc52c3b9babf,False,0.8888888888888888,0.11111111111111116
linker_scaffold,R0C-4861dd17ca7656c2e9ea,False,0.8484848484848485,0.1515151515151515
linker_scaffold,R0C-48b4b2baf4debe59261d,False,0.5161290322580645,0.4838709677419355
linker_scaffold,R0C-48c94ef729724e1ebcd9,False,0.8676470588235294,0.13235294117647056
linker_scaffold,R0C-48fa6ce3042b0fb03e9e,False,0.7936507936507936,0.2063492063492064
linker_scaffold,R0C-49444ae7d49ca60a800c,False,0.8095238095238095,0.19047619047619047
linker_scaffold,R0C-494457a30939325a0ed3,False,0.7906976744186046,0.2093023255813954
linker_scaffold,R0C-4945be220ceb6e4af874,False,0.9696969696969697,0.030303030303030276
linker_scaffold,R0C-4951d2064897369d596c,False,0.5072463768115942,0.49275362318840576
linker_scaffold,R0C-496cff416122925748eb,False,0.7169811320754716,0.28301886792452835
linker_scaffold,R0C-4970a001ec0d160326db,False,0.5869565217391305,0.4130434782608695
linker_scaffold,R0C-49918e06f8b9fd56f9aa,False,0.578125,0.421875
linker_scaffold,R0C-49a7875e9f568bd0f822,False,0.775,0.22499999999999998
linker_scaffold,R0C-49b5b44a6dbe71783276,False,0.8936170212765957,0.1063829787234043
linker_scaffold,R0C-49bc79d2721302e9f038,False,0.41935483870967744,0.5806451612903225
linker_scaffold,R0C-49c33a614ad796b2ac62,False,0.6744186046511628,0.32558139534883723
linker_scaffold,R0C-49d045ccf4444eaa4e27,False,0.6041666666666666,0.39583333333333337
linker_scaffold,R0C-49d5c07ddae992fcfb7c,False,0.6031746031746031,0.39682539682539686
linker_scaffold,R0C-49f7883aa7f76c54f9e5,False,0.40350877192982454,0.5964912280701755
linker_scaffold,R0C-4a53ac3d80fe6afd83d0,False,1.0,0.0
linker_scaffold,R0C-4a7b6d52f1adc58409c0,False,0.6818181818181818,0.31818181818181823
linker_scaffold,R0C-4ac5df66e0c758dc6bcb,False,0.4864864864864865,0.5135135135135135
linker_scaffold,R0C-4ae44a0d8aa2229a66ed,False,0.3389830508474576,0.6610169491525424
linker_scaffold,R0C-4b0086097cb062f1134a,False,0.88,0.12
linker_scaffold,R0C-4b341d75dabe87ebb913,False,0.5217391304347826,0.4782608695652174
linker_scaffold,R0C-4b4623dd342fa15c27d9,False,0.43333333333333335,0.5666666666666667
linker_scaffold,R0C-4b553ebf1a71380c9b12,False,0.7954545454545454,0.20454545454545459
linker_scaffold,R0C-4b80ffd72b47f18f62bf,False,0.42857142857142855,0.5714285714285714
linker_scaffold,R0C-4b90d8b96f47742891aa,False,0.3620689655172414,0.6379310344827587
linker_scaffold,R0C-4be7abfd6192cee346d8,False,0.8732394366197183,0.12676056338028174
linker_scaffold,R0C-4c00ca1761c033459841,False,0.6111111111111112,0.38888888888888884
linker_scaffold,R0C-4c46e7366cf4139835d7,False,0.5942028985507246,0.4057971014492754
linker_scaffold,R0C-4c87558a7f82f7383445,False,0.48,0.52
linker_scaffold,R0C-4c8a6f923458d19613b6,False,0.5753424657534246,0.4246575342465754
linker_scaffold,R0C-4c9206ce09117a167d48,False,0.85,0.15000000000000002
linker_scaffold,R0C-4d13300ea51010ab3698,False,0.8947368421052632,0.10526315789473684
linker_scaffold,R0C-4d1b54461c712f1c3d90,False,0.8928571428571429,0.1071428571428571
linker_scaffold,R0C-4d9ca2cb8c174e744efc,False,0.5686274509803921,0.43137254901960786
linker_scaffold,R0C-4e34d5b2a531990e45be,False,0.8571428571428571,0.1428571428571429
linker_scaffold,R0C-4e48e18de0f36efc34b4,False,0.78125,0.21875
linker_scaffold,R0C-4e7251f56f0e4a2a5c36,False,0.38235294117647056,0.6176470588235294
linker_scaffold,R0C-4e7ef0e771da0959f181,False,0.8783783783783784,0.1216216216216216
linker_scaffold,R0C-4e803aab660382be1ac0,False,0.6326530612244898,0.36734693877551017
linker_scaffold,R0C-4ef39c0cd44772f2def8,False,0.711864406779661,0.288135593220339
linker_scaffold,R0C-4ef93bb206af7bae0b06,False,0.8831168831168831,0.11688311688311692
linker_scaffold,R0C-4efdcb6397ddbe057512,False,0.8979591836734694,0.10204081632653061
linker_scaffold,R0C-4f06ba73635da4dabd16,False,1.0,0.0
linker_scaffold,R0C-4f6099ce0818e5834ca6,False,0.42592592592592593,0.5740740740740741
linker_scaffold,R0C-4f6d07e6c4cacbd8ae25,False,0.6041666666666666,0.39583333333333337
linker_scaffold,R0C-4f9aa9df92ab8ec9a7f1,False,0.8297872340425532,0.17021276595744683
linker_scaffold,R0C-4fe422a82b16ba2379ac,False,1.0,0.0
linker_scaffold,R0C-4fee53627ab2c8b28f71,False,0.7954545454545454,0.20454545454545459
linker_scaffold,R0C-504990c42b3ab0cb83db,False,0.4642857142857143,0.5357142857142857
linker_scaffold,R0C-5057dff2fcd65954abb1,False,0.6904761904761905,0.30952380952380953
linker_scaffold,R0C-507eed8c3c4c873262d1,False,0.8113207547169812,0.18867924528301883
linker_scaffold,R0C-508b252ab26331c2b044,False,0.9523809523809523,0.04761904761904767
linker_scaffold,R0C-50b2f8a2259c87d0f681,False,0.8913043478260869,0.10869565217391308
linker_scaffold,R0C-50c5a75bb872425751b8,False,0.603448275862069,0.39655172413793105
linker_scaffold,R0C-514c798ad6a6fe501955,False,0.8392857142857143,0.1607142857142857
linker_scaffold,R0C-51893ed0ea7180e23cba,False,0.8837209302325582,0.11627906976744184
linker_scaffold,R0C-5189854424711fad4971,False,0.6326530612244898,0.36734693877551017
linker_scaffold,R0C-51a4d0c95a51e4c64935,False,0.3333333333333333,0.6666666666666667
linker_scaffold,R0C-51b2bb8e784c36eb2781,False,0.6666666666666666,0.33333333333333337
linker_scaffold,R0C-51b3af66c6706f993950,False,0.5967741935483871,0.4032258064516129
linker_scaffold,R0C-51c8df4086dd7facc8f9,False,0.6428571428571429,0.3571428571428571
linker_scaffold,R0C-520ff2e888dfdb26f8b4,False,0.7169811320754716,0.28301886792452835
linker_scaffold,R0C-52408a0cc4c4a9840ef5,False,0.5465116279069767,0.4534883720930233
linker_scaffold,R0C-5249c0beebb59d789caa,False,0.6792452830188679,0.3207547169811321
linker_scaffold,R0C-52612394e3f4695355d3,False,0.8484848484848485,0.1515151515151515
linker_scaffold,R0C-526e9333d8c2908f8b62,False,0.8,0.19999999999999996
linker_scaffold,R0C-5291d3340d06b53b944f,False,0.9523809523809523,0.04761904761904767
linker_scaffold,R0C-53298f1e5c37a364dc5f,False,0.43333333333333335,0.5666666666666667
linker_scaffold,R0C-533057ba9aaf9175959d,False,0.90625,0.09375
linker_scaffold,R0C-5372b5e15940d10f2140,False,0.96875,0.03125
linker_scaffold,R0C-5378dbf32a86b6b441c3,False,0.775,0.22499999999999998
linker_scaffold,R0C-5395a97ffbc01f271a57,False,0.8913043478260869,0.10869565217391308
linker_scaffold,R0C-53c7c8a31cfe17222738,False,0.5686274509803921,0.43137254901960786
linker_scaffold,R0C-53f67411bea431b6ce84,False,0.9782608695652174,0.021739130434782594
linker_scaffold,R0C-54060595cbc26e3ed921,False,0.9361702127659575,0.06382978723404253
linker_scaffold,R0C-5482ff0062929bce2b73,False,0.3275862068965517,0.6724137931034483
linker_scaffold,R0C-548c11d948cb4b2c5814,False,0.4666666666666667,0.5333333333333333
linker_scaffold,R0C-5492953f66bfbbb5aabd,False,0.5844155844155844,0.4155844155844156
linker_scaffold,R0C-549bae71c8234f951889,False,0.43243243243243246,0.5675675675675675
linker_scaffold,R0C-54b8f4a011604fba417e,False,0.5348837209302325,0.4651162790697675
linker_scaffold,R0C-5509984ef37f2d87637a,False,0.4426229508196721,0.5573770491803278
linker_scaffold,R0C-5531992894729d644ebe,False,0.5942028985507246,0.4057971014492754
linker_scaffold,R0C-557c3aa73aa787a00b61,False,0.9423076923076923,0.05769230769230771
linker_scaffold,R0C-55d2ec939728b6f19604,False,0.88,0.12
linker_scaffold,R0C-55dae0bad4db7fdade10,False,0.7321428571428571,0.2678571428571429
linker_scaffold,R0C-55e3aaecad1d14f8a1b8,False,0.8823529411764706,0.11764705882352944
linker_scaffold,R0C-55f472c21a3a677b10a5,False,0.6341463414634146,0.36585365853658536
linker_scaffold,R0C-55fab4dbbaa128a87c57,False,1.0,0.0
linker_scaffold,R0C-560f6ebd7b698039f055,False,0.859375,0.140625
linker_scaffold,R0C-56327ecc542925f77e08,False,0.6896551724137931,0.31034482758620685
linker_scaffold,R0C-56680b29df67cad68734,False,1.0,0.0
linker_scaffold,R0C-567db54cede92a6e11a2,False,0.47692307692307695,0.523076923076923
linker_scaffold,R0C-56a0cfbe0993f0c93bea,False,0.8787878787878788,0.12121212121212122
linker_scaffold,R0C-56b7c9a825251ddfa3ce,False,0.3442622950819672,0.6557377049180328
linker_scaffold,R0C-5704a9b8fb22909ccfef,False,0.6041666666666666,0.39583333333333337
linker_scaffold,R0C-5706e6dec2de8597ce5f,False,0.4444444444444444,0.5555555555555556
linker_scaffold,R0C-57663f8e3e1cc9d433f7,False,0.3333333333333333,0.6666666666666667
linker_scaffold,R0C-576acc1c7df69e09a571,False,0.6851851851851852,0.31481481481481477
linker_scaffold,R0C-5771b2a06febe46f803c,False,0.813953488372093,0.18604651162790697
linker_scaffold,R0C-57ba262febb991c249ba,False,0.88,0.12
linker_scaffold,R0C-580ca017ddf443ed69ca,False,0.3220338983050847,0.6779661016949152
linker_scaffold,R0C-5834b94627633709c24c,False,0.8314606741573034,0.1685393258426966
linker_scaffold,R0C-5863c0274e23e888f969,False,0.8297872340425532,0.17021276595744683
linker_scaffold,R0C-587f147b55367db61de8,False,0.7804878048780488,0.2195121951219512
linker_scaffold,R0C-58cbb6389e32feb5ddf0,False,0.8148148148148148,0.18518518518518523
linker_scaffold,R0C-5959d361097013de4f61,False,0.975,0.025000000000000022
linker_scaffold,R0C-59b493f1c4f485c034ba,False,0.8913043478260869,0.10869565217391308
linker_scaffold,R0C-59cc7568a614f3cc1a45,False,0.8780487804878049,0.12195121951219512
linker_scaffold,R0C-59d08649aaf10b103ce3,False,0.8888888888888888,0.11111111111111116
linker_scaffold,R0C-5a1f7abaf3534a2caa2a,False,0.9491525423728814,0.05084745762711862
linker_scaffold,R0C-5a2cbbe41152100eb31e,False,0.725,0.275
linker_scaffold,R0C-5a3159a5b16659e59a08,False,0.875,0.125
linker_scaffold,R0C-5a38187ca2e3adfcab48,False,0.62,0.38
linker_scaffold,R0C-5a3deda99564f44ae466,False,0.8181818181818182,0.18181818181818177
linker_scaffold,R0C-5a69fe4fa0a28d7c8854,False,0.8947368421052632,0.10526315789473684
linker_scaffold,R0C-5a94cdb4a04f4f5abee3,False,0.5967741935483871,0.4032258064516129
linker_scaffold,R0C-5b0eece379c166283cd5,False,0.7804878048780488,0.2195121951219512
linker_scaffold,R0C-5b2056d5b78968124d46,False,1.0,0.0
linker_scaffold,R0C-5b869a3fe09630e40690,False,0.5652173913043478,0.4347826086956522
linker_scaffold,R0C-5bad354bc12610806c62,False,0.6515151515151515,0.3484848484848485
linker_scaffold,R0C-5bb66364c6f5873be59f,False,0.8823529411764706,0.11764705882352944
linker_scaffold,R0C-5bc15dfdde6bf470200d,False,0.7555555555555555,0.24444444444444446
linker_scaffold,R0C-5bddf1148474ba7b0e51,False,1.0,0.0
linker_scaffold,R0C-5c0731cb28bdcae74115,False,0.3275862068965517,0.6724137931034483
linker_scaffold,R0C-5c26953fd2f3ef36a657,False,0.627906976744186,0.37209302325581395
linker_scaffold,R0C-5c4239420d40626c9522,False,0.4,0.6
linker_scaffold,R0C-5c5ffd4fb9d45fd9234f,False,0.45901639344262296,0.540983606557377
linker_scaffold,R0C-5c7ec9d90d9cb7eb6587,False,0.40625,0.59375
linker_scaffold,R0C-5c8c29bd627ae0f985fc,False,0.66,0.33999999999999997
linker_scaffold,R0C-5cb3441f0d2c653dd702,False,0.7083333333333334,0.29166666666666663
linker_scaffold,R0C-5cb48a516ca5fc4b66cc,False,0.8125,0.1875
linker_scaffold,R0C-5ce661f1bac5927025df,False,0.6818181818181818,0.31818181818181823
linker_scaffold,R0C-5cf29b0dc9818fe12c85,False,0.8125,0.1875
linker_scaffold,R0C-5cfc1e9f5124cadf5a60,False,1.0,0.0
linker_scaffold,R0C-5d0a293b65669f301808,False,0.6976744186046512,0.3023255813953488
linker_scaffold,R0C-5d37b9e7f7f8675678de,False,0.9038461538461539,0.09615384615384615
linker_scaffold,R0C-5d4a259d7c45fdbd4f70,False,0.6326530612244898,0.36734693877551017
linker_scaffold,R0C-5d80ee003fd00b39371d,False,0.7906976744186046,0.2093023255813954
linker_scaffold,R0C-5d947bd9bfc3a5bc7ff0,False,0.7954545454545454,0.20454545454545459
linker_scaffold,R0C-5dc9ab0c3c9adb104c5d,False,0.8484848484848485,0.1515151515151515
linker_scaffold,R0C-5dd5210111fcf49ecf36,False,0.8548387096774194,0.14516129032258063
linker_scaffold,R0C-5dd8a8e65e29d5b58056,False,0.8913043478260869,0.10869565217391308
linker_scaffold,R0C-5def71eabcf9c2cfe22e,False,0.9782608695652174,0.021739130434782594
linker_scaffold,R0C-5e18190c9f8e982ee249,False,0.6964285714285714,0.3035714285714286
linker_scaffold,R0C-5e42000e901df7fcd005,False,0.8055555555555556,0.19444444444444442
linker_scaffold,R0C-5e480cd88976baa20ddc,False,0.8831168831168831,0.11688311688311692
linker_scaffold,R0C-5e7b61a6aebf982a90ef,False,0.6122448979591837,0.3877551020408163
linker_scaffold,R0C-5e96e6af0378ffa2c5e4,False,0.813953488372093,0.18604651162790697
linker_scaffold,R0C-5e98722072de620c537f,False,0.8947368421052632,0.10526315789473684
linker_scaffold,R0C-5eb36ad30de08edcf84f,False,0.8656716417910447,0.13432835820895528
linker_scaffold,R0C-5eb51073e194a8e29539,False,0.30303030303030304,0.696969696969697
linker_scaffold,R0C-5eba6ce859ebbe85d660,False,0.3611111111111111,0.6388888888888888
linker_scaffold,R0C-5ecde764a4fa4c2a43bb,False,0.40350877192982454,0.5964912280701755
linker_scaffold,R0C-5ee38d32f204adf3b294,False,0.8947368421052632,0.10526315789473684
linker_scaffold,R0C-5ee3b2b7e037279ff8c0,False,0.8888888888888888,0.11111111111111116
linker_scaffold,R0C-5ee91913f6b3760e5ad0,False,0.8,0.19999999999999996
linker_scaffold,R0C-5f04399123e04e0a9abe,False,0.5909090909090909,0.40909090909090906
linker_scaffold,R0C-5f0b92a2d8261a821a47,False,0.813953488372093,0.18604651162790697
linker_scaffold,R0C-5f252ae7e304e19ef607,False,0.78,0.21999999999999997
linker_scaffold,R0C-5f29b540e49e25793066,False,0.8,0.19999999999999996
linker_scaffold,R0C-5f3260fa5af2c18ca274,False,0.8,0.19999999999999996
linker_scaffold,R0C-5f3a34052a77dbcd7c23,False,0.38596491228070173,0.6140350877192983
linker_scaffold,R0C-5f752858b7724f2ceef5,False,0.5166666666666667,0.4833333333333333
linker_scaffold,R0C-5f90387a52769ba35fe1,False,0.9782608695652174,0.021739130434782594
linker_scaffold,R0C-5fd03950dab5c60732d7,False,1.0,0.0
linker_scaffold,R0C-60007091f3d5db2b9f12,False,0.8048780487804879,0.19512195121951215
linker_scaffold,R0C-6054961d68afed9bdf78,False,0.38235294117647056,0.6176470588235294
linker_scaffold,R0C-605bbe7ea41fcbd2e008,False,0.8913043478260869,0.10869565217391308
linker_scaffold,R0C-60613005bcfd7dd5d7ab,False,0.5892857142857143,0.4107142857142857
linker_scaffold,R0C-60e2114bb292c2948141,False,0.7804878048780488,0.2195121951219512
linker_scaffold,R0C-60eefe4d649d779d28b3,False,0.8913043478260869,0.10869565217391308
linker_scaffold,R0C-60fa370c2d9e5429db3a,False,0.9782608695652174,0.021739130434782594
linker_scaffold,R0C-6128df83884a7d26c738,False,0.8571428571428571,0.1428571428571429
linker_scaffold,R0C-6153b97432dddc0c7945,False,0.7647058823529411,0.23529411764705888
linker_scaffold,R0C-615863818e848945f9e5,False,0.4915254237288136,0.5084745762711864
linker_scaffold,R0C-6161937d3e97996201c6,False,0.82,0.18000000000000005
linker_scaffold,R0C-618b103460082751608a,False,0.8536585365853658,0.14634146341463417
linker_scaffold,R0C-618d26726d8e2893c624,False,0.7611940298507462,0.23880597014925375
linker_scaffold,R0C-61b376c5ee08d367decc,False,0.8095238095238095,0.19047619047619047
linker_scaffold,R0C-61b77fc0c1de6a6c21e9,False,0.3620689655172414,0.6379310344827587
linker_scaffold,R0C-61bb6ae4e43cc9896447,False,0.40298507462686567,0.5970149253731343
linker_scaffold,R0C-61bea0b67c5f02f831f0,False,0.8888888888888888,0.11111111111111116
linker_scaffold,R0C-61d81a5a297c6daab0b6,False,0.7021276595744681,0.2978723404255319
linker_scaffold,R0C-6206dc84adabadffe75f,False,0.5522388059701493,0.4477611940298507
linker_scaffold,R0C-620eedabecc8741a8ae1,False,0.5882352941176471,0.4117647058823529
linker_scaffold,R0C-62432e83a5bd476f2526,False,0.9696969696969697,0.030303030303030276
linker_scaffold,R0C-624a699696758680e4e4,False,0.42857142857142855,0.5714285714285714
linker_scaffold,R0C-626255309709bd6e3518,False,0.7555555555555555,0.24444444444444446
linker_scaffold,R0C-62c7ce40c7bfcdae14d3,False,0.7906976744186046,0.2093023255813954
linker_scaffold,R0C-62f8d0a3c48eaa7abd40,False,0.6818181818181818,0.31818181818181823
linker_scaffold,R0C-63095ef198e77f14cf38,False,0.8676470588235294,0.13235294117647056
linker_scaffold,R0C-63400972d1ad97785d92,False,0.8888888888888888,0.11111111111111116
linker_scaffold,R0C-635385e977cf8fb3ad6a,False,1.0,0.0
linker_scaffold,R0C-63560a3c335086d6a5bf,False,0.5217391304347826,0.4782608695652174
linker_scaffold,R0C-6357f0de0686ecf11d2a,False,0.4189189189189189,0.5810810810810811
linker_scaffold,R0C-637b52583630dc3d3b07,False,0.8571428571428571,0.1428571428571429
linker_scaffold,R0C-63c47734ba8cc06ded33,False,0.859375,0.140625
linker_scaffold,R0C-63e15a3c4c82403b1f65,False,0.8484848484848485,0.1515151515151515
linker_scaffold,R0C-642a11d76bdf43a97530,False,0.8163265306122449,0.18367346938775508
linker_scaffold,R0C-642c0491dce89ca34427,False,0.463768115942029,0.536231884057971
linker_scaffold,R0C-6458eb5af83bfefee1d6,False,0.2898550724637681,0.7101449275362319
linker_scaffold,R0C-64dc57d35d900e5cc72d,False,0.8888888888888888,0.11111111111111116
linker_scaffold,R0C-64e22544c99b846e7b42,False,0.8936170212765957,0.1063829787234043
linker_scaffold,R0C-6501f1426b337ea09cde,False,0.38596491228070173,0.6140350877192983
linker_scaffold,R0C-6502e8129ac8b7ed9fd4,False,1.0,0.0
linker_scaffold,R0C-65366054f3f4e01978c5,False,0.3492063492063492,0.6507936507936508
linker_scaffold,R0C-65d9b5b68d2f319f0201,False,0.6607142857142857,0.3392857142857143
linker_scaffold,R0C-66220af3cc81c38b1ef5,False,0.6122448979591837,0.3877551020408163
linker_scaffold,R0C-6623278758ee5308a60a,False,0.4489795918367347,0.5510204081632653
linker_scaffold,R0C-662efc739c0929b06928,False,0.4666666666666667,0.5333333333333333
linker_scaffold,R0C-664d735d6dd02016aafb,False,0.75,0.25
linker_scaffold,R0C-664d7e165ebabe562dc1,False,0.9818181818181818,0.018181818181818188
linker_scaffold,R0C-665ba8f0b166bf8ab4f2,False,0.4074074074074074,0.5925925925925926
linker_scaffold,R0C-6668afab54cf3343213d,False,0.7101449275362319,0.28985507246376807
linker_scaffold,R0C-668192612908005b8143,False,0.8,0.19999999999999996
linker_scaffold,R0C-66b8b9d717b643808f8a,False,0.88,0.12
linker_scaffold,R0C-66ba1ace2cd19865a11e,False,0.5471698113207547,0.4528301886792453
linker_scaffold,R0C-66c186df81fd039d49cd,False,0.6190476190476191,0.38095238095238093
linker_scaffold,R0C-66d2d3484f6efc319809,False,0.5370370370370371,0.4629629629629629
linker_scaffold,R0C-66fe15a51b1b343d1f71,False,0.82,0.18000000000000005
linker_scaffold,R0C-671cf7f539bc6389b7cb,False,0.32786885245901637,0.6721311475409837
linker_scaffold,R0C-673974c4b4e12e80259c,False,0.7049180327868853,0.29508196721311475
linker_scaffold,R0C-674113ce48897ea0f30d,False,0.8656716417910447,0.13432835820895528
linker_scaffold,R0C-675024b610224d6e5efb,False,0.8714285714285714,0.12857142857142856
linker_scaffold,R0C-679b035929500676aba8,False,0.484375,0.515625
linker_scaffold,R0C-67a36567f675fb9f839b,False,0.9487179487179487,0.05128205128205132
linker_scaffold,R0C-67d2569c428b2ed6fed8,False,0.8260869565217391,0.17391304347826086
linker_scaffold,R0C-6810045fd5469b053734,False,0.72,0.28
linker_scaffold,R0C-6825b917e53d6391a347,False,0.8913043478260869,0.10869565217391308
linker_scaffold,R0C-684c14c34a91f1f3c83f,False,0.782608695652174,0.21739130434782605
linker_scaffold,R0C-6897da3c9dcf3e78f56e,False,0.8548387096774194,0.14516129032258063
linker_scaffold,R0C-68a0b8ffdfcf476caa7c,False,0.66,0.33999999999999997
linker_scaffold,R0C-68a642ae46317c4680d0,False,0.88,0.12
linker_scaffold,R0C-68b1a0afee54052a33f1,False,0.7954545454545454,0.20454545454545459
linker_scaffold,R0C-690c0a5f5c3790715cbd,False,0.8,0.19999999999999996
linker_scaffold,R0C-690fe428c4d1f31220c1,False,0.8163265306122449,0.18367346938775508
linker_scaffold,R0C-69150f6fbf693b179eaa,False,0.7777777777777778,0.2222222222222222
linker_scaffold,R0C-695290472c8a04f240c0,False,1.0,0.0
linker_scaffold,R0C-6968576873de0caca3c1,False,0.8,0.19999999999999996
linker_scaffold,R0C-69746118a3d3106b9172,False,0.85,0.15000000000000002
linker_scaffold,R0C-69833cb2ad7e5d912bb7,False,0.6101694915254238,0.38983050847457623
linker_scaffold,R0C-69aef305281556760f62,False,0.4897959183673469,0.5102040816326531
linker_scaffold,R0C-69b37d1a42bba754f793,False,0.891566265060241,0.10843373493975905
linker_scaffold,R0C-69c34f0faca3361e05c3,False,0.6122448979591837,0.3877551020408163
linker_scaffold,R0C-69c62cbc7b5c215427f1,False,0.5172413793103449,0.48275862068965514
linker_scaffold,R0C-69cac83f411078adce83,False,0.6976744186046512,0.3023255813953488
linker_scaffold,R0C-6a02e4e1eb3521fbae4d,False,0.5102040816326531,0.4897959183673469
linker_scaffold,R0C-6a085348bb4f59353d1a,False,0.6041666666666666,0.39583333333333337
linker_scaffold,R0C-6a1d89424a863ba2ffce,False,0.7567567567567568,0.2432432432432432
linker_scaffold,R0C-6a2f67356168b5268294,False,0.62,0.38
linker_scaffold,R0C-6a4cb8dfc82f90f88a95,False,0.8484848484848485,0.1515151515151515
linker_scaffold,R0C-6a7c8ef68fb7fa75a18e,False,0.2602739726027397,0.7397260273972603
linker_scaffold,R0C-6a9ef8e1fa0fa2fffeb0,False,0.9459459459459459,0.05405405405405406
linker_scaffold,R0C-6ab36b9badfdb7a1e5d7,False,0.6666666666666666,0.33333333333333337
linker_scaffold,R0C-6ae6b7cd88c3d97e00ab,False,0.7272727272727273,0.2727272727272727
linker_scaffold,R0C-6af82a0aefe75886ec47,False,0.6833333333333333,0.31666666666666665
linker_scaffold,R0C-6b463ba6a0ba2403da21,False,0.8333333333333334,0.16666666666666663
linker_scaffold,R0C-6b464394fd276348648f,False,0.7076923076923077,0.29230769230769227
linker_scaffold,R0C-6b5af4d0d21369bee033,False,0.6190476190476191,0.38095238095238093
linker_scaffold,R0C-6b62161e954a8a7d73b1,False,0.4153846153846154,0.5846153846153845
linker_scaffold,R0C-6b892789fd034c10390a,False,0.3793103448275862,0.6206896551724138
linker_scaffold,R0C-6bd1ba3a0ded2ecfffc5,False,0.8679245283018868,0.13207547169811318
linker_scaffold,R0C-6bdf8e0b0da6ea7562be,False,0.3939393939393939,0.6060606060606061
linker_scaffold,R0C-6bf83b76e076b1f2046b,False,0.46153846153846156,0.5384615384615384
linker_scaffold,R0C-6c8b5ba55699cde2f01f,False,0.7804878048780488,0.2195121951219512
linker_scaffold,R0C-6c9e9fcd163d0940a14b,False,0.8676470588235294,0.13235294117647056
linker_scaffold,R0C-6caad544a3b83febc6d7,False,0.6666666666666666,0.33333333333333337
linker_scaffold,R0C-6ccafdbfa2a9e9e25f0f,False,0.8208955223880597,0.17910447761194026
linker_scaffold,R0C-6ccda0d6b14bf353dfa4,False,0.3181818181818182,0.6818181818181819
linker_scaffold,R0C-6d5217a14e328101ce97,False,0.94,0.06000000000000005
linker_scaffold,R0C-6d7c5a62722aa26d8b8f,False,0.7719298245614035,0.22807017543859653
linker_scaffold,R0C-6d90757e7065127e9d7e,False,0.7954545454545454,0.20454545454545459
linker_scaffold,R0C-6d9d07e137925b41db04,False,0.509090909090909,0.49090909090909096
linker_scaffold,R0C-6dcb9fe7f96418af0698,False,0.4883720930232558,0.5116279069767442
linker_scaffold,R0C-6dd4f8fde446e57c26a4,False,0.5333333333333333,0.4666666666666667
linker_scaffold,R0C-6de4512e83899ccf7091,False,0.8571428571428571,0.1428571428571429
linker_scaffold,R0C-6de7f2f72c05a372b18c,False,0.7169811320754716,0.28301886792452835
linker_scaffold,R0C-6e027fec889f67be81b7,False,0.8867924528301887,0.1132075471698113
linker_scaffold,R0C-6e2c3b98e3e32afd44f1,False,0.9696969696969697,0.030303030303030276
linker_scaffold,R0C-6e307e7645ef071e3082,False,0.4375,0.5625
linker_scaffold,R0C-6e41b9cb9afbb86a7861,False,0.6206896551724138,0.3793103448275862
linker_scaffold,R0C-6e533461687da629b68f,False,0.6041666666666666,0.39583333333333337
linker_scaffold,R0C-6e6186716e02db0b9425,False,0.8548387096774194,0.14516129032258063
linker_scaffold,R0C-6e620419624e539fe83e,False,0.45454545454545453,0.5454545454545454
linker_scaffold,R0C-6e669f757a49f0be4711,False,0.603448275862069,0.39655172413793105
linker_scaffold,R0C-6e739c5e65c9181bcfb3,False,0.8947368421052632,0.10526315789473684
linker_scaffold,R0C-6e9506a8bba3a9ebe0db,False,0.6666666666666666,0.33333333333333337
linker_scaffold,R0C-6e9f2af7061338af8628,False,0.8571428571428571,0.1428571428571429
linker_scaffold,R0C-6ed82ba1284e7672c83f,False,0.47297297297297297,0.527027027027027
linker_scaffold,R0C-6eed2e578f0a78ff21d7,False,0.45161290322580644,0.5483870967741935
linker_scaffold,R0C-6ef7b6a9bebb51340311,False,0.5454545454545454,0.4545454545454546
linker_scaffold,R0C-6f0c9764f94cfb3c49d5,False,0.5409836065573771,0.4590163934426229
linker_scaffold,R0C-6f6483caaeee341c665e,False,0.32727272727272727,0.6727272727272727
linker_scaffold,R0C-6faa99f385c218d95cdb,False,1.0,0.0
linker_scaffold,R0C-6fb7c3f505e58000bdb5,False,0.7536231884057971,0.24637681159420288
linker_scaffold,R0C-6fe85aac437fc426fc3d,False,0.859375,0.140625
linker_scaffold,R0C-6ff7137fc7167bb56c06,False,1.0,0.0
linker_scaffold,R0C-7018f9615e84c0b6b03c,False,0.7647058823529411,0.23529411764705888
linker_scaffold,R0C-703057a4d26c34b59e54,False,0.47619047619047616,0.5238095238095238
linker_scaffold,R0C-7037ac66d415c0dde455,False,0.5454545454545454,0.4545454545454546
linker_scaffold,R0C-7066c1b7760ce0a007d6,False,0.5076923076923077,0.49230769230769234
linker_scaffold,R0C-708d646b9ffea167103c,False,0.5,0.5
linker_scaffold,R0C-70dbfea543b55899ab36,False,0.7368421052631579,0.26315789473684215
linker_scaffold,R0C-70dce81560dce935a6ab,False,0.46296296296296297,0.537037037037037
linker_scaffold,R0C-70deaf8fe39c3ac6cfed,False,0.8888888888888888,0.11111111111111116
linker_scaffold,R0C-70f2e26428c043fb69c9,False,0.6774193548387096,0.32258064516129037
linker_scaffold,R0C-7110074bdd905e629db6,False,0.6341463414634146,0.36585365853658536
linker_scaffold,R0C-714c86f98630cdd2fc67,False,1.0,0.0
linker_scaffold,R0C-717c519adcf0d3b2cc48,False,0.46938775510204084,0.5306122448979591
linker_scaffold,R0C-7192655fffc56ceadf2e,False,0.3389830508474576,0.6610169491525424
linker_scaffold,R0C-71c8d50c4fc1f9bf5f6b,False,0.532258064516129,0.467741935483871
linker_scaffold,R0C-71f221b6171d9efb31cb,False,0.8125,0.1875
linker_scaffold,R0C-720cfbdc051fc72e6f3f,False,0.5060240963855421,0.49397590361445787
linker_scaffold,R0C-727ac406d9098f0b0ad2,False,0.9215686274509803,0.07843137254901966
linker_scaffold,R0C-72b607ae603d66758412,False,0.6041666666666666,0.39583333333333337
linker_scaffold,R0C-72ba7dafae70fad6eb37,False,0.4897959183673469,0.5102040816326531
linker_scaffold,R0C-731145ccd70f1715f960,False,0.8392857142857143,0.1607142857142857
linker_scaffold,R0C-7330b934639deb08bac2,False,1.0,0.0
linker_scaffold,R0C-7337b128e37fd86fc5fc,False,0.6607142857142857,0.3392857142857143
linker_scaffold,R0C-735551e6cf975bcbba96,False,0.875,0.125
linker_scaffold,R0C-7367de549dd5c27937b6,False,0.8524590163934426,0.14754098360655743
linker_scaffold,R0C-73ec195b2c6f47f383b0,False,0.78,0.21999999999999997
linker_scaffold,R0C-740d60be4b03fc787eeb,False,0.813953488372093,0.18604651162790697
linker_scaffold,R0C-7419d3d8266ad77bb9ef,False,0.7954545454545454,0.20454545454545459
linker_scaffold,R0C-742468153557df52a694,False,0.8979591836734694,0.10204081632653061
linker_scaffold,R0C-74325f3784ba65eff0bb,False,0.775,0.22499999999999998
linker_scaffold,R0C-745a6edb6e75747ab7f7,False,0.6363636363636364,0.36363636363636365
linker_scaffold,R0C-745c774c39f73c1af602,False,0.4659090909090909,0.5340909090909092
linker_scaffold,R0C-748ff9ac9fb5830ca415,False,0.8181818181818182,0.18181818181818177
linker_scaffold,R0C-74b643b2bc412bbcba8d,False,0.8571428571428571,0.1428571428571429
linker_scaffold,R0C-74b70aa08e2a60c2a4f5,False,1.0,0.0
linker_scaffold,R0C-74e0acbb623abd0cf912,False,0.859375,0.140625
linker_scaffold,R0C-751cd575941580159041,False,0.4235294117647059,0.5764705882352941
linker_scaffold,R0C-7562a376e65db52dcbd1,False,0.82,0.18000000000000005
linker_scaffold,R0C-756958754aff42c31340,False,0.7966101694915254,0.2033898305084746
linker_scaffold,R0C-7569c17c0d71dca705bd,False,0.21839080459770116,0.7816091954022988
linker_scaffold,R0C-75b36d6b7bfa84937e13,False,0.8823529411764706,0.11764705882352944
linker_scaffold,R0C-75d4ec18ce8b9c151ffb,False,0.7903225806451613,0.20967741935483875
linker_scaffold,R0C-75fc79a230ce586e75c7,False,0.4528301886792453,0.5471698113207547
linker_scaffold,R0C-7603b67c6457558a51db,False,0.6491228070175439,0.3508771929824561
linker_scaffold,R0C-7606f3ab9a71ed3a8716,False,0.8297872340425532,0.17021276595744683
linker_scaffold,R0C-760af8911b8e8eec84d4,False,0.6949152542372882,0.30508474576271183
linker_scaffold,R0C-761abc7a5bd8ce231662,False,0.8888888888888888,0.11111111111111116
linker_scaffold,R0C-761ad9284f3ebceba6c1,False,0.6607142857142857,0.3392857142857143
linker_scaffold,R0C-7642fad08d165f9643c5,False,0.6071428571428571,0.3928571428571429
linker_scaffold,R0C-766d031f501c2094454f,False,0.859375,0.140625
linker_scaffold,R0C-768ac3c4725bf1d9580f,False,0.7272727272727273,0.2727272727272727
linker_scaffold,R0C-769affff2f6d197a1fe5,False,0.8913043478260869,0.10869565217391308
linker_scaffold,R0C-76d848de820b24de6f63,False,0.6041666666666666,0.39583333333333337
linker_scaffold,R0C-770e5697290be5c59224,False,0.8392857142857143,0.1607142857142857
linker_scaffold,R0C-770e892062af7b87d76b,False,0.3392857142857143,0.6607142857142857
linker_scaffold,R0C-771c1993acced11d9c16,False,0.62,0.38
linker_scaffold,R0C-7730cf82bf6db27378e9,False,0.6607142857142857,0.3392857142857143
linker_scaffold,R0C-77787523cc381f32f8e1,False,0.3559322033898305,0.6440677966101696
linker_scaffold,R0C-7788f008c77ce88577c3,False,0.576271186440678,0.423728813559322
linker_scaffold,R0C-779acef9d2b3e8717f4b,False,0.6607142857142857,0.3392857142857143
linker_scaffold,R0C-779b573d4517454febd7,False,0.3918918918918919,0.6081081081081081
linker_scaffold,R0C-77b1eb4da6814d889485,False,0.46153846153846156,0.5384615384615384
linker_scaffold,R0C-77dfe2abd3c342d9029d,False,0.4528301886792453,0.5471698113207547
linker_scaffold,R0C-780768e2ea095d487f02,False,0.8571428571428571,0.1428571428571429
linker_scaffold,R0C-7824a800b675597d6114,False,0.6122448979591837,0.3877551020408163
linker_scaffold,R0C-78c555074d769df16f14,False,0.8695652173913043,0.13043478260869568
linker_scaffold,R0C-78fbbdd19fdd8560cc88,False,0.9523809523809523,0.04761904761904767
linker_scaffold,R0C-7912bed07271207b6b44,False,0.40350877192982454,0.5964912280701755
linker_scaffold,R0C-792f13ceb036f09fb9e5,False,0.7804878048780488,0.2195121951219512
linker_scaffold,R0C-7940cbf2a2b61fa2a056,False,0.7288135593220338,0.27118644067796616
linker_scaffold,R0C-796c94b00c94de1074ab,False,0.7906976744186046,0.2093023255813954
linker_scaffold,R0C-7994c738dd4cbb9f02ce,False,0.6136363636363636,0.38636363636363635
linker_scaffold,R0C-79b048c175cd9dc1c92d,False,0.7301587301587301,0.2698412698412699
linker_scaffold,R0C-79bd688cef0a2db6fd4e,False,0.6122448979591837,0.3877551020408163
linker_scaffold,R0C-79c54b46f372bf18b048,False,0.4666666666666667,0.5333333333333333
linker_scaffold,R0C-79d44772ba9d428e3672,False,0.8571428571428571,0.1428571428571429
linker_scaffold,R0C-79f28788eb728a8d89a6,False,0.8548387096774194,0.14516129032258063
linker_scaffold,R0C-79f5e8e9ffa72920cf26,False,0.7555555555555555,0.24444444444444446
linker_scaffold,R0C-7a0f797d7f9b5c554792,False,0.6271186440677966,0.3728813559322034
linker_scaffold,R0C-7a27b5d87033ba9df3c5,False,0.6166666666666667,0.3833333333333333
linker_scaffold,R0C-7a2d89eb3072a0999b25,False,0.8888888888888888,0.11111111111111116
linker_scaffold,R0C-7aa43ec87426135a067d,False,0.6875,0.3125
linker_scaffold,R0C-7aac8679af246bbbd99c,False,0.7555555555555555,0.24444444444444446
linker_scaffold,R0C-7af9658cf22b9e90876c,False,0.8095238095238095,0.19047619047619047
linker_scaffold,R0C-7b26b00cdf931fcd4b72,False,0.8095238095238095,0.19047619047619047
linker_scaffold,R0C-7b4ea25680a7e2b72025,False,0.7954545454545454,0.20454545454545459
linker_scaffold,R0C-7b8c9f8dc437191207d8,False,0.7121212121212122,0.28787878787878785
linker_scaffold,R0C-7ba3ac25f312f3cd4985,False,0.6792452830188679,0.3207547169811321
linker_scaffold,R0C-7bf085e5eee7d6347c15,False,0.7258064516129032,0.27419354838709675
linker_scaffold,R0C-7c09d51a96f8cb480e06,False,0.7910447761194029,0.20895522388059706
linker_scaffold,R0C-7c629f20827c06f2db75,False,0.7846153846153846,0.2153846153846154
linker_scaffold,R0C-7c707852fbe51c7a7472,False,0.6029411764705882,0.3970588235294118
linker_scaffold,R0C-7c78b98362714dc3c6ec,False,0.43548387096774194,0.564516129032258
linker_scaffold,R0C-7c9761ec4926fac015b1,False,0.859375,0.140625
linker_scaffold,R0C-7ca9ecf793617a38e7c5,False,0.7222222222222222,0.2777777777777778
linker_scaffold,R0C-7cb24ea3f5500f805cfb,False,0.42857142857142855,0.5714285714285714
linker_scaffold,R0C-7cbaf74c2160182d900e,False,0.6170212765957447,0.3829787234042553
linker_scaffold,R0C-7cd8784db1feacdaaa92,False,0.421875,0.578125
linker_scaffold,R0C-7ce838e88329731007c6,False,0.3392857142857143,0.6607142857142857
linker_scaffold,R0C-7d06d1cb1e4f44965957,False,0.734375,0.265625
linker_scaffold,R0C-7d680ac853b4d178511c,False,0.5686274509803921,0.43137254901960786
linker_scaffold,R0C-7db949cab3f64c04d79d,False,0.3333333333333333,0.6666666666666667
linker_scaffold,R0C-7dca2be0fd7d407fb108,False,0.5161290322580645,0.4838709677419355
linker_scaffold,R0C-7dd3ec294bee0e570a92,False,0.8767123287671232,0.12328767123287676
linker_scaffold,R0C-7dd443c17a11d366c934,False,0.6041666666666666,0.39583333333333337
linker_scaffold,R0C-7dd836b158be6b902c5b,False,0.9361702127659575,0.06382978723404253
linker_scaffold,R0C-7dff93f5f40918317d85,False,0.85,0.15000000000000002
linker_scaffold,R0C-7e2388b1da14e10b1479,False,0.3088235294117647,0.6911764705882353
linker_scaffold,R0C-7e5d4a8a9030c37e60ca,False,0.6530612244897959,0.34693877551020413
linker_scaffold,R0C-7e82315e89b33e980c60,False,0.82,0.18000000000000005
linker_scaffold,R0C-7e9ded0d2648bc5c4667,False,0.5142857142857142,0.48571428571428577
linker_scaffold,R0C-7ea23cc317951f6472b6,False,0.8695652173913043,0.13043478260869568
linker_scaffold,R0C-7eafda0b4b763cededcd,False,0.6666666666666666,0.33333333333333337
linker_scaffold,R0C-7eff4436de462ae5afd4,False,0.8363636363636363,0.1636363636363637
linker_scaffold,R0C-7f175b1d377e05550888,False,0.8524590163934426,0.14754098360655743
linker_scaffold,R0C-7f21d7ed3da88095d6dc,False,0.8085106382978723,0.19148936170212771
linker_scaffold,R0C-7f251a9d54411e8b431c,False,0.8695652173913043,0.13043478260869568
linker_scaffold,R0C-7f4087178ed8457abc18,False,0.8367346938775511,0.16326530612244894
linker_scaffold,R0C-7f6010ee0edad8c0fa86,False,0.8831168831168831,0.11688311688311692
linker_scaffold,R0C-7fae698684f73b27d9d3,False,0.5166666666666667,0.4833333333333333
linker_scaffold,R0C-7fce9cfaf1fe04be0f98,False,0.3492063492063492,0.6507936507936508
linker_scaffold,R0C-7fe686d7acf08021d578,False,0.8181818181818182,0.18181818181818177
linker_scaffold,R0C-7fef8ffbd9ee72b02053,False,0.859375,0.140625
linker_scaffold,R0C-7ff4a7f6c78f09fe8bf0,False,0.7301587301587301,0.2698412698412699
linker_scaffold,R0C-80042da4280e9584799d,False,0.8297872340425532,0.17021276595744683
linker_scaffold,R0C-805e6a679b36efcf60a9,False,0.27692307692307694,0.7230769230769231
linker_scaffold,R0C-8073874a2ef2438d28bb,False,0.8947368421052632,0.10526315789473684
linker_scaffold,R0C-808d27dbcc6eccc6bbf3,False,0.5333333333333333,0.4666666666666667
linker_scaffold,R0C-80e1e25375fc94ba2f5b,False,0.7954545454545454,0.20454545454545459
linker_scaffold,R0C-80e38c2ac6a552df8779,False,0.5344827586206896,0.4655172413793104
linker_scaffold,R0C-8156ef127866352b26a4,False,0.4375,0.5625
linker_scaffold,R0C-8160e1b2df98bdef0a10,False,1.0,0.0
linker_scaffold,R0C-816b9333112389b06f2a,False,0.3389830508474576,0.6610169491525424
linker_scaffold,R0C-81b441e089bcf5cef2f0,False,0.8524590163934426,0.14754098360655743
linker_scaffold,R0C-81b5a2ccac017fbb0bc2,False,0.5357142857142857,0.4642857142857143
linker_scaffold,R0C-81bf76aedf86e87b5cd6,False,1.0,0.0
linker_scaffold,R0C-81e2a23315a412391ecd,False,1.0,0.0
linker_scaffold,R0C-82203f605ead18882a5b,False,0.4444444444444444,0.5555555555555556
linker_scaffold,R0C-822ffbc9c3e104a0487c,False,0.7954545454545454,0.20454545454545459
linker_scaffold,R0C-8239c64779f3c2700672,False,0.8936170212765957,0.1063829787234043
linker_scaffold,R0C-8241991a6fc766136b47,False,0.88,0.12
linker_scaffold,R0C-827252dd84a85b5c7c7c,False,0.3409090909090909,0.6590909090909092
linker_scaffold,R0C-82860ecee37c60467435,False,0.4090909090909091,0.5909090909090908
linker_scaffold,R0C-82c25216b75fc82d79f2,False,0.4915254237288136,0.5084745762711864
linker_scaffold,R0C-82ddee32cc37693edd1c,False,0.5,0.5
linker_scaffold,R0C-8360063e63a9392e9a5f,False,0.4426229508196721,0.5573770491803278
linker_scaffold,R0C-83b0f9b87b98b765bfdd,False,0.38596491228070173,0.6140350877192983
linker_scaffold,R0C-83bc6db1644e7b4de62d,False,0.765625,0.234375
linker_scaffold,R0C-83c1a969afb99aa29893,False,0.8243243243243243,0.17567567567567566
linker_scaffold,R0C-83e386572dd7bfd0dca9,False,0.8095238095238095,0.19047619047619047
linker_scaffold,R0C-84117e2d12a92ae5ca4f,False,0.8484848484848485,0.1515151515151515
linker_scaffold,R0C-84abcffc747c6332a670,False,0.4074074074074074,0.5925925925925926
linker_scaffold,R0C-84b3ff7e00483014c982,False,0.8936170212765957,0.1063829787234043
linker_scaffold,R0C-84dbeccddd7246799be8,False,0.6111111111111112,0.38888888888888884
linker_scaffold,R0C-850c3997f7c78adc4742,False,0.3220338983050847,0.6779661016949152
linker_scaffold,R0C-8519298e0855db32679c,False,0.9782608695652174,0.021739130434782594
linker_scaffold,R0C-85235510d95187076883,False,0.5,0.5
linker_scaffold,R0C-853fa1d72d7bdd40cea2,False,1.0,0.0
linker_scaffold,R0C-85598f0bdf503d7ab1bb,False,0.8767123287671232,0.12328767123287676
linker_scaffold,R0C-85681cd312652ccb1726,False,0.7906976744186046,0.2093023255813954
linker_scaffold,R0C-858088edd0a48a7139b9,False,0.8928571428571429,0.1071428571428571
linker_scaffold,R0C-8580f5c306d91d341ecc,False,0.859375,0.140625
linker_scaffold,R0C-85b8a397b239e8442f46,False,0.8979591836734694,0.10204081632653061
linker_scaffold,R0C-8608234eff8d6713654a,False,0.515625,0.484375
linker_scaffold,R0C-861e6f80057ebb918ffe,False,0.8732394366197183,0.12676056338028174
linker_scaffold,R0C-863830870cfd146a3fdf,False,0.6111111111111112,0.38888888888888884
linker_scaffold,R0C-86458a72e76df77909f7,False,0.3389830508474576,0.6610169491525424
linker_scaffold,R0C-865c68bd937f1b87c2de,False,0.4782608695652174,0.5217391304347826
linker_scaffold,R0C-865de691970b4c71ae8a,False,0.48333333333333334,0.5166666666666666
linker_scaffold,R0C-869eb41a95b13f8457ce,False,0.8181818181818182,0.18181818181818177
linker_scaffold,R0C-86d61ef73516826fad8f,False,0.8181818181818182,0.18181818181818177
linker_scaffold,R0C-86da12cc12786d607cf6,False,0.7457627118644068,0.2542372881355932
linker_scaffold,R0C-870646f9c999c1b4b5bf,False,0.6326530612244898,0.36734693877551017
linker_scaffold,R0C-871766fa5491eca11474,False,0.7708333333333334,0.22916666666666663
linker_scaffold,R0C-875321741a95bf24c4f9,False,0.3392857142857143,0.6607142857142857
linker_scaffold,R0C-876687c54ff261eac892,False,0.8831168831168831,0.11688311688311692
linker_scaffold,R0C-87ac035e64ade2ab90ca,False,0.7407407407407407,0.2592592592592593
linker_scaffold,R0C-87f2b3928eaf21e96722,False,0.7021276595744681,0.2978723404255319
linker_scaffold,R0C-8805aa78dc9caa9cb674,False,0.8163265306122449,0.18367346938775508
linker_scaffold,R0C-880c7f0bcd3f53aabb41,False,0.4246575342465753,0.5753424657534247
linker_scaffold,R0C-8865cf9d4f8400aba768,False,0.8913043478260869,0.10869565217391308
linker_scaffold,R0C-888559cc7e7cdf8ad017,False,0.8484848484848485,0.1515151515151515
linker_scaffold,R0C-88dd9efdd260e41c120a,False,0.7741935483870968,0.22580645161290325
linker_scaffold,R0C-88e006dcf86c1fa3e3fa,False,0.7954545454545454,0.20454545454545459
linker_scaffold,R0C-89047dff16c452a895e9,False,0.8125,0.1875
linker_scaffold,R0C-891d6f23ebfc22036e18,False,0.7704918032786885,0.2295081967213115
linker_scaffold,R0C-892127fd8ee6d97c0c0f,False,0.7101449275362319,0.28985507246376807
linker_scaffold,R0C-89239fe71f66745c1644,False,0.40350877192982454,0.5964912280701755
linker_scaffold,R0C-8929708fd0f94f41567a,False,0.4666666666666667,0.5333333333333333
linker_scaffold,R0C-894fc49f32d05c66e58e,False,0.6470588235294118,0.3529411764705882
linker_scaffold,R0C-89570d96abad97e7d5d6,False,0.6551724137931034,0.3448275862068966
linker_scaffold,R0C-895d62d29cf243e5f0b3,False,0.5918367346938775,0.40816326530612246
linker_scaffold,R0C-89717ca608edf06424a1,False,0.7166666666666667,0.2833333333333333
linker_scaffold,R0C-8976bac00c47270e4efc,False,0.7169811320754716,0.28301886792452835
linker_scaffold,R0C-897d09373bf1f65b0c57,False,0.8867924528301887,0.1132075471698113
linker_scaffold,R0C-89826e4a7d8d86d4979b,False,0.5769230769230769,0.42307692307692313
linker_scaffold,R0C-89d72ecdac54cf7a11bb,False,0.82,0.18000000000000005
linker_scaffold,R0C-89e6e38cd9f978a121a8,False,0.7971014492753623,0.2028985507246377
linker_scaffold,R0C-8a11e9c214ea772f529e,False,0.40625,0.59375
linker_scaffold,R0C-8a3d479066f027e8f754,False,0.40625,0.59375
linker_scaffold,R0C-8a6adf125cc9bc1e0c04,False,0.6271186440677966,0.3728813559322034
linker_scaffold,R0C-8a6ecd3fb62a6e8b7c16,False,0.88,0.12
linker_scaffold,R0C-8a7d0be76f89b166ed3a,False,0.3918918918918919,0.6081081081081081
linker_scaffold,R0C-8aaa628e5a7b69a609fa,False,0.7166666666666667,0.2833333333333333
linker_scaffold,R0C-8ad74b92627078f4a7c2,False,0.8392857142857143,0.1607142857142857
linker_scaffold,R0C-8ad7b8bbd91237e752df,False,0.813953488372093,0.18604651162790697
linker_scaffold,R0C-8af5d2ab70f53f9b7ebe,False,0.711864406779661,0.288135593220339
linker_scaffold,R0C-8b17ea37ae74667e16c4,False,0.3392857142857143,0.6607142857142857
linker_scaffold,R0C-8b289234ccea96b63094,False,0.3898305084745763,0.6101694915254237
linker_scaffold,R0C-8b2de401bc7624f1d0dd,False,0.8032786885245902,0.19672131147540983
linker_scaffold,R0C-8b4ece0816e8770ca728,False,0.5102040816326531,0.4897959183673469
linker_scaffold,R0C-8b6d2f99194b038d5247,False,0.4791666666666667,0.5208333333333333
linker_scaffold,R0C-8b7baaf7802726523927,False,0.8775510204081632,0.12244897959183676
linker_scaffold,R0C-8bf06cf6c2a768f3aa77,False,0.9178082191780822,0.0821917808219178
linker_scaffold,R0C-8c12b703fc0a4b1c6ac4,False,0.859375,0.140625
linker_scaffold,R0C-8c2e8320eb5978bdcd02,False,0.9090909090909091,0.09090909090909094
linker_scaffold,R0C-8c632172e5fcde2675a5,False,0.75,0.25
linker_scaffold,R0C-8c6a0400d475ce832f06,False,0.88,0.12
linker_scaffold,R0C-8c7f2e2038953e461f17,False,0.5230769230769231,0.4769230769230769
linker_scaffold,R0C-8c8d0bfee702ab744493,False,0.725,0.275
linker_scaffold,R0C-8ce3ec0fd1801602b214,False,0.95,0.050000000000000044
linker_scaffold,R0C-8d0834c80d1c4f6df87a,False,0.5344827586206896,0.4655172413793104
linker_scaffold,R0C-8d0e92af908c7d8db9c2,False,0.8181818181818182,0.18181818181818177
linker_scaffold,R0C-8d27c9909c5897784d23,False,0.5283018867924528,0.4716981132075472
linker_scaffold,R0C-8d353b15c1ec7343f8ca,False,0.576271186440678,0.423728813559322
linker_scaffold,R0C-8d4b91db8b3f564d71a4,False,0.8392857142857143,0.1607142857142857
linker_scaffold,R0C-8d64614fb6c8a61b4644,False,0.7666666666666667,0.23333333333333328
linker_scaffold,R0C-8d72cae3d1739da4beea,False,0.8909090909090909,0.10909090909090913
linker_scaffold,R0C-8d906f324743448c028b,False,0.532258064516129,0.467741935483871
linker_scaffold,R0C-8d953fffe07f30e74e1b,False,0.6122448979591837,0.3877551020408163
linker_scaffold,R0C-8db262198450643ed88f,False,0.813953488372093,0.18604651162790697
linker_scaffold,R0C-8db43f61f83e1896fdf5,False,0.7222222222222222,0.2777777777777778
linker_scaffold,R0C-8dbfde8875b487b66a12,False,0.8035714285714286,0.1964285714285714
linker_scaffold,R0C-8dc483867bd1d285f640,False,0.696969696969697,0.303030303030303
linker_scaffold,R0C-8dccfe7e75230b870dde,False,0.62,0.38
linker_scaffold,R0C-8dd8ee51cabc5d30d4e6,False,0.4246575342465753,0.5753424657534247
linker_scaffold,R0C-8e2b594cd98efcaf5161,False,0.45714285714285713,0.5428571428571429
linker_scaffold,R0C-8e6368a7d9f7d8db023b,False,0.9767441860465116,0.023255813953488413
linker_scaffold,R0C-8e8f05d04a03a3e6f847,False,0.45454545454545453,0.5454545454545454
linker_scaffold,R0C-8ebdecc8c88bd598ef4c,False,0.53125,0.46875
linker_scaffold,R0C-8ec6c8342c62ed343949,False,0.5166666666666667,0.4833333333333333
linker_scaffold,R0C-8ecee67be46978cb905d,False,1.0,0.0
linker_scaffold,R0C-8ed96e70aba0908f7396,False,0.7076923076923077,0.29230769230769227
linker_scaffold,R0C-8eec53b91df4fdabba53,False,0.4153846153846154,0.5846153846153845
linker_scaffold,R0C-8f08f37c1df10987196a,False,0.463768115942029,0.536231884057971
linker_scaffold,R0C-8f146ccc0ed2aa9ad01d,False,0.45454545454545453,0.5454545454545454
linker_scaffold,R0C-8f21e5c846df80170b64,False,0.8928571428571429,0.1071428571428571
linker_scaffold,R0C-8f2a305a4c74f0f78a53,False,0.8125,0.1875
linker_scaffold,R0C-8f372ef43186bef24f76,False,0.5,0.5
linker_scaffold,R0C-8f3e551accd845a9bc6f,False,1.0,0.0
linker_scaffold,R0C-8f42a0e170dfd39e8721,False,0.6111111111111112,0.38888888888888884
linker_scaffold,R0C-8f4c9a6cc885a0086e29,False,0.5344827586206896,0.4655172413793104
linker_scaffold,R0C-8f5a0ff6299baa902187,False,0.3898305084745763,0.6101694915254237
linker_scaffold,R0C-8f6603c7de27b7fd6c51,False,0.7547169811320755,0.24528301886792447
linker_scaffold,R0C-8fdc02c244a87304886e,False,0.5352112676056338,0.46478873239436624
linker_scaffold,R0C-8ff695eb6332727ad0a3,False,0.847457627118644,0.15254237288135597
linker_scaffold,R0C-9005f1184f276c7c89dc,False,0.8656716417910447,0.13432835820895528
linker_scaffold,R0C-902029609e4fffc9b540,False,0.3225806451612903,0.6774193548387097
linker_scaffold,R0C-90399fbe1e3015fd6ef1,False,0.5357142857142857,0.4642857142857143
linker_scaffold,R0C-903dd2e74034b2ccca02,False,0.6111111111111112,0.38888888888888884
linker_scaffold,R0C-9061a3d3036c3153e8d5,False,0.703125,0.296875
linker_scaffold,R0C-90b6e9062e307eb9dd77,False,0.9777777777777777,0.022222222222222254
linker_scaffold,R0C-911513515fced17d036a,False,0.8367346938775511,0.16326530612244894
linker_scaffold,R0C-912ee62c63d6ed41700f,False,0.5897435897435898,0.41025641025641024
linker_scaffold,R0C-918c1939886515abb4ec,False,0.8979591836734694,0.10204081632653061
linker_scaffold,R0C-91925ae714cf22b55b29,False,0.8571428571428571,0.1428571428571429
linker_scaffold,R0C-91be0f72a7321dc1a87c,False,0.3333333333333333,0.6666666666666667
linker_scaffold,R0C-920348a111c995db8570,False,0.8596491228070176,0.14035087719298245
linker_scaffold,R0C-9256f811ded991d4e21a,False,0.8867924528301887,0.1132075471698113
linker_scaffold,R0C-925bbb2fd01ca6be7eb5,False,0.6451612903225806,0.3548387096774194
linker_scaffold,R0C-9273bb113852b29a8a72,False,0.82,0.18000000000000005
linker_scaffold,R0C-9274adf03fc9d93cfe3f,False,0.7857142857142857,0.2142857142857143
linker_scaffold,R0C-92b84a55a596a98a29e2,False,0.9076923076923077,0.09230769230769231
linker_scaffold,R0C-92c6ea5c71c9cee6ea2e,False,0.7073170731707317,0.29268292682926833
linker_scaffold,R0C-92fcb1b1345281ebcff7,False,0.803030303030303,0.19696969696969702
linker_scaffold,R0C-932489918c69872347bc,False,0.725,0.275
linker_scaffold,R0C-933ea05a8386f7c763d3,False,0.3333333333333333,0.6666666666666667
linker_scaffold,R0C-934da3cbd39505d2ebb0,False,0.5074626865671642,0.4925373134328358
linker_scaffold,R0C-93765cb563d0d121b37b,False,0.8095238095238095,0.19047619047619047
linker_scaffold,R0C-9394774030ad5fcb5747,False,0.8732394366197183,0.12676056338028174
linker_scaffold,R0C-93cc80c665bd4356f371,False,0.3275862068965517,0.6724137931034483
linker_scaffold,R0C-93e5588478b59594924f,False,0.8076923076923077,0.1923076923076923
linker_scaffold,R0C-93f3f79bde5149f3ca60,False,0.3898305084745763,0.6101694915254237
linker_scaffold,R0C-942b4a88c44caae145ae,False,0.8125,0.1875
linker_scaffold,R0C-944c75742a37480b19fa,False,0.8936170212765957,0.1063829787234043
linker_scaffold,R0C-948fef1a764af84f5671,False,0.8947368421052632,0.10526315789473684
linker_scaffold,R0C-9499e9bc83f136cbc4b5,False,0.42857142857142855,0.5714285714285714
linker_scaffold,R0C-94ab19fe2b6af0a8f051,False,0.5166666666666667,0.4833333333333333
linker_scaffold,R0C-94adac06968767102f7d,False,0.859375,0.140625
linker_scaffold,R0C-94de87a880ee017e3b56,False,0.8392857142857143,0.1607142857142857
linker_scaffold,R0C-94e4b8e903e3eeb8bd4f,False,0.96875,0.03125
linker_scaffold,R0C-94fc56b8c084434c53c5,False,0.5102040816326531,0.4897959183673469
linker_scaffold,R0C-9508b324a7db89863c01,False,0.8461538461538461,0.15384615384615385
linker_scaffold,R0C-954d1e7e0137c9681f63,False,0.8888888888888888,0.11111111111111116
linker_scaffold,R0C-956c0a960aa23ad7b8fd,False,0.43333333333333335,0.5666666666666667
linker_scaffold,R0C-958e22de6e8d5c099e58,False,0.3508771929824561,0.6491228070175439
linker_scaffold,R0C-961cc64e1c2a69907059,False,0.4262295081967213,0.5737704918032787
linker_scaffold,R0C-963cb2186771f60e9389,False,0.8484848484848485,0.1515151515151515
linker_scaffold,R0C-965afbd8871987352ebc,False,0.813953488372093,0.18604651162790697
linker_scaffold,R0C-965c279d109021a392bb,False,0.8714285714285714,0.12857142857142856
linker_scaffold,R0C-9696fd5cbc7f646645e5,False,0.6976744186046512,0.3023255813953488
linker_scaffold,R0C-96babc9f9e8ac46ae39b,False,0.8656716417910447,0.13432835820895528
linker_scaffold,R0C-96be51d4a4202941fc7d,False,0.4153846153846154,0.5846153846153845
linker_scaffold,R0C-96bec88e2f1f0d70842e,False,0.6341463414634146,0.36585365853658536
linker_scaffold,R0C-96c20b7e3037ae640019,False,0.9782608695652174,0.021739130434782594
linker_scaffold,R0C-96cb7d8894836fda4bd3,False,0.9038461538461539,0.09615384615384615
linker_scaffold,R0C-96d3e5cfc7a078ac88ab,False,0.7906976744186046,0.2093023255813954
linker_scaffold,R0C-96e89b31c5fb1e3f823a,False,0.78,0.21999999999999997
linker_scaffold,R0C-9709922dfc573b68ccbb,False,0.3150684931506849,0.6849315068493151
linker_scaffold,R0C-973d1ecdf25d1832641a,False,0.40625,0.59375
linker_scaffold,R0C-9762993acf62167a3492,False,0.8297872340425532,0.17021276595744683
linker_scaffold,R0C-978e803e097beec30d7b,False,0.8863636363636364,0.11363636363636365
linker_scaffold,R0C-97c60bb9bdb5ced79aaa,False,0.7272727272727273,0.2727272727272727
linker_scaffold,R0C-97dba91d60446f89f736,False,0.5882352941176471,0.4117647058823529
linker_scaffold,R0C-984c2468cbfb225be6dc,False,0.43243243243243246,0.5675675675675675
linker_scaffold,R0C-985401c5e85c08f005f0,False,0.8548387096774194,0.14516129032258063
linker_scaffold,R0C-985b8439b03d538b48e5,False,0.7954545454545454,0.20454545454545459
linker_scaffold,R0C-9867ece565c681dbdc34,False,0.813953488372093,0.18604651162790697
linker_scaffold,R0C-98c144a365219ee42fbc,False,0.7142857142857143,0.2857142857142857
linker_scaffold,R0C-990a9eca8cba1725ce11,False,0.8297872340425532,0.17021276595744683
linker_scaffold,R0C-995e11e234dec2a8b449,False,1.0,0.0
linker_scaffold,R0C-998f80e692265c642079,False,0.7540983606557377,0.24590163934426235
linker_scaffold,R0C-99924370d93e4834daa3,False,0.42592592592592593,0.5740740740740741
linker_scaffold,R0C-99cc1184d1d0351378cc,False,0.8524590163934426,0.14754098360655743
linker_scaffold,R0C-99d486d564008bdc1135,False,0.711864406779661,0.288135593220339
linker_scaffold,R0C-99d62aff05b6610d0eb0,False,0.8524590163934426,0.14754098360655743
linker_scaffold,R0C-99e4fd275ca549b993af,False,1.0,0.0
linker_scaffold,R0C-9a05e794f199b981a425,False,0.9069767441860465,0.09302325581395354
linker_scaffold,R0C-9a30816a3121aae06ede,False,0.5957446808510638,0.4042553191489362
linker_scaffold,R0C-9a485c6ce7ea2b63db67,False,0.8947368421052632,0.10526315789473684
linker_scaffold,R0C-9a5ceb3559c39919b460,False,0.8928571428571429,0.1071428571428571
linker_scaffold,R0C-9a6ed8bca142fc74d9dd,False,0.8484848484848485,0.1515151515151515
linker_scaffold,R0C-9aff0994e8dc1ae82e39,False,0.42857142857142855,0.5714285714285714
linker_scaffold,R0C-9b00a98160cb3e6b47a2,False,0.6382978723404256,0.36170212765957444
linker_scaffold,R0C-9b20dc2cd39d3d80dc76,False,0.3448275862068966,0.6551724137931034
linker_scaffold,R0C-9b3707a65de81f249d0a,False,0.725,0.275
linker_scaffold,R0C-9b783e913737113cff46,False,0.8484848484848485,0.1515151515151515
linker_scaffold,R0C-9b9231441e4f9763c640,False,0.813953488372093,0.18604651162790697
linker_scaffold,R0C-9baa80dcfd3fc876ba9e,False,0.7931034482758621,0.2068965517241379
linker_scaffold,R0C-9bbfafd75826bc5ce3ea,False,0.3275862068965517,0.6724137931034483
linker_scaffold,R0C-9bc5a6440725801d496d,False,0.5396825396825397,0.46031746031746035
linker_scaffold,R0C-9bdbc05992883f74521d,False,0.62,0.38
linker_scaffold,R0C-9bed4055325d76c4780b,False,0.5357142857142857,0.4642857142857143
linker_scaffold,R0C-9c2ae5dda7f6f473ccdb,False,0.6122448979591837,0.3877551020408163
linker_scaffold,R0C-9c2d270fe1fde8608c4f,False,0.6101694915254238,0.38983050847457623
linker_scaffold,R0C-9c3a243c61969ee16854,False,0.725,0.275
linker_scaffold,R0C-9c3c9dbb31d2be9a9436,False,0.8656716417910447,0.13432835820895528
linker_scaffold,R0C-9c65489a31c854bf7cfb,False,0.6984126984126984,0.3015873015873016
linker_scaffold,R0C-9c68c858531ff58fbec1,False,0.7115384615384616,0.28846153846153844
linker_scaffold,R0C-9c708ef23f90c9c10fa5,False,0.7301587301587301,0.2698412698412699
linker_scaffold,R0C-9c727c0eb3f3c129753d,False,0.8490566037735849,0.15094339622641506
linker_scaffold,R0C-9c747e61b696941aa08a,False,0.47058823529411764,0.5294117647058824
linker_scaffold,R0C-9c812f0f146e7c5dd65d,False,0.8571428571428571,0.1428571428571429
linker_scaffold,R0C-9c9b12b4e0eb1350c898,False,0.6818181818181818,0.31818181818181823
linker_scaffold,R0C-9caefb6aae2277fef1de,False,0.9782608695652174,0.021739130434782594
linker_scaffold,R0C-9d0829fc6bc61d94c4d1,False,1.0,0.0
linker_scaffold,R0C-9e260791bef4cfd2c2a6,False,0.5357142857142857,0.4642857142857143
linker_scaffold,R0C-9e266da2f0fd37025377,False,0.8888888888888888,0.11111111111111116
linker_scaffold,R0C-9eb554fd8c5a5004c1ab,False,0.6122448979591837,0.3877551020408163
linker_scaffold,R0C-9ee84adf28e9827fd57c,False,0.6818181818181818,0.31818181818181823
linker_scaffold,R0C-9f2997f28158292bc5a0,False,0.43636363636363634,0.5636363636363637
linker_scaffold,R0C-9f5ced0b0e5700d065c0,False,0.7954545454545454,0.20454545454545459
linker_scaffold,R0C-9f94939c4329bbc37edb,False,0.6153846153846154,0.3846153846153846
linker_scaffold,R0C-9fe24645dea584ce55ad,False,0.8732394366197183,0.12676056338028174
linker_scaffold,R0C-a01dc6fa824ca46b53a4,False,0.43956043956043955,0.5604395604395604
linker_scaffold,R0C-a0290561a8931280c2ca,False,0.627906976744186,0.37209302325581395
linker_scaffold,R0C-a070f41aa1d64f6fc296,False,0.7954545454545454,0.20454545454545459
linker_scaffold,R0C-a0791eb22a67b358191d,False,0.9137931034482759,0.08620689655172409
linker_scaffold,R0C-a09f598683d14475130e,False,0.603448275862069,0.39655172413793105
linker_scaffold,R0C-a0aee1257c3a0dcf587f,False,0.4264705882352941,0.5735294117647058
linker_scaffold,R0C-a0c45a65846fb6bc62f7,False,0.8767123287671232,0.12328767123287676
linker_scaffold,R0C-a0de425a6e33ef7f1189,False,0.859375,0.140625
linker_scaffold,R0C-a0e63c6b57fc9a5b96eb,False,0.35714285714285715,0.6428571428571428
linker_scaffold,R0C-a1244c9721188302bef3,False,0.7586206896551724,0.24137931034482762
linker_scaffold,R0C-a12b5ea8ad89db8f0563,False,0.7407407407407407,0.2592592592592593
linker_scaffold,R0C-a12f2a9fb029ae276e2a,False,0.8524590163934426,0.14754098360655743
linker_scaffold,R0C-a16252724fbc99deadaf,False,0.9523809523809523,0.04761904761904767
linker_scaffold,R0C-a17549d932f347486bb4,False,0.5357142857142857,0.4642857142857143
linker_scaffold,R0C-a1b21d43d0b36cc819d8,False,0.47761194029850745,0.5223880597014925
linker_scaffold,R0C-a1e5c504d1bd02549619,False,0.21875,0.78125
linker_scaffold,R0C-a1f2f7d79e68d2ea838c,False,0.3275862068965517,0.6724137931034483
linker_scaffold,R0C-a1f414cf32d61e93dca9,False,0.3448275862068966,0.6551724137931034
linker_scaffold,R0C-a1f8ed9494cabfd1f7c7,False,0.7435897435897436,0.2564102564102564
linker_scaffold,R0C-a23b63cd5b7e2c44c9f7,False,0.88,0.12
linker_scaffold,R0C-a2564e328515bf00755a,False,0.8714285714285714,0.12857142857142856
linker_scaffold,R0C-a27676e3d7934a281bf5,False,0.8524590163934426,0.14754098360655743
linker_scaffold,R0C-a2a81781f56c0858915c,False,0.4107142857142857,0.5892857142857143
linker_scaffold,R0C-a2c64dd3b0de816a9a9e,False,0.3392857142857143,0.6607142857142857
linker_scaffold,R0C-a2f843d130e56131361f,False,0.6122448979591837,0.3877551020408163
linker_scaffold,R0C-a306797466474e444860,False,0.42857142857142855,0.5714285714285714
linker_scaffold,R0C-a309770d75c83507f3ed,False,0.509090909090909,0.49090909090909096
linker_scaffold,R0C-a382cd279a3b4cac55a7,False,0.32786885245901637,0.6721311475409837
linker_scaffold,R0C-a38ebc02da8593292fc3,False,0.8125,0.1875
linker_scaffold,R0C-a3923ec16c3d21acf04c,False,0.8235294117647058,0.17647058823529416
linker_scaffold,R0C-a39a0dca96606feb60e8,False,0.45,0.55
linker_scaffold,R0C-a3ca5e79829f2f06c315,False,0.5217391304347826,0.4782608695652174
linker_scaffold,R0C-a3d769f0a51553fa09a9,False,0.8666666666666667,0.1333333333333333
linker_scaffold,R0C-a42501d2354f40431240,False,0.88,0.12
linker_scaffold,R0C-a44a68c73415d965185e,False,0.55,0.44999999999999996
linker_scaffold,R0C-a4ab75bc90c51c6a4086,False,0.821917808219178,0.17808219178082196
linker_scaffold,R0C-a4e6e37216b599d0cd7c,False,0.358974358974359,0.641025641025641
linker_scaffold,R0C-a509ef35b9c45a7c773c,False,0.8225806451612904,0.17741935483870963
linker_scaffold,R0C-a510d8b649d216759a69,False,0.62,0.38
linker_scaffold,R0C-a52b11f1268a29f4b829,False,0.39655172413793105,0.603448275862069
linker_scaffold,R0C-a56d8cd05de40654483f,False,0.5306122448979592,0.4693877551020408
linker_scaffold,R0C-a5a2d0b1e465c812bdd1,False,0.8392857142857143,0.1607142857142857
linker_scaffold,R0C-a5b12d66a34ec7185944,False,0.6052631578947368,0.39473684210526316
linker_scaffold,R0C-a60fc509f7efe925b027,False,0.5512820512820513,0.4487179487179487
linker_scaffold,R0C-a6278f0528261aa80cdf,False,0.34782608695652173,0.6521739130434783
linker_scaffold,R0C-a640e1ec2d0979acdb24,False,0.5753424657534246,0.4246575342465754
linker_scaffold,R0C-a6701dd273776c75a057,False,0.8548387096774194,0.14516129032258063
linker_scaffold,R0C-a67f403f64c52285308c,False,1.0,0.0
linker_scaffold,R0C-a6a494c1528605c0fddc,False,0.6041666666666666,0.39583333333333337
linker_scaffold,R0C-a6d9fd43ae03957eff6c,False,0.8297872340425532,0.17021276595744683
linker_scaffold,R0C-a708c033d0ff861c9b48,False,0.8846153846153846,0.11538461538461542
linker_scaffold,R0C-a73c1081986dcebefef7,False,0.78125,0.21875
linker_scaffold,R0C-a7803561162527fc39cd,False,0.8979591836734694,0.10204081632653061
linker_scaffold,R0C-a797bb6e979edcc6c218,False,0.38235294117647056,0.6176470588235294
linker_scaffold,R0C-a7ae2af801e4b7f149a7,False,0.5076923076923077,0.49230769230769234
linker_scaffold,R0C-a7b94546859c1ffb1168,False,0.5769230769230769,0.42307692307692313
linker_scaffold,R0C-a7f0ce0831d671cad785,False,0.6326530612244898,0.36734693877551017
linker_scaffold,R0C-a81486d00794457a79e0,False,0.8363636363636363,0.1636363636363637
linker_scaffold,R0C-a851ab770b71ba8f71b0,False,0.8888888888888888,0.11111111111111116
linker_scaffold,R0C-a852a2d797d02d495bf0,False,0.9428571428571428,0.05714285714285716
linker_scaffold,R0C-a88a86abebab81dbcc36,False,0.8958333333333334,0.10416666666666663
linker_scaffold,R0C-a8d38122038bd1b19aa4,False,0.6825396825396826,0.31746031746031744
linker_scaffold,R0C-a8d94b570466b20d12c0,False,0.6904761904761905,0.30952380952380953
linker_scaffold,R0C-a8f13b70aad9934f2029,False,0.7627118644067796,0.23728813559322037
linker_scaffold,R0C-a9001ef6ae2a93910502,False,0.6458333333333334,0.35416666666666663
linker_scaffold,R0C-a906107746447e1bede3,False,0.5942028985507246,0.4057971014492754
linker_scaffold,R0C-a94d4c56914e6bfd3520,False,0.9696969696969697,0.030303030303030276
linker_scaffold,R0C-a95612b91f3f8c57edd7,False,0.5957446808510638,0.4042553191489362
linker_scaffold,R0C-a95eab63c2f25467a030,False,0.8676470588235294,0.13235294117647056
linker_scaffold,R0C-a9bdb7da875ebbe12ed8,False,0.7954545454545454,0.20454545454545459
linker_scaffold,R0C-a9c6d2f0d7ac238cb3e7,False,0.6111111111111112,0.38888888888888884
linker_scaffold,R0C-aa1b1ece7786e45b68bd,False,0.6122448979591837,0.3877551020408163
linker_scaffold,R0C-aa31182a59c0b7660dd8,False,0.9038461538461539,0.09615384615384615
linker_scaffold,R0C-aa44e83f61d20ace2fa0,False,0.532258064516129,0.467741935483871
linker_scaffold,R0C-aa44eb26a4a834fc6e17,False,0.6904761904761905,0.30952380952380953
linker_scaffold,R0C-aaa65422b997fe333291,False,0.32727272727272727,0.6727272727272727
linker_scaffold,R0C-aab7b5948085ee1ddecc,False,0.3333333333333333,0.6666666666666667
linker_scaffold,R0C-aac11af3d644d0ed1f3f,False,0.31666666666666665,0.6833333333333333
linker_scaffold,R0C-aaf460a154a7b9df42c2,False,0.4444444444444444,0.5555555555555556
linker_scaffold,R0C-ab03245ab07379dbae17,False,0.7169811320754716,0.28301886792452835
linker_scaffold,R0C-ab10c1477af1bc6eee09,False,0.4146341463414634,0.5853658536585367
linker_scaffold,R0C-ab13857226348ccce21d,False,0.6333333333333333,0.3666666666666667
linker_scaffold,R0C-ab673c1eddedfefd2e8f,False,0.7954545454545454,0.20454545454545459
linker_scaffold,R0C-ab6cb9746f6d89f79eb2,False,0.75,0.25
linker_scaffold,R0C-ab74fc02f2edc9051fdf,False,0.8363636363636363,0.1636363636363637
linker_scaffold,R0C-aba2840e36f27c4930b6,False,0.6491228070175439,0.3508771929824561
linker_scaffold,R0C-abb88565d4be21d5f5d9,False,0.4626865671641791,0.5373134328358209
linker_scaffold,R0C-abc112b953ca034e4dc5,False,0.6136363636363636,0.38636363636363635
linker_scaffold,R0C-ac0b17480cc9513fb2a4,False,0.5862068965517241,0.4137931034482759
linker_scaffold,R0C-ac156c12c72ca3ae02dd,False,0.6666666666666666,0.33333333333333337
linker_scaffold,R0C-ac3a7fc93c3a9b15c50e,False,0.6538461538461539,0.34615384615384615
linker_scaffold,R0C-ac7f63fc2e7d1cdb850e,False,0.5333333333333333,0.4666666666666667
linker_scaffold,R0C-ac92e83063c1ee5d8263,False,0.8888888888888888,0.11111111111111116
linker_scaffold,R0C-acd730b10ca9b346ef43,False,0.6086956521739131,0.3913043478260869
linker_scaffold,R0C-acda4550d7665a39f226,False,0.8571428571428571,0.1428571428571429
linker_scaffold,R0C-ad18b628993b549567b7,False,0.3888888888888889,0.6111111111111112
linker_scaffold,R0C-ad1bf612101680e524bf,False,0.75,0.25
linker_scaffold,R0C-ad2de9f73b25d3412861,False,0.4745762711864407,0.5254237288135593
linker_scaffold,R0C-ad749404c669fddd5d63,False,0.8928571428571429,0.1071428571428571
linker_scaffold,R0C-add3c3b8f5a4e938061c,False,0.5686274509803921,0.43137254901960786
linker_scaffold,R0C-ae153bbafa93c343e0a5,False,0.3442622950819672,0.6557377049180328
linker_scaffold,R0C-ae9a0d00574463824465,False,0.3484848484848485,0.6515151515151515
linker_scaffold,R0C-aec48021db0a405c5328,False,0.6842105263157895,0.3157894736842105
linker_scaffold,R0C-af0c9ed7dc9009e4a558,False,0.5833333333333334,0.41666666666666663
linker_scaffold,R0C-af28b7513481c61f16ad,False,0.5,0.5
linker_scaffold,R0C-af3d91290b472a384f40,False,0.5102040816326531,0.4897959183673469
linker_scaffold,R0C-af65dd5aa90a06956d68,False,0.859375,0.140625
linker_scaffold,R0C-af96e763dfea95957923,False,0.5588235294117647,0.4411764705882353
linker_scaffold,R0C-afca2bcf2738e5e038f7,False,0.35714285714285715,0.6428571428571428
linker_scaffold,R0C-afdb2c64adf8d6dc4531,False,1.0,0.0
linker_scaffold,R0C-afdec06ad0e44a8d8d56,False,0.8936170212765957,0.1063829787234043
linker_scaffold,R0C-b0231a1a8cb3341e9231,False,0.8548387096774194,0.14516129032258063
linker_scaffold,R0C-b043f6f9650ee09a2f9e,False,0.8,0.19999999999999996
linker_scaffold,R0C-b094cab70179ce972223,False,0.38333333333333336,0.6166666666666667
linker_scaffold,R0C-b0c11f66449283bdde85,False,0.8787878787878788,0.12121212121212122
linker_scaffold,R0C-b0cc228da0442774bf34,False,0.43243243243243246,0.5675675675675675
linker_scaffold,R0C-b0f8235d1617ce6b3680,False,1.0,0.0
linker_scaffold,R0C-b14953a5b7d40cdc77cf,False,0.3275862068965517,0.6724137931034483
linker_scaffold,R0C-b163dc1bd52e15045426,False,0.8775510204081632,0.12244897959183676
linker_scaffold,R0C-b168699af3c0e3578c59,False,0.6666666666666666,0.33333333333333337
linker_scaffold,R0C-b17b4e41cdc5458a739f,False,0.4838709677419355,0.5161290322580645
linker_scaffold,R0C-b1897e31f669a5a9407c,False,0.5671641791044776,0.4328358208955224
linker_scaffold,R0C-b1b1bbe6111408c443a8,False,0.39655172413793105,0.603448275862069
linker_scaffold,R0C-b1d6f75795d5620de5b2,False,0.7804878048780488,0.2195121951219512
linker_scaffold,R0C-b1da94381898c3076474,False,0.6904761904761905,0.30952380952380953
linker_scaffold,R0C-b219b49ee2ee120e4ea9,False,0.74,0.26
linker_scaffold,R0C-b24aaae9370b1f09db07,False,0.9655172413793104,0.03448275862068961
linker_scaffold,R0C-b26bb338b53392455bb4,False,0.3389830508474576,0.6610169491525424
linker_scaffold,R0C-b2706a17694a15fb836a,False,0.5483870967741935,0.4516129032258065
linker_scaffold,R0C-b286438bd30620090c1c,False,0.75,0.25
linker_scaffold,R0C-b2b91492737f68fdd380,False,0.7804878048780488,0.2195121951219512
linker_scaffold,R0C-b2e6216dc3a1cabb0be7,False,0.23376623376623376,0.7662337662337663
linker_scaffold,R0C-b2f1c85865e9ed157064,False,0.775,0.22499999999999998
linker_scaffold,R0C-b31ce03fae3ef04c742f,False,0.5,0.5
linker_scaffold,R0C-b331641f5f0938e05f98,False,0.3442622950819672,0.6557377049180328
linker_scaffold,R0C-b37f73a19e64d1cac283,False,0.8714285714285714,0.12857142857142856
linker_scaffold,R0C-b3ae70eedede172a6d57,False,0.8490566037735849,0.15094339622641506
linker_scaffold,R0C-b3beb4d79f5eb3cbbd5b,False,0.859375,0.140625
linker_scaffold,R0C-b3cc3601670f28ebddcc,False,0.6037735849056604,0.39622641509433965
linker_scaffold,R0C-b3ee558998fbf78e9938,False,0.6326530612244898,0.36734693877551017
linker_scaffold,R0C-b3f16973c1baf4d0c846,False,0.95,0.050000000000000044
linker_scaffold,R0C-b3f557442622f97b435f,False,0.38235294117647056,0.6176470588235294
linker_scaffold,R0C-b47a9ca4b8bdba381594,False,0.2826086956521739,0.7173913043478262
linker_scaffold,R0C-b484b60c5e0d006a6c8a,False,0.6481481481481481,0.35185185185185186
linker_scaffold,R0C-b494122159196db5bd38,False,0.5344827586206896,0.4655172413793104
linker_scaffold,R0C-b4a39f8de9f8bb5621f7,False,0.8860759493670886,0.11392405063291144
linker_scaffold,R0C-b4b4db8f0653b125b79d,False,0.6545454545454545,0.34545454545454546
linker_scaffold,R0C-b4c28c37f9d6ad4345e3,False,0.8125,0.1875
linker_scaffold,R0C-b4f3a6eb6339fbb54bc1,False,0.8620689655172413,0.13793103448275867
linker_scaffold,R0C-b51bed5bc02e5ded7bac,False,0.5,0.5
linker_scaffold,R0C-b5d9bdd922ec33a6d755,False,0.6909090909090909,0.3090909090909091
linker_scaffold,R0C-b5dfc8def4a9e3832382,False,0.7906976744186046,0.2093023255813954
linker_scaffold,R0C-b5e8d9824f0c3dd27777,False,0.72,0.28
linker_scaffold,R0C-b61947861f4cd94d7664,False,0.5901639344262295,0.4098360655737705
linker_scaffold,R0C-b65330a632fa921bd4f9,False,0.37142857142857144,0.6285714285714286
linker_scaffold,R0C-b6afe8c74aa68b75874a,False,0.6122448979591837,0.3877551020408163
linker_scaffold,R0C-b6b23e41bdf6b3f2ed8e,False,0.4461538461538462,0.5538461538461539
linker_scaffold,R0C-b6ceb6fd05cd43a912a2,False,0.3448275862068966,0.6551724137931034
linker_scaffold,R0C-b70a68b76fcd452c766f,False,0.7076923076923077,0.29230769230769227
linker_scaffold,R0C-b723fe28b6c2e1da98ee,False,0.5522388059701493,0.4477611940298507
linker_scaffold,R0C-b7250798845f8f71d0d3,False,0.8524590163934426,0.14754098360655743
linker_scaffold,R0C-b743382279fe4e098c5d,False,0.8936170212765957,0.1063829787234043
linker_scaffold,R0C-b7438b4c75c052e9251d,False,0.52,0.48
linker_scaffold,R0C-b7855accf3fbbce18adf,False,0.38596491228070173,0.6140350877192983
linker_scaffold,R0C-b7b29131f7e0c98bab18,False,0.6451612903225806,0.3548387096774194
linker_scaffold,R0C-b81a74842491fca4f559,False,0.3448275862068966,0.6551724137931034
linker_scaffold,R0C-b81b6f678303beff6b40,False,0.3392857142857143,0.6607142857142857
linker_scaffold,R0C-b9389996b1233e09a738,False,0.4642857142857143,0.5357142857142857
linker_scaffold,R0C-b94bc9fb0d984148a2d4,False,0.6379310344827587,0.3620689655172413
linker_scaffold,R0C-b971add35a91393f7c72,False,0.6111111111111112,0.38888888888888884
linker_scaffold,R0C-b995cf1bea992dc47f08,False,1.0,0.0
linker_scaffold,R0C-b9f82b180f0ba74687f3,False,0.4426229508196721,0.5573770491803278
linker_scaffold,R0C-ba22a1eeaa2e72ba0663,False,0.8928571428571429,0.1071428571428571
linker_scaffold,R0C-ba4a52a48ec63e900adc,False,0.8928571428571429,0.1071428571428571
linker_scaffold,R0C-ba4c86695187c4923921,False,0.3333333333333333,0.6666666666666667
linker_scaffold,R0C-ba6dbf67a5a4f9a07b5b,False,0.5084745762711864,0.4915254237288136
linker_scaffold,R0C-ba6f5374301ca567695e,False,0.3918918918918919,0.6081081081081081
linker_scaffold,R0C-bab6abf4c1f56e0f546a,False,0.7045454545454546,0.2954545454545454
linker_scaffold,R0C-bad079e54f6a76b262a2,False,0.8484848484848485,0.1515151515151515
linker_scaffold,R0C-bae73940f570fa6dd755,False,1.0,0.0
linker_scaffold,R0C-baec4c375146724c0650,False,0.8297872340425532,0.17021276595744683
linker_scaffold,R0C-bb0215737512e3ad34cc,False,0.8484848484848485,0.1515151515151515
linker_scaffold,R0C-bb050884f1580d547762,False,0.7073170731707317,0.29268292682926833
linker_scaffold,R0C-bb1ca7de9cf269211947,False,0.775,0.22499999999999998
linker_scaffold,R0C-bb32640d8fb1df0806f4,False,0.6078431372549019,0.3921568627450981
linker_scaffold,R0C-bb39c889ee385c502c26,False,0.3275862068965517,0.6724137931034483
linker_scaffold,R0C-bb739ac86343f36cff8e,False,0.9038461538461539,0.09615384615384615
linker_scaffold,R0C-bb7e280bb05f15140407,False,0.8928571428571429,0.1071428571428571
linker_scaffold,R0C-bb94affee566d95b25a0,False,0.7906976744186046,0.2093023255813954
linker_scaffold,R0C-bb9c92ad1d42c28a8c2c,False,0.5797101449275363,0.42028985507246375
linker_scaffold,R0C-bba5b3da711b840b8523,False,1.0,0.0
linker_scaffold,R0C-bbcfb97490942f6c526a,False,0.40298507462686567,0.5970149253731343
linker_scaffold,R0C-bbd5df7cec32712cb47d,False,0.3333333333333333,0.6666666666666667
linker_scaffold,R0C-bbf790a4b8e65be37c99,False,0.32727272727272727,0.6727272727272727
linker_scaffold,R0C-bbfb4cd1f1bb1fb9c35a,False,0.8392857142857143,0.1607142857142857
linker_scaffold,R0C-bc19e3f53cd11f0bc893,False,0.3333333333333333,0.6666666666666667
linker_scaffold,R0C-bc434f7b7dead761088d,False,1.0,0.0
linker_scaffold,R0C-bc53117da03ebb1d921e,False,0.8787878787878788,0.12121212121212122
linker_scaffold,R0C-bc7b48b8084bf390d710,False,0.71875,0.28125
linker_scaffold,R0C-bca43cab92fc2571b7b7,False,0.88,0.12
linker_scaffold,R0C-bd307af00c48d4affe3a,False,0.7424242424242424,0.25757575757575757
linker_scaffold,R0C-bd5c5d06a8f274c148ed,False,0.8695652173913043,0.13043478260869568
linker_scaffold,R0C-bd7a00c42a3f30460caa,False,0.3333333333333333,0.6666666666666667
linker_scaffold,R0C-bd811e7e3fb1ea2201b0,False,0.8524590163934426,0.14754098360655743
linker_scaffold,R0C-bd84f94b3f19c0ae6c01,False,1.0,0.0
linker_scaffold,R0C-bd99106cf04eb0683ca2,False,0.45454545454545453,0.5454545454545454
linker_scaffold,R0C-bd9f8f16a0ca4abc4346,False,0.4444444444444444,0.5555555555555556
linker_scaffold,R0C-bdc27a655e463953340e,False,0.581081081081081,0.41891891891891897
linker_scaffold,R0C-bdcbab4239f9d57ffb3f,False,0.8301886792452831,0.16981132075471694
linker_scaffold,R0C-bdccc32cb399191f00e1,False,0.6976744186046512,0.3023255813953488
linker_scaffold,R0C-bdcd6187154830882505,False,0.9148936170212766,0.08510638297872342
linker_scaffold,R0C-bdcde3199022dc746d77,False,0.5901639344262295,0.4098360655737705
linker_scaffold,R0C-bdefcac73a1abe59e954,False,0.32727272727272727,0.6727272727272727
linker_scaffold,R0C-be510ad5c7f30e42f153,False,0.8909090909090909,0.10909090909090913
linker_scaffold,R0C-be664b96c48f7d33198f,False,0.7906976744186046,0.2093023255813954
linker_scaffold,R0C-be987f721305059aab89,False,0.5,0.5
linker_scaffold,R0C-beb750b19277f1d3d64d,False,0.5113636363636364,0.48863636363636365
linker_scaffold,R0C-bec7f44da9657712f8ba,False,0.4307692307692308,0.5692307692307692
linker_scaffold,R0C-bef38f826a6c94a433e3,False,0.9782608695652174,0.021739130434782594
linker_scaffold,R0C-bef8c60a83de7346fc2e,False,0.7166666666666667,0.2833333333333333
linker_scaffold,R0C-befb28b11fc311d3fa7d,False,0.3333333333333333,0.6666666666666667
linker_scaffold,R0C-bf0f5dff86d8ef51cf9e,False,0.6041666666666666,0.39583333333333337
linker_scaffold,R0C-bf1318e8616e89fa2842,False,1.0,0.0
linker_scaffold,R0C-bf5011ac344ed65e73ac,False,0.6515151515151515,0.3484848484848485
linker_scaffold,R0C-bf9405d5be958437bf38,False,0.6607142857142857,0.3392857142857143
linker_scaffold,R0C-bfaa1a7abfa1e688c7b6,False,0.7906976744186046,0.2093023255813954
linker_scaffold,R0C-bfff2ebb13c21eae8405,False,0.7272727272727273,0.2727272727272727
linker_scaffold,R0C-c03d3313834d19f6b858,False,0.4489795918367347,0.5510204081632653
linker_scaffold,R0C-c04a6f007d38659d45a8,False,0.8947368421052632,0.10526315789473684
linker_scaffold,R0C-c05b354ba1c4cdb2972f,False,0.625,0.375
linker_scaffold,R0C-c079274920f545dba3c3,False,0.859375,0.140625
linker_scaffold,R0C-c0962bd5c2ba1cf9bcc2,False,0.7833333333333333,0.21666666666666667
linker_scaffold,R0C-c0a3ddc06002002e98eb,False,0.38596491228070173,0.6140350877192983
linker_scaffold,R0C-c0b230cfa0ce61277683,False,0.6470588235294118,0.3529411764705882
linker_scaffold,R0C-c0b39740d6a3ce994954,False,0.5909090909090909,0.40909090909090906
linker_scaffold,R0C-c0ddf17509f8e2da324f,False,0.7804878048780488,0.2195121951219512
linker_scaffold,R0C-c0e48f5ab4ac31cb9584,False,0.5161290322580645,0.4838709677419355
linker_scaffold,R0C-c128d9de97479cd7a1f1,False,0.717391304347826,0.28260869565217395
linker_scaffold,R0C-c1445456b05bba83b15a,False,0.484375,0.515625
linker_scaffold,R0C-c14da9523e7fc099e0b9,False,0.5178571428571429,0.4821428571428571
linker_scaffold,R0C-c171c6ca23454e5fa0b7,False,0.8524590163934426,0.14754098360655743
linker_scaffold,R0C-c19a856603559719117e,False,0.609375,0.390625
linker_scaffold,R0C-c1d4b334af3cee490cec,False,0.423728813559322,0.576271186440678
linker_scaffold,R0C-c1d6acc66641877b3fee,False,0.8867924528301887,0.1132075471698113
linker_scaffold,R0C-c1f4f18b99ff861befeb,False,0.8333333333333334,0.16666666666666663
linker_scaffold,R0C-c20da4e5090ec5c5bfcb,False,0.8363636363636363,0.1636363636363637
linker_scaffold,R0C-c2139a1f91f2781033d6,False,0.43529411764705883,0.5647058823529412
linker_scaffold,R0C-c23f3d4181c116e48d5f,False,0.46835443037974683,0.5316455696202531
linker_scaffold,R0C-c258ddf0341e75abfc43,False,0.88,0.12
linker_scaffold,R0C-c273f65c63b98ccd1e16,False,0.78125,0.21875
linker_scaffold,R0C-c27cee3a0818b1e0fec6,False,1.0,0.0
linker_scaffold,R0C-c29515c9f00949cd9da3,False,0.5344827586206896,0.4655172413793104
linker_scaffold,R0C-c2ceb040d198f05b7dde,False,0.4461538461538462,0.5538461538461539
linker_scaffold,R0C-c3051cb3e40ca8e2afcb,False,0.85,0.15000000000000002
linker_scaffold,R0C-c30e4d581fdaf60ef0c9,False,0.9375,0.0625
linker_scaffold,R0C-c31f3715ab7b7f7675c6,False,0.85,0.15000000000000002
linker_scaffold,R0C-c3216f7b3968455ed02d,False,0.5106382978723404,0.4893617021276596
linker_scaffold,R0C-c328eafeb0e4132f48bc,False,0.62,0.38
linker_scaffold,R0C-c3798aa800cffefd42c3,False,1.0,0.0
linker_scaffold,R0C-c3e89b06560618df9483,False,0.4444444444444444,0.5555555555555556
linker_scaffold,R0C-c3ff5428520e28493bec,False,0.8775510204081632,0.12244897959183676
linker_scaffold,R0C-c4382a581cff446e3294,False,0.603448275862069,0.39655172413793105
linker_scaffold,R0C-c47b0a1f55d503a16eab,False,0.5205479452054794,0.4794520547945206
linker_scaffold,R0C-c485720edfe6006cef2b,False,0.9523809523809523,0.04761904761904767
linker_scaffold,R0C-c4a1de5bdd3f054b9f87,False,0.6326530612244898,0.36734693877551017
linker_scaffold,R0C-c4b4fc99578cd7a1edb3,False,0.2923076923076923,0.7076923076923076
linker_scaffold,R0C-c539d5ec3837cf288d4e,False,0.8767123287671232,0.12328767123287676
linker_scaffold,R0C-c5706bb7c74c8f492fb7,False,0.7906976744186046,0.2093023255813954
linker_scaffold,R0C-c5cf1ba34619cf4d57be,False,0.8732394366197183,0.12676056338028174
linker_scaffold,R0C-c5d813ef1f760aee64e2,False,0.85,0.15000000000000002
linker_scaffold,R0C-c616c50f5a0797fa89ba,False,0.3508771929824561,0.6491228070175439
linker_scaffold,R0C-c6548d910f53733dc63a,False,0.42424242424242425,0.5757575757575757
linker_scaffold,R0C-c6b8e0c06e7c7ca46f75,False,0.3508771929824561,0.6491228070175439
linker_scaffold,R0C-c6c2bf0a5cbb603044d4,False,1.0,0.0
linker_scaffold,R0C-c6c5938a77d979a78a46,False,0.45,0.55
linker_scaffold,R0C-c7245015dcc624ce7001,False,0.8775510204081632,0.12244897959183676
linker_scaffold,R0C-c766452812a02daac844,False,0.7619047619047619,0.23809523809523814
linker_scaffold,R0C-c7753e29bad2712a124b,False,0.3389830508474576,0.6610169491525424
linker_scaffold,R0C-c78910863652e3f3e282,False,0.4489795918367347,0.5510204081632653
linker_scaffold,R0C-c7996016a6546446ce57,False,0.7441860465116279,0.2558139534883721
linker_scaffold,R0C-c7a59736a31daf11b4cb,False,0.7777777777777778,0.2222222222222222
linker_scaffold,R0C-c7d9974c70f88ca3b78f,False,0.8181818181818182,0.18181818181818177
linker_scaffold,R0C-c7ffbaf1d8165098e99f,False,0.42857142857142855,0.5714285714285714
linker_scaffold,R0C-c80123596279a2f32cd4,False,0.6122448979591837,0.3877551020408163
linker_scaffold,R0C-c8120d716c1865241cec,False,0.7692307692307693,0.23076923076923073
linker_scaffold,R0C-c834164aeb40a9cb6039,False,0.8732394366197183,0.12676056338028174
linker_scaffold,R0C-c84506707fcae0d2c688,False,0.88,0.12
linker_scaffold,R0C-c85d488c1802aaba2e8b,False,0.3442622950819672,0.6557377049180328
linker_scaffold,R0C-c8962589c1326999e944,False,0.4897959183673469,0.5102040816326531
linker_scaffold,R0C-c8bf081effa3e45d8849,False,1.0,0.0
linker_scaffold,R0C-c928bf31b2aba944455a,False,0.7804878048780488,0.2195121951219512
linker_scaffold,R0C-c95939d79580ecd7cecd,False,1.0,0.0
linker_scaffold,R0C-c97376fcc3cb3bc13520,False,0.875,0.125
linker_scaffold,R0C-c985a503e16af8611965,False,0.72,0.28
linker_scaffold,R0C-c99471ef0579c99765ef,False,0.6511627906976745,0.34883720930232553
linker_scaffold,R0C-c9fcdf223a3a42ea3214,False,0.84,0.16000000000000003
linker_scaffold,R0C-ca0aa9fdeb0d5cfb0e54,False,0.703125,0.296875
linker_scaffold,R0C-ca7c676ba925fd7735fd,False,0.9433962264150944,0.05660377358490565
linker_scaffold,R0C-ca9618e0da736f2e0fd7,False,0.7021276595744681,0.2978723404255319
linker_scaffold,R0C-caa9df235c38196fd88d,False,0.42857142857142855,0.5714285714285714
linker_scaffold,R0C-caf0040d38e23fb61226,False,1.0,0.0
linker_scaffold,R0C-cafefa7d5bb137206bbc,False,0.8913043478260869,0.10869565217391308
linker_scaffold,R0C-caffbe039edbb21a1b30,False,0.47619047619047616,0.5238095238095238
linker_scaffold,R0C-cb5de1ddb3d60ce75f56,False,0.6607142857142857,0.3392857142857143
linker_scaffold,R0C-cb6f60bb191b2e1d4888,False,0.7045454545454546,0.2954545454545454
linker_scaffold,R0C-cb86dcf52a43a3162be1,False,0.9038461538461539,0.09615384615384615
linker_scaffold,R0C-cb8b3cd4e2e0cd52bdb4,False,0.725,0.275
linker_scaffold,R0C-cb99986b070d35f61f18,False,0.6666666666666666,0.33333333333333337
linker_scaffold,R0C-cbb84aa9595951241a88,False,0.7213114754098361,0.2786885245901639
linker_scaffold,R0C-cbeb9bbffcd8a4b478ef,False,0.4074074074074074,0.5925925925925926
linker_scaffold,R0C-cc14497e0cc0b15dba5e,False,0.8392857142857143,0.1607142857142857
linker_scaffold,R0C-cc3777461d174b4d50a9,False,0.6166666666666667,0.3833333333333333
linker_scaffold,R0C-cc7a169bccf0f1720a87,False,0.9512195121951219,0.04878048780487809
linker_scaffold,R0C-cc8925c7e4f23363bb38,False,0.38028169014084506,0.619718309859155
linker_scaffold,R0C-cce9ba5a1966ae27f2ef,False,0.72,0.28
linker_scaffold,R0C-cced31142fc0cf032144,False,0.8732394366197183,0.12676056338028174
linker_scaffold,R0C-cd21c693e2108e0fc113,False,0.7872340425531915,0.21276595744680848
linker_scaffold,R0C-cd480b2555494f6d0703,False,0.75,0.25
linker_scaffold,R0C-cd5f6d3167b31efc3c4b,False,0.813953488372093,0.18604651162790697
linker_scaffold,R0C-cd7069882bae4622bfed,False,0.8125,0.1875
linker_scaffold,R0C-cdad63f04c7567b3426e,False,0.6666666666666666,0.33333333333333337
linker_scaffold,R0C-cddf2c2a928e0285b955,False,0.8363636363636363,0.1636363636363637
linker_scaffold,R0C-cde8ff65cf588a58add6,False,0.6818181818181818,0.31818181818181823
linker_scaffold,R0C-ce019783f2767a2de94b,False,0.7555555555555555,0.24444444444444446
linker_scaffold,R0C-ce1696f0da85c13b90b1,False,0.5409836065573771,0.4590163934426229
linker_scaffold,R0C-ce85f1dcc29d78b1209e,False,0.8571428571428571,0.1428571428571429
linker_scaffold,R0C-ceb8523b4fb7ef11ec94,False,0.8676470588235294,0.13235294117647056
linker_scaffold,R0C-cf2b48b0b82fd3111565,False,0.40298507462686567,0.5970149253731343
linker_scaffold,R0C-cf5b7762f9157467c58d,False,1.0,0.0
linker_scaffold,R0C-cf5dc1e797bcfb908dba,False,0.7021276595744681,0.2978723404255319
linker_scaffold,R0C-cf60d02a52f86c5fc83a,False,0.8888888888888888,0.11111111111111116
linker_scaffold,R0C-cf6f39329170dadc528e,False,0.7258064516129032,0.27419354838709675
linker_scaffold,R0C-cfd601907adc8fa9df0d,False,0.9523809523809523,0.04761904761904767
linker_scaffold,R0C-d0746e52d2090e3e97c0,False,0.8571428571428571,0.1428571428571429
linker_scaffold,R0C-d07eeef9a2bf8dd50ade,False,0.4074074074074074,0.5925925925925926
linker_scaffold,R0C-d0b8b090ccf5a373ff76,False,0.7413793103448276,0.2586206896551724
linker_scaffold,R0C-d0da9ab70a63e8530499,False,0.7169811320754716,0.28301886792452835
linker_scaffold,R0C-d168a2f603e6f51d2ad0,False,0.7906976744186046,0.2093023255813954
linker_scaffold,R0C-d19538ddf096eb3fce6b,False,0.47540983606557374,0.5245901639344263
linker_scaffold,R0C-d1a8a076c323ad6c8675,False,0.7017543859649122,0.29824561403508776
linker_scaffold,R0C-d1e41604afc4b2346341,False,0.8125,0.1875
linker_scaffold,R0C-d21e0c731c9380425770,False,0.6607142857142857,0.3392857142857143
linker_scaffold,R0C-d224eaa70b9ab3aee0a5,False,0.3389830508474576,0.6610169491525424
linker_scaffold,R0C-d22513403af98e917eb0,False,0.5869565217391305,0.4130434782608695
linker_scaffold,R0C-d23a97cc94791bc8ac88,False,0.7115384615384616,0.28846153846153844
linker_scaffold,R0C-d2508b42cc1a12ccccb5,False,0.8028169014084507,0.19718309859154926
linker_scaffold,R0C-d253709e7c2bf7048ecd,False,0.8783783783783784,0.1216216216216216
linker_scaffold,R0C-d2726e0bf4a7a47715a8,False,0.42857142857142855,0.5714285714285714
linker_scaffold,R0C-d2c3c1096f70e791bb03,False,0.8421052631578947,0.1578947368421053
linker_scaffold,R0C-d2e3e390ff503507a4c8,False,0.94,0.06000000000000005
linker_scaffold,R0C-d2fa2e2b6d13d3617fca,False,1.0,0.0
linker_scaffold,R0C-d331424b4f9f59170262,False,0.3559322033898305,0.6440677966101696
linker_scaffold,R0C-d393aa377191bd2992ac,False,0.8767123287671232,0.12328767123287676
linker_scaffold,R0C-d3dbf104ab53bb747a41,False,0.8714285714285714,0.12857142857142856
linker_scaffold,R0C-d3fab0c807618ea8f9d2,False,0.22666666666666666,0.7733333333333333
linker_scaffold,R0C-d44a552fb3019220b44d,False,0.5393258426966292,0.4606741573033708
linker_scaffold,R0C-d44c3bf195c4de4f0b45,False,0.5909090909090909,0.40909090909090906
linker_scaffold,R0C-d47a849b429a2b7e5421,False,0.8913043478260869,0.10869565217391308
linker_scaffold,R0C-d48391429f1dbe0c6012,False,0.48,0.52
linker_scaffold,R0C-d49eaccdfe0fefc1c7a0,False,0.8936170212765957,0.1063829787234043
linker_scaffold,R0C-d4b1abf9f49e089abad2,False,0.875,0.125
linker_scaffold,R0C-d4e5f60a38d320e51aaf,False,0.4057971014492754,0.5942028985507246
linker_scaffold,R0C-d50aa07ffbb673ae1f1e,False,0.75,0.25
linker_scaffold,R0C-d5560f6bd2365c858721,False,0.9791666666666666,0.02083333333333337
linker_scaffold,R0C-d5580ee61abb43851c15,False,0.7555555555555555,0.24444444444444446
linker_scaffold,R0C-d57171bf1968fbc6bbe2,False,0.8656716417910447,0.13432835820895528
linker_scaffold,R0C-d57f2672d7d75d953335,False,0.3442622950819672,0.6557377049180328
linker_scaffold,R0C-d596202ee261fabc5119,False,0.8823529411764706,0.11764705882352944
linker_scaffold,R0C-d5a18594df116694a9bf,False,0.7301587301587301,0.2698412698412699
linker_scaffold,R0C-d5b7631a514cb80b81c8,False,0.5072463768115942,0.49275362318840576
linker_scaffold,R0C-d6104a54b0902b223cfd,False,0.6363636363636364,0.36363636363636365
linker_scaffold,R0C-d6579c312ed0e97362d2,False,0.6666666666666666,0.33333333333333337
linker_scaffold,R0C-d660a7c0a4ceb997fdc3,False,0.8787878787878788,0.12121212121212122
linker_scaffold,R0C-d671c93e15dc5dd514ad,False,0.8783783783783784,0.1216216216216216
linker_scaffold,R0C-d67660bd99f908e23dc7,False,0.8095238095238095,0.19047619047619047
linker_scaffold,R0C-d6b8071dedce50fe0714,False,0.4426229508196721,0.5573770491803278
linker_scaffold,R0C-d6d7553073a2f68af90d,False,0.7272727272727273,0.2727272727272727
linker_scaffold,R0C-d6ea6a231f5e4adffafa,False,0.6538461538461539,0.34615384615384615
linker_scaffold,R0C-d7001ff00a9677ae79ce,False,0.8484848484848485,0.1515151515151515
linker_scaffold,R0C-d704b24d71a2795874a0,False,0.9523809523809523,0.04761904761904767
linker_scaffold,R0C-d711edf86209a28f6d4b,False,0.8125,0.1875
linker_scaffold,R0C-d7155ef93b3f07a4d3d2,False,0.5,0.5
linker_scaffold,R0C-d7477b64edbdd5659660,False,0.7906976744186046,0.2093023255813954
linker_scaffold,R0C-d75296f71c330068bb82,False,0.8867924528301887,0.1132075471698113
linker_scaffold,R0C-d79fcef24d0deedba79c,False,1.0,0.0
linker_scaffold,R0C-d7d73b4c0641ee425d35,False,0.9038461538461539,0.09615384615384615
linker_scaffold,R0C-d8675745aff4690ffcfb,False,0.8714285714285714,0.12857142857142856
linker_scaffold,R0C-d8801896624812702052,False,0.3333333333333333,0.6666666666666667
linker_scaffold,R0C-d89833d3d1252cea1a76,False,0.6666666666666666,0.33333333333333337
linker_scaffold,R0C-d8a2cf188bf35a64d024,False,0.711864406779661,0.288135593220339
linker_scaffold,R0C-d8dc04f199690d8e327d,False,0.42028985507246375,0.5797101449275363
linker_scaffold,R0C-d8f18d74a5b0e8440586,False,0.711864406779661,0.288135593220339
linker_scaffold,R0C-d90429252fd2b1735649,False,0.8571428571428571,0.1428571428571429
linker_scaffold,R0C-d92391fa26f986d7880e,False,0.4642857142857143,0.5357142857142857
linker_scaffold,R0C-d932bafb42401dff3828,False,0.8928571428571429,0.1071428571428571
linker_scaffold,R0C-d98b6ce6823ed49d1525,False,0.54,0.45999999999999996
linker_scaffold,R0C-d9d6e9b1f335f3eead10,False,0.6666666666666666,0.33333333333333337
linker_scaffold,R0C-da2a0447e17b41265387,False,0.6428571428571429,0.3571428571428571
linker_scaffold,R0C-da50ec2d745fc184617a,False,0.7567567567567568,0.2432432432432432
linker_scaffold,R0C-da5efece793498e3d296,False,0.8048780487804879,0.19512195121951215
linker_scaffold,R0C-da67cad8130d69785ced,False,0.8524590163934426,0.14754098360655743
linker_scaffold,R0C-daa18da50bc0c573b4fc,False,0.4444444444444444,0.5555555555555556
linker_scaffold,R0C-daa5f126d48570e8ff43,False,0.7906976744186046,0.2093023255813954
linker_scaffold,R0C-daca12e3cad4d710092d,False,0.5686274509803921,0.43137254901960786
linker_scaffold,R0C-daca5208f3e92ff12488,False,0.75,0.25
linker_scaffold,R0C-dacb8bd5bb9edc7bba64,False,0.6779661016949152,0.3220338983050848
linker_scaffold,R0C-dacc6d55e68b9efba00a,False,0.7543859649122807,0.24561403508771928
linker_scaffold,R0C-dadc73d529f3155f4bf2,False,0.40625,0.59375
linker_scaffold,R0C-db247ebb6a37853017ba,False,0.45,0.55
linker_scaffold,R0C-db2d991de62e35301eb5,False,0.8717948717948718,0.1282051282051282
linker_scaffold,R0C-dbbc42b69bdd50eec749,False,0.6041666666666666,0.39583333333333337
linker_scaffold,R0C-dbc59a2c9620cce3ca4f,False,0.4827586206896552,0.5172413793103448
linker_scaffold,R0C-dbcdc21dd696b1288c40,False,0.4153846153846154,0.5846153846153845
linker_scaffold,R0C-dbd8073a4cff4031643b,False,0.5483870967741935,0.4516129032258065
linker_scaffold,R0C-dbe8c1ec754e631433b2,False,0.8714285714285714,0.12857142857142856
linker_scaffold,R0C-dc5466f547fab45696d5,False,0.72,0.28
linker_scaffold,R0C-dc6fa4299018205cbcb5,False,0.8181818181818182,0.18181818181818177
linker_scaffold,R0C-dc9a92dc96a1c8c44732,False,0.8125,0.1875
linker_scaffold,R0C-dca00977b7585515b720,False,0.8928571428571429,0.1071428571428571
linker_scaffold,R0C-dcf9feae7ffa526cbdca,False,0.8524590163934426,0.14754098360655743
linker_scaffold,R0C-dd16c2ad783c08a68393,False,0.7903225806451613,0.20967741935483875
linker_scaffold,R0C-dd3024e61c57bf526a47,False,0.8888888888888888,0.11111111111111116
linker_scaffold,R0C-dd34fb4dc1ff43833ef6,False,0.7954545454545454,0.20454545454545459
linker_scaffold,R0C-dd38cffc7344e91ab7a7,False,0.5846153846153846,0.41538461538461535
linker_scaffold,R0C-dd61d744d51cc61668df,False,0.8571428571428571,0.1428571428571429
linker_scaffold,R0C-dd6599ee22eeb7bb3f33,False,0.8656716417910447,0.13432835820895528
linker_scaffold,R0C-dd8fcfc52778d82c180e,False,0.8958333333333334,0.10416666666666663
linker_scaffold,R0C-ddb954dc8711e1b66f02,False,0.5967741935483871,0.4032258064516129
linker_scaffold,R0C-ddd3f086eb0731ccf037,False,0.8070175438596491,0.19298245614035092
linker_scaffold,R0C-dddb9d892dffe4138a56,False,0.6507936507936508,0.3492063492063492
linker_scaffold,R0C-ddeb0856e64cb2a868f0,False,0.3492063492063492,0.6507936507936508
linker_scaffold,R0C-ddf01342305dd204b6bb,False,0.47692307692307695,0.523076923076923
linker_scaffold,R0C-de0415505e46cf482ff9,False,0.5769230769230769,0.42307692307692313
linker_scaffold,R0C-de19c22f4fd1abd22469,False,0.4897959183673469,0.5102040816326531
linker_scaffold,R0C-de2f9ee1292574fd6fae,False,0.3148148148148148,0.6851851851851851
linker_scaffold,R0C-de87e9453eb60304064a,False,0.6170212765957447,0.3829787234042553
linker_scaffold,R0C-de96eb5161e212d28de3,False,0.7169811320754716,0.28301886792452835
linker_scaffold,R0C-de9cbe937862d1651269,False,1.0,0.0
linker_scaffold,R0C-debc6e6b97137239dff9,False,0.8360655737704918,0.16393442622950816
linker_scaffold,R0C-deeca4c44f7e9dfbe8fd,False,0.8113207547169812,0.18867924528301883
linker_scaffold,R0C-df0365aa646c9f8b6a1b,False,0.8846153846153846,0.11538461538461542
linker_scaffold,R0C-df5ecf589543bc33f071,False,0.6346153846153846,0.3653846153846154
linker_scaffold,R0C-df624d51f71fd988d666,False,0.44285714285714284,0.5571428571428572
linker_scaffold,R0C-df8c69570d08aafe8b56,False,0.46987951807228917,0.5301204819277108
linker_scaffold,R0C-df8cd58d7d787f845919,False,0.62,0.38
linker_scaffold,R0C-dfa3bdd6f109db9d5b88,False,0.42857142857142855,0.5714285714285714
linker_scaffold,R0C-dfca58509d0e2b6ef088,False,0.7804878048780488,0.2195121951219512
linker_scaffold,R0C-dfca80bb7217b0e921db,False,0.3225806451612903,0.6774193548387097
linker_scaffold,R0C-dfccf4182b451f9fd305,False,0.4,0.6
linker_scaffold,R0C-e01b922d66738f6e1dd3,False,0.5102040816326531,0.4897959183673469
linker_scaffold,R0C-e02c758210b9f439498c,False,0.8524590163934426,0.14754098360655743
linker_scaffold,R0C-e04642fe1ab95e20efa7,False,0.5,0.5
linker_scaffold,R0C-e08a0046002171d1c311,False,0.7346938775510204,0.26530612244897955
linker_scaffold,R0C-e0d7901c67075439e805,False,0.6122448979591837,0.3877551020408163
linker_scaffold,R0C-e10350abf78ff00dac27,False,0.8461538461538461,0.15384615384615385
linker_scaffold,R0C-e10fab671c8793ae9390,False,0.4489795918367347,0.5510204081632653
linker_scaffold,R0C-e13552f9ba1e37bc8ef7,False,0.3939393939393939,0.6060606060606061
linker_scaffold,R0C-e13cb979bc45cecf151f,False,0.7708333333333334,0.22916666666666663
linker_scaffold,R0C-e1d956ecb3dd9d92e862,False,0.8524590163934426,0.14754098360655743
linker_scaffold,R0C-e203261bfb92bae84240,False,0.39655172413793105,0.603448275862069
linker_scaffold,R0C-e22cdd79ab79964bdf0e,False,0.48,0.52
linker_scaffold,R0C-e236fbacb0a76c4c0c84,False,0.5818181818181818,0.4181818181818182
linker_scaffold,R0C-e262b20a5502cea8477c,False,0.8125,0.1875
linker_scaffold,R0C-e26f4fbba3e146dbd23d,False,0.6326530612244898,0.36734693877551017
linker_scaffold,R0C-e276ba093b6e89784653,False,0.8095238095238095,0.19047619047619047
linker_scaffold,R0C-e2b378fc863db52e3cf4,False,1.0,0.0
linker_scaffold,R0C-e2dbc7707ce8671c9bd4,False,0.7555555555555555,0.24444444444444446
linker_scaffold,R0C-e2f687d709617d31a32a,False,0.775,0.22499999999999998
linker_scaffold,R0C-e303373b8d53d7b96027,False,0.3492063492063492,0.6507936507936508
linker_scaffold,R0C-e304ac940e6e94106524,False,0.7954545454545454,0.20454545454545459
linker_scaffold,R0C-e3488e7c9f42433519d2,False,0.8936170212765957,0.1063829787234043
linker_scaffold,R0C-e3667ee0567d72274412,False,0.234375,0.765625
linker_scaffold,R0C-e368cb5b659935346ce3,False,0.46296296296296297,0.537037037037037
linker_scaffold,R0C-e36fe07bb41f3d363751,False,0.6041666666666666,0.39583333333333337
linker_scaffold,R0C-e373b231ede29e79642c,False,0.813953488372093,0.18604651162790697
linker_scaffold,R0C-e3b80002537e2b447732,False,0.6785714285714286,0.3214285714285714
linker_scaffold,R0C-e3d50b489eacb60caa83,False,0.7121212121212122,0.28787878787878785
linker_scaffold,R0C-e3dfa0ffe0ccf859e891,False,0.5104166666666666,0.48958333333333337
linker_scaffold,R0C-e3f6a2003e22ae9fba8a,False,0.8297872340425532,0.17021276595744683
linker_scaffold,R0C-e3ff51a495c8b7396775,False,0.6041666666666666,0.39583333333333337
linker_scaffold,R0C-e437482b69d78165ae3a,False,0.5901639344262295,0.4098360655737705
linker_scaffold,R0C-e4457ef1afec45bd6187,False,0.6865671641791045,0.31343283582089554
linker_scaffold,R0C-e47bd8864911eeb04c4a,False,0.8,0.19999999999999996
linker_scaffold,R0C-e49c696dadee4cfa436a,False,0.6170212765957447,0.3829787234042553
linker_scaffold,R0C-e4b5f3fa943d91b0daf8,False,0.6041666666666666,0.39583333333333337
linker_scaffold,R0C-e4b7fa5de388a2a68d59,False,1.0,0.0
linker_scaffold,R0C-e4cb35c079d52a5b0f64,False,0.7555555555555555,0.24444444444444446
linker_scaffold,R0C-e4d84677a08b4fc6be80,False,0.8518518518518519,0.14814814814814814
linker_scaffold,R0C-e4eb09a328db13a329c8,False,0.8095238095238095,0.19047619047619047
linker_scaffold,R0C-e4ed59a510cf9e4b2eef,False,0.5254237288135594,0.47457627118644063
linker_scaffold,R0C-e4f07134b8d2782f5585,False,0.8888888888888888,0.11111111111111116
linker_scaffold,R0C-e561e1177686d76d991c,False,0.8095238095238095,0.19047619047619047
linker_scaffold,R0C-e588cb4484729dfbeda0,False,0.68,0.31999999999999995
linker_scaffold,R0C-e5c812e1bf48a860faba,False,0.8421052631578947,0.1578947368421053
linker_scaffold,R0C-e6463c1fd5529c9e8050,False,0.813953488372093,0.18604651162790697
linker_scaffold,R0C-e697bab30d5a3799665b,False,0.463768115942029,0.536231884057971
linker_scaffold,R0C-e6fc400651224542ceb5,False,0.859375,0.140625
linker_scaffold,R0C-e6fe378c4fe1169487b1,False,0.8888888888888888,0.11111111111111116
linker_scaffold,R0C-e78642018204000eba29,False,0.6440677966101694,0.35593220338983056
linker_scaffold,R0C-e7b01f03a8ea78d6023f,False,0.45454545454545453,0.5454545454545454
linker_scaffold,R0C-e7dbe0454d4f694a63e1,False,0.5909090909090909,0.40909090909090906
linker_scaffold,R0C-e7f86b69403ecfe408e2,False,0.38235294117647056,0.6176470588235294
linker_scaffold,R0C-e8266d310083464b4f0e,False,0.7804878048780488,0.2195121951219512
linker_scaffold,R0C-e85b10985bfd64fa8a81,False,0.6607142857142857,0.3392857142857143
linker_scaffold,R0C-e8885ceb68cda6b08a6e,False,0.775,0.22499999999999998
linker_scaffold,R0C-e8b1cf2abfa2ec02333c,False,0.6607142857142857,0.3392857142857143
linker_scaffold,R0C-e8ddda4d95e5557f9742,False,0.9523809523809523,0.04761904761904767
linker_scaffold,R0C-e8e032eca92f10c8aa40,False,0.375,0.625
linker_scaffold,R0C-e94603abd53ca5bdd027,False,0.62,0.38
linker_scaffold,R0C-e9601646204cbe4d6fd2,False,0.6666666666666666,0.33333333333333337
linker_scaffold,R0C-e9c2ddea40b80faec3ba,False,0.6779661016949152,0.3220338983050848
linker_scaffold,R0C-ea012ae32cf1d300fa9f,False,0.515625,0.484375
linker_scaffold,R0C-ea45c12a980540cf970f,False,0.5142857142857142,0.48571428571428577
linker_scaffold,R0C-ea52ddf69a33c67ddc59,False,0.38596491228070173,0.6140350877192983
linker_scaffold,R0C-ea589e95e3dfbd4fc091,False,0.859375,0.140625
linker_scaffold,R0C-ea6c5d405eb4b875c9c3,False,0.7619047619047619,0.23809523809523814
linker_scaffold,R0C-ea94ba61d83289e39e25,False,0.8860759493670886,0.11392405063291144
linker_scaffold,R0C-eac07272dc38d61823b4,False,0.8846153846153846,0.11538461538461542
linker_scaffold,R0C-eac55e674cab0711a5ef,False,0.25,0.75
linker_scaffold,R0C-eac7a94070031a8d58f3,False,0.425531914893617,0.574468085106383
linker_scaffold,R0C-eafe20da7be70c94be15,False,0.7954545454545454,0.20454545454545459
linker_scaffold,R0C-eb0d53cfc4473fc012d1,False,0.48,0.52
linker_scaffold,R0C-eb1758de4dd8337238a1,False,0.8913043478260869,0.10869565217391308
linker_scaffold,R0C-eb1cbac7cb743b8db8ed,False,0.8095238095238095,0.19047619047619047
linker_scaffold,R0C-eb3ad3bdc42a5071d5b0,False,0.6607142857142857,0.3392857142857143
linker_scaffold,R0C-eb5dda0cea75e05176dd,False,0.48484848484848486,0.5151515151515151
linker_scaffold,R0C-eb8978b9aa1e582d66eb,False,1.0,0.0
linker_scaffold,R0C-ebd12e6afedd087688f2,False,0.813953488372093,0.18604651162790697
linker_scaffold,R0C-ebd68a9e79c59f983543,False,0.7441860465116279,0.2558139534883721
linker_scaffold,R0C-ebe653e4bbea5fd86369,False,0.6811594202898551,0.3188405797101449
linker_scaffold,R0C-ec3a34597c5fbd845e4a,False,0.52,0.48
linker_scaffold,R0C-ec89e4b24637f656def7,False,0.5652173913043478,0.4347826086956522
linker_scaffold,R0C-eccdce3e9d198cd3955a,False,0.359375,0.640625
linker_scaffold,R0C-ed0ebcb0688394a0185e,False,0.6111111111111112,0.38888888888888884
linker_scaffold,R0C-ed2f2dc4a633e08a5e95,False,0.546875,0.453125
linker_scaffold,R0C-ed32690df7399310bc99,False,0.7272727272727273,0.2727272727272727
linker_scaffold,R0C-ed5a5666485e06abd101,False,0.4745762711864407,0.5254237288135593
linker_scaffold,R0C-ed6a2d143f41690fb21c,False,0.82,0.18000000000000005
linker_scaffold,R0C-ed7e9fc1864bbea070b7,False,1.0,0.0
linker_scaffold,R0C-ed98116c49fdf023abef,False,0.9534883720930233,0.046511627906976716
linker_scaffold,R0C-edd167d5a4a0effe4e9d,False,0.6136363636363636,0.38636363636363635
linker_scaffold,R0C-edf3877359d6aa0e226a,False,0.9523809523809523,0.04761904761904767
linker_scaffold,R0C-ee285608aefc07234600,False,0.6136363636363636,0.38636363636363635
linker_scaffold,R0C-ee33271e04724c45b5c0,False,0.9523809523809523,0.04761904761904767
linker_scaffold,R0C-ee4d22ec09fe83f3ca55,False,0.6031746031746031,0.39682539682539686
linker_scaffold,R0C-ee59b7519937d87c683f,False,0.46153846153846156,0.5384615384615384
linker_scaffold,R0C-ee6287ed5d378f38d3f6,False,0.8518518518518519,0.14814814814814814
linker_scaffold,R0C-ee8c61e3ac2e60928a88,False,0.9433962264150944,0.05660377358490565
linker_scaffold,R0C-ee9b86b07beb77960266,False,0.8679245283018868,0.13207547169811318
linker_scaffold,R0C-eea3858f99f486dd135a,False,0.53125,0.46875
linker_scaffold,R0C-eeb8a64b54c78d1890e2,False,0.5,0.5
linker_scaffold,R0C-eec4c62e159691d0b9c9,False,0.7555555555555555,0.24444444444444446
linker_scaffold,R0C-eedfc1a83e7ff8e01550,False,0.5217391304347826,0.4782608695652174
linker_scaffold,R0C-eef199b7b9f52f5d84b2,False,0.48,0.52
linker_scaffold,R0C-eeff01f3348f4c34451f,False,1.0,0.0
linker_scaffold,R0C-ef0118e1f2db58a255f5,False,0.4153846153846154,0.5846153846153845
linker_scaffold,R0C-ef0385c2c50196b3f0f5,False,0.4745762711864407,0.5254237288135593
linker_scaffold,R0C-ef05eb85f0ef52f72e65,False,0.8831168831168831,0.11688311688311692
linker_scaffold,R0C-ef1e0b8ebb1bb6566ea7,False,0.6296296296296297,0.37037037037037035
linker_scaffold,R0C-ef29b2116190251b7adf,False,0.6111111111111112,0.38888888888888884
linker_scaffold,R0C-ef36b533fc341fb5797b,False,0.39436619718309857,0.6056338028169015
linker_scaffold,R0C-ef86a8e7dac25b53eaf4,False,0.9772727272727273,0.022727272727272707
linker_scaffold,R0C-ef9163ad3e2c38b5c129,False,0.391304347826087,0.6086956521739131
linker_scaffold,R0C-ef92a22009e36a1a6aa1,False,0.6376811594202898,0.3623188405797102
linker_scaffold,R0C-efa6b4aea43c726a0d10,False,0.7407407407407407,0.2592592592592593
linker_scaffold,R0C-efc2d7fbe4382383968e,False,0.35714285714285715,0.6428571428571428
linker_scaffold,R0C-efd6b5d7f7c4a07f4f84,False,0.7872340425531915,0.21276595744680848
linker_scaffold,R0C-efe123e18caed8e38b6e,False,0.8867924528301887,0.1132075471698113
linker_scaffold,R0C-efe220dadc9c39e2bb4b,False,0.5909090909090909,0.40909090909090906
linker_scaffold,R0C-efed2c2f0e35125075b2,False,0.6170212765957447,0.3829787234042553
linker_scaffold,R0C-f0572e5dc562ae11ff98,False,0.3076923076923077,0.6923076923076923
linker_scaffold,R0C-f07f881dded64c9f59e5,False,0.78,0.21999999999999997
linker_scaffold,R0C-f09c8a7bed0b7460e2c2,False,0.6779661016949152,0.3220338983050848
linker_scaffold,R0C-f0a642b6961dbfe07083,False,0.7021276595744681,0.2978723404255319
linker_scaffold,R0C-f1240cea12431880c6a2,False,0.8181818181818182,0.18181818181818177
linker_scaffold,R0C-f1285e15bd3225a87158,False,0.6964285714285714,0.3035714285714286
linker_scaffold,R0C-f1418996058764497242,False,0.5967741935483871,0.4032258064516129
linker_scaffold,R0C-f15e583ddadf17a1b84b,False,1.0,0.0
linker_scaffold,R0C-f1721c076dbdfacbc7c7,False,0.8392857142857143,0.1607142857142857
linker_scaffold,R0C-f1787315b35280f9f96e,False,0.7407407407407407,0.2592592592592593
linker_scaffold,R0C-f1edc27e0a0a8606f9cb,False,0.5573770491803278,0.4426229508196722
linker_scaffold,R0C-f21dd4e535de6049f456,False,0.8181818181818182,0.18181818181818177
linker_scaffold,R0C-f21fe4281691ca78e65e,False,0.6833333333333333,0.31666666666666665
linker_scaffold,R0C-f23a54ac8b0711b51deb,False,0.45454545454545453,0.5454545454545454
linker_scaffold,R0C-f23bac720825fc99eaba,False,0.7846153846153846,0.2153846153846154
linker_scaffold,R0C-f2648b7cc2e62c3036cb,False,0.603448275862069,0.39655172413793105
linker_scaffold,R0C-f34125aea6d6d8992071,False,0.78,0.21999999999999997
linker_scaffold,R0C-f34f24466dffb4bbd6f3,False,0.8714285714285714,0.12857142857142856
linker_scaffold,R0C-f3d57c55716b4c33294a,False,0.4406779661016949,0.5593220338983051
linker_scaffold,R0C-f3e1c07cbc38afe9c771,False,0.375,0.625
linker_scaffold,R0C-f409aef0ade1096a7f66,False,0.8656716417910447,0.13432835820895528
linker_scaffold,R0C-f409e280212fb662b562,False,0.9863013698630136,0.013698630136986356
linker_scaffold,R0C-f423ff6e255792900d2f,False,0.9361702127659575,0.06382978723404253
linker_scaffold,R0C-f4277ef2eb253bc5c0b7,False,0.4426229508196721,0.5573770491803278
linker_scaffold,R0C-f47743a7b8cd84685340,False,0.8888888888888888,0.11111111111111116
linker_scaffold,R0C-f47a15e79c4b4181f494,False,0.8181818181818182,0.18181818181818177
linker_scaffold,R0C-f4bd91cee0b68b454239,False,0.8958333333333334,0.10416666666666663
linker_scaffold,R0C-f4fcd606c51803cfe60a,False,0.7567567567567568,0.2432432432432432
linker_scaffold,R0C-f4ffde2360bffca0b786,False,1.0,0.0
linker_scaffold,R0C-f56b74dbd9b5517b4054,False,0.6271186440677966,0.3728813559322034
linker_scaffold,R0C-f57d7676de2cf16983a0,False,0.8548387096774194,0.14516129032258063
linker_scaffold,R0C-f5a14e0b22e02e68df36,False,0.5072463768115942,0.49275362318840576
linker_scaffold,R0C-f5ccd57741140419ffe1,False,0.4426229508196721,0.5573770491803278
linker_scaffold,R0C-f5ed0d4ea4ebfba910a5,False,0.7719298245614035,0.22807017543859653
linker_scaffold,R0C-f5fcb6a1179bae9cb2cf,False,0.5573770491803278,0.4426229508196722
linker_scaffold,R0C-f60bfe9883d7f98ee7c6,False,1.0,0.0
linker_scaffold,R0C-f6167f5b3c17a06ed9f8,False,0.8208955223880597,0.17910447761194026
linker_scaffold,R0C-f61a7ae5635922c16cc5,False,0.7966101694915254,0.2033898305084746
linker_scaffold,R0C-f64ecb8131040c74b8dc,False,0.32142857142857145,0.6785714285714286
linker_scaffold,R0C-f6697d12992e563b74eb,False,0.62,0.38
linker_scaffold,R0C-f676ce9ec0f6bca63bcf,False,0.6964285714285714,0.3035714285714286
linker_scaffold,R0C-f6d40379e0f3bf0794f1,False,0.7352941176470589,0.2647058823529411
linker_scaffold,R0C-f70aca43f4670525b147,False,0.8181818181818182,0.18181818181818177
linker_scaffold,R0C-f7116828bffab787f9a4,False,0.9166666666666666,0.08333333333333337
linker_scaffold,R0C-f73687849c852d7fe273,False,1.0,0.0
linker_scaffold,R0C-f737b5332dae0f1036da,False,0.5396825396825397,0.46031746031746035
linker_scaffold,R0C-f7713efe53d5d8ba4c97,False,0.5967741935483871,0.4032258064516129
linker_scaffold,R0C-f7c3236261a897710452,False,0.3620689655172414,0.6379310344827587
linker_scaffold,R0C-f81c6ad79b66cd275c72,False,0.775,0.22499999999999998
linker_scaffold,R0C-f82a8fc8f3498bd963f4,False,0.8913043478260869,0.10869565217391308
linker_scaffold,R0C-f83804b7d7e175383f82,False,0.9387755102040817,0.061224489795918324
linker_scaffold,R0C-f83d366de8e6daadde91,False,0.9523809523809523,0.04761904761904767
linker_scaffold,R0C-f88f16989150a9da9285,False,0.62,0.38
linker_scaffold,R0C-f8a94d51859067dccbce,False,0.6607142857142857,0.3392857142857143
linker_scaffold,R0C-f8b0907c1a0aebcf3297,False,0.5633802816901409,0.43661971830985913
linker_scaffold,R0C-f8c20a4337f81bbf337b,False,0.8095238095238095,0.19047619047619047
linker_scaffold,R0C-f8ef793ada74641253cd,False,0.5633802816901409,0.43661971830985913
linker_scaffold,R0C-f92667bbd216c6b37ed2,False,0.6326530612244898,0.36734693877551017
linker_scaffold,R0C-f93a50ed35dc5ee21127,False,0.9459459459459459,0.05405405405405406
linker_scaffold,R0C-f95a8c39d08199ac6b36,False,0.7954545454545454,0.20454545454545459
linker_scaffold,R0C-f9649cfde9d1ba762bbe,False,0.6122448979591837,0.3877551020408163
linker_scaffold,R0C-f9872b2e89138fd072b2,False,0.7307692307692307,0.2692307692307693
linker_scaffold,R0C-f99f6fbbb3755ded470f,False,0.851063829787234,0.14893617021276595
linker_scaffold,R0C-f9b69b91231c7da68367,False,0.8269230769230769,0.17307692307692313
linker_scaffold,R0C-f9c0e295d54d1401d2d7,False,0.8048780487804879,0.19512195121951215
linker_scaffold,R0C-f9c745c4795e3c1fac7c,False,0.8888888888888888,0.11111111111111116
linker_scaffold,R0C-f9cea8b4a702a9ba7391,False,1.0,0.0
linker_scaffold,R0C-fa28bbd13d22d4abc4c9,False,1.0,0.0
linker_scaffold,R0C-fa4831db07cbe24a80da,False,0.4426229508196721,0.5573770491803278
linker_scaffold,R0C-fa4a4e0b0cea6e8da750,False,0.8363636363636363,0.1636363636363637
linker_scaffold,R0C-fa5559c704da1fd147c5,False,0.5,0.5
linker_scaffold,R0C-fa59ab73492e24e77ef8,False,0.8095238095238095,0.19047619047619047
linker_scaffold,R0C-fa6707b811816b4a0379,False,0.5769230769230769,0.42307692307692313
linker_scaffold,R0C-fa8dca8f928fb70f6ecf,False,0.7045454545454546,0.2954545454545454
linker_scaffold,R0C-fad49bab50f8e7fbdb37,False,0.7954545454545454,0.20454545454545459
linker_scaffold,R0C-fb18669be90c907e4418,False,0.85,0.15000000000000002
linker_scaffold,R0C-fb2d97394b372096188e,False,0.7804878048780488,0.2195121951219512
linker_scaffold,R0C-fb42ef748a8ff4fad364,False,0.88,0.12
linker_scaffold,R0C-fb60d36cfa7feac586ad,False,0.95,0.050000000000000044
linker_scaffold,R0C-fb7baffc641d2e921cfa,False,0.5714285714285714,0.4285714285714286
linker_scaffold,R0C-fb7c981c43d9366e4134,False,0.775,0.22499999999999998
linker_scaffold,R0C-fba0b1991664e4a1c0ff,False,0.6538461538461539,0.34615384615384615
linker_scaffold,R0C-fbd718c05331d158020a,False,0.7049180327868853,0.29508196721311475
linker_scaffold,R0C-fbf7a1fbdd9b03ff73f3,False,0.6666666666666666,0.33333333333333337
linker_scaffold,R0C-fc0366837476768052a5,False,0.6956521739130435,0.30434782608695654
linker_scaffold,R0C-fc07469126dd4448a6d6,False,0.6122448979591837,0.3877551020408163
linker_scaffold,R0C-fc2b5a1fa6ddc05f8ab9,False,0.3387096774193548,0.6612903225806452
linker_scaffold,R0C-fc46c61987db0ef1b2c4,False,0.8125,0.1875
linker_scaffold,R0C-fc4e38b759a9270c6527,False,0.8947368421052632,0.10526315789473684
linker_scaffold,R0C-fc5e2d5a1795202f44bd,False,0.3230769230769231,0.676923076923077
linker_scaffold,R0C-fcf5f36c4afba5a48a75,False,0.881578947368421,0.11842105263157898
linker_scaffold,R0C-fd0660e9eb1ff709081d,False,0.7627118644067796,0.23728813559322037
linker_scaffold,R0C-fd0981cf41e9332204cd,False,0.9016393442622951,0.09836065573770492
linker_scaffold,R0C-fd0e3122645db2a9639d,False,0.6078431372549019,0.3921568627450981
linker_scaffold,R0C-fd7325d577e9ffd21521,False,0.3275862068965517,0.6724137931034483
linker_scaffold,R0C-fd7d523916cb7345227b,False,0.8367346938775511,0.16326530612244894
linker_scaffold,R0C-fd945a5ca1d283fad5f3,False,1.0,0.0
linker_scaffold,R0C-fdad3ac3506862975a6c,False,0.8666666666666667,0.1333333333333333
linker_scaffold,R0C-fdea929d161456c104c8,False,0.5066666666666667,0.4933333333333333
linker_scaffold,R0C-fe2d50841e4d6bbfdadf,False,0.7906976744186046,0.2093023255813954
linker_scaffold,R0C-fe4dd53d52e6b8781799,False,0.6101694915254238,0.38983050847457623
linker_scaffold,R0C-fe595fdf606356761e5a,False,0.5357142857142857,0.4642857142857143
linker_scaffold,R0C-fe79872c564eccd865a4,False,0.8125,0.1875
linker_scaffold,R0C-feb6cee8ff56e7050d92,False,1.0,0.0
linker_scaffold,R0C-ff10a382b8b1d376ff04,False,0.5769230769230769,0.42307692307692313
linker_scaffold,R0C-ff384609e42ea78394ad,False,0.7906976744186046,0.2093023255813954
linker_scaffold,R0C-ff4a786d0204519999d0,False,0.8928571428571429,0.1071428571428571
linker_scaffold,R0C-ff55e51bdd4e6638702d,False,0.3389830508474576,0.6610169491525424
linker_scaffold,R0C-ff8a70bc4a04d7cdcd7c,False,0.8656716417910447,0.13432835820895528
linker_scaffold,R0C-ffa1bee571d4c8df46a0,False,0.38596491228070173,0.6140350877192983
linker_scaffold,R0C-ffa77abf90ae791f5939,False,0.7906976744186046,0.2093023255813954
linker_scaffold,R0C-ffbd3b16f9c047386bc7,False,1.0,0.0
linker_scaffold,R0C-fff412f07d06c70e44c6,False,0.5869565217391305,0.4130434782608695
linker_scaffold,R0C-fffa58ab8cbb074d7f48,False,0.8823529411764706,0.11764705882352944
source_study,R0C-000997341c04a46faa3a,False,0.43137254901960786,0.5686274509803921
source_study,R0C-0009e05faa3b6e7a9dda,False,0.6753246753246753,0.3246753246753247
source_study,R0C-00302bd3963cb85f10b8,False,0.45161290322580644,0.5483870967741935
source_study,R0C-00473abf675982a530ff,False,0.6724137931034483,0.3275862068965517
source_study,R0C-0061317774fe4c6ca122,False,0.47368421052631576,0.5263157894736843
source_study,R0C-00616fdb1268f033ed9a,False,0.44047619047619047,0.5595238095238095
source_study,R0C-006c5b07f92bd1721c72,False,0.46938775510204084,0.5306122448979591
source_study,R0C-0096d0a7747094d9cede,False,0.5227272727272727,0.4772727272727273
source_study,R0C-009c7312918bfc5b7e92,False,0.5652173913043478,0.4347826086956522
source_study,R0C-00dc9bf83c576c278d82,False,0.5507246376811594,0.4492753623188406
source_study,R0C-00debe49c059f0d2c48b,False,0.5365853658536586,0.46341463414634143
source_study,R0C-00e3b327e1eb7ee7e03b,False,0.42857142857142855,0.5714285714285714
source_study,R0C-00e7227e3be8d5891ad7,False,0.5,0.5
source_study,R0C-00f97bf95d49f7e46a37,False,0.7246376811594203,0.2753623188405797
source_study,R0C-010dbb92985b6e909483,False,0.5652173913043478,0.4347826086956522
source_study,R0C-01465a5c2b8b8b802071,False,0.5531914893617021,0.44680851063829785
source_study,R0C-014bc80e3fd7bb6fdaaa,False,0.4666666666666667,0.5333333333333333
source_study,R0C-0153810ca783cb8beda3,False,0.525,0.475
source_study,R0C-019b0d7af7437ea3a0db,False,0.7230769230769231,0.27692307692307694
source_study,R0C-01aabdc83207140fb151,False,0.6551724137931034,0.3448275862068966
source_study,R0C-01ab3e3dc0da3b4415cb,False,0.651685393258427,0.348314606741573
source_study,R0C-01b2e8ff8bc6803b58af,False,0.5882352941176471,0.4117647058823529
source_study,R0C-01ce9b7ec76c2252a648,False,0.6666666666666666,0.33333333333333337
source_study,R0C-0211ee2f65c389de7a6d,False,0.4117647058823529,0.5882352941176471
source_study,R0C-02208003cb9ca59cfa44,False,0.647887323943662,0.352112676056338
source_study,R0C-028b002782d0926c8cfa,False,0.48333333333333334,0.5166666666666666
source_study,R0C-02fe5595f9191a38ebee,False,0.4186046511627907,0.5813953488372092
source_study,R0C-02ffaf49550bce8a4ed9,False,0.6629213483146067,0.3370786516853933
source_study,R0C-036cc99c0c5371c797ab,False,0.7391304347826086,0.26086956521739135
source_study,R0C-0374e94324314c103698,False,0.7058823529411765,0.2941176470588235
source_study,R0C-0383aaf059e68adbb30c,False,0.43859649122807015,0.5614035087719298
source_study,R0C-03af8ab110fec7326ece,False,0.4489795918367347,0.5510204081632653
source_study,R0C-03b75bb85404d2772aac,False,0.3448275862068966,0.6551724137931034
source_study,R0C-03bb0f5929cd330147fd,False,0.42857142857142855,0.5714285714285714
source_study,R0C-03d2f3d538508bf14c23,False,0.509090909090909,0.49090909090909096
source_study,R0C-041ab656a1ce62dc4781,False,0.42857142857142855,0.5714285714285714
source_study,R0C-04263dbe148446cf5383,False,0.4857142857142857,0.5142857142857142
source_study,R0C-0427d91fc525d2dab9d5,False,0.5531914893617021,0.44680851063829785
source_study,R0C-042dd54d810967896778,False,0.5373134328358209,0.4626865671641791
source_study,R0C-04397c6f6842f9af8fa3,False,0.5901639344262295,0.4098360655737705
source_study,R0C-047f4a8e46fa928cf10c,False,0.5614035087719298,0.4385964912280702
source_study,R0C-0493bfe6faf73ba25714,False,0.4852941176470588,0.5147058823529411
source_study,R0C-049dbcd858ad969f527b,False,0.42857142857142855,0.5714285714285714
source_study,R0C-04e02f4133edd6e53177,False,0.45098039215686275,0.5490196078431373
source_study,R0C-04e4a8dbb3a3ea0fa9f4,False,0.7222222222222222,0.2777777777777778
source_study,R0C-04eebf60ae2340dd8bc8,False,0.5614035087719298,0.4385964912280702
source_study,R0C-04f69b13a873805b3edd,False,0.6417910447761194,0.35820895522388063
source_study,R0C-0524473e6ba9972318f6,False,0.4166666666666667,0.5833333333333333
source_study,R0C-05760511b7b9d06bac1a,False,0.4166666666666667,0.5833333333333333
source_study,R0C-057e8ebcc1c9fbdfda1d,False,0.4473684210526316,0.5526315789473684
source_study,R0C-05e0899a7d63a9df036a,False,0.6282051282051282,0.3717948717948718
source_study,R0C-05e4770dd990e89547fc,False,0.46938775510204084,0.5306122448979591
source_study,R0C-05efa74c7f9b00cbc4e8,False,0.46938775510204084,0.5306122448979591
source_study,R0C-0659d2bed7dd43841665,False,0.7142857142857143,0.2857142857142857
source_study,R0C-0675cb95c2ac010dc17e,False,0.5882352941176471,0.4117647058823529
source_study,R0C-06b93d606328805ca8b9,False,0.4857142857142857,0.5142857142857142
source_study,R0C-06d69979d0f3cffa566f,False,0.4838709677419355,0.5161290322580645
source_study,R0C-06ef85f41ac1ad06aefd,False,0.4423076923076923,0.5576923076923077
source_study,R0C-073b51eea236e6a3cf8e,False,0.4489795918367347,0.5510204081632653
source_study,R0C-075a42201e88543a4faf,False,0.46296296296296297,0.537037037037037
source_study,R0C-0794ee3670908830c7a4,False,0.425531914893617,0.574468085106383
source_study,R0C-07ac916d80da48e65991,False,0.6842105263157895,0.3157894736842105
source_study,R0C-07acc335022940d6014a,False,0.3333333333333333,0.6666666666666667
source_study,R0C-07b89fa8c53700491d31,False,0.609375,0.390625
source_study,R0C-07b9a18b1b7c536883d0,False,0.4153846153846154,0.5846153846153845
source_study,R0C-07e8b44ed8709fc28bec,False,0.6119402985074627,0.3880597014925373
source_study,R0C-082d14f29d9499812051,False,0.6923076923076923,0.3076923076923077
source_study,R0C-0894faa20d8602baef4a,False,0.4857142857142857,0.5142857142857142
source_study,R0C-089e72dbb0ee18d1a1f5,False,0.47368421052631576,0.5263157894736843
source_study,R0C-08af86035c2dd73b1f36,False,0.6027397260273972,0.3972602739726028
source_study,R0C-08b92e1950787e920174,False,0.5652173913043478,0.4347826086956522
source_study,R0C-08cc1f920d1fb6dede59,False,0.4857142857142857,0.5142857142857142
source_study,R0C-08de724d617f307c4bb0,False,0.5434782608695652,0.4565217391304348
source_study,R0C-08e28101dc2a587fabfd,False,0.5774647887323944,0.4225352112676056
source_study,R0C-08f0e264516fda28478b,False,0.6363636363636364,0.36363636363636365
source_study,R0C-08fdafe34a27b1803701,False,0.4794520547945205,0.5205479452054795
source_study,R0C-090ba772f5230ede0e52,False,0.5517241379310345,0.4482758620689655
source_study,R0C-090f455e86aadce47d88,False,0.42857142857142855,0.5714285714285714
source_study,R0C-091df47115ce9a3a7bbf,False,0.5531914893617021,0.44680851063829785
source_study,R0C-09349c6ef067bb36ccb4,False,0.4264705882352941,0.5735294117647058
source_study,R0C-0942be72125f5d0e3857,False,0.6666666666666666,0.33333333333333337
source_study,R0C-0946fa300a8cab3ac54f,False,0.5833333333333334,0.41666666666666663
source_study,R0C-095650df8d795eb170a2,False,0.4473684210526316,0.5526315789473684
source_study,R0C-096408cee2acc8470704,False,0.4583333333333333,0.5416666666666667
source_study,R0C-0964267f846a3abb8b0e,False,0.47692307692307695,0.523076923076923
source_study,R0C-09879f2de2097ad748bb,False,0.42857142857142855,0.5714285714285714
source_study,R0C-09957d864333d310dd9c,False,0.7391304347826086,0.26086956521739135
source_study,R0C-09b5a4725ec4d401ae5d,False,0.6376811594202898,0.3623188405797102
source_study,R0C-09bf1bbbab4ef0e10e70,False,0.46938775510204084,0.5306122448979591
source_study,R0C-0a305947c69eea97734f,False,0.7236842105263158,0.2763157894736842
source_study,R0C-0a408e29cb6f8cafb277,False,0.5714285714285714,0.4285714285714286
source_study,R0C-0a4943da61087c5b817a,False,0.46938775510204084,0.5306122448979591
source_study,R0C-0a61ef802fee1137a3eb,False,0.4264705882352941,0.5735294117647058
source_study,R0C-0a621a04c7a86bf3d8e2,False,0.6065573770491803,0.39344262295081966
source_study,R0C-0a748f52f0d2300820e7,False,0.5,0.5
source_study,R0C-0a9b50896db6e78b60f0,False,0.47761194029850745,0.5223880597014925
source_study,R0C-0a9fda0dbf5c2d2b7e43,False,0.609375,0.390625
source_study,R0C-0aa105167f1cab38a216,False,0.7123287671232876,0.28767123287671237
source_study,R0C-0aba2ac6f0542d3bea84,False,0.6304347826086957,0.3695652173913043
source_study,R0C-0ae7b051391bf5d88920,False,0.6451612903225806,0.3548387096774194
source_study,R0C-0aeb50ffdba9623579f1,False,0.5689655172413793,0.43103448275862066
source_study,R0C-0af69e92eac645b68953,False,0.5517241379310345,0.4482758620689655
source_study,R0C-0b0d1ef5ae7e4b7016bf,False,0.4897959183673469,0.5102040816326531
source_study,R0C-0b0e2fed980a3d25a07b,False,0.42857142857142855,0.5714285714285714
source_study,R0C-0b14e01b2507ac9f383f,False,0.4642857142857143,0.5357142857142857
source_study,R0C-0b207aa5900ff04d2ede,False,0.4098360655737705,0.5901639344262295
source_study,R0C-0b2f01a7c5140016c0b5,False,0.4897959183673469,0.5102040816326531
source_study,R0C-0b377fae57f8aadddd27,False,0.4166666666666667,0.5833333333333333
source_study,R0C-0b4f619edd6ce97569a3,False,0.5777777777777777,0.4222222222222223
source_study,R0C-0b89fb6051d09ffebee9,False,0.7361111111111112,0.26388888888888884
source_study,R0C-0b984671a7e6db462de3,False,0.6153846153846154,0.3846153846153846
source_study,R0C-0bc466231df1213232dc,False,0.7230769230769231,0.27692307692307694
source_study,R0C-0be4e08a46c10f880295,False,0.4423076923076923,0.5576923076923077
source_study,R0C-0c02e196a091134f0452,False,0.7230769230769231,0.27692307692307694
source_study,R0C-0c14dfa3708878ff2f33,False,0.42857142857142855,0.5714285714285714
source_study,R0C-0c4bb0161755123f5842,False,0.5555555555555556,0.4444444444444444
source_study,R0C-0c582e64764c5f585b6d,False,0.5625,0.4375
source_study,R0C-0c604c05d19c6c21851e,False,0.5217391304347826,0.4782608695652174
source_study,R0C-0c63acae3e5b0cb22ca2,False,0.5,0.5
source_study,R0C-0c655e3e73c46d00dc8a,False,0.4857142857142857,0.5142857142857142
source_study,R0C-0c7e7b7a02ad72c3a4d8,False,0.7246376811594203,0.2753623188405797
source_study,R0C-0ca50951ad4ce0a8830d,False,0.5614035087719298,0.4385964912280702
source_study,R0C-0ca5cc5b5351a716996e,False,0.625,0.375
source_study,R0C-0ce0a3e872110a4d85d7,False,0.5777777777777777,0.4222222222222223
source_study,R0C-0d1beea43360cea1b6fd,False,0.5384615384615384,0.46153846153846156
source_study,R0C-0d39a9b92d32f213cc68,False,0.6285714285714286,0.37142857142857144
source_study,R0C-0d554a06cacf7c462033,False,0.618421052631579,0.381578947368421
source_study,R0C-0d5cb43b7e6ce9475de5,False,0.410958904109589,0.589041095890411
source_study,R0C-0d6167899021927d3e0c,False,0.4642857142857143,0.5357142857142857
source_study,R0C-0da98374cf339dc32431,False,0.4444444444444444,0.5555555555555556
source_study,R0C-0db2b4847b297643d8a4,False,0.43478260869565216,0.5652173913043479
source_study,R0C-0dc55faf53f69736237b,False,0.7096774193548387,0.29032258064516125
source_study,R0C-0dd34466f64b188234ba,False,0.47368421052631576,0.5263157894736843
source_study,R0C-0dd62de6c4aa584d94f7,False,0.3090909090909091,0.6909090909090909
source_study,R0C-0e0cf41cf4f0b55533ef,False,0.7142857142857143,0.2857142857142857
source_study,R0C-0e21d813a4cffe6f7c45,False,0.46938775510204084,0.5306122448979591
source_study,R0C-0e72928fb008e98f4e5a,False,0.40298507462686567,0.5970149253731343
source_study,R0C-0ead01bf7b87fbadaa44,False,0.4897959183673469,0.5102040816326531
source_study,R0C-0eb68d0d78b6a88f4c7b,False,0.7142857142857143,0.2857142857142857
source_study,R0C-0ec1ccaf27f19ab58e38,False,0.5,0.5
source_study,R0C-0ecb871e74625cdf4796,False,0.42857142857142855,0.5714285714285714
source_study,R0C-0f0c4303f09ca81e62b5,False,0.4423076923076923,0.5576923076923077
source_study,R0C-0f26a2c3a981b4413bea,False,0.7246376811594203,0.2753623188405797
source_study,R0C-0f3c1558ab2725d18689,False,0.5238095238095238,0.47619047619047616
source_study,R0C-0f94da99477e442e11ff,False,0.48148148148148145,0.5185185185185186
source_study,R0C-0f95e9734d0880b9da43,False,0.5178571428571429,0.4821428571428571
source_study,R0C-0fa08b825063f5884f70,False,0.47761194029850745,0.5223880597014925
source_study,R0C-0faed9df1edcdee5a315,False,0.4166666666666667,0.5833333333333333
source_study,R0C-0fc78daefe15f8ffca15,False,0.5714285714285714,0.4285714285714286
source_study,R0C-102fd1e9ba46f5954ab7,False,0.4772727272727273,0.5227272727272727
source_study,R0C-104e411e98f48fa21f4c,False,0.410958904109589,0.589041095890411
source_study,R0C-1069bc92ab57fa2268e1,False,0.5714285714285714,0.4285714285714286
source_study,R0C-108845c8c075953efc98,False,0.46938775510204084,0.5306122448979591
source_study,R0C-109c06e997135e2d7b1f,False,0.3448275862068966,0.6551724137931034
source_study,R0C-10b018bd5b3dbe749cb4,False,0.4666666666666667,0.5333333333333333
source_study,R0C-10d6f443109fb1e9a8c2,False,0.4666666666666667,0.5333333333333333
source_study,R0C-10d8be3fb60a9902fd12,False,0.6481481481481481,0.35185185185185186
source_study,R0C-10dc76e026771a06688c,False,0.40625,0.59375
source_study,R0C-10f7a37603c83ba1a5da,False,0.4264705882352941,0.5735294117647058
source_study,R0C-10fb8f096605b5125da6,False,0.6417910447761194,0.35820895522388063
source_study,R0C-1128dc550b07c6623083,False,0.7083333333333334,0.29166666666666663
source_study,R0C-1136d2f429a6a4ef0658,False,0.6527777777777778,0.3472222222222222
source_study,R0C-113cbc86ec73904b273f,False,0.6,0.4
source_study,R0C-1165837888e2f66f96e3,False,0.3333333333333333,0.6666666666666667
source_study,R0C-11b558e4e4b4f44bba5a,False,0.3448275862068966,0.6551724137931034
source_study,R0C-11e4d9df0a08c17f190e,False,0.7361111111111112,0.26388888888888884
source_study,R0C-11edc525767efec76985,False,0.44642857142857145,0.5535714285714286
source_study,R0C-11f6529705fd2c6974a7,False,0.4883720930232558,0.5116279069767442
source_study,R0C-12086936f20df64383c9,False,0.5689655172413793,0.43103448275862066
source_study,R0C-1233a51a225d3ee57d47,False,0.4857142857142857,0.5142857142857142
source_study,R0C-1243eaa8fc9a142c0171,False,0.5531914893617021,0.44680851063829785
source_study,R0C-12d55f013381cc070724,False,0.423728813559322,0.576271186440678
source_study,R0C-12e604a907ee0bf1017e,False,0.5882352941176471,0.4117647058823529
source_study,R0C-12f4bcf37418fc233e2d,False,0.6707317073170732,0.3292682926829268
source_study,R0C-13355b54f7b68e75bd10,False,0.5303030303030303,0.4696969696969697
source_study,R0C-133c9a56a745d6d0ebf3,False,0.5972222222222222,0.4027777777777778
source_study,R0C-13a7a69e8e9d244842b2,False,0.6190476190476191,0.38095238095238093
source_study,R0C-13b18440d52aa1c9cc62,False,0.6944444444444444,0.3055555555555556
source_study,R0C-13b7d13a3ad1812b562b,False,0.609375,0.390625
source_study,R0C-13dd3f65bf9e9749117c,False,0.35714285714285715,0.6428571428571428
source_study,R0C-13e29290a7832f464bac,False,0.4444444444444444,0.5555555555555556
source_study,R0C-13f936ba5764e4f34c70,False,0.32727272727272727,0.6727272727272727
source_study,R0C-1401eea89e5edaaac95a,False,0.4583333333333333,0.5416666666666667
source_study,R0C-142c938fafbd17d175ab,False,0.7361111111111112,0.26388888888888884
source_study,R0C-146b19446ee891b1e332,False,0.42857142857142855,0.5714285714285714
source_study,R0C-147d2d45221784e96b62,False,0.4473684210526316,0.5526315789473684
source_study,R0C-1480ed034bc065798a53,False,0.42857142857142855,0.5714285714285714
source_study,R0C-149b6f0dabdc47ab5d3c,False,0.5967741935483871,0.4032258064516129
source_study,R0C-14b8b9181e51e5ff8658,False,0.5967741935483871,0.4032258064516129
source_study,R0C-14e23415d7f09096d445,False,0.6973684210526315,0.3026315789473685
source_study,R0C-158e597ba3c221528ddc,False,0.4666666666666667,0.5333333333333333
source_study,R0C-159bf45beca572a73cae,False,0.4473684210526316,0.5526315789473684
source_study,R0C-15a86b307e3a41e763ce,False,0.5531914893617021,0.44680851063829785
source_study,R0C-15a9ff29632c04cd3a6b,False,0.52,0.48
source_study,R0C-15b1b2ddb86bb7f94b2c,False,0.42857142857142855,0.5714285714285714
source_study,R0C-15b4311ee3c1a5c2aad8,False,0.509090909090909,0.49090909090909096
source_study,R0C-15ba41c218dac1ecfe41,False,0.6410256410256411,0.3589743589743589
source_study,R0C-15c1fb3c3b47c49e0498,False,0.7142857142857143,0.2857142857142857
source_study,R0C-15f611aef93382b86bd0,False,0.6666666666666666,0.33333333333333337
source_study,R0C-15fe239b133971d24e7b,False,0.6031746031746031,0.39682539682539686
source_study,R0C-160e9f3f1ea801643344,False,0.4107142857142857,0.5892857142857143
source_study,R0C-16349165ac5a9e26917a,False,0.6710526315789473,0.32894736842105265
source_study,R0C-16385f97cd1b724b1d9b,False,0.7361111111111112,0.26388888888888884
source_study,R0C-163df7c28fc58b7f2e22,False,0.30357142857142855,0.6964285714285714
source_study,R0C-166e94774aa6ed0caccb,False,0.41304347826086957,0.5869565217391304
source_study,R0C-166fa6fd5a28d6735100,False,0.4489795918367347,0.5510204081632653
source_study,R0C-1691484c2e4139e91ad3,False,0.5609756097560976,0.4390243902439024
source_study,R0C-169ec058392dbdc55597,False,0.6323529411764706,0.36764705882352944
source_study,R0C-169ecef4c9d6415dbe7b,False,0.625,0.375
source_study,R0C-16a515abfc8851717407,False,0.4727272727272727,0.5272727272727273
source_study,R0C-16accebd86a867083a3d,False,0.7096774193548387,0.29032258064516125
source_study,R0C-16acedc915f0c1e5b6dd,False,0.6984126984126984,0.3015873015873016
source_study,R0C-16c2ffaf9b783520038a,False,0.6805555555555556,0.3194444444444444
source_study,R0C-16f08d69bacf179b075c,False,0.5714285714285714,0.4285714285714286
source_study,R0C-16f0c283b7056bc0b053,False,0.5625,0.4375
source_study,R0C-1738c27e1218efdb0738,False,0.5714285714285714,0.4285714285714286
source_study,R0C-17602d370841a257ca65,False,0.6823529411764706,0.3176470588235294
source_study,R0C-1789d7f46342707e9bb1,False,0.7125,0.2875
source_study,R0C-1792e4eb4a55d7eb5fb3,False,0.46938775510204084,0.5306122448979591
source_study,R0C-17d5bb632319d4482282,False,0.7391304347826086,0.26086956521739135
source_study,R0C-17d7c5330bcd3ddbcd9b,False,0.6923076923076923,0.3076923076923077
source_study,R0C-17ef00ca86f17f4cdbfb,False,0.4153846153846154,0.5846153846153845
source_study,R0C-17f89470f90bcabbf57e,False,0.4666666666666667,0.5333333333333333
source_study,R0C-1801eb52a1f38304adfa,False,0.47619047619047616,0.5238095238095238
source_study,R0C-182850561157dd25713d,False,0.4745762711864407,0.5254237288135593
source_study,R0C-183d4c54b0a976df1282,False,0.5714285714285714,0.4285714285714286
source_study,R0C-186db4a70e91b9dc2422,False,0.43859649122807015,0.5614035087719298
source_study,R0C-18d1b22f0b171d0c0ac4,False,0.5652173913043478,0.4347826086956522
source_study,R0C-196e803617ddacad2c61,False,0.4117647058823529,0.5882352941176471
source_study,R0C-197618bfffa3eaa2ef1d,False,0.4473684210526316,0.5526315789473684
source_study,R0C-19828963f8bc46f472a8,False,0.4666666666666667,0.5333333333333333
source_study,R0C-1987e3a45c66d0b0e586,False,0.7428571428571429,0.2571428571428571
source_study,R0C-19b0bb65fe717c00045f,False,0.5686274509803921,0.43137254901960786
source_study,R0C-19b85efc0895571ceab9,False,0.5087719298245614,0.49122807017543857
source_study,R0C-19bdc244296494bd7606,False,0.49019607843137253,0.5098039215686274
source_study,R0C-19c3b7cbcf5b145fe8ab,False,0.5,0.5
source_study,R0C-1a2aea75dbf3c5284be8,False,0.6129032258064516,0.3870967741935484
source_study,R0C-1a465bfbd99f262a6df5,False,0.5660377358490566,0.4339622641509434
source_study,R0C-1a7c64edfd0488a9eaf4,False,0.42857142857142855,0.5714285714285714
source_study,R0C-1a7dcc5ad1b3963840fe,False,0.5,0.5
source_study,R0C-1a833d650e826d64aac1,False,0.4788732394366197,0.5211267605633803
source_study,R0C-1aca0e801075f02d1bfe,False,0.5365853658536586,0.46341463414634143
source_study,R0C-1ad1f1f538c7d2d46135,False,0.5625,0.4375
source_study,R0C-1adae732d14b831db249,False,0.7361111111111112,0.26388888888888884
source_study,R0C-1af652c9978f22d15c37,False,0.44642857142857145,0.5535714285714286
source_study,R0C-1b0a6d0441bdad15175d,False,0.6842105263157895,0.3157894736842105
source_study,R0C-1b1385e15927d61f406d,False,0.4666666666666667,0.5333333333333333
source_study,R0C-1b19843d83c07d1d04be,False,0.4583333333333333,0.5416666666666667
source_study,R0C-1b198c259edc91d2cde3,False,0.59375,0.40625
source_study,R0C-1b84cf025315006d3e2a,False,0.5166666666666667,0.4833333333333333
source_study,R0C-1bda0d6a269c54f1712a,False,0.5421686746987951,0.45783132530120485
source_study,R0C-1bf8895e7e262893f123,False,0.45098039215686275,0.5490196078431373
source_study,R0C-1bfe9e75cb39ec1960ac,False,0.4716981132075472,0.5283018867924528
source_study,R0C-1c21698378f31906484d,False,0.5833333333333334,0.41666666666666663
source_study,R0C-1c308f0f694208ee01ad,False,0.6842105263157895,0.3157894736842105
source_study,R0C-1c357c6ed0ccc6d14369,False,0.4153846153846154,0.5846153846153845
source_study,R0C-1c3d765c38b6783691f9,False,0.3968253968253968,0.6031746031746033
source_study,R0C-1c5a994c69fb8cb75ddf,False,0.7391304347826086,0.26086956521739135
source_study,R0C-1c8275e56ff070a0c427,False,0.4423076923076923,0.5576923076923077
source_study,R0C-1c8ac6d9a02de99fd1ea,False,0.42857142857142855,0.5714285714285714
source_study,R0C-1c8cf8faf53214526fd8,False,0.6309523809523809,0.36904761904761907
source_study,R0C-1c956075a4001e42dd9a,False,0.7049180327868853,0.29508196721311475
source_study,R0C-1ccf1610f3870ec3765b,False,0.46938775510204084,0.5306122448979591
source_study,R0C-1cd24df3745d152d652b,False,0.5882352941176471,0.4117647058823529
source_study,R0C-1cdfec76adb6bdd1a133,False,0.5217391304347826,0.4782608695652174
source_study,R0C-1ce52fdb3053613013c6,False,0.4883720930232558,0.5116279069767442
source_study,R0C-1d0ffe4f7df58e1fa10d,False,0.7049180327868853,0.29508196721311475
source_study,R0C-1d329fa4b198a53ea92f,False,0.4473684210526316,0.5526315789473684
source_study,R0C-1d3cb7d037163e6a7e34,False,0.42857142857142855,0.5714285714285714
source_study,R0C-1d63e18bc0a5ade0d6a5,False,0.6744186046511628,0.32558139534883723
source_study,R0C-1d844d142fdcc408dfda,False,0.5094339622641509,0.49056603773584906
source_study,R0C-1d87c389a03194a2cc39,False,0.4666666666666667,0.5333333333333333
source_study,R0C-1daed1232e20cd4ad242,False,0.4444444444444444,0.5555555555555556
source_study,R0C-1dcfd390d8f6b16673d1,False,0.46808510638297873,0.5319148936170213
source_study,R0C-1dd9abc5a6422df4f11d,False,0.4666666666666667,0.5333333333333333
source_study,R0C-1ddbb91a407061b19cbc,False,0.6666666666666666,0.33333333333333337
source_study,R0C-1e2e91e3c25a90f41d7d,False,0.42857142857142855,0.5714285714285714
source_study,R0C-1e3647ebe0d6390cbcce,False,0.5925925925925926,0.40740740740740744
source_study,R0C-1e45021e7cbcc819b6df,False,0.4583333333333333,0.5416666666666667
source_study,R0C-1e520b4a3dbaa3b5f6a7,False,0.6417910447761194,0.35820895522388063
source_study,R0C-1e90ee93bcf387858aa5,False,0.5625,0.4375
source_study,R0C-1e929ad8d9bf98ba11b9,False,0.5609756097560976,0.4390243902439024
source_study,R0C-1e9f08856a2d8c0fe67b,False,0.6231884057971014,0.37681159420289856
source_study,R0C-1ebdd3dd24bb76f1b731,False,0.6440677966101694,0.35593220338983056
source_study,R0C-1ed566cc41dd1a342dfb,False,0.6265060240963856,0.37349397590361444
source_study,R0C-1ee98d40d80fc8ae026f,False,0.609375,0.390625
source_study,R0C-1f25d1dff2c34c9affc6,False,0.30357142857142855,0.6964285714285714
source_study,R0C-1f3b39d96330095fd0c5,False,0.6984126984126984,0.3015873015873016
source_study,R0C-1f3fddc6cf7c753b79e0,False,0.5205479452054794,0.4794520547945206
source_study,R0C-1f58b5d3a2db6e66f067,False,0.5,0.5
source_study,R0C-1f71354b6617cb1fb3d9,False,0.4461538461538462,0.5538461538461539
source_study,R0C-1f854b2ea9a7843f23dc,False,0.32727272727272727,0.6727272727272727
source_study,R0C-1fc22379fe5a26420806,False,0.7246376811594203,0.2753623188405797
source_study,R0C-1fc64a4bb16f6b508b31,False,0.5,0.5
source_study,R0C-1fcd54adab9bd1520189,False,0.7272727272727273,0.2727272727272727
source_study,R0C-1fcf62c20a81bb02a7fb,False,0.7352941176470589,0.2647058823529411
source_study,R0C-1fe984e5bc6f76a17e59,False,0.5652173913043478,0.4347826086956522
source_study,R0C-1ff2a80dbedcbad5179b,False,0.390625,0.609375
source_study,R0C-200e84188ac1d53f78a3,False,0.43333333333333335,0.5666666666666667
source_study,R0C-2031df30a7a33f1a31cc,False,0.45098039215686275,0.5490196078431373
source_study,R0C-204696f1a8348f62d0db,False,0.46938775510204084,0.5306122448979591
source_study,R0C-20512151f1d03ec5ff3d,False,0.7391304347826086,0.26086956521739135
source_study,R0C-2075e34b5093d62f7f8f,False,0.46938775510204084,0.5306122448979591
source_study,R0C-207ea3ddd88f04a86ef5,False,0.6666666666666666,0.33333333333333337
source_study,R0C-208b532045d83a60f771,False,0.6190476190476191,0.38095238095238093
source_study,R0C-208de161b6eef7ccfb8b,False,0.48148148148148145,0.5185185185185186
source_study,R0C-20a04c5d251aad77a9e3,False,0.5789473684210527,0.42105263157894735
source_study,R0C-20dfcb0f4da5c361834d,False,0.7361111111111112,0.26388888888888884
source_study,R0C-20e4d572f736e136ab84,False,0.5909090909090909,0.40909090909090906
source_study,R0C-21114a8401691a398d77,False,0.45098039215686275,0.5490196078431373
source_study,R0C-2116969cbd580a9786c6,False,0.39473684210526316,0.6052631578947368
source_study,R0C-21309e834fd7b6c2c249,False,0.5625,0.4375
source_study,R0C-2132fb10e39a6e3539a1,False,0.5254237288135594,0.47457627118644063
source_study,R0C-21458328408c14f66ee4,False,0.4857142857142857,0.5142857142857142
source_study,R0C-21646ef9a1a83be81c39,False,0.42857142857142855,0.5714285714285714
source_study,R0C-21790724848988e454e2,False,0.3333333333333333,0.6666666666666667
source_study,R0C-21791c8a8fcc1dab82ec,False,0.46938775510204084,0.5306122448979591
source_study,R0C-219c034bb7c62a3c663e,False,0.41304347826086957,0.5869565217391304
source_study,R0C-21c021630a495f73d2aa,False,0.45161290322580644,0.5483870967741935
source_study,R0C-21fe81e89c82e8478856,False,0.32727272727272727,0.6727272727272727
source_study,R0C-2212b70b9562ccac1cb4,False,0.6625,0.3375
source_study,R0C-2233cd581e2b8271221d,False,0.7323943661971831,0.2676056338028169
source_study,R0C-2244f32a062d5529c610,False,0.5384615384615384,0.46153846153846156
source_study,R0C-225696a6cc5d97da061d,False,0.4857142857142857,0.5142857142857142
source_study,R0C-226113ed4a23a26b6e91,False,0.7083333333333334,0.29166666666666663
source_study,R0C-22b1e493e88ebe2d9df5,False,0.5625,0.4375
source_study,R0C-22b39b95a71d94524b78,False,0.5652173913043478,0.4347826086956522
source_study,R0C-22c038c7c83130d74a9b,False,0.6309523809523809,0.36904761904761907
source_study,R0C-22d111c67d2eeda3e857,False,0.4918032786885246,0.5081967213114754
source_study,R0C-22d58a947b759c6eafe6,False,0.32727272727272727,0.6727272727272727
source_study,R0C-22fe9048b82c99575d67,False,0.6625,0.3375
source_study,R0C-2307d6458b765f585183,False,0.6463414634146342,0.35365853658536583
source_study,R0C-23491cd4b891b9fccbc4,False,0.6,0.4
source_study,R0C-23b0f2542b2de6514086,False,0.46875,0.53125
source_study,R0C-241da5eeba779462d1e4,False,0.7272727272727273,0.2727272727272727
source_study,R0C-242411992e4998aebee1,False,0.48717948717948717,0.5128205128205128
source_study,R0C-242aee10c9e957075d8c,False,0.7333333333333333,0.2666666666666667
source_study,R0C-24355f3bff084a7e15f6,False,0.45161290322580644,0.5483870967741935
source_study,R0C-24371a1d73a906ae034f,False,0.3448275862068966,0.6551724137931034
source_study,R0C-248d1fd1d8190e09cdcc,False,0.4666666666666667,0.5333333333333333
source_study,R0C-249a6c81b7792ab0c928,False,0.4473684210526316,0.5526315789473684
source_study,R0C-249b77c1867b1ea0da67,False,0.4230769230769231,0.5769230769230769
source_study,R0C-24a6a255ee188c17775a,False,0.6153846153846154,0.3846153846153846
source_study,R0C-24c161ec16a4cc41cef2,False,0.7230769230769231,0.27692307692307694
source_study,R0C-24c5811591ecb8f32286,False,0.4492753623188406,0.5507246376811594
source_study,R0C-24cdd56a44d3dcb04100,False,0.4489795918367347,0.5510204081632653
source_study,R0C-24e76bee32bf836b4ec0,False,0.45454545454545453,0.5454545454545454
source_study,R0C-24e8a240148b1e291966,False,0.6571428571428571,0.34285714285714286
source_study,R0C-25103af443382f814d94,False,0.6097560975609756,0.3902439024390244
source_study,R0C-25350c9186afd1a3e86d,False,0.4897959183673469,0.5102040816326531
source_study,R0C-254e90522081edc963d7,False,0.6708860759493671,0.3291139240506329
source_study,R0C-25541650d9b5dda4fa65,False,0.546875,0.453125
source_study,R0C-257ef7c716ee937f7e57,False,0.5531914893617021,0.44680851063829785
source_study,R0C-2587c68a10505af40199,False,0.6296296296296297,0.37037037037037035
source_study,R0C-258fee699d4855a4304c,False,0.7183098591549296,0.2816901408450704
source_study,R0C-25989daefbc7acc47cdf,False,0.6582278481012658,0.3417721518987342
source_study,R0C-2599b33700aa8c0fbb43,False,0.4489795918367347,0.5510204081632653
source_study,R0C-259eb9ec25633e39e0bd,False,0.7183098591549296,0.2816901408450704
source_study,R0C-25a91bee611c2338b459,False,0.5824175824175825,0.41758241758241754
source_study,R0C-25c38833fc7ebde62cd1,False,0.6829268292682927,0.31707317073170727
source_study,R0C-25dc31a35cd0a544e6c2,False,0.47058823529411764,0.5294117647058824
source_study,R0C-25e527e94aaf7ddaacaa,False,0.4857142857142857,0.5142857142857142
source_study,R0C-26007cef58a726f23aa0,False,0.6973684210526315,0.3026315789473685
source_study,R0C-260b3210994711a2ba29,False,0.4067796610169492,0.5932203389830508
source_study,R0C-261ac7c537041c56c8f7,False,0.4666666666666667,0.5333333333333333
source_study,R0C-2643df12893df9087eb2,False,0.36065573770491804,0.639344262295082
source_study,R0C-2655fb602f0ace7056f2,False,0.5740740740740741,0.42592592592592593
source_study,R0C-2656d2b2969853845980,False,0.7230769230769231,0.27692307692307694
source_study,R0C-2689ab04126503ccee79,False,0.40625,0.59375
source_study,R0C-26a8f121598edfa35d47,False,0.6376811594202898,0.3623188405797102
source_study,R0C-26bd2fed82012f9c08a1,False,0.49019607843137253,0.5098039215686274
source_study,R0C-26ef6e3639cda2db8d4d,False,0.5303030303030303,0.4696969696969697
source_study,R0C-26f23f8297bb949da96a,False,0.3333333333333333,0.6666666666666667
source_study,R0C-275ddb76c4e3c527cf7b,False,0.7096774193548387,0.29032258064516125
source_study,R0C-2767f0cf7dc23dda8a97,False,0.7391304347826086,0.26086956521739135
source_study,R0C-276c1a68184632f18a7a,False,0.5,0.5
source_study,R0C-276fafb63964d73fcfed,False,0.59375,0.40625
source_study,R0C-277c0f6b01492c3d57d6,False,0.4264705882352941,0.5735294117647058
source_study,R0C-27ad15a4979b98e50249,False,0.5625,0.4375
source_study,R0C-27c7d177ae5085648f1e,False,0.4666666666666667,0.5333333333333333
source_study,R0C-27ec4553f79c1c4358ce,False,0.42424242424242425,0.5757575757575757
source_study,R0C-27f8e2a4b57b65e5a77c,False,0.6,0.4
source_study,R0C-27fe404d59434ae2ad73,False,0.676056338028169,0.323943661971831
source_study,R0C-2801400a4a855ce2e5c9,False,0.5632183908045977,0.4367816091954023
source_study,R0C-2837981f51d412f6534b,False,0.5166666666666667,0.4833333333333333
source_study,R0C-283e825a4acfe841c4c6,False,0.5652173913043478,0.4347826086956522
source_study,R0C-283eb985e7788c3f82e8,False,0.6428571428571429,0.3571428571428571
source_study,R0C-2840bdbaa3b8e883a921,False,0.32727272727272727,0.6727272727272727
source_study,R0C-28915dacddfaf678e326,False,0.4107142857142857,0.5892857142857143
source_study,R0C-2898acb0c02beb89efd5,False,0.7096774193548387,0.29032258064516125
source_study,R0C-28adaccf4f0981f9c2b9,False,0.6530612244897959,0.34693877551020413
source_study,R0C-28c54a537002ad54ee3e,False,0.4857142857142857,0.5142857142857142
source_study,R0C-28cc0e7b5263bef4eaa6,False,0.4166666666666667,0.5833333333333333
source_study,R0C-28cd57ce3821a4fb54df,False,0.6545454545454545,0.34545454545454546
source_study,R0C-28cff9201c9799fd4ac4,False,0.43283582089552236,0.5671641791044777
source_study,R0C-28ddd7b9ad581225793a,False,0.4642857142857143,0.5357142857142857
source_study,R0C-290108b55f4ea6ca3573,False,0.5789473684210527,0.42105263157894735
source_study,R0C-2902d61170a1315810ef,False,0.6716417910447762,0.32835820895522383
source_study,R0C-290f77a92c3a75dc17bf,False,0.5833333333333334,0.41666666666666663
source_study,R0C-291175744ec5573e5534,False,0.3333333333333333,0.6666666666666667
source_study,R0C-2949609f37a2bb27d1d7,False,0.5531914893617021,0.44680851063829785
source_study,R0C-2957b9019520cf7b487f,False,0.6,0.4
source_study,R0C-2958ae28419241ce0217,False,0.4489795918367347,0.5510204081632653
source_study,R0C-2983a5e7d8be64afdd20,False,0.6923076923076923,0.3076923076923077
source_study,R0C-299e8359361151b79089,False,0.4666666666666667,0.5333333333333333
source_study,R0C-29bebda4ce8538460c17,False,0.5294117647058824,0.47058823529411764
source_study,R0C-29db481937d0c9d4addb,False,0.6274509803921569,0.37254901960784315
source_study,R0C-2a0dc5ebc95e0f625a38,False,0.7272727272727273,0.2727272727272727
source_study,R0C-2a2e56f89a76db11bad2,False,0.7272727272727273,0.2727272727272727
source_study,R0C-2a5ea9a57de9b1e466de,False,0.4583333333333333,0.5416666666666667
source_study,R0C-2a8855e6d62f63802189,False,0.7058823529411765,0.2941176470588235
source_study,R0C-2abbba69eb4e23b3e27c,False,0.6610169491525424,0.3389830508474576
source_study,R0C-2ac3a3249a305e2e6756,False,0.5967741935483871,0.4032258064516129
source_study,R0C-2b1d45f1fbe90d00be37,False,0.7391304347826086,0.26086956521739135
source_study,R0C-2b4378b23ead36e01d7d,False,0.4666666666666667,0.5333333333333333
source_study,R0C-2b4f5724498aa757706a,False,0.6,0.4
source_study,R0C-2b52a27b3151e30532bd,False,0.42857142857142855,0.5714285714285714
source_study,R0C-2b54bc61a483c3562c43,False,0.609375,0.390625
source_study,R0C-2b648f197e58bd7e61b1,False,0.4166666666666667,0.5833333333333333
source_study,R0C-2bbc0e4b47125f7aa7c0,False,0.675,0.32499999999999996
source_study,R0C-2bcadb7fd429ff77636c,False,0.6515151515151515,0.3484848484848485
source_study,R0C-2bf7acbcd69b768deef7,False,0.6911764705882353,0.3088235294117647
source_study,R0C-2c3d8aa5e535ccf26dc0,False,0.5365853658536586,0.46341463414634143
source_study,R0C-2c8c39b8fcdcfab3b2af,False,0.5365853658536586,0.46341463414634143
source_study,R0C-2c994421881846fce5b4,False,0.4583333333333333,0.5416666666666667
source_study,R0C-2ca8db9ee522357d17bd,False,0.4857142857142857,0.5142857142857142
source_study,R0C-2cab80f0c6e32335742f,False,0.5633802816901409,0.43661971830985913
source_study,R0C-2ce5a06a73d77fa685f1,False,0.5066666666666667,0.4933333333333333
source_study,R0C-2d0d2f5456ba72466574,False,0.6785714285714286,0.3214285714285714
source_study,R0C-2d0ea4756166007cb2d7,False,0.40625,0.59375
source_study,R0C-2d0eb13f9fd4ac21f39a,False,0.3448275862068966,0.6551724137931034
source_study,R0C-2d1ea5137c5c4517e265,False,0.5531914893617021,0.44680851063829785
source_study,R0C-2d25229af1afd99aa039,False,0.5333333333333333,0.4666666666666667
source_study,R0C-2d571c57476343aa170b,False,0.5652173913043478,0.4347826086956522
source_study,R0C-2d65a188028fe4825c10,False,0.43333333333333335,0.5666666666666667
source_study,R0C-2d6c797fcf6b9e4c5543,False,0.32727272727272727,0.6727272727272727
source_study,R0C-2d86d65d0db2c8faacd8,False,0.5714285714285714,0.4285714285714286
source_study,R0C-2d8a13445a01c67dbbb7,False,0.5531914893617021,0.44680851063829785
source_study,R0C-2dd5aa2da6ae8da38ab7,False,0.6376811594202898,0.3623188405797102
source_study,R0C-2dda274e015ca343420d,False,0.5777777777777777,0.4222222222222223
source_study,R0C-2deed8c199674b8b32a9,False,0.4583333333333333,0.5416666666666667
source_study,R0C-2e4c7105d074d1bc7b5c,False,0.43859649122807015,0.5614035087719298
source_study,R0C-2e609436def442acbada,False,0.5238095238095238,0.47619047619047616
source_study,R0C-2e9114a3cbb99817a75a,False,0.4666666666666667,0.5333333333333333
source_study,R0C-2eafd2e83e1f7b8ee6f7,False,0.43478260869565216,0.5652173913043479
source_study,R0C-2ed8d11b72d9552820b6,False,0.5692307692307692,0.4307692307692308
source_study,R0C-2ee682a6d9f03c13a893,False,0.4583333333333333,0.5416666666666667
source_study,R0C-2f077280b32ad6708c3c,False,0.46938775510204084,0.5306122448979591
source_study,R0C-2f20930d3df0b8d129be,False,0.4423076923076923,0.5576923076923077
source_study,R0C-2f2fc71cf425e92c2aa8,False,0.5531914893617021,0.44680851063829785
source_study,R0C-2f3c25b250d3ed4e67f8,False,0.4857142857142857,0.5142857142857142
source_study,R0C-2f52c12afc0840d7fd3d,False,0.32727272727272727,0.6727272727272727
source_study,R0C-2f67c43d29ca147c1006,False,0.5531914893617021,0.44680851063829785
source_study,R0C-2fadbd76762bbb0f89cc,False,0.5714285714285714,0.4285714285714286
source_study,R0C-2fd0061f05419db9424f,False,0.64,0.36
source_study,R0C-30004ba20c1496917c4d,False,0.603448275862069,0.39655172413793105
source_study,R0C-30062e2fbc98ce9fb85c,False,0.5636363636363636,0.4363636363636364
source_study,R0C-30187b5f1172b0126154,False,0.5614035087719298,0.4385964912280702
source_study,R0C-304947cc54453824294c,False,0.6417910447761194,0.35820895522388063
source_study,R0C-304a799ad47c75af360c,False,0.47619047619047616,0.5238095238095238
source_study,R0C-30524923872c189c9b36,False,0.5,0.5
source_study,R0C-305f435e26074adf64a1,False,0.48717948717948717,0.5128205128205128
source_study,R0C-3064da2f21d552afef88,False,0.42857142857142855,0.5714285714285714
source_study,R0C-306db10af6f3f8f1d254,False,0.42857142857142855,0.5714285714285714
source_study,R0C-3084427ac0b21c2ffcd3,False,0.7058823529411765,0.2941176470588235
source_study,R0C-308ee23afc1257fa4eb6,False,0.425531914893617,0.574468085106383
source_study,R0C-30c00e586df73d552d5b,False,0.32727272727272727,0.6727272727272727
source_study,R0C-30cc9e38f4e85faf224a,False,0.4153846153846154,0.5846153846153845
source_study,R0C-30fa3c21638490b9eef1,False,0.578125,0.421875
source_study,R0C-31000190b9282e84d883,False,0.5777777777777777,0.4222222222222223
source_study,R0C-31024a284d092e711075,False,0.43902439024390244,0.5609756097560976
source_study,R0C-316cf4ee5486fdbae4a4,False,0.5714285714285714,0.4285714285714286
source_study,R0C-3188dec51ff92d4d8819,False,0.423728813559322,0.576271186440678
source_study,R0C-31a461d957d791890717,False,0.6933333333333334,0.30666666666666664
source_study,R0C-3207fceb90f2c4b071ca,False,0.4666666666666667,0.5333333333333333
source_study,R0C-320883d5d200551270a9,False,0.5967741935483871,0.4032258064516129
source_study,R0C-321fdf047c69ff98f2ae,False,0.47368421052631576,0.5263157894736843
source_study,R0C-32569001cf3e9b305a02,False,0.6666666666666666,0.33333333333333337
source_study,R0C-3272979dd49a33b459ba,False,0.46938775510204084,0.5306122448979591
source_study,R0C-328dd130c23da35f82ab,False,0.5531914893617021,0.44680851063829785
source_study,R0C-328eb1d4a661edfa3acb,False,0.625,0.375
source_study,R0C-32a1551d1344f2ca4dd9,False,0.6,0.4
source_study,R0C-32c04bbfe1940b28ff49,False,0.5862068965517241,0.4137931034482759
source_study,R0C-32c620fec9bca54710e4,False,0.5384615384615384,0.46153846153846156
source_study,R0C-32cda9fb5c736b105581,False,0.32727272727272727,0.6727272727272727
source_study,R0C-32db2c54659ad0fdc981,False,0.609375,0.390625
source_study,R0C-32e3bda6a0b5865bafbc,False,0.7272727272727273,0.2727272727272727
source_study,R0C-330a81b5398f881be128,False,0.7272727272727273,0.2727272727272727
source_study,R0C-3331507cd465b54adbb8,False,0.45161290322580644,0.5483870967741935
source_study,R0C-334660a869f602184f15,False,0.6515151515151515,0.3484848484848485
source_study,R0C-339823ffd711ab417262,False,0.4857142857142857,0.5142857142857142
source_study,R0C-33bb7571a330addbff0f,False,0.6265060240963856,0.37349397590361444
source_study,R0C-33d21a408b89dbfadbb5,False,0.5531914893617021,0.44680851063829785
source_study,R0C-33e48a1a2375b86046b5,False,0.4666666666666667,0.5333333333333333
source_study,R0C-3428fbc5825d3f060d4c,False,0.7027027027027027,0.29729729729729726
source_study,R0C-3437057b50ea1cfdb88b,False,0.4473684210526316,0.5526315789473684
source_study,R0C-347e3351f9cbd50bcc6d,False,0.5652173913043478,0.4347826086956522
source_study,R0C-348da7c578aba14a7530,False,0.7272727272727273,0.2727272727272727
source_study,R0C-34b75420667a940e2b5d,False,0.5526315789473685,0.4473684210526315
source_study,R0C-34b9c2e3ef37c1d77af0,False,0.32727272727272727,0.6727272727272727
source_study,R0C-34e8550727ffc930215f,False,0.6785714285714286,0.3214285714285714
source_study,R0C-34ff6fa339a09996d0e4,False,0.5614035087719298,0.4385964912280702
source_study,R0C-350338da4d595a851ed3,False,0.5689655172413793,0.43103448275862066
source_study,R0C-35435668d8414d345f70,False,0.6857142857142857,0.3142857142857143
source_study,R0C-3545c694cbdcb6485881,False,0.5454545454545454,0.4545454545454546
source_study,R0C-358b2d8c5f10ab0ba4c0,False,0.6190476190476191,0.38095238095238093
source_study,R0C-35a6c7cdb147cc505bb1,False,0.5384615384615384,0.46153846153846156
source_study,R0C-35f0519d50f1f237a497,False,0.4666666666666667,0.5333333333333333
source_study,R0C-35f33dc61ddd57011449,False,0.7230769230769231,0.27692307692307694
source_study,R0C-36026648b1bbff0019a4,False,0.6162790697674418,0.38372093023255816
source_study,R0C-360b2a2befc5a9109d4f,False,0.543859649122807,0.45614035087719296
source_study,R0C-361d3e1586eef8759f9f,False,0.43859649122807015,0.5614035087719298
source_study,R0C-363b8c86cb87899b111e,False,0.4583333333333333,0.5416666666666667
source_study,R0C-3699180a927d1cbbfdd7,False,0.42857142857142855,0.5714285714285714
source_study,R0C-36d3300488dfb3debed0,False,0.6086956521739131,0.3913043478260869
source_study,R0C-372168cb6927e2332df5,False,0.6470588235294118,0.3529411764705882
source_study,R0C-3725fbf3a71b70525d13,False,0.42857142857142855,0.5714285714285714
source_study,R0C-37389d399340a888c7db,False,0.53125,0.46875
source_study,R0C-376d1b7b832e02506d48,False,0.609375,0.390625
source_study,R0C-377e060edec1942b2738,False,0.603448275862069,0.39655172413793105
source_study,R0C-37b33944eeefb76d8285,False,0.5714285714285714,0.4285714285714286
source_study,R0C-37c19823edc7120e86e0,False,0.4666666666666667,0.5333333333333333
source_study,R0C-380eeaa81a2da23e32b8,False,0.5,0.5
source_study,R0C-3820d1acec952f97f33a,False,0.48717948717948717,0.5128205128205128
source_study,R0C-382852b7e6d8b759c74b,False,0.46938775510204084,0.5306122448979591
source_study,R0C-383852c2ad9de75f5e2e,False,0.7058823529411765,0.2941176470588235
source_study,R0C-383c367f52429bd93c0b,False,0.6547619047619048,0.34523809523809523
source_study,R0C-3897fdbab321011ceb1b,False,0.7096774193548387,0.29032258064516125
source_study,R0C-38a572ee9ed9cb5f6d88,False,0.5797101449275363,0.42028985507246375
source_study,R0C-396d3fd1865cad57c70e,False,0.4473684210526316,0.5526315789473684
source_study,R0C-39b24ebb4adb28da2cc3,False,0.6790123456790124,0.32098765432098764
source_study,R0C-39c12c2d3f3103de82f2,False,0.42857142857142855,0.5714285714285714
source_study,R0C-3a000465ca80cc7d983c,False,0.5967741935483871,0.4032258064516129
source_study,R0C-3a0768f75c0993b52e8f,False,0.6065573770491803,0.39344262295081966
source_study,R0C-3a1bf424c8759b771c0c,False,0.4523809523809524,0.5476190476190477
source_study,R0C-3a23ad1a1f67ba4e47c3,False,0.5652173913043478,0.4347826086956522
source_study,R0C-3a350f02175b7d2eb887,False,0.48717948717948717,0.5128205128205128
source_study,R0C-3a40d039dbbcfb84afd5,False,0.609375,0.390625
source_study,R0C-3a7863668e40d760e72d,False,0.48333333333333334,0.5166666666666666
source_study,R0C-3ab579b54fa6be147f54,False,0.4583333333333333,0.5416666666666667
source_study,R0C-3ab74b2c6d6031324b2b,False,0.609375,0.390625
source_study,R0C-3aca388201b3f2275385,False,0.5882352941176471,0.4117647058823529
source_study,R0C-3afdfb1844783fd2ce31,False,0.48717948717948717,0.5128205128205128
source_study,R0C-3affafac7c8771a480d0,False,0.5102040816326531,0.4897959183673469
source_study,R0C-3b30c3116810bb84d9d9,False,0.7105263157894737,0.2894736842105263
source_study,R0C-3b70242322c152f815e3,False,0.6923076923076923,0.3076923076923077
source_study,R0C-3b881e7f8d99cbd64c7b,False,0.5365853658536586,0.46341463414634143
source_study,R0C-3bc332975f53bf91bd69,False,0.40816326530612246,0.5918367346938775
source_study,R0C-3c01e650141e550ed353,False,0.5964912280701754,0.4035087719298246
source_study,R0C-3c1552895867340102b9,False,0.6923076923076923,0.3076923076923077
source_study,R0C-3c48da9dde19ff727a16,False,0.3582089552238806,0.6417910447761195
source_study,R0C-3cae6cf278506d0e7596,False,0.32727272727272727,0.6727272727272727
source_study,R0C-3ce1bf353e1ee42acbff,False,0.39705882352941174,0.6029411764705883
source_study,R0C-3cf82ebd6c4f2ccd75f0,False,0.4423076923076923,0.5576923076923077
source_study,R0C-3d0200da5b55450c348d,False,0.6363636363636364,0.36363636363636365
source_study,R0C-3d0d7c1aafe43e97bba6,False,0.65,0.35
source_study,R0C-3d3a9771c9f72f4a092f,False,0.6790123456790124,0.32098765432098764
source_study,R0C-3d4f990841e83558670f,False,0.4583333333333333,0.5416666666666667
source_study,R0C-3d6a4eb871eef17590b2,False,0.40625,0.59375
source_study,R0C-3d6c75dba0c4a50e4ebc,False,0.5967741935483871,0.4032258064516129
source_study,R0C-3d75d9b6f7158367aec1,False,0.5,0.5
source_study,R0C-3d7d324fd7131b3228ea,False,0.559322033898305,0.44067796610169496
source_study,R0C-3d891f41a0845fc00707,False,0.48148148148148145,0.5185185185185186
source_study,R0C-3def6d66b4110718ddac,False,0.5652173913043478,0.4347826086956522
source_study,R0C-3df7899dbdfad45ade3d,False,0.4423076923076923,0.5576923076923077
source_study,R0C-3e007db4a44e2b419075,False,0.6486486486486487,0.3513513513513513
source_study,R0C-3e069ed94793d0154ea2,False,0.5714285714285714,0.4285714285714286
source_study,R0C-3e29fea58c7005f1cf63,False,0.5652173913043478,0.4347826086956522
source_study,R0C-3e2aeef816b9d936c751,False,0.5283018867924528,0.4716981132075472
source_study,R0C-3e3531b14311096304b6,False,0.5510204081632653,0.44897959183673475
source_study,R0C-3e39928eb03ef3d69c0e,False,0.4411764705882353,0.5588235294117647
source_study,R0C-3e56d6c706fde619f676,False,0.6349206349206349,0.3650793650793651
source_study,R0C-3e5f549570adf5108090,False,0.6338028169014085,0.3661971830985915
source_study,R0C-3e726d14280707ac2b79,False,0.45161290322580644,0.5483870967741935
source_study,R0C-3e75671776de642a2b9a,False,0.4482758620689655,0.5517241379310345
source_study,R0C-3e78959d6bb57e4a8ba2,False,0.7272727272727273,0.2727272727272727
source_study,R0C-3eb9d2f9aecfb0437b67,False,0.6714285714285714,0.3285714285714286
source_study,R0C-3ec46cc47f8fd696536a,False,0.5517241379310345,0.4482758620689655
source_study,R0C-3ee2a76d178ff2a08292,False,0.6341463414634146,0.36585365853658536
source_study,R0C-3ef09386b58bc1827c6c,False,0.6610169491525424,0.3389830508474576
source_study,R0C-3ef8df18e3b4ad79e2f7,False,0.4857142857142857,0.5142857142857142
source_study,R0C-3f049167b6cf899cd88f,False,0.6363636363636364,0.36363636363636365
source_study,R0C-3f1a3568836cb6b962a5,False,0.6333333333333333,0.3666666666666667
source_study,R0C-3f1bbc92a6d6a7a87d78,False,0.453125,0.546875
source_study,R0C-3f21dfbad8419dde83f2,False,0.42857142857142855,0.5714285714285714
source_study,R0C-3f659415827d775a55ca,False,0.4230769230769231,0.5769230769230769
source_study,R0C-3f7c5ab57d296fc76cbe,False,0.5714285714285714,0.4285714285714286
source_study,R0C-3f8fcd8407a7ea58fe1f,False,0.5,0.5
source_study,R0C-3f98f1374569dcea8e23,False,0.4489795918367347,0.5510204081632653
source_study,R0C-3f9b709e251dbfcde3a5,False,0.4423076923076923,0.5576923076923077
source_study,R0C-3f9b91ecc3b74258bdc5,False,0.5645161290322581,0.4354838709677419
source_study,R0C-3fa9801e6752e74564c1,False,0.65,0.35
source_study,R0C-3fbccad4826af34f58d4,False,0.7323943661971831,0.2676056338028169
source_study,R0C-3ff3dac7d33a8effc2e3,False,0.5882352941176471,0.4117647058823529
source_study,R0C-400dc45c57f02afdf6e9,False,0.5588235294117647,0.4411764705882353
source_study,R0C-4028854816b25b7a33e4,False,0.7352941176470589,0.2647058823529411
source_study,R0C-4051b345fb817a2cdbef,False,0.4897959183673469,0.5102040816326531
source_study,R0C-405f20de09d7e5ac12be,False,0.515625,0.484375
source_study,R0C-40b70071f1556d3711c8,False,0.5,0.5
source_study,R0C-40f078e141e3378e63da,False,0.72,0.28
source_study,R0C-411c03c91bda160ac249,False,0.4857142857142857,0.5142857142857142
source_study,R0C-415b6b7df8ee23c45cec,False,0.5714285714285714,0.4285714285714286
source_study,R0C-41792bb87664d2b52273,False,0.6268656716417911,0.3731343283582089
source_study,R0C-41bfed4e841a5d1a2dc7,False,0.4745762711864407,0.5254237288135593
source_study,R0C-41c34fd4a443901a444d,False,0.6575342465753424,0.34246575342465757
source_study,R0C-41d73b03651029fde5c6,False,0.7,0.30000000000000004
source_study,R0C-41dff9b64e0a89d0e538,False,0.7,0.30000000000000004
source_study,R0C-41fa41eeff9b173c3de6,False,0.4489795918367347,0.5510204081632653
source_study,R0C-42480ad0b807b104a9b5,False,0.39655172413793105,0.603448275862069
source_study,R0C-4253141599d9690da698,False,0.5454545454545454,0.4545454545454546
source_study,R0C-42bf61799de32e15ad01,False,0.6,0.4
source_study,R0C-42c2471dd047e1bb515c,False,0.4918032786885246,0.5081967213114754
source_study,R0C-42ca2d7fbe7e8c6f0635,False,0.4262295081967213,0.5737704918032787
source_study,R0C-42cc8ebcfaaa5f7de008,False,0.48148148148148145,0.5185185185185186
source_study,R0C-42d3a71b1915285d3bfa,False,0.5614035087719298,0.4385964912280702
source_study,R0C-42dba7b7db4c8bc5eb45,False,0.7014925373134329,0.29850746268656714
source_study,R0C-4320a679293942653145,False,0.5967741935483871,0.4032258064516129
source_study,R0C-43241dad5f211053760b,False,0.6984126984126984,0.3015873015873016
source_study,R0C-4357faaae1917dcbba7c,False,0.32727272727272727,0.6727272727272727
source_study,R0C-436633ce841a1e4bdcf1,False,0.5365853658536586,0.46341463414634143
source_study,R0C-43816d6fd34c2e9735ee,False,0.3448275862068966,0.6551724137931034
source_study,R0C-4388fed77eff43834f32,False,0.6984126984126984,0.3015873015873016
source_study,R0C-438a70cde78c44408ef5,False,0.4666666666666667,0.5333333333333333
source_study,R0C-438db48bc527f7547c0a,False,0.5972222222222222,0.4027777777777778
source_study,R0C-43a639032d8cc7721c53,False,0.582089552238806,0.417910447761194
source_study,R0C-43dbbd137c0cfccbad60,False,0.42857142857142855,0.5714285714285714
source_study,R0C-43dcb91fc814adf3aa22,False,0.42857142857142855,0.5714285714285714
source_study,R0C-43e35da980b1284c917c,False,0.32727272727272727,0.6727272727272727
source_study,R0C-43fa8559b349f86387d9,False,0.4230769230769231,0.5769230769230769
source_study,R0C-440aff5ebc6d1dde4c48,False,0.48936170212765956,0.5106382978723405
source_study,R0C-440dc60e2871a76ca9be,False,0.72,0.28
source_study,R0C-442f5ccff5b446dabbb6,False,0.5689655172413793,0.43103448275862066
source_study,R0C-443ce60db461ee50c063,False,0.7230769230769231,0.27692307692307694
source_study,R0C-446298498f978a2276ed,False,0.47619047619047616,0.5238095238095238
source_study,R0C-4484b9ba254209268eb3,False,0.6842105263157895,0.3157894736842105
source_study,R0C-4490bdc5cc888e338a9e,False,0.42857142857142855,0.5714285714285714
source_study,R0C-4496d12c4e2c16f8c19b,False,0.4666666666666667,0.5333333333333333
source_study,R0C-44a40688944a8bd3bf2e,False,0.43333333333333335,0.5666666666666667
source_study,R0C-44a47148ca53a331acf4,False,0.4423076923076923,0.5576923076923077
source_study,R0C-44bbb377c5ad1cedf0a6,False,0.5689655172413793,0.43103448275862066
source_study,R0C-44e1ab1d34152486eb30,False,0.6923076923076923,0.3076923076923077
source_study,R0C-44e72a49ff3c49c25546,False,0.5344827586206896,0.4655172413793104
source_study,R0C-44f79c0e8cf92a77679b,False,0.6626506024096386,0.3373493975903614
source_study,R0C-450e3578ffe046f2bcd3,False,0.5555555555555556,0.4444444444444444
source_study,R0C-452129ea6624a7dd7e40,False,0.5348837209302325,0.4651162790697675
source_study,R0C-455422e07fc8aacefa07,False,0.5967741935483871,0.4032258064516129
source_study,R0C-457a4705794190fce05a,False,0.49206349206349204,0.5079365079365079
source_study,R0C-4584c3bb9101fef13441,False,0.5818181818181818,0.4181818181818182
source_study,R0C-459e8f2074fc7e45ce5d,False,0.6290322580645161,0.3709677419354839
source_study,R0C-45a1150eec67f021d8da,False,0.6753246753246753,0.3246753246753247
source_study,R0C-45b62995f10ceb98f4dd,False,0.42857142857142855,0.5714285714285714
source_study,R0C-45b8229cd00f93ed4008,False,0.7230769230769231,0.27692307692307694
source_study,R0C-45b8b802f69a26a2480a,False,0.42857142857142855,0.5714285714285714
source_study,R0C-45e7fa7d6020ea7877e7,False,0.5882352941176471,0.4117647058823529
source_study,R0C-45ece11048f2bf7a55c4,False,0.4520547945205479,0.547945205479452
source_study,R0C-45f5630f5cf925e4dafd,False,0.32727272727272727,0.6727272727272727
source_study,R0C-45f9c7966743d8a971a4,False,0.5818181818181818,0.4181818181818182
source_study,R0C-45fe7ce8c70f0ea8cc47,False,0.6129032258064516,0.3870967741935484
source_study,R0C-464f7d51aeccf5374ad9,False,0.5882352941176471,0.4117647058823529
source_study,R0C-46577143b7cc17f5c64f,False,0.654320987654321,0.345679012345679
source_study,R0C-4661843e05f5fbd46f21,False,0.373134328358209,0.6268656716417911
source_study,R0C-467109c9517bd2b0300a,False,0.6716417910447762,0.32835820895522383
source_study,R0C-4674d22fc9e39d427279,False,0.6333333333333333,0.3666666666666667
source_study,R0C-467de2e8e7015c85b912,False,0.4489795918367347,0.5510204081632653
source_study,R0C-4681731d3a91429c92ce,False,0.5166666666666667,0.4833333333333333
source_study,R0C-4687969131c560b6013b,False,0.4857142857142857,0.5142857142857142
source_study,R0C-468fd51dc36e070bb26c,False,0.4897959183673469,0.5102040816326531
source_study,R0C-46bcff48f717efdf8c00,False,0.6493506493506493,0.35064935064935066
source_study,R0C-46bdcc12a9702597c364,False,0.425531914893617,0.574468085106383
source_study,R0C-46c0dbd06289885f9fc4,False,0.7142857142857143,0.2857142857142857
source_study,R0C-46dd48226798e360bc35,False,0.5934065934065934,0.4065934065934066
source_study,R0C-470275cf152da53e0314,False,0.7272727272727273,0.2727272727272727
source_study,R0C-47310d5a7dca718da557,False,0.3333333333333333,0.6666666666666667
source_study,R0C-4781d318920173fbe2bf,False,0.45161290322580644,0.5483870967741935
source_study,R0C-479047d162b25b26d77b,False,0.4423076923076923,0.5576923076923077
source_study,R0C-47cb3609f2be7c8eebb5,False,0.6190476190476191,0.38095238095238093
source_study,R0C-47d3895aa00e30976701,False,0.7361111111111112,0.26388888888888884
source_study,R0C-48006adb282fece71c65,False,0.625,0.375
source_study,R0C-4820a1871c153ecde414,False,0.32727272727272727,0.6727272727272727
source_study,R0C-483347b7fc52c3b9babf,False,0.62,0.38
source_study,R0C-483ec97c94a7a3174e77,False,0.46938775510204084,0.5306122448979591
source_study,R0C-486dbe7b53cebcddd386,False,0.7096774193548387,0.29032258064516125
source_study,R0C-48b116e4feabccf05953,False,0.6,0.4
source_study,R0C-48c94ef729724e1ebcd9,False,0.7123287671232876,0.28767123287671237
source_study,R0C-48dcf3e49eb9bc418212,False,0.7205882352941176,0.27941176470588236
source_study,R0C-4907359c924712147104,False,0.48148148148148145,0.5185185185185186
source_study,R0C-4912fb64ba7db8642f36,False,0.49019607843137253,0.5098039215686274
source_study,R0C-4924e111cc4c4c9218c0,False,0.582089552238806,0.417910447761194
source_study,R0C-492fd192ceb1dbe17745,False,0.5227272727272727,0.4772727272727273
source_study,R0C-4953386252f705381860,False,0.45098039215686275,0.5490196078431373
source_study,R0C-4970a001ec0d160326db,False,0.45652173913043476,0.5434782608695652
source_study,R0C-49913951bf6aa1dedc24,False,0.5166666666666667,0.4833333333333333
source_study,R0C-49e658d663b31a87e652,False,0.5208333333333334,0.47916666666666663
source_study,R0C-49fc269a89bddb2cf5f9,False,0.5,0.5
source_study,R0C-4a0f41b10bd1f44465fc,False,0.5967741935483871,0.4032258064516129
source_study,R0C-4a37711b1d0737aeccd6,False,0.6376811594202898,0.3623188405797102
source_study,R0C-4a53ac3d80fe6afd83d0,False,0.4423076923076923,0.5576923076923077
source_study,R0C-4a56e543f38647b6716e,False,0.32727272727272727,0.6727272727272727
source_study,R0C-4a70a71ebcf7cc14a802,False,0.5689655172413793,0.43103448275862066
source_study,R0C-4a731bab990152c1b774,False,0.7014925373134329,0.29850746268656714
source_study,R0C-4a74855019afd59d7762,False,0.6376811594202898,0.3623188405797102
source_study,R0C-4a880dbe76353c164317,False,0.5357142857142857,0.4642857142857143
source_study,R0C-4a99822d3d1ca4f37c24,False,0.618421052631579,0.381578947368421
source_study,R0C-4ac55d6e975df2f935c2,False,0.42857142857142855,0.5714285714285714
source_study,R0C-4ae3f566b8b14dc1f680,False,0.42857142857142855,0.5714285714285714
source_study,R0C-4afdcceeb37f5ad793b2,False,0.49230769230769234,0.5076923076923077
source_study,R0C-4b1eba52100e92146e2f,False,0.32727272727272727,0.6727272727272727
source_study,R0C-4b4623dd342fa15c27d9,False,0.43333333333333335,0.5666666666666667
source_study,R0C-4b4afe7242ef57fb0bc7,False,0.4583333333333333,0.5416666666666667
source_study,R0C-4b4ff1cab5b0469667a7,False,0.45614035087719296,0.543859649122807
source_study,R0C-4b80ffd72b47f18f62bf,False,0.423728813559322,0.576271186440678
source_study,R0C-4b99b99d843b4ae92128,False,0.6323529411764706,0.36764705882352944
source_study,R0C-4ba5ff0765b8665dee81,False,0.5490196078431373,0.4509803921568627
source_study,R0C-4baea35384e5347c513f,False,0.42857142857142855,0.5714285714285714
source_study,R0C-4be7abfd6192cee346d8,False,0.6144578313253012,0.3855421686746988
source_study,R0C-4c2f723fc15843ca0c76,False,0.4666666666666667,0.5333333333333333
source_study,R0C-4c2fd950292ca84e6d29,False,0.410958904109589,0.589041095890411
source_study,R0C-4c867ba459358f0a1851,False,0.3333333333333333,0.6666666666666667
source_study,R0C-4c9206ce09117a167d48,False,0.7230769230769231,0.27692307692307694
source_study,R0C-4cdcb88b49cfdeee5ec0,False,0.5972222222222222,0.4027777777777778
source_study,R0C-4d2850c2e500e02c07e2,False,0.6349206349206349,0.3650793650793651
source_study,R0C-4d32af33f8565039bd81,False,0.32727272727272727,0.6727272727272727
source_study,R0C-4d50de6381213b84bd36,False,0.3275862068965517,0.6724137931034483
source_study,R0C-4d61a2ccd27630c74061,False,0.5,0.5
source_study,R0C-4d7af47e19e7f7f07711,False,0.6031746031746031,0.39682539682539686
source_study,R0C-4ddd541e5c1ff6da0f2e,False,0.4489795918367347,0.5510204081632653
source_study,R0C-4de7bb8fc7e0647d3142,False,0.5151515151515151,0.48484848484848486
source_study,R0C-4df25f0494e90dfbcfa7,False,0.4666666666666667,0.5333333333333333
source_study,R0C-4e010bb476c0dfc19b33,False,0.5609756097560976,0.4390243902439024
source_study,R0C-4e34d5b2a531990e45be,False,0.7352941176470589,0.2647058823529411
source_study,R0C-4e48e18de0f36efc34b4,False,0.4675324675324675,0.5324675324675325
source_study,R0C-4e5dc14812f692ae53b4,False,0.7096774193548387,0.29032258064516125
source_study,R0C-4e6aa7a76adf8df31ddf,False,0.3050847457627119,0.6949152542372881
source_study,R0C-4e7ef0e771da0959f181,False,0.627906976744186,0.37209302325581395
source_study,R0C-4ea321352effe6133162,False,0.4473684210526316,0.5526315789473684
source_study,R0C-4eb167d66d314c3bad93,False,0.5614035087719298,0.4385964912280702
source_study,R0C-4ebd82aac54523e06578,False,0.7272727272727273,0.2727272727272727
source_study,R0C-4ec13edf02ef700aec6e,False,0.43859649122807015,0.5614035087719298
source_study,R0C-4ef5c553dab4d580e256,False,0.5,0.5
source_study,R0C-4ef93bb206af7bae0b06,False,0.6404494382022472,0.3595505617977528
source_study,R0C-4efd21e30e179878f798,False,0.6805555555555556,0.3194444444444444
source_study,R0C-4efdcb6397ddbe057512,False,0.5454545454545454,0.4545454545454546
source_study,R0C-4f06ba73635da4dabd16,False,0.4423076923076923,0.5576923076923077
source_study,R0C-4f12443dd1f00ce3d08b,False,0.4716981132075472,0.5283018867924528
source_study,R0C-4f1ffaefb79dbe63a5be,False,0.525,0.475
source_study,R0C-4fb1c6688e2969987278,False,0.5652173913043478,0.4347826086956522
source_study,R0C-4fbf7ae98baa011c352d,False,0.46938775510204084,0.5306122448979591
source_study,R0C-4fe422a82b16ba2379ac,False,0.4423076923076923,0.5576923076923077
source_study,R0C-4fe972ba15b74a11f80e,False,0.7313432835820896,0.26865671641791045
source_study,R0C-503ac8a2b31ba9fd2549,False,0.7014925373134329,0.29850746268656714
source_study,R0C-508b252ab26331c2b044,False,0.47368421052631576,0.5263157894736843
source_study,R0C-50b47f53ca197f2fb091,False,0.42857142857142855,0.5714285714285714
source_study,R0C-50d53f5987dfb6a2bdd6,False,0.42857142857142855,0.5714285714285714
source_study,R0C-50f8df1ea004e517c6fb,False,0.43283582089552236,0.5671641791044777
source_study,R0C-5108585fa6bd14609c45,False,0.4918032786885246,0.5081967213114754
source_study,R0C-5115c7ea24a6fc7e4a08,False,0.42857142857142855,0.5714285714285714
source_study,R0C-514c798ad6a6fe501955,False,0.7049180327868853,0.29508196721311475
source_study,R0C-517a3b71edb6922ccd8a,False,0.42857142857142855,0.5714285714285714
source_study,R0C-51a6b039251f2c0c5b4a,False,0.4883720930232558,0.5116279069767442
source_study,R0C-51a79b96c9e4831c0916,False,0.6785714285714286,0.3214285714285714
source_study,R0C-51c8df4086dd7facc8f9,False,0.5892857142857143,0.4107142857142857
source_study,R0C-51e9e16793138f3f6ab2,False,0.46774193548387094,0.532258064516129
source_study,R0C-51f8cb1e5ddb8d440aa8,False,0.576271186440678,0.423728813559322
source_study,R0C-5210af94a513113ca963,False,0.609375,0.390625
source_study,R0C-522ea54aa307e20fca22,False,0.5,0.5
source_study,R0C-5244dd712dfb5877e780,False,0.6956521739130435,0.30434782608695654
source_study,R0C-5256d37593a45c59021a,False,0.64,0.36
source_study,R0C-52624b531a416024d599,False,0.46153846153846156,0.5384615384615384
source_study,R0C-526f78f5f3e0767f8cba,False,0.4857142857142857,0.5142857142857142
source_study,R0C-5291d3340d06b53b944f,False,0.47368421052631576,0.5263157894736843
source_study,R0C-52aaffed71e8bcbea4e8,False,0.7058823529411765,0.2941176470588235
source_study,R0C-52bcf6bd36704407f8c5,False,0.42857142857142855,0.5714285714285714
source_study,R0C-52e0c7ab4bdbccc39055,False,0.5111111111111111,0.48888888888888893
source_study,R0C-53298f1e5c37a364dc5f,False,0.43333333333333335,0.5666666666666667
source_study,R0C-53309d9690c669c6d7dd,False,0.453125,0.546875
source_study,R0C-53362ddf62d1b874d60e,False,0.609375,0.390625
source_study,R0C-5349fd37c30c552006fb,False,0.4666666666666667,0.5333333333333333
source_study,R0C-538d1ef3bddede8145f4,False,0.6395348837209303,0.36046511627906974
source_study,R0C-53a8db2b85f4bc382834,False,0.44642857142857145,0.5535714285714286
source_study,R0C-53b49cd7af73c4cb3dee,False,0.6382978723404256,0.36170212765957444
source_study,R0C-5422f8b3aa89af835594,False,0.4666666666666667,0.5333333333333333
source_study,R0C-5426fc6b1ae9e4ec35f4,False,0.4473684210526316,0.5526315789473684
source_study,R0C-5464145dacf7ba6c24da,False,0.5714285714285714,0.4285714285714286
source_study,R0C-548c11d948cb4b2c5814,False,0.4576271186440678,0.5423728813559322
source_study,R0C-54c599414b02a1009147,False,0.49019607843137253,0.5098039215686274
source_study,R0C-54ca411b7cad627b4aed,False,0.6956521739130435,0.30434782608695654
source_study,R0C-551846e07025bd22023b,False,0.44642857142857145,0.5535714285714286
source_study,R0C-551dca6d09580c3da775,False,0.55,0.44999999999999996
source_study,R0C-5540ef1ecf1118bcb0ef,False,0.4583333333333333,0.5416666666666667
source_study,R0C-5542fb9901cb62db94d0,False,0.5,0.5
source_study,R0C-55604be6b8966361050f,False,0.4583333333333333,0.5416666666666667
source_study,R0C-5577268331408211b7b4,False,0.609375,0.390625
source_study,R0C-55888b58168958f3c341,False,0.6181818181818182,0.38181818181818183
source_study,R0C-5596fea65a19cad0f881,False,0.425531914893617,0.574468085106383
source_study,R0C-55a2e965d77cd0383c74,False,0.42857142857142855,0.5714285714285714
source_study,R0C-55abcf3317376c4fcab8,False,0.7083333333333334,0.29166666666666663
source_study,R0C-55fab4dbbaa128a87c57,False,0.5625,0.4375
source_study,R0C-560f6ebd7b698039f055,False,0.6805555555555556,0.3194444444444444
source_study,R0C-5639967cbb9f6a1dba9e,False,0.5531914893617021,0.44680851063829785
source_study,R0C-563fad360f6d4b1eb9f9,False,0.5121951219512195,0.4878048780487805
source_study,R0C-564382da398caa84d4d1,False,0.582089552238806,0.417910447761194
source_study,R0C-5650e344fd66f5f00e33,False,0.5777777777777777,0.4222222222222223
source_study,R0C-569baa9c25139a95c47a,False,0.6133333333333333,0.3866666666666667
source_study,R0C-56a2f4690b1ff7f305dd,False,0.6458333333333334,0.35416666666666663
source_study,R0C-56e2d5c2dd42afebd555,False,0.6037735849056604,0.39622641509433965
source_study,R0C-5715f57d733ae8530910,False,0.7246376811594203,0.2753623188405797
source_study,R0C-571ad7275daf29810785,False,0.42857142857142855,0.5714285714285714
source_study,R0C-571f1efbdca975fbb443,False,0.46938775510204084,0.5306122448979591
source_study,R0C-574470bc1cb148b9d1d1,False,0.6933333333333334,0.30666666666666664
source_study,R0C-57490fcd066863b297e1,False,0.7066666666666667,0.29333333333333333
source_study,R0C-5757548b567d08986cdb,False,0.5294117647058824,0.47058823529411764
source_study,R0C-575c593376a3434ae6c3,False,0.509090909090909,0.49090909090909096
source_study,R0C-575f8b58648765b60e1a,False,0.5862068965517241,0.4137931034482759
source_study,R0C-576acc1c7df69e09a571,False,0.5686274509803921,0.43137254901960786
source_study,R0C-579c37a304413ba145a3,False,0.7246376811594203,0.2753623188405797
source_study,R0C-57a2015647d87ea74e9f,False,0.5348837209302325,0.4651162790697675
source_study,R0C-58001c0a561c0ac917f0,False,0.4666666666666667,0.5333333333333333
source_study,R0C-582362e6b5cb999f742f,False,0.42857142857142855,0.5714285714285714
source_study,R0C-5866448907a87f83b77b,False,0.5373134328358209,0.4626865671641791
source_study,R0C-589b58edf1b7c38a43c5,False,0.5862068965517241,0.4137931034482759
source_study,R0C-58a2b96f37d28a129a44,False,0.46938775510204084,0.5306122448979591
source_study,R0C-58a4c567d3043042c85e,False,0.5777777777777777,0.4222222222222223
source_study,R0C-58b0d4fd5a107299ce4c,False,0.5609756097560976,0.4390243902439024
source_study,R0C-58c8b9f92092f7954faf,False,0.5714285714285714,0.4285714285714286
source_study,R0C-58e3559c354628f4f945,False,0.6268656716417911,0.3731343283582089
source_study,R0C-58f8532363d1f388ef0d,False,0.7230769230769231,0.27692307692307694
source_study,R0C-5909850da70f1067e4f2,False,0.4528301886792453,0.5471698113207547
source_study,R0C-590d10eeac3582fea0dd,False,0.47540983606557374,0.5245901639344263
source_study,R0C-590de11749187adbc8c1,False,0.5797101449275363,0.42028985507246375
source_study,R0C-59243ebdb8ee25f3329f,False,0.45098039215686275,0.5490196078431373
source_study,R0C-5943824aedf8aa14d4c4,False,0.4666666666666667,0.5333333333333333
source_study,R0C-595d46ed963881f1ab52,False,0.7014925373134329,0.29850746268656714
source_study,R0C-5976d864ff91eb725002,False,0.4666666666666667,0.5333333333333333
source_study,R0C-59912467feb17754137c,False,0.4117647058823529,0.5882352941176471
source_study,R0C-59c91c25fb88fea3e3ee,False,0.5147058823529411,0.4852941176470589
source_study,R0C-59cc7568a614f3cc1a45,False,0.54,0.45999999999999996
source_study,R0C-59d102168cb4dce5b791,False,0.5652173913043478,0.4347826086956522
source_study,R0C-59d769f5aa8d9f35cba8,False,0.7297297297297297,0.2702702702702703
source_study,R0C-5a053589ca762d8f439f,False,0.5862068965517241,0.4137931034482759
source_study,R0C-5a1adb21147ecbc9ce15,False,0.4666666666666667,0.5333333333333333
source_study,R0C-5a264551fc659902ec67,False,0.47540983606557374,0.5245901639344263
source_study,R0C-5a314d9894f0ee7502aa,False,0.4857142857142857,0.5142857142857142
source_study,R0C-5a3159a5b16659e59a08,False,0.6538461538461539,0.34615384615384615
source_study,R0C-5a38187ca2e3adfcab48,False,0.52,0.48
source_study,R0C-5a5b89336c650b6d3d74,False,0.5777777777777777,0.4222222222222223
source_study,R0C-5a6d0300167bfbb07962,False,0.45161290322580644,0.5483870967741935
source_study,R0C-5a8ba33abbfb97166c17,False,0.6923076923076923,0.3076923076923077
source_study,R0C-5a90441234567d9434cb,False,0.5822784810126582,0.4177215189873418
source_study,R0C-5ab2c4e9c3f233e9581f,False,0.40476190476190477,0.5952380952380952
source_study,R0C-5afd3e27c2ecdfb5428c,False,0.42857142857142855,0.5714285714285714
source_study,R0C-5b18b3937e2f28632c04,False,0.59375,0.40625
source_study,R0C-5b25ec71f82ee6c96322,False,0.4666666666666667,0.5333333333333333
source_study,R0C-5b321cc1301fea8bf65e,False,0.6984126984126984,0.3015873015873016
source_study,R0C-5b4c798d6b01ae0ad69e,False,0.42857142857142855,0.5714285714285714
source_study,R0C-5b5ffcbbad996dbeb9b9,False,0.6875,0.3125
source_study,R0C-5b78a14cce5e42b510b6,False,0.4857142857142857,0.5142857142857142
source_study,R0C-5bb38d7e20f8b2825315,False,0.52,0.48
source_study,R0C-5bc15dfdde6bf470200d,False,0.4642857142857143,0.5357142857142857
source_study,R0C-5bc4a93ec0562154bc84,False,0.3333333333333333,0.6666666666666667
source_study,R0C-5c06a857dbd1450a7d3a,False,0.7230769230769231,0.27692307692307694
source_study,R0C-5c527712bef5935a5d3f,False,0.4838709677419355,0.5161290322580645
source_study,R0C-5c5643275441007f1b67,False,0.5373134328358209,0.4626865671641791
source_study,R0C-5c7ec9d90d9cb7eb6587,False,0.40625,0.59375
source_study,R0C-5c8b4b3dadb2afe1dfd6,False,0.7323943661971831,0.2676056338028169
source_study,R0C-5cb2387f3072edc261fd,False,0.6521739130434783,0.34782608695652173
source_study,R0C-5cb3441f0d2c653dd702,False,0.5625,0.4375
source_study,R0C-5ce661f1bac5927025df,False,0.5,0.5
source_study,R0C-5cfc1e9f5124cadf5a60,False,0.4423076923076923,0.5576923076923077
source_study,R0C-5d06c36e869c799d3ba3,False,0.5964912280701754,0.4035087719298246
source_study,R0C-5d437723f48fa6b33c55,False,0.5531914893617021,0.44680851063829785
source_study,R0C-5d61888146559fdacbc6,False,0.7027027027027027,0.29729729729729726
source_study,R0C-5d84826ab615c356fb7f,False,0.4666666666666667,0.5333333333333333
source_study,R0C-5da87bf4fa96199b9657,False,0.5714285714285714,0.4285714285714286
source_study,R0C-5dbd8c1d2dd9d005e30f,False,0.5714285714285714,0.4285714285714286
source_study,R0C-5dd5210111fcf49ecf36,False,0.6417910447761194,0.35820895522388063
source_study,R0C-5e480cd88976baa20ddc,False,0.6867469879518072,0.3132530120481928
source_study,R0C-5e67e80ffc0ae25e0573,False,0.5,0.5
source_study,R0C-5e7925ae2343ae823bb1,False,0.4666666666666667,0.5333333333333333
source_study,R0C-5e8f9912fd6d6eaff00f,False,0.3617021276595745,0.6382978723404256
source_study,R0C-5e98db0cea4dec42f8d9,False,0.4339622641509434,0.5660377358490566
source_study,R0C-5e9a42e8e4bedc51a3a3,False,0.4489795918367347,0.5510204081632653
source_study,R0C-5e9fd41740d1421ebc43,False,0.6031746031746031,0.39682539682539686
source_study,R0C-5eb36ad30de08edcf84f,False,0.7083333333333334,0.29166666666666663
source_study,R0C-5f441cdc2afba98e8b6b,False,0.46938775510204084,0.5306122448979591
source_study,R0C-5f54f8661052b0640562,False,0.4823529411764706,0.5176470588235293
source_study,R0C-5f6d0cdfc7aa3d1b9605,False,0.5813953488372093,0.41860465116279066
source_study,R0C-5f89c020a8ec0797fa48,False,0.47368421052631576,0.5263157894736843
source_study,R0C-5fa886817eb834320062,False,0.68,0.31999999999999995
source_study,R0C-5fcbce5c4773240614dd,False,0.5897435897435898,0.41025641025641024
source_study,R0C-5fe80b65c2761bda86f5,False,0.7285714285714285,0.27142857142857146
source_study,R0C-5fe8f2ff779fc1c72abe,False,0.7361111111111112,0.26388888888888884
source_study,R0C-600d65cbdde3cac5e064,False,0.46938775510204084,0.5306122448979591
source_study,R0C-6038e117a7d18ff59637,False,0.4857142857142857,0.5142857142857142
source_study,R0C-603bc5cf9a237089153f,False,0.48148148148148145,0.5185185185185186
source_study,R0C-6053eb13e254201c0adb,False,0.609375,0.390625
source_study,R0C-60b0987ea888c3bb4f47,False,0.5,0.5
source_study,R0C-60da3b36c79d24d6937d,False,0.5882352941176471,0.4117647058823529
source_study,R0C-60dec477203cc2804469,False,0.6329113924050633,0.36708860759493667
source_study,R0C-60e5ad5c336d08b51475,False,0.7096774193548387,0.29032258064516125
source_study,R0C-60e63a4eef3ea658309d,False,0.5882352941176471,0.4117647058823529
source_study,R0C-60f93a7cce103439e0f4,False,0.5531914893617021,0.44680851063829785
source_study,R0C-60fa71c96cfd11701d2c,False,0.6986301369863014,0.3013698630136986
source_study,R0C-6106b63a1d6bccb24cac,False,0.5714285714285714,0.4285714285714286
source_study,R0C-61128a2179797b5d7d2e,False,0.46938775510204084,0.5306122448979591
source_study,R0C-61243f87301ff29fc0b1,False,0.45098039215686275,0.5490196078431373
source_study,R0C-612851545ee292f466d9,False,0.4393939393939394,0.5606060606060606
source_study,R0C-6128df83884a7d26c738,False,0.7352941176470589,0.2647058823529411
source_study,R0C-613d1702a36896c2c0fb,False,0.5,0.5
source_study,R0C-6157a1c233129c4c6baf,False,0.5882352941176471,0.4117647058823529
source_study,R0C-617015a83af2b2992475,False,0.66,0.33999999999999997
source_study,R0C-61881bc1c150fdb846ef,False,0.576271186440678,0.423728813559322
source_study,R0C-6190892bdd3486cc5cc4,False,0.5147058823529411,0.4852941176470589
source_study,R0C-619804b1290e33237fe2,False,0.7205882352941176,0.27941176470588236
source_study,R0C-619e7f623b860104be57,False,0.5227272727272727,0.4772727272727273
source_study,R0C-61dbb3a25862adc556e3,False,0.6438356164383562,0.3561643835616438
source_study,R0C-61e41f595ef5bdd63880,False,0.6,0.4
source_study,R0C-620eedabecc8741a8ae1,False,0.4939759036144578,0.5060240963855422
source_study,R0C-62134d68701b39be814c,False,0.4423076923076923,0.5576923076923077
source_study,R0C-62148569e61a72fbc555,False,0.32727272727272727,0.6727272727272727
source_study,R0C-6223d8208a52dd679152,False,0.4307692307692308,0.5692307692307692
source_study,R0C-624a699696758680e4e4,False,0.423728813559322,0.576271186440678
source_study,R0C-625a9a8f29959b5a28c3,False,0.4666666666666667,0.5333333333333333
source_study,R0C-626255309709bd6e3518,False,0.4642857142857143,0.5357142857142857
source_study,R0C-626a60e9bf3f3b6e0eeb,False,0.6774193548387096,0.32258064516129037
source_study,R0C-626a72992f59f242ecde,False,0.6984126984126984,0.3015873015873016
source_study,R0C-62833937c63303ce2205,False,0.43283582089552236,0.5671641791044777
source_study,R0C-6285b7e417b32310d14d,False,0.5625,0.4375
source_study,R0C-629d0b35299998e33b4a,False,0.5344827586206896,0.4655172413793104
source_study,R0C-62c1205b13a7664fa01f,False,0.5,0.5
source_study,R0C-62d1df9ee6271c7f95b2,False,0.43283582089552236,0.5671641791044777
source_study,R0C-62e1a61a8234e4ccd144,False,0.5,0.5
source_study,R0C-63095ef198e77f14cf38,False,0.7123287671232876,0.28767123287671237
source_study,R0C-63289263c38a740621fb,False,0.6133333333333333,0.3866666666666667
source_study,R0C-6357f0de0686ecf11d2a,False,0.4166666666666667,0.5833333333333333
source_study,R0C-6379bdc7b13f81f9585a,False,0.5102040816326531,0.4897959183673469
source_study,R0C-637b52583630dc3d3b07,False,0.7352941176470589,0.2647058823529411
source_study,R0C-63a982436a401d77e577,False,0.7058823529411765,0.2941176470588235
source_study,R0C-63b3073410591eb4a32f,False,0.4857142857142857,0.5142857142857142
source_study,R0C-63bd1c56c81b0ad19406,False,0.5652173913043478,0.4347826086956522
source_study,R0C-63bf1e6540fb9554ab92,False,0.5882352941176471,0.4117647058823529
source_study,R0C-63c47734ba8cc06ded33,False,0.7391304347826086,0.26086956521739135
source_study,R0C-63d15937e99f1ac12923,False,0.576271186440678,0.423728813559322
source_study,R0C-63da74b8bea2240dc712,False,0.7361111111111112,0.26388888888888884
source_study,R0C-63f04da453496592f332,False,0.625,0.375
source_study,R0C-63fe21bdd218a620d13d,False,0.5614035087719298,0.4385964912280702
source_study,R0C-641e7c5fd4382e475a27,False,0.4857142857142857,0.5142857142857142
source_study,R0C-643044f5052a885c4510,False,0.35714285714285715,0.6428571428571428
source_study,R0C-6456df630a89396f3642,False,0.48717948717948717,0.5128205128205128
source_study,R0C-6458c5b98686ebe21964,False,0.6181818181818182,0.38181818181818183
source_study,R0C-646323554e317aa402da,False,0.56,0.43999999999999995
source_study,R0C-64eba5cdbc9832d4d9d0,False,0.6176470588235294,0.38235294117647056
source_study,R0C-64f3e45bddb6e4f2fd25,False,0.5625,0.4375
source_study,R0C-65122c2690d686ccd851,False,0.660377358490566,0.339622641509434
source_study,R0C-651e96581d500bca88ff,False,0.5538461538461539,0.4461538461538461
source_study,R0C-6526f17faf2f1e244774,False,0.6268656716417911,0.3731343283582089
source_study,R0C-6527020e7d78ce7c5f9d,False,0.5263157894736842,0.4736842105263158
source_study,R0C-654956c95579141356dd,False,0.4583333333333333,0.5416666666666667
source_study,R0C-65a6db684f9169a2157e,False,0.6785714285714286,0.3214285714285714
source_study,R0C-65bb0663548a38d8c160,False,0.49056603773584906,0.5094339622641509
source_study,R0C-65d315f317fe9da660d7,False,0.5652173913043478,0.4347826086956522
source_study,R0C-660b2314981973cb2d28,False,0.5777777777777777,0.4222222222222223
source_study,R0C-6611054bec9c34b0a237,False,0.5531914893617021,0.44680851063829785
source_study,R0C-6617e3c2178a53b05974,False,0.4393939393939394,0.5606060606060606
source_study,R0C-6623278758ee5308a60a,False,0.4489795918367347,0.5510204081632653
source_study,R0C-663f813b1fc9c6043386,False,0.6119402985074627,0.3880597014925373
source_study,R0C-664d735d6dd02016aafb,False,0.44642857142857145,0.5535714285714286
source_study,R0C-665a2da389c840e916ee,False,0.6176470588235294,0.38235294117647056
source_study,R0C-66656bbb4dad2a143add,False,0.6333333333333333,0.3666666666666667
source_study,R0C-667237b999a5df121835,False,0.5074626865671642,0.4925373134328358
source_study,R0C-667765e8dd2276451cc6,False,0.509090909090909,0.49090909090909096
source_study,R0C-6692b95c7cce0d45973e,False,0.4305555555555556,0.5694444444444444
source_study,R0C-66ae00df3284f31b17a1,False,0.6984126984126984,0.3015873015873016
source_study,R0C-66b8b9d717b643808f8a,False,0.6829268292682927,0.31707317073170727
source_study,R0C-672e96eeefe50f1e06dd,False,0.42857142857142855,0.5714285714285714
source_study,R0C-6739b51489596cb4068a,False,0.7101449275362319,0.28985507246376807
source_study,R0C-674113ce48897ea0f30d,False,0.7222222222222222,0.2777777777777778
source_study,R0C-675024b610224d6e5efb,False,0.7341772151898734,0.26582278481012656
source_study,R0C-677f7339a50b6ecd042f,False,0.42857142857142855,0.5714285714285714
source_study,R0C-6790483197799522d87e,False,0.5192307692307693,0.4807692307692307
source_study,R0C-67bda5b85777ff59221d,False,0.6666666666666666,0.33333333333333337
source_study,R0C-67c75ee047a0a7c781fa,False,0.45098039215686275,0.5490196078431373
source_study,R0C-67d90a4bada14515fe84,False,0.5652173913043478,0.4347826086956522
source_study,R0C-67da611767e8c6f893c6,False,0.6290322580645161,0.3709677419354839
source_study,R0C-67e47478aa6891689945,False,0.5365853658536586,0.46341463414634143
source_study,R0C-67ea4896bc44e54fe8f5,False,0.5,0.5
source_study,R0C-67f222a8f8235a77a540,False,0.5652173913043478,0.4347826086956522
source_study,R0C-6822a5c32b78c835af6a,False,0.4423076923076923,0.5576923076923077
source_study,R0C-683f277b1f6c49000876,False,0.32727272727272727,0.6727272727272727
source_study,R0C-687a7507c4830953ab14,False,0.42857142857142855,0.5714285714285714
source_study,R0C-6897da3c9dcf3e78f56e,False,0.6417910447761194,0.35820895522388063
source_study,R0C-68a68bb6e68f799e7c59,False,0.4666666666666667,0.5333333333333333
source_study,R0C-68cc7f1cc370fcd0465c,False,0.5714285714285714,0.4285714285714286
source_study,R0C-69150f6fbf693b179eaa,False,0.5074626865671642,0.4925373134328358
source_study,R0C-6934d3a20f009f622b67,False,0.45098039215686275,0.5490196078431373
source_study,R0C-6959133286ed8e7b3fa3,False,0.42857142857142855,0.5714285714285714
source_study,R0C-69746118a3d3106b9172,False,0.7230769230769231,0.27692307692307694
source_study,R0C-69b37d1a42bba754f793,False,0.6,0.4
source_study,R0C-69f3fef014b863d14608,False,0.5084745762711864,0.4915254237288136
source_study,R0C-6a1dc70e48b2d2cef696,False,0.5,0.5
source_study,R0C-6a22d89bfc76a860324a,False,0.32727272727272727,0.6727272727272727
source_study,R0C-6a3a22f4c29b49b2d639,False,0.4473684210526316,0.5526315789473684
source_study,R0C-6a8ecd2948206d794ca0,False,0.42857142857142855,0.5714285714285714
source_study,R0C-6ae7a71d1015053cc57c,False,0.43478260869565216,0.5652173913043479
source_study,R0C-6af82a0aefe75886ec47,False,0.47761194029850745,0.5223880597014925
source_study,R0C-6b0ad0fe2f65421c5ec3,False,0.5609756097560976,0.4390243902439024
source_study,R0C-6b464394fd276348648f,False,0.5151515151515151,0.48484848484848486
source_study,R0C-6b5b1fdbd43e6f7690a6,False,0.5,0.5
source_study,R0C-6b62161e954a8a7d73b1,False,0.4153846153846154,0.5846153846153845
source_study,R0C-6b937cb808b685f88db5,False,0.6794871794871795,0.3205128205128205
source_study,R0C-6c144b3786f1dd46563f,False,0.7058823529411765,0.2941176470588235
source_study,R0C-6c4ddc5a84394f9a7b49,False,0.5087719298245614,0.49122807017543857
source_study,R0C-6c9e9fcd163d0940a14b,False,0.6794871794871795,0.3205128205128205
source_study,R0C-6cb6d87f839d464429da,False,0.6376811594202898,0.3623188405797102
source_study,R0C-6cc75fecf441ddce131b,False,0.7230769230769231,0.27692307692307694
source_study,R0C-6cfebb0c87bfde7263c3,False,0.5671641791044776,0.4328358208955224
source_study,R0C-6d135d8927c3f2108c96,False,0.6610169491525424,0.3389830508474576
source_study,R0C-6d1429bae9bb791b4b47,False,0.6825396825396826,0.31746031746031744
source_study,R0C-6d23eeb4f85261c38571,False,0.42857142857142855,0.5714285714285714
source_study,R0C-6d5cbf9b99c0d2ab5ac4,False,0.5531914893617021,0.44680851063829785
source_study,R0C-6db0e6b8e5974320304d,False,0.4666666666666667,0.5333333333333333
source_study,R0C-6dca23d39147baed0577,False,0.43859649122807015,0.5614035087719298
source_study,R0C-6e5a41dc185d4373aa86,False,0.5614035087719298,0.4385964912280702
source_study,R0C-6e5c98f2c149c014f0bb,False,0.6491228070175439,0.3508771929824561
source_study,R0C-6e6186716e02db0b9425,False,0.6417910447761194,0.35820895522388063
source_study,R0C-6e7b79bde975083824af,False,0.4857142857142857,0.5142857142857142
source_study,R0C-6e9506a8bba3a9ebe0db,False,0.5283018867924528,0.4716981132075472
source_study,R0C-6ea174c5b2a50522eef9,False,0.5932203389830508,0.4067796610169492
source_study,R0C-6eaceec5e5e8608fbf15,False,0.6923076923076923,0.3076923076923077
source_study,R0C-6f0c9764f94cfb3c49d5,False,0.4166666666666667,0.5833333333333333
source_study,R0C-6f221a0e60ba6b362549,False,0.5714285714285714,0.4285714285714286
source_study,R0C-6f2d9298f03bc3fd0d1a,False,0.42857142857142855,0.5714285714285714
source_study,R0C-6f645e0844b251366a93,False,0.576271186440678,0.423728813559322
source_study,R0C-6fa39037a8c2ec9051ec,False,0.5932203389830508,0.4067796610169492
source_study,R0C-6fa6730a39afc433e0dd,False,0.5,0.5
source_study,R0C-6fb7c3f505e58000bdb5,False,0.5675675675675675,0.43243243243243246
source_study,R0C-6fbd44cca87dfe84f9d8,False,0.44642857142857145,0.5535714285714286
source_study,R0C-6fe6e7548e0de0cca85a,False,0.6153846153846154,0.3846153846153846
source_study,R0C-6fe85aac437fc426fc3d,False,0.7391304347826086,0.26086956521739135
source_study,R0C-6ff7137fc7167bb56c06,False,0.4423076923076923,0.5576923076923077
source_study,R0C-6fffd2230f3bf0e2b26e,False,0.44642857142857145,0.5535714285714286
source_study,R0C-702ecb97f839b653dc40,False,0.5882352941176471,0.4117647058823529
source_study,R0C-705aa8215a17c490a92a,False,0.7205882352941176,0.27941176470588236
source_study,R0C-70b328c75bb9cd3bf970,False,0.5869565217391305,0.4130434782608695
source_study,R0C-70d29f16061a34860d8b,False,0.4857142857142857,0.5142857142857142
source_study,R0C-70ff2ba654f08a8f154e,False,0.7096774193548387,0.29032258064516125
source_study,R0C-71103bcba7f608215d2b,False,0.5686274509803921,0.43137254901960786
source_study,R0C-711fa234528a8a72bf10,False,0.48148148148148145,0.5185185185185186
source_study,R0C-71238b03b2ad912a1a8b,False,0.6610169491525424,0.3389830508474576
source_study,R0C-715ebb7e810820bd2f3c,False,0.5531914893617021,0.44680851063829785
source_study,R0C-7196b50fbf20f642e683,False,0.5614035087719298,0.4385964912280702
source_study,R0C-71c09c701476c2dae212,False,0.45098039215686275,0.5490196078431373
source_study,R0C-71c8d50c4fc1f9bf5f6b,False,0.410958904109589,0.589041095890411
source_study,R0C-71d28207c5dc5b17c7ec,False,0.44642857142857145,0.5535714285714286
source_study,R0C-71d537f0316519f26d59,False,0.4473684210526316,0.5526315789473684
source_study,R0C-71e8dda1a7f0eed42d17,False,0.4857142857142857,0.5142857142857142
source_study,R0C-721866ec37ef97b1bb7c,False,0.4897959183673469,0.5102040816326531
source_study,R0C-7231ef6e38a6e94fe2e9,False,0.5652173913043478,0.4347826086956522
source_study,R0C-72f8056919671037ebd1,False,0.7058823529411765,0.2941176470588235
source_study,R0C-72ff1d1d8937aea2b147,False,0.6621621621621622,0.33783783783783783
source_study,R0C-731145ccd70f1715f960,False,0.7049180327868853,0.29508196721311475
source_study,R0C-733c9782436b9402fa13,False,0.46938775510204084,0.5306122448979591
source_study,R0C-7350434df8979adc4e13,False,0.7272727272727273,0.2727272727272727
source_study,R0C-73516c3593842fa3bdd4,False,0.6842105263157895,0.3157894736842105
source_study,R0C-735551e6cf975bcbba96,False,0.7307692307692307,0.2692307692307693
source_study,R0C-7367de549dd5c27937b6,False,0.6363636363636364,0.36363636363636365
source_study,R0C-737395204eec4e72ef35,False,0.5,0.5
source_study,R0C-738260282d2e66a0810e,False,0.44047619047619047,0.5595238095238095
source_study,R0C-7397b9089a72f787688c,False,0.6785714285714286,0.3214285714285714
source_study,R0C-73a8dae336d282767460,False,0.5714285714285714,0.4285714285714286
source_study,R0C-73bcd79cc082e3ad7cc5,False,0.49019607843137253,0.5098039215686274
source_study,R0C-73d27cc64d63ead9d672,False,0.7222222222222222,0.2777777777777778
source_study,R0C-73e8ff8643d5dfbed84b,False,0.49019607843137253,0.5098039215686274
source_study,R0C-73f63479ab38b23dee6d,False,0.6119402985074627,0.3880597014925373
source_study,R0C-74159a59df9d81b635bc,False,0.6323529411764706,0.36764705882352944
source_study,R0C-746bed4dd9d74f907406,False,0.4857142857142857,0.5142857142857142
source_study,R0C-747f50ab6eacf356491c,False,0.5,0.5
source_study,R0C-7486396740abeb714747,False,0.6923076923076923,0.3076923076923077
source_study,R0C-74b643b2bc412bbcba8d,False,0.7352941176470589,0.2647058823529411
source_study,R0C-74d4999865a38045d19d,False,0.7361111111111112,0.26388888888888884
source_study,R0C-74e0acbb623abd0cf912,False,0.7391304347826086,0.26086956521739135
source_study,R0C-74e64f4ee5df62fb3020,False,0.4666666666666667,0.5333333333333333
source_study,R0C-74f54fad67fc33d3cd2e,False,0.7142857142857143,0.2857142857142857
source_study,R0C-75155ecd26817f636d98,False,0.5714285714285714,0.4285714285714286
source_study,R0C-75196bd995e7d41f3d06,False,0.42857142857142855,0.5714285714285714
source_study,R0C-7546471257404a70c061,False,0.48,0.52
source_study,R0C-7548c8cfef006e6962a7,False,0.5352112676056338,0.46478873239436624
source_study,R0C-7584b5c4718fad1ff6e0,False,0.42857142857142855,0.5714285714285714
source_study,R0C-75bb85badf3e97da5ab2,False,0.5185185185185185,0.4814814814814815
source_study,R0C-75d02256b0f9f7a8ffb9,False,0.42857142857142855,0.5714285714285714
source_study,R0C-75e29bf14219c98320d8,False,0.4423076923076923,0.5576923076923077
source_study,R0C-7611831c687d2c954472,False,0.5172413793103449,0.48275862068965514
source_study,R0C-7618afcaf4e59e29cadc,False,0.5614035087719298,0.4385964912280702
source_study,R0C-76386a5c8da1b77602be,False,0.7058823529411765,0.2941176470588235
source_study,R0C-763ac71809c59d591a43,False,0.6538461538461539,0.34615384615384615
source_study,R0C-7648979667da22f32efc,False,0.42857142857142855,0.5714285714285714
source_study,R0C-766d031f501c2094454f,False,0.647887323943662,0.352112676056338
source_study,R0C-76745bdac5e3fa25e0a3,False,0.32727272727272727,0.6727272727272727
source_study,R0C-7675c92a1d25292f9d6a,False,0.42857142857142855,0.5714285714285714
source_study,R0C-76785a64e11bca6d2e24,False,0.391304347826087,0.6086956521739131
source_study,R0C-770d57993472bfee36c4,False,0.4473684210526316,0.5526315789473684
source_study,R0C-770e5697290be5c59224,False,0.7049180327868853,0.29508196721311475
source_study,R0C-7760cf719e04e428a3b1,False,0.6538461538461539,0.34615384615384615
source_study,R0C-779b573d4517454febd7,False,0.410958904109589,0.589041095890411
source_study,R0C-77afe37012212d88e29e,False,0.3448275862068966,0.6551724137931034
source_study,R0C-77daabb4de7debf6c636,False,0.42857142857142855,0.5714285714285714
source_study,R0C-77e46c6ab9a59924c3fb,False,0.6461538461538462,0.3538461538461538
source_study,R0C-77fefa01185101e88698,False,0.6818181818181818,0.31818181818181823
source_study,R0C-7801d703018dcb8d2ee9,False,0.32727272727272727,0.6727272727272727
source_study,R0C-780768e2ea095d487f02,False,0.7352941176470589,0.2647058823529411
source_study,R0C-780bb1b58f1f05f55519,False,0.4423076923076923,0.5576923076923077
source_study,R0C-780e7fc95e76d4ec33c9,False,0.5806451612903226,0.4193548387096774
source_study,R0C-78293e9f2eef41945d15,False,0.46774193548387094,0.532258064516129
source_study,R0C-78385d972668285f2730,False,0.5324675324675324,0.4675324675324676
source_study,R0C-784cf0939814cfb77bf5,False,0.4666666666666667,0.5333333333333333
source_study,R0C-787d4a02a1e8e365eabb,False,0.4583333333333333,0.5416666666666667
source_study,R0C-78812ee496f2fef6637b,False,0.4857142857142857,0.5142857142857142
source_study,R0C-78840cbb8d4cfd9331be,False,0.5614035087719298,0.4385964912280702
source_study,R0C-788a364c954d1be368c9,False,0.5689655172413793,0.43103448275862066
source_study,R0C-78c555074d769df16f14,False,0.7,0.30000000000000004
source_study,R0C-78d0adaea1749826fb26,False,0.48214285714285715,0.5178571428571428
source_study,R0C-78fbbdd19fdd8560cc88,False,0.47368421052631576,0.5263157894736843
source_study,R0C-79181eaa43758da090bb,False,0.6666666666666666,0.33333333333333337
source_study,R0C-791e988f1d23ba0031c4,False,0.7096774193548387,0.29032258064516125
source_study,R0C-797206dc1163ec05767d,False,0.49122807017543857,0.5087719298245614
source_study,R0C-79727eac6a122ddc1380,False,0.42857142857142855,0.5714285714285714
source_study,R0C-79751dd98cba46b73b63,False,0.64,0.36
source_study,R0C-79e40202b4d449a47811,False,0.5625,0.4375
source_study,R0C-79f28788eb728a8d89a6,False,0.7313432835820896,0.26865671641791045
source_study,R0C-79f5e8e9ffa72920cf26,False,0.4642857142857143,0.5357142857142857
source_study,R0C-7a41ef8b26c49ccb6c5a,False,0.6481481481481481,0.35185185185185186
source_study,R0C-7a4b8c7bfc087a7bd0b3,False,0.42857142857142855,0.5714285714285714
source_study,R0C-7a4cb72a81cad7cd3f13,False,0.625,0.375
source_study,R0C-7a4f8320fa4025517750,False,0.647887323943662,0.352112676056338
source_study,R0C-7a521bdf8bf8b9500115,False,0.46938775510204084,0.5306122448979591
source_study,R0C-7a6557f562c88e054f73,False,0.5882352941176471,0.4117647058823529
source_study,R0C-7a755515f7726c649689,False,0.42857142857142855,0.5714285714285714
source_study,R0C-7a833d7f75fa9a2516c7,False,0.42857142857142855,0.5714285714285714
source_study,R0C-7aa198b6add0ab195652,False,0.6491228070175439,0.3508771929824561
source_study,R0C-7aac8679af246bbbd99c,False,0.4642857142857143,0.5357142857142857
source_study,R0C-7ac830b7c2a733300c18,False,0.43478260869565216,0.5652173913043479
source_study,R0C-7af9fea2f19f670eca48,False,0.6891891891891891,0.31081081081081086
source_study,R0C-7b04c308983fea677221,False,0.32727272727272727,0.6727272727272727
source_study,R0C-7b2b48308ef7fc5c6809,False,0.46938775510204084,0.5306122448979591
source_study,R0C-7b5f460f636de3de1e68,False,0.4423076923076923,0.5576923076923077
source_study,R0C-7b608117d0a5cd6fbc07,False,0.7205882352941176,0.27941176470588236
source_study,R0C-7b8c9f8dc437191207d8,False,0.5,0.5
source_study,R0C-7ba41990a953a5ca5001,False,0.4657534246575342,0.5342465753424658
source_study,R0C-7bc3bb3b87ff5b7d1099,False,0.6376811594202898,0.3623188405797102
source_study,R0C-7bdc7da486fe71874c71,False,0.47619047619047616,0.5238095238095238
source_study,R0C-7bf085e5eee7d6347c15,False,0.49206349206349204,0.5079365079365079
source_study,R0C-7c21c6b232060f6896c0,False,0.5538461538461539,0.4461538461538461
source_study,R0C-7c267702d97265e4b689,False,0.6744186046511628,0.32558139534883723
source_study,R0C-7c38b22a8334fe8044e8,False,0.4,0.6
source_study,R0C-7c5a5c683fec8c4b70c8,False,0.4166666666666667,0.5833333333333333
source_study,R0C-7c904f7058f17d6a4493,False,0.4461538461538462,0.5538461538461539
source_study,R0C-7c9761ec4926fac015b1,False,0.7391304347826086,0.26086956521739135
source_study,R0C-7cad9fcca4ef2ce9336c,False,0.6582278481012658,0.3417721518987342
source_study,R0C-7cb24ea3f5500f805cfb,False,0.423728813559322,0.576271186440678
source_study,R0C-7cb6b6876884120b1d49,False,0.4666666666666667,0.5333333333333333
source_study,R0C-7ce1d0656804e3146a1a,False,0.5,0.5
source_study,R0C-7cf4e2ffab6aa5064326,False,0.42857142857142855,0.5714285714285714
source_study,R0C-7d3d0bbb451fd555d0ef,False,0.4857142857142857,0.5142857142857142
source_study,R0C-7d4f0ed8ded5c3702519,False,0.576271186440678,0.423728813559322
source_study,R0C-7d747979801e4543980c,False,0.7246376811594203,0.2753623188405797
source_study,R0C-7d77ee3d9e9eaf22d7a7,False,0.5777777777777777,0.4222222222222223
source_study,R0C-7d8815353ae4f1d290a6,False,0.5,0.5
source_study,R0C-7dbaad595147f3c2c6e7,False,0.4666666666666667,0.5333333333333333
source_study,R0C-7dc8183d86d14a1423ae,False,0.5849056603773585,0.41509433962264153
source_study,R0C-7dd3ec294bee0e570a92,False,0.6538461538461539,0.34615384615384615
source_study,R0C-7dfd1022a8e2cf30e583,False,0.7402597402597403,0.2597402597402597
source_study,R0C-7dff93f5f40918317d85,False,0.7230769230769231,0.27692307692307694
source_study,R0C-7e0e293218f377d8ea3f,False,0.42857142857142855,0.5714285714285714
source_study,R0C-7e5291ee9752c297b4fe,False,0.42857142857142855,0.5714285714285714
source_study,R0C-7e582bb338683a116498,False,0.676923076923077,0.32307692307692304
source_study,R0C-7e5d4a8a9030c37e60ca,False,0.5,0.5
source_study,R0C-7e7eda6ef2a18a0a6d72,False,0.48333333333333334,0.5166666666666666
source_study,R0C-7e8a510db28267eeeaff,False,0.32727272727272727,0.6727272727272727
source_study,R0C-7ea23cc317951f6472b6,False,0.7297297297297297,0.2702702702702703
source_study,R0C-7ea63e91fd0b8e83ff68,False,0.6857142857142857,0.3142857142857143
source_study,R0C-7ea95ec889bd0fdb75fb,False,0.4857142857142857,0.5142857142857142
source_study,R0C-7eb9459060b203755c7b,False,0.5882352941176471,0.4117647058823529
source_study,R0C-7ec6ac88e4fcf197ff1c,False,0.5409836065573771,0.4590163934426229
source_study,R0C-7eff4436de462ae5afd4,False,0.6610169491525424,0.3389830508474576
source_study,R0C-7f02a6822dd11ced66e1,False,0.4473684210526316,0.5526315789473684
source_study,R0C-7f175b1d377e05550888,False,0.7272727272727273,0.2727272727272727
source_study,R0C-7f46a2db2c66fa3348f3,False,0.5614035087719298,0.4385964912280702
source_study,R0C-7f6010ee0edad8c0fa86,False,0.6707317073170732,0.3292682926829268
source_study,R0C-7f666dd32c5303caa5bd,False,0.48148148148148145,0.5185185185185186
source_study,R0C-7f6ba91792a0ea6da7a2,False,0.4666666666666667,0.5333333333333333
source_study,R0C-7fc1156fd258603d0a16,False,0.5652173913043478,0.4347826086956522
source_study,R0C-7fc6520f613abd80db18,False,0.7083333333333334,0.29166666666666663
source_study,R0C-7fef8ffbd9ee72b02053,False,0.7391304347826086,0.26086956521739135
source_study,R0C-7ff9bca674fa4f3d8587,False,0.32727272727272727,0.6727272727272727
source_study,R0C-8018e556d8b2fcca6c9c,False,0.6129032258064516,0.3870967741935484
source_study,R0C-80299748ed180cef3b48,False,0.576271186440678,0.423728813559322
source_study,R0C-805ed43067cfd51a07be,False,0.5454545454545454,0.4545454545454546
source_study,R0C-807a7257807048f7297c,False,0.42857142857142855,0.5714285714285714
source_study,R0C-80b7e188dab5ad344db2,False,0.6923076923076923,0.3076923076923077
source_study,R0C-812b181cb8d133e0cf58,False,0.6282051282051282,0.3717948717948718
source_study,R0C-8160e1b2df98bdef0a10,False,0.4423076923076923,0.5576923076923077
source_study,R0C-818716bedd6366932b2a,False,0.5,0.5
source_study,R0C-819367fee744209f573f,False,0.42857142857142855,0.5714285714285714
source_study,R0C-81b441e089bcf5cef2f0,False,0.6363636363636364,0.36363636363636365
source_study,R0C-81bf76aedf86e87b5cd6,False,0.4423076923076923,0.5576923076923077
source_study,R0C-81e34176b3c310c9e4fa,False,0.6515151515151515,0.3484848484848485
source_study,R0C-81ebf5467dbc92cfb303,False,0.65625,0.34375
source_study,R0C-81f293bc2ef168f96469,False,0.609375,0.390625
source_study,R0C-81f5a0f5d05bbadf9de7,False,0.5652173913043478,0.4347826086956522
source_study,R0C-81ffaffea46a468a2c7e,False,0.5967741935483871,0.4032258064516129
source_study,R0C-82203f605ead18882a5b,False,0.4444444444444444,0.5555555555555556
source_study,R0C-828d0415818ca76cc37a,False,0.42857142857142855,0.5714285714285714
source_study,R0C-82bad9953549d8b1cfe9,False,0.4647887323943662,0.5352112676056338
source_study,R0C-82cd74f1233b9b2197af,False,0.58,0.42000000000000004
source_study,R0C-82edfe8fb69150d1fde1,False,0.4666666666666667,0.5333333333333333
source_study,R0C-8327baf0b5e4feb2cff0,False,0.609375,0.390625
source_study,R0C-836ef0f973fc3fe67043,False,0.4857142857142857,0.5142857142857142
source_study,R0C-837cbc68959032dc3c6d,False,0.65,0.35
source_study,R0C-839f336cb66fc83560a3,False,0.6037735849056604,0.39622641509433965
source_study,R0C-83b161e32d0aa9c05401,False,0.6615384615384615,0.3384615384615385
source_study,R0C-83bdc9be5a2db5a3ce0d,False,0.4788732394366197,0.5211267605633803
source_study,R0C-83d63a6c108cdcf6efa6,False,0.4461538461538462,0.5538461538461539
source_study,R0C-83ecbdd70cf90c2c8602,False,0.5967741935483871,0.4032258064516129
source_study,R0C-83f1106048975dd9caf6,False,0.5263157894736842,0.4736842105263158
source_study,R0C-842c3e3ee604dea18303,False,0.42105263157894735,0.5789473684210527
source_study,R0C-846f65e117db47938407,False,0.7246376811594203,0.2753623188405797
source_study,R0C-84db15828a052b723c83,False,0.5254237288135594,0.47457627118644063
source_study,R0C-84e479aa1ac900bd4a3b,False,0.7012987012987013,0.2987012987012987
source_study,R0C-85102c2341ef3437589b,False,0.5892857142857143,0.4107142857142857
source_study,R0C-853fa1d72d7bdd40cea2,False,0.40384615384615385,0.5961538461538461
source_study,R0C-85416a82fb873ed9387d,False,0.49019607843137253,0.5098039215686274
source_study,R0C-85598f0bdf503d7ab1bb,False,0.6235294117647059,0.3764705882352941
source_study,R0C-857483c22faad767a45d,False,0.7058823529411765,0.2941176470588235
source_study,R0C-8580f5c306d91d341ecc,False,0.7391304347826086,0.26086956521739135
source_study,R0C-861e6f80057ebb918ffe,False,0.6144578313253012,0.3855421686746988
source_study,R0C-8642fa06835c9b03ad54,False,0.725,0.275
source_study,R0C-86ece7aab58062663ca3,False,0.6081081081081081,0.3918918918918919
source_study,R0C-8700321b613a51db6ef0,False,0.5128205128205128,0.4871794871794872
source_study,R0C-870a7feb0eae425f56f7,False,0.42857142857142855,0.5714285714285714
source_study,R0C-872e289a226aa6df15e9,False,0.42857142857142855,0.5714285714285714
source_study,R0C-8733fa00ecb117b4fb8f,False,0.6376811594202898,0.3623188405797102
source_study,R0C-874c0e1e43cd731dd9a8,False,0.6,0.4
source_study,R0C-876687c54ff261eac892,False,0.5411764705882353,0.45882352941176474
source_study,R0C-87734412f1e795d38265,False,0.5142857142857142,0.48571428571428577
source_study,R0C-879bbd7f8156bcd4f52f,False,0.6842105263157895,0.3157894736842105
source_study,R0C-87dc6e78d13f25200486,False,0.47540983606557374,0.5245901639344263
source_study,R0C-87eaa1cfae2e9dd4bba7,False,0.47368421052631576,0.5263157894736843
source_study,R0C-882b3f3b77d6b0a45054,False,0.49019607843137253,0.5098039215686274
source_study,R0C-8848f54949a812a9ba66,False,0.5217391304347826,0.4782608695652174
source_study,R0C-88b3403e7b8fdcc57f5a,False,0.3448275862068966,0.6551724137931034
source_study,R0C-88c73ea7444b17a53499,False,0.46296296296296297,0.537037037037037
source_study,R0C-88ccd2784a90a63bc984,False,0.410958904109589,0.589041095890411
source_study,R0C-88dd9efdd260e41c120a,False,0.5,0.5
source_study,R0C-88e4b4758f1a5b704051,False,0.4583333333333333,0.5416666666666667
source_study,R0C-8939a993b9026b0f9d6e,False,0.5517241379310345,0.4482758620689655
source_study,R0C-893b0654a7b0734587eb,False,0.6164383561643836,0.3835616438356164
source_study,R0C-894c74ea3a62a0816389,False,0.32727272727272727,0.6727272727272727
source_study,R0C-89570d96abad97e7d5d6,False,0.5,0.5
source_study,R0C-8962a3961db6dfe33957,False,0.48148148148148145,0.5185185185185186
source_study,R0C-89b66e649511d432aeaa,False,0.4857142857142857,0.5142857142857142
source_study,R0C-89ba52134178d3468d94,False,0.47058823529411764,0.5294117647058824
source_study,R0C-89bf591d64b60443af20,False,0.6133333333333333,0.3866666666666667
source_study,R0C-89c4325ba5b1df3d4736,False,0.6730769230769231,0.32692307692307687
source_study,R0C-8a0a72c7c56420620e51,False,0.4423076923076923,0.5576923076923077
source_study,R0C-8a11e9c214ea772f529e,False,0.40625,0.59375
source_study,R0C-8a3d479066f027e8f754,False,0.40625,0.59375
source_study,R0C-8a4ad76ed4fc1bbec1a7,False,0.43283582089552236,0.5671641791044777
source_study,R0C-8a5b535d81de72752b8a,False,0.4857142857142857,0.5142857142857142
source_study,R0C-8a7d0be76f89b166ed3a,False,0.410958904109589,0.589041095890411
source_study,R0C-8a94c1f0654ac7f0f7d1,False,0.5714285714285714,0.4285714285714286
source_study,R0C-8aa1a8e76734201c1a6a,False,0.4666666666666667,0.5333333333333333
source_study,R0C-8ad74b92627078f4a7c2,False,0.7049180327868853,0.29508196721311475
source_study,R0C-8ae904506cf929df1abf,False,0.6896551724137931,0.31034482758620685
source_study,R0C-8b34ed987d4063466764,False,0.5178571428571429,0.4821428571428571
source_study,R0C-8b3b724061feddff8c4e,False,0.62,0.38
source_study,R0C-8b4ba9327acc42ccbeec,False,0.42857142857142855,0.5714285714285714
source_study,R0C-8b60b99113c631c76c19,False,0.32727272727272727,0.6727272727272727
source_study,R0C-8b674367f7e5372c0e2f,False,0.4473684210526316,0.5526315789473684
source_study,R0C-8ba5538500173cc6b379,False,0.55,0.44999999999999996
source_study,R0C-8bc1372cc8c09ce89890,False,0.32727272727272727,0.6727272727272727
source_study,R0C-8bdad05502ee9670d3f3,False,0.42857142857142855,0.5714285714285714
source_study,R0C-8c12b703fc0a4b1c6ac4,False,0.7391304347826086,0.26086956521739135
source_study,R0C-8c2e8320eb5978bdcd02,False,0.5606060606060606,0.43939393939393945
source_study,R0C-8c34fd3ccaa99c7dfcad,False,0.4666666666666667,0.5333333333333333
source_study,R0C-8c47540888473cdb2e7c,False,0.625,0.375
source_study,R0C-8c597378a02db93d3c62,False,0.5531914893617021,0.44680851063829785
source_study,R0C-8c7c8fe85dca77b8d2be,False,0.45098039215686275,0.5490196078431373
source_study,R0C-8c8b0947158ed483bfd8,False,0.5205479452054794,0.4794520547945206
source_study,R0C-8c8de70bf2346b622fe9,False,0.4857142857142857,0.5142857142857142
source_study,R0C-8ccda19ab0d0043374ca,False,0.6710526315789473,0.32894736842105265
source_study,R0C-8ceb1c1034e15d0d556b,False,0.46938775510204084,0.5306122448979591
source_study,R0C-8d1da07aba27590c0905,False,0.6133333333333333,0.3866666666666667
source_study,R0C-8d1f841c98f8558d45b1,False,0.46938775510204084,0.5306122448979591
source_study,R0C-8d377f1956ed0dad066c,False,0.41304347826086957,0.5869565217391304
source_study,R0C-8d4b91db8b3f564d71a4,False,0.6666666666666666,0.33333333333333337
source_study,R0C-8d5c15775f40532ccde6,False,0.6290322580645161,0.3709677419354839
source_study,R0C-8d6a25383f1477827812,False,0.5652173913043478,0.4347826086956522
source_study,R0C-8d759a03022c575ce494,False,0.5365853658536586,0.46341463414634143
source_study,R0C-8d8e9751579e090f9e44,False,0.7083333333333334,0.29166666666666663
source_study,R0C-8db43f61f83e1896fdf5,False,0.5357142857142857,0.4642857142857143
source_study,R0C-8dde620ab93018816347,False,0.45161290322580644,0.5483870967741935
source_study,R0C-8dffc8a8b20d856f1928,False,0.46938775510204084,0.5306122448979591
source_study,R0C-8e101dcf955a2539954b,False,0.40816326530612246,0.5918367346938775
source_study,R0C-8e111338780bd22c249d,False,0.4666666666666667,0.5333333333333333
source_study,R0C-8e1d96235ff048c8e102,False,0.509090909090909,0.49090909090909096
source_study,R0C-8e2b05e518f9cf4bc0b5,False,0.4642857142857143,0.5357142857142857
source_study,R0C-8e2deeeb82d86ea549a1,False,0.43859649122807015,0.5614035087719298
source_study,R0C-8e63a745feb44cf023a0,False,0.3448275862068966,0.6551724137931034
source_study,R0C-8e8cf087d662b8948812,False,0.5925925925925926,0.40740740740740744
source_study,R0C-8e8f05d04a03a3e6f847,False,0.45161290322580644,0.5483870967741935
source_study,R0C-8e96db38067888ebecc9,False,0.6794871794871795,0.3205128205128205
source_study,R0C-8eabf13941805d559f54,False,0.42857142857142855,0.5714285714285714
source_study,R0C-8ec36e0e08a6a7ed4d94,False,0.5686274509803921,0.43137254901960786
source_study,R0C-8ecee67be46978cb905d,False,0.4423076923076923,0.5576923076923077
source_study,R0C-8ecf45dbde4385e850eb,False,0.2857142857142857,0.7142857142857143
source_study,R0C-8eec53b91df4fdabba53,False,0.4153846153846154,0.5846153846153845
source_study,R0C-8f3028ba504f471b2ba7,False,0.46774193548387094,0.532258064516129
source_study,R0C-8f3e551accd845a9bc6f,False,0.5625,0.4375
source_study,R0C-8f6dc00fef128debaeed,False,0.46938775510204084,0.5306122448979591
source_study,R0C-8fa828511c4b3efcdcd0,False,0.32727272727272727,0.6727272727272727
source_study,R0C-8fcfdffa1c3798e124dc,False,0.4583333333333333,0.5416666666666667
source_study,R0C-9005f1184f276c7c89dc,False,0.7222222222222222,0.2777777777777778
source_study,R0C-90228b2684463d4ced08,False,0.5283018867924528,0.4716981132075472
source_study,R0C-903c926c972265bc5418,False,0.49019607843137253,0.5098039215686274
source_study,R0C-904c0befc6a8084c350e,False,0.5652173913043478,0.4347826086956522
source_study,R0C-90573478e3b8379ba422,False,0.6705882352941176,0.3294117647058824
source_study,R0C-9061a3d3036c3153e8d5,False,0.5230769230769231,0.4769230769230769
source_study,R0C-906aca721c7b76c6288e,False,0.5609756097560976,0.4390243902439024
source_study,R0C-90a95f40f30c836f16ae,False,0.5757575757575758,0.4242424242424242
source_study,R0C-90b0963807326f56eebc,False,0.425531914893617,0.574468085106383
source_study,R0C-90b3368334dc1b7fb019,False,0.32727272727272727,0.6727272727272727
source_study,R0C-90dd54a9cfae0dfdaa3d,False,0.3333333333333333,0.6666666666666667
source_study,R0C-9113460555a1f815de60,False,0.59375,0.40625
source_study,R0C-911ca5c4617b677c2d21,False,0.6153846153846154,0.3846153846153846
source_study,R0C-9150fc5943e066ed50da,False,0.48717948717948717,0.5128205128205128
source_study,R0C-915f9237ca69b87162ff,False,0.4857142857142857,0.5142857142857142
source_study,R0C-91879daf448a05f99359,False,0.42857142857142855,0.5714285714285714
source_study,R0C-91925ae714cf22b55b29,False,0.7352941176470589,0.2647058823529411
source_study,R0C-919403bacf05f3f6f403,False,0.42857142857142855,0.5714285714285714
source_study,R0C-91b52e72dc3452aaff4e,False,0.7361111111111112,0.26388888888888884
source_study,R0C-91be45b6771f4fa4ab0d,False,0.5384615384615384,0.46153846153846156
source_study,R0C-91ebbd346ac7785a2a98,False,0.32727272727272727,0.6727272727272727
source_study,R0C-91f8466d08181a4b7c48,False,0.47540983606557374,0.5245901639344263
source_study,R0C-929e4703ef49c0a6e3d7,False,0.6538461538461539,0.34615384615384615
source_study,R0C-92b034025c82cb89dffe,False,0.576271186440678,0.423728813559322
source_study,R0C-9303b888f2a6487f6262,False,0.7101449275362319,0.28985507246376807
source_study,R0C-9319e727b7c2513a26f6,False,0.4857142857142857,0.5142857142857142
source_study,R0C-931a64e442afda865bcc,False,0.39473684210526316,0.6052631578947368
source_study,R0C-932a216791878647b22a,False,0.5208333333333334,0.47916666666666663
source_study,R0C-932dd698d552aba70ea7,False,0.7230769230769231,0.27692307692307694
source_study,R0C-934a6e7afccfd3b970b5,False,0.4714285714285714,0.5285714285714286
source_study,R0C-93642472c2246ab59b39,False,0.7246376811594203,0.2753623188405797
source_study,R0C-936cfca946126e305b8d,False,0.45614035087719296,0.543859649122807
source_study,R0C-937564c122b394b4d20f,False,0.4666666666666667,0.5333333333333333
source_study,R0C-937dd649ca5a315e2122,False,0.42592592592592593,0.5740740740740741
source_study,R0C-9394774030ad5fcb5747,False,0.6493506493506493,0.35064935064935066
source_study,R0C-93a90f6186a22456dbf6,False,0.4857142857142857,0.5142857142857142
source_study,R0C-93b7302ce99cff53b976,False,0.7058823529411765,0.2941176470588235
source_study,R0C-93d46990bfc7846b9342,False,0.6923076923076923,0.3076923076923077
source_study,R0C-93dad29a3f6a867ff1c8,False,0.4423076923076923,0.5576923076923077
source_study,R0C-93ed635bceb7172b6ce2,False,0.5,0.5
source_study,R0C-93fcf3827ec9309621bc,False,0.7323943661971831,0.2676056338028169
source_study,R0C-94073e765019296b0d95,False,0.7272727272727273,0.2727272727272727
source_study,R0C-940be2043503dc4ee7bd,False,0.425531914893617,0.574468085106383
source_study,R0C-941717e3e00d1a2bd7c2,False,0.5616438356164384,0.4383561643835616
source_study,R0C-943bee833ab1e2957f91,False,0.4666666666666667,0.5333333333333333
source_study,R0C-946156a32e330061ae60,False,0.46938775510204084,0.5306122448979591
source_study,R0C-949769784783a14eb3c6,False,0.7361111111111112,0.26388888888888884
source_study,R0C-9497862d0f872dd42116,False,0.4666666666666667,0.5333333333333333
source_study,R0C-9499e9bc83f136cbc4b5,False,0.423728813559322,0.576271186440678
source_study,R0C-94adac06968767102f7d,False,0.7391304347826086,0.26086956521739135
source_study,R0C-94b22b026295645ecbee,False,0.42857142857142855,0.5714285714285714
source_study,R0C-94d3d3d2bf379ea9b822,False,0.4423076923076923,0.5576923076923077
source_study,R0C-94db8d3b1d634730fde4,False,0.5967741935483871,0.4032258064516129
source_study,R0C-94de87a880ee017e3b56,False,0.6031746031746031,0.39682539682539686
source_study,R0C-9534882041e5ce87c6b4,False,0.390625,0.609375
source_study,R0C-9548c491716fc0f70da7,False,0.7027027027027027,0.29729729729729726
source_study,R0C-9563d582a23e432cd5c9,False,0.425531914893617,0.574468085106383
source_study,R0C-956c0a960aa23ad7b8fd,False,0.43333333333333335,0.5666666666666667
source_study,R0C-9599814d4dbe4aef1c80,False,0.6133333333333333,0.3866666666666667
source_study,R0C-95da090d07a6a2750d63,False,0.6,0.4
source_study,R0C-95f4c113ffba75782a12,False,0.5166666666666667,0.4833333333333333
source_study,R0C-96220aca895ce3996327,False,0.6901408450704225,0.3098591549295775
source_study,R0C-963e8bfe906b644939ff,False,0.42857142857142855,0.5714285714285714
source_study,R0C-9647a73ebcc10c6a6227,False,0.6333333333333333,0.3666666666666667
source_study,R0C-96484c6bcbe0cd56f1b7,False,0.7230769230769231,0.27692307692307694
source_study,R0C-965c279d109021a392bb,False,0.68,0.31999999999999995
source_study,R0C-9673d836c1453ee78695,False,0.5714285714285714,0.4285714285714286
source_study,R0C-96af2cb907d2c83f0903,False,0.6153846153846154,0.3846153846153846
source_study,R0C-96b0972268b372152102,False,0.5714285714285714,0.4285714285714286
source_study,R0C-96babc9f9e8ac46ae39b,False,0.7222222222222222,0.2777777777777778
source_study,R0C-96be51d4a4202941fc7d,False,0.4153846153846154,0.5846153846153845
source_study,R0C-96cab409803383a5c7b2,False,0.42857142857142855,0.5714285714285714
source_study,R0C-96d6ad4f96d33a9579c4,False,0.4342105263157895,0.5657894736842105
source_study,R0C-96deae419e5e7a813d81,False,0.5081967213114754,0.4918032786885246
source_study,R0C-9724066a516a8941d5fb,False,0.42105263157894735,0.5789473684210527
source_study,R0C-972e68167c4df83f4025,False,0.5652173913043478,0.4347826086956522
source_study,R0C-973d01b69db8651e2dda,False,0.4666666666666667,0.5333333333333333
source_study,R0C-973d1ecdf25d1832641a,False,0.40625,0.59375
source_study,R0C-9748c643b70f7b021cf3,False,0.5652173913043478,0.4347826086956522
source_study,R0C-9763ec8201c0446a3d91,False,0.4576271186440678,0.5423728813559322
source_study,R0C-979e5e60fb944f8ba682,False,0.40540540540540543,0.5945945945945945
source_study,R0C-97a55af2356988fafcdf,False,0.45454545454545453,0.5454545454545454
source_study,R0C-97d8d723ba254d52b7ff,False,0.6825396825396826,0.31746031746031744
source_study,R0C-97da0ab6b06cd52f5dc4,False,0.5111111111111111,0.48888888888888893
source_study,R0C-97de27dc49f07461b209,False,0.4666666666666667,0.5333333333333333
source_study,R0C-97e1d2f65d44b6e3c736,False,0.4857142857142857,0.5142857142857142
source_study,R0C-97e41543210df1964c88,False,0.3958333333333333,0.6041666666666667
source_study,R0C-9826ed4afbc7b33b665b,False,0.5294117647058824,0.47058823529411764
source_study,R0C-982abfdad18e7bdf1d8f,False,0.48148148148148145,0.5185185185185186
source_study,R0C-985401c5e85c08f005f0,False,0.6417910447761194,0.35820895522388063
source_study,R0C-988ef7b9feaa247a832f,False,0.559322033898305,0.44067796610169496
source_study,R0C-9908e0595465e3cd1479,False,0.5,0.5
source_study,R0C-993063c1f14e1ef13010,False,0.5373134328358209,0.4626865671641791
source_study,R0C-994e9adc00746cff8053,False,0.6666666666666666,0.33333333333333337
source_study,R0C-995e11e234dec2a8b449,False,0.4423076923076923,0.5576923076923077
source_study,R0C-9981e6085bc2b3168592,False,0.7272727272727273,0.2727272727272727
source_study,R0C-99a7ec0baf3560566577,False,0.6875,0.3125
source_study,R0C-99b41ec01b29342420c5,False,0.5,0.5
source_study,R0C-99cc1184d1d0351378cc,False,0.7272727272727273,0.2727272727272727
source_study,R0C-99cf5279a01ff0827f5a,False,0.5357142857142857,0.4642857142857143
source_study,R0C-99d486d564008bdc1135,False,0.5423728813559322,0.4576271186440678
source_study,R0C-99d62aff05b6610d0eb0,False,0.7272727272727273,0.2727272727272727
source_study,R0C-99f1a50987ef2431a2cf,False,0.7105263157894737,0.2894736842105263
source_study,R0C-99f2779dc165321f2abc,False,0.5,0.5
source_study,R0C-9a197830e0c0ad2e6c9f,False,0.6271186440677966,0.3728813559322034
source_study,R0C-9a69641e23bee516420d,False,0.46938775510204084,0.5306122448979591
source_study,R0C-9a7e7f0413ce4c8d7b02,False,0.32727272727272727,0.6727272727272727
source_study,R0C-9a8881ad524e7147bdc7,False,0.42857142857142855,0.5714285714285714
source_study,R0C-9aa6a3d79cd70d2d827e,False,0.6785714285714286,0.3214285714285714
source_study,R0C-9af216b6eac806cd1786,False,0.42857142857142855,0.5714285714285714
source_study,R0C-9af8469d39fb19cb5e0b,False,0.45098039215686275,0.5490196078431373
source_study,R0C-9aff0994e8dc1ae82e39,False,0.423728813559322,0.576271186440678
source_study,R0C-9b15ea22f8db79b3dca3,False,0.609375,0.390625
source_study,R0C-9b170153c2e3ef8c5eb1,False,0.5714285714285714,0.4285714285714286
source_study,R0C-9b1828149bfc59c4b1a1,False,0.4666666666666667,0.5333333333333333
source_study,R0C-9b1e2b6ca8daebe9ac55,False,0.6515151515151515,0.3484848484848485
source_study,R0C-9b381ab7b332b2bcf1d3,False,0.6338028169014085,0.3661971830985915
source_study,R0C-9b8280e479a8109b2e76,False,0.6,0.4
source_study,R0C-9b85e2fe89542c291b05,False,0.5227272727272727,0.4772727272727273
source_study,R0C-9ba495bad6d45ca13f09,False,0.6176470588235294,0.38235294117647056
source_study,R0C-9bc5a6440725801d496d,False,0.40540540540540543,0.5945945945945945
source_study,R0C-9bcfcfd4220a22eb9c88,False,0.6428571428571429,0.3571428571428571
source_study,R0C-9bebf00835ee5f497a6d,False,0.32727272727272727,0.6727272727272727
source_study,R0C-9bf4cd5e8831adef45d7,False,0.5882352941176471,0.4117647058823529
source_study,R0C-9c320d27fe1794ddd7e7,False,0.5227272727272727,0.4772727272727273
source_study,R0C-9c3c9dbb31d2be9a9436,False,0.6933333333333334,0.30666666666666664
source_study,R0C-9c708ef23f90c9c10fa5,False,0.484375,0.515625
source_study,R0C-9c81ed5e4641c3605877,False,0.5714285714285714,0.4285714285714286
source_study,R0C-9ca7f0e8895ae4407c48,False,0.7317073170731707,0.2682926829268293
source_study,R0C-9cad50bf8e38a61b84a8,False,0.5,0.5
source_study,R0C-9cb403e3c99c34b12c05,False,0.6588235294117647,0.3411764705882353
source_study,R0C-9cb8e19f7ed9c962a839,False,0.6923076923076923,0.3076923076923077
source_study,R0C-9ccb7fff6b0d772f2250,False,0.4857142857142857,0.5142857142857142
source_study,R0C-9cd2ce2c86e98560396a,False,0.6181818181818182,0.38181818181818183
source_study,R0C-9ceda8c60a7b4aba3d9d,False,0.5757575757575758,0.4242424242424242
source_study,R0C-9d0dc29885abd2f45ed6,False,0.49295774647887325,0.5070422535211268
source_study,R0C-9d18c431cb2dbbe42ccd,False,0.5714285714285714,0.4285714285714286
source_study,R0C-9d77885a3323567dcc18,False,0.47368421052631576,0.5263157894736843
source_study,R0C-9d9499072dc67102fc31,False,0.42857142857142855,0.5714285714285714
source_study,R0C-9dd24b3a2384ea9c4843,False,0.3448275862068966,0.6551724137931034
source_study,R0C-9e06bae73f57f9d67ba3,False,0.4883720930232558,0.5116279069767442
source_study,R0C-9e260b86c300abb420f0,False,0.5531914893617021,0.44680851063829785
source_study,R0C-9e4db0a66eb51202c937,False,0.43548387096774194,0.564516129032258
source_study,R0C-9ea1502ae306297f7d0d,False,0.32727272727272727,0.6727272727272727
source_study,R0C-9eaa4f700c09a9f4a05e,False,0.42857142857142855,0.5714285714285714
source_study,R0C-9edc7339732b10ea7840,False,0.6714285714285714,0.3285714285714286
source_study,R0C-9f0db8e1bf42aa59b95e,False,0.6933333333333334,0.30666666666666664
source_study,R0C-9f3c91b5f4d174ad092c,False,0.5079365079365079,0.4920634920634921
source_study,R0C-9f5b0e8f5216c2fd8bdf,False,0.65625,0.34375
source_study,R0C-9f68efe5567f83566bfc,False,0.43636363636363634,0.5636363636363637
source_study,R0C-9f6b67ad142c4ae19eb6,False,0.5777777777777777,0.4222222222222223
source_study,R0C-9f94939c4329bbc37edb,False,0.5384615384615384,0.46153846153846156
source_study,R0C-9fb61d8eb4701e7bb0fa,False,0.6190476190476191,0.38095238095238093
source_study,R0C-9fd588dd283b7669c08c,False,0.43478260869565216,0.5652173913043479
source_study,R0C-9fe24645dea584ce55ad,False,0.6097560975609756,0.3902439024390244
source_study,R0C-a0722df4308fdfc58df2,False,0.625,0.375
source_study,R0C-a0895afddcd8ed516faf,False,0.42857142857142855,0.5714285714285714
source_study,R0C-a0aee1257c3a0dcf587f,False,0.4264705882352941,0.5735294117647058
source_study,R0C-a0bf133e9a8ed233c679,False,0.5614035087719298,0.4385964912280702
source_study,R0C-a0c45a65846fb6bc62f7,False,0.6419753086419753,0.3580246913580247
source_study,R0C-a0da3b9eb72ba7f4310f,False,0.4473684210526316,0.5526315789473684
source_study,R0C-a0de425a6e33ef7f1189,False,0.7058823529411765,0.2941176470588235
source_study,R0C-a103457d882c2d00e4b3,False,0.4307692307692308,0.5692307692307692
source_study,R0C-a106970214067a740307,False,0.6785714285714286,0.3214285714285714
source_study,R0C-a10b2b091eab24a7229f,False,0.7323943661971831,0.2676056338028169
source_study,R0C-a116d1c8387e4bc099d3,False,0.6923076923076923,0.3076923076923077
source_study,R0C-a1244c9721188302bef3,False,0.4838709677419355,0.5161290322580645
source_study,R0C-a12f2a9fb029ae276e2a,False,0.6363636363636364,0.36363636363636365
source_study,R0C-a16252724fbc99deadaf,False,0.47368421052631576,0.5263157894736843
source_study,R0C-a1c5c6558312e3cdc582,False,0.5813953488372093,0.41860465116279066
source_study,R0C-a1e0f581af5b75c60801,False,0.4666666666666667,0.5333333333333333
source_study,R0C-a1e5ccd5c640da221682,False,0.45161290322580644,0.5483870967741935
source_study,R0C-a23a3ec054b8553667d0,False,0.6176470588235294,0.38235294117647056
source_study,R0C-a23b63cd5b7e2c44c9f7,False,0.6428571428571429,0.3571428571428571
source_study,R0C-a2564e328515bf00755a,False,0.7333333333333333,0.2666666666666667
source_study,R0C-a27676e3d7934a281bf5,False,0.7272727272727273,0.2727272727272727
source_study,R0C-a2a47db94a69b9201dda,False,0.5531914893617021,0.44680851063829785
source_study,R0C-a2bd8ec2e3a9b396d858,False,0.6666666666666666,0.33333333333333337
source_study,R0C-a2c2277349e2e6079215,False,0.40350877192982454,0.5964912280701755
source_study,R0C-a2d29cdab0f07d584943,False,0.37209302325581395,0.627906976744186
source_study,R0C-a2db49f7b761541331ec,False,0.7272727272727273,0.2727272727272727
source_study,R0C-a30cbc99c640f01e23a0,False,0.47297297297297297,0.527027027027027
source_study,R0C-a313011533c9bcdbbb35,False,0.42857142857142855,0.5714285714285714
source_study,R0C-a3255d20c8ae28353c64,False,0.6333333333333333,0.3666666666666667
source_study,R0C-a338dd561f12849d81eb,False,0.5081967213114754,0.4918032786885246
source_study,R0C-a350c48e5de77e29c6f7,False,0.5606060606060606,0.43939393939393945
source_study,R0C-a36fd7174aaaf8a57d4b,False,0.4838709677419355,0.5161290322580645
source_study,R0C-a3909c8a388380130ffa,False,0.42857142857142855,0.5714285714285714
source_study,R0C-a3bb792e6499756179c8,False,0.4666666666666667,0.5333333333333333
source_study,R0C-a3d9ad24d0d3b94e0b22,False,0.5660377358490566,0.4339622641509434
source_study,R0C-a4398b4e50195100a2f1,False,0.625,0.375
source_study,R0C-a4c5ea9a84d36533e70f,False,0.42857142857142855,0.5714285714285714
source_study,R0C-a4cc1ec3c87045aa0e4f,False,0.5,0.5
source_study,R0C-a4d8c6f0a7016e8ad789,False,0.4423076923076923,0.5576923076923077
source_study,R0C-a4e95d383e5e34b648ea,False,0.7230769230769231,0.27692307692307694
source_study,R0C-a50be306b2bfa3d80a3f,False,0.7230769230769231,0.27692307692307694
source_study,R0C-a53730eb83eb72a690c3,False,0.38571428571428573,0.6142857142857143
source_study,R0C-a54bc7f665cbda62c744,False,0.6025641025641025,0.39743589743589747
source_study,R0C-a556b37fd19f8dda502e,False,0.7361111111111112,0.26388888888888884
source_study,R0C-a588fe0715ea25afbfed,False,0.6753246753246753,0.3246753246753247
source_study,R0C-a5a2d0b1e465c812bdd1,False,0.7049180327868853,0.29508196721311475
source_study,R0C-a5fbf3c923d9a349da85,False,0.75,0.25
source_study,R0C-a6027ccba464f3f67eb0,False,0.5882352941176471,0.4117647058823529
source_study,R0C-a64729fb1f7872b91d48,False,0.6935483870967742,0.30645161290322576
source_study,R0C-a6701dd273776c75a057,False,0.6417910447761194,0.35820895522388063
source_study,R0C-a67f403f64c52285308c,False,0.5625,0.4375
source_study,R0C-a699cd2be863675f9703,False,0.4857142857142857,0.5142857142857142
source_study,R0C-a6b4a393aa80509b0aa2,False,0.4666666666666667,0.5333333333333333
source_study,R0C-a708c033d0ff861c9b48,False,0.6987951807228916,0.3012048192771084
source_study,R0C-a715d532ec007ec41d96,False,0.6935483870967742,0.30645161290322576
source_study,R0C-a73c1081986dcebefef7,False,0.5694444444444444,0.4305555555555556
source_study,R0C-a7573210b421700f9d01,False,0.6129032258064516,0.3870967741935484
source_study,R0C-a7b164018b600ea966fd,False,0.42857142857142855,0.5714285714285714
source_study,R0C-a7da907596ddcb8e9a50,False,0.5227272727272727,0.4772727272727273
source_study,R0C-a81486d00794457a79e0,False,0.6610169491525424,0.3389830508474576
source_study,R0C-a826367aafd634335035,False,0.4857142857142857,0.5142857142857142
source_study,R0C-a83a5f2a4d2d6df39e59,False,0.6986301369863014,0.3013698630136986
source_study,R0C-a84076763c3cc4643ba2,False,0.5882352941176471,0.4117647058823529
source_study,R0C-a8466de2fbd5af8b7471,False,0.49019607843137253,0.5098039215686274
source_study,R0C-a84b951beb795909287c,False,0.32727272727272727,0.6727272727272727
source_study,R0C-a88a86abebab81dbcc36,False,0.5555555555555556,0.4444444444444444
source_study,R0C-a8946143f04792413520,False,0.4666666666666667,0.5333333333333333
source_study,R0C-a8a3b30a69e6c768813d,False,0.6,0.4
source_study,R0C-a8a5daf317aba688f12a,False,0.6666666666666666,0.33333333333333337
source_study,R0C-a8c51f2e4fad2767df40,False,0.4918032786885246,0.5081967213114754
source_study,R0C-a8f13b70aad9934f2029,False,0.5166666666666667,0.4833333333333333
source_study,R0C-a918605b36b827eca5f5,False,0.42857142857142855,0.5714285714285714
source_study,R0C-a949ce0a2d422ede5a66,False,0.4857142857142857,0.5142857142857142
source_study,R0C-a95eab63c2f25467a030,False,0.7123287671232876,0.28767123287671237
source_study,R0C-a96228918d4f372eccac,False,0.5227272727272727,0.4772727272727273
source_study,R0C-a964b56f8f6d5e934069,False,0.4583333333333333,0.5416666666666667
source_study,R0C-a994cd0b4823f142df21,False,0.42857142857142855,0.5714285714285714
source_study,R0C-a9978c234289d8e91514,False,0.4857142857142857,0.5142857142857142
source_study,R0C-a9ee40636c72a0138ae3,False,0.5818181818181818,0.4181818181818182
source_study,R0C-aa0349bb872de5953bff,False,0.6923076923076923,0.3076923076923077
source_study,R0C-aa28e88ef458f4b067d7,False,0.3333333333333333,0.6666666666666667
source_study,R0C-aa44e83f61d20ace2fa0,False,0.410958904109589,0.589041095890411
source_study,R0C-aa57f856cfaa0aefc963,False,0.41379310344827586,0.5862068965517242
source_study,R0C-aa60d0ec58b7feb4b674,False,0.45614035087719296,0.543859649122807
source_study,R0C-aa6e3467a5173691aff1,False,0.4423076923076923,0.5576923076923077
source_study,R0C-aaa339aa2faf114d132a,False,0.41304347826086957,0.5869565217391304
source_study,R0C-aacc6a5f66515a393a57,False,0.30357142857142855,0.6964285714285714
source_study,R0C-ab1304eaabb3ad9fff8c,False,0.5797101449275363,0.42028985507246375
source_study,R0C-ab1cdfd30d28f4a174ed,False,0.373134328358209,0.6268656716417911
source_study,R0C-ab2c1a15d826c0aa647c,False,0.6923076923076923,0.3076923076923077
source_study,R0C-ab35c1f81dfa819e22e6,False,0.5,0.5
source_study,R0C-ab4e74cee7811dc97165,False,0.32727272727272727,0.6727272727272727
source_study,R0C-ab74fc02f2edc9051fdf,False,0.7,0.30000000000000004
source_study,R0C-ac0074fa5899de380538,False,0.6666666666666666,0.33333333333333337
source_study,R0C-ac06d34427b4029668fb,False,0.5714285714285714,0.4285714285714286
source_study,R0C-ac4704e82d55df0bc78c,False,0.5802469135802469,0.41975308641975306
source_study,R0C-ac4c4674628532867312,False,0.43902439024390244,0.5609756097560976
source_study,R0C-ac850ccb0871da0e2082,False,0.7142857142857143,0.2857142857142857
source_study,R0C-ac92d1f8852e2ae37c1e,False,0.425531914893617,0.574468085106383
source_study,R0C-ac9b13f301af590ae461,False,0.5609756097560976,0.4390243902439024
source_study,R0C-acc12c38d1baba0925c0,False,0.42857142857142855,0.5714285714285714
source_study,R0C-acd231890d555ef7369a,False,0.6610169491525424,0.3389830508474576
source_study,R0C-ace43ddffa9808fe8773,False,0.46938775510204084,0.5306122448979591
source_study,R0C-ad014938b98305ddb2c1,False,0.43859649122807015,0.5614035087719298
source_study,R0C-ad03569a22493b1d50c8,False,0.6785714285714286,0.3214285714285714
source_study,R0C-ad0f916df89f292b8a36,False,0.4897959183673469,0.5102040816326531
source_study,R0C-ad66beb3a8a5292f561d,False,0.527027027027027,0.472972972972973
source_study,R0C-ad75cc24b1ed9228b3c7,False,0.7323943661971831,0.2676056338028169
source_study,R0C-ad7d42c23f8aab2566d4,False,0.625,0.375
source_study,R0C-ad904accaf1141aa389f,False,0.41304347826086957,0.5869565217391304
source_study,R0C-adb4d119accefb83eb8b,False,0.7323943661971831,0.2676056338028169
source_study,R0C-ade840f76eea62c52804,False,0.44642857142857145,0.5535714285714286
source_study,R0C-ae0098d89037b66f63f1,False,0.44642857142857145,0.5535714285714286
source_study,R0C-ae2727582bcb28083686,False,0.4,0.6
source_study,R0C-ae51997e6eb7fb65efba,False,0.45098039215686275,0.5490196078431373
source_study,R0C-ae754463a6849615d210,False,0.7058823529411765,0.2941176470588235
source_study,R0C-ae8ab9bcaafcaa8e4ad5,False,0.5901639344262295,0.4098360655737705
source_study,R0C-aede16ff4c2f4edd3909,False,0.6615384615384615,0.3384615384615385
source_study,R0C-af17e4534bc9d761af12,False,0.4423076923076923,0.5576923076923077
source_study,R0C-af65dd5aa90a06956d68,False,0.7391304347826086,0.26086956521739135
source_study,R0C-af6d44ac2ddb85387d3f,False,0.4666666666666667,0.5333333333333333
source_study,R0C-af991188775d60739e2d,False,0.5915492957746479,0.4084507042253521
source_study,R0C-afa221eace2b036fbb05,False,0.6463414634146342,0.35365853658536583
source_study,R0C-afa50b9c0fda3af061a9,False,0.7123287671232876,0.28767123287671237
source_study,R0C-afc45707e637acb35e0f,False,0.425531914893617,0.574468085106383
source_study,R0C-afdbc7a7cb4a80dfa71c,False,0.43478260869565216,0.5652173913043479
source_study,R0C-b003cc9912593d2cd9da,False,0.5079365079365079,0.4920634920634921
source_study,R0C-b0231a1a8cb3341e9231,False,0.7313432835820896,0.26865671641791045
source_study,R0C-b02c2d24aafe33bb809e,False,0.5,0.5
source_study,R0C-b0728641f4c4f2d71ca6,False,0.7014925373134329,0.29850746268656714
source_study,R0C-b0aa122d32c9a183f64f,False,0.5714285714285714,0.4285714285714286
source_study,R0C-b0da04691a822b036391,False,0.6176470588235294,0.38235294117647056
source_study,R0C-b0f8235d1617ce6b3680,False,0.5625,0.4375
source_study,R0C-b16b9f26ee933d21beb7,False,0.5,0.5
source_study,R0C-b19a945b4e95680f3ab2,False,0.7361111111111112,0.26388888888888884
source_study,R0C-b1c12879520d759f0b89,False,0.49056603773584906,0.5094339622641509
source_study,R0C-b1d95bf1250df9bf20e6,False,0.7058823529411765,0.2941176470588235
source_study,R0C-b20b3fb83d5c01135c08,False,0.6744186046511628,0.32558139534883723
source_study,R0C-b24347eae3813ec47a9d,False,0.42857142857142855,0.5714285714285714
source_study,R0C-b26904b05c7cf82950ba,False,0.6231884057971014,0.37681159420289856
source_study,R0C-b2706a17694a15fb836a,False,0.410958904109589,0.589041095890411
source_study,R0C-b273c52d066a52c953d3,False,0.44285714285714284,0.5571428571428572
source_study,R0C-b2777ea458cfbe8e458f,False,0.44285714285714284,0.5571428571428572
source_study,R0C-b290389cd6ba135ce9b2,False,0.4166666666666667,0.5833333333333333
source_study,R0C-b2b6426bba8514315782,False,0.5531914893617021,0.44680851063829785
source_study,R0C-b2e692cc7c1a48cd29a6,False,0.6666666666666666,0.33333333333333337
source_study,R0C-b2e852216dfd1390bec4,False,0.5652173913043478,0.4347826086956522
source_study,R0C-b3528d447de9b11ec7e1,False,0.45161290322580644,0.5483870967741935
source_study,R0C-b379ef6106bf385d0972,False,0.32727272727272727,0.6727272727272727
source_study,R0C-b37dc6906716f568c2a7,False,0.5964912280701754,0.4035087719298246
source_study,R0C-b37f73a19e64d1cac283,False,0.7333333333333333,0.2666666666666667
source_study,R0C-b3adee52368b3448f3e6,False,0.4461538461538462,0.5538461538461539
source_study,R0C-b3b3b7f820fd5f2d43c8,False,0.42857142857142855,0.5714285714285714
source_study,R0C-b3b4f314e2f87434a218,False,0.48717948717948717,0.5128205128205128
source_study,R0C-b3b84af67e6a1644150a,False,0.6231884057971014,0.37681159420289856
source_study,R0C-b3beb4d79f5eb3cbbd5b,False,0.6956521739130435,0.30434782608695654
source_study,R0C-b404437ffdb73847f5be,False,0.42857142857142855,0.5714285714285714
source_study,R0C-b40621a0029498177a0b,False,0.5283018867924528,0.4716981132075472
source_study,R0C-b411d16959427eb374f0,False,0.4461538461538462,0.5538461538461539
source_study,R0C-b48c46b8500956420b89,False,0.5964912280701754,0.4035087719298246
source_study,R0C-b4a39f8de9f8bb5621f7,False,0.5977011494252874,0.4022988505747126
source_study,R0C-b4d847f4f2b43a35ad72,False,0.5,0.5
source_study,R0C-b4fec36aa329a099f67e,False,0.4166666666666667,0.5833333333333333
source_study,R0C-b50e705c8cd9c410dca0,False,0.5142857142857142,0.48571428571428577
source_study,R0C-b5182c9791130d3a64f7,False,0.7230769230769231,0.27692307692307694
source_study,R0C-b54e94ec05f1a663d1cf,False,0.6486486486486487,0.3513513513513513
source_study,R0C-b552cd9bfadd741727e7,False,0.4107142857142857,0.5892857142857143
source_study,R0C-b58c1496ad73e27b6d8c,False,0.48214285714285715,0.5178571428571428
source_study,R0C-b59566072270474e7144,False,0.5172413793103449,0.48275862068965514
source_study,R0C-b595ccfefab85e22cc25,False,0.5645161290322581,0.4354838709677419
source_study,R0C-b5ae147864c41a36f8d3,False,0.5128205128205128,0.4871794871794872
source_study,R0C-b5bc405fbcf793ac3606,False,0.43333333333333335,0.5666666666666667
source_study,R0C-b5dcdd3eb3348f0ad406,False,0.4444444444444444,0.5555555555555556
source_study,R0C-b5e8d9824f0c3dd27777,False,0.47368421052631576,0.5263157894736843
source_study,R0C-b60b1e37dad9eb8c6449,False,0.5652173913043478,0.4347826086956522
source_study,R0C-b61df568ad055611e6d5,False,0.6041666666666666,0.39583333333333337
source_study,R0C-b62d2dd57b0d9978881f,False,0.42857142857142855,0.5714285714285714
source_study,R0C-b62df15b703721fd0503,False,0.65625,0.34375
source_study,R0C-b63ea6c85108909ab7fa,False,0.5789473684210527,0.42105263157894735
source_study,R0C-b645968373dcd9def5fd,False,0.42857142857142855,0.5714285714285714
source_study,R0C-b64f64dacd8fa1f897be,False,0.45454545454545453,0.5454545454545454
source_study,R0C-b65b0edb5e2e84c1435f,False,0.49056603773584906,0.5094339622641509
source_study,R0C-b6698d6581aa60fc0ada,False,0.4857142857142857,0.5142857142857142
source_study,R0C-b66eeb1bb7b2d27af907,False,0.3333333333333333,0.6666666666666667
source_study,R0C-b691019d61ab63da1632,False,0.5227272727272727,0.4772727272727273
source_study,R0C-b69b9ad1093e93241fdb,False,0.4666666666666667,0.5333333333333333
source_study,R0C-b6b1c15a2e1ec133897d,False,0.5625,0.4375
source_study,R0C-b6d504d27eda7e6c36a5,False,0.45098039215686275,0.5490196078431373
source_study,R0C-b6f740a1507aac8328e0,False,0.6153846153846154,0.3846153846153846
source_study,R0C-b70a68b76fcd452c766f,False,0.5151515151515151,0.48484848484848486
source_study,R0C-b71c9ca6b6cd4643e4e4,False,0.6984126984126984,0.3015873015873016
source_study,R0C-b71ed75ef4803964751d,False,0.42857142857142855,0.5714285714285714
source_study,R0C-b7250798845f8f71d0d3,False,0.6363636363636364,0.36363636363636365
source_study,R0C-b75847005e4519d20753,False,0.4857142857142857,0.5142857142857142
source_study,R0C-b762b934e1f9cb8a191d,False,0.46938775510204084,0.5306122448979591
source_study,R0C-b767790b034996fae1f0,False,0.4897959183673469,0.5102040816326531
source_study,R0C-b77c6480a9f4d93bf364,False,0.5178571428571429,0.4821428571428571
source_study,R0C-b7853a6661ff449d2603,False,0.5652173913043478,0.4347826086956522
source_study,R0C-b792a64b438e86daf3f2,False,0.5882352941176471,0.4117647058823529
source_study,R0C-b7d5da97a039013a8224,False,0.47540983606557374,0.5245901639344263
source_study,R0C-b801bd5ba8c74d296499,False,0.6326530612244898,0.36734693877551017
source_study,R0C-b85d82352d0c1a1126a5,False,0.4666666666666667,0.5333333333333333
source_study,R0C-b85f9deba1aa684b9db5,False,0.47540983606557374,0.5245901639344263
source_study,R0C-b8688c42a5865229e02e,False,0.7142857142857143,0.2857142857142857
source_study,R0C-b8b9d4cd4ac5af74b134,False,0.42857142857142855,0.5714285714285714
source_study,R0C-b8df4b6953b6f07eae5d,False,0.4423076923076923,0.5576923076923077
source_study,R0C-b91404668adb05f0e71b,False,0.4473684210526316,0.5526315789473684
source_study,R0C-b915fba66274a4443918,False,0.5853658536585366,0.41463414634146345
source_study,R0C-b91e02c6f1357e5f0f13,False,0.3333333333333333,0.6666666666666667
source_study,R0C-b928af58ef9eb16ef5cb,False,0.5227272727272727,0.4772727272727273
source_study,R0C-b95ee270a7562c518377,False,0.7323943661971831,0.2676056338028169
source_study,R0C-b995cf1bea992dc47f08,False,0.4423076923076923,0.5576923076923077
source_study,R0C-b9f0df10236b7c5f4150,False,0.4090909090909091,0.5909090909090908
source_study,R0C-ba34b080f4df699afca6,False,0.609375,0.390625
source_study,R0C-ba6dbf67a5a4f9a07b5b,False,0.4492753623188406,0.5507246376811594
source_study,R0C-ba6f5374301ca567695e,False,0.410958904109589,0.589041095890411
source_study,R0C-ba7359434ff3e7f0a4fe,False,0.4473684210526316,0.5526315789473684
source_study,R0C-ba9d75a8385e1c231881,False,0.49019607843137253,0.5098039215686274
source_study,R0C-ba9faed7394172521080,False,0.42857142857142855,0.5714285714285714
source_study,R0C-baa75f516a4dd76f2252,False,0.7096774193548387,0.29032258064516125
source_study,R0C-bac27dc08df33d841529,False,0.5652173913043478,0.4347826086956522
source_study,R0C-bae73940f570fa6dd755,False,0.4423076923076923,0.5576923076923077
source_study,R0C-bafc64dc34b4ca24a089,False,0.4583333333333333,0.5416666666666667
source_study,R0C-bb1c98a3b6bfbc29cac9,False,0.5396825396825397,0.46031746031746035
source_study,R0C-bb9c92ad1d42c28a8c2c,False,0.4880952380952381,0.5119047619047619
source_study,R0C-bb9e7f7c6daec92e5e51,False,0.7014925373134329,0.29850746268656714
source_study,R0C-bba91299c0464a0a40cc,False,0.32727272727272727,0.6727272727272727
source_study,R0C-bbc50431661a56a8e7d0,False,0.5967741935483871,0.4032258064516129
source_study,R0C-bbd27a3a79fcb5861fa4,False,0.46938775510204084,0.5306122448979591
source_study,R0C-bbe7e6c1a113537d7cfe,False,0.5,0.5
source_study,R0C-bbfb4cd1f1bb1fb9c35a,False,0.7049180327868853,0.29508196721311475
source_study,R0C-bc434f7b7dead761088d,False,0.5625,0.4375
source_study,R0C-bc62b8969254c2cdaef5,False,0.4583333333333333,0.5416666666666667
source_study,R0C-bca8be42cd2e9b70d552,False,0.44642857142857145,0.5535714285714286
source_study,R0C-bcb7a0f3f1b8cc1d4be7,False,0.6415094339622641,0.3584905660377359
source_study,R0C-bcdab81fcc89191f2350,False,0.5538461538461539,0.4461538461538461
source_study,R0C-bd15c0742e4d822b0c40,False,0.5454545454545454,0.4545454545454546
source_study,R0C-bd1a305e1b839e57e08a,False,0.6785714285714286,0.3214285714285714
source_study,R0C-bd4f77828f3492c2ff35,False,0.625,0.375
source_study,R0C-bd683652cd3d2274890b,False,0.49206349206349204,0.5079365079365079
source_study,R0C-bd7ac51334103d2eaae9,False,0.7272727272727273,0.2727272727272727
source_study,R0C-bd811e7e3fb1ea2201b0,False,0.7272727272727273,0.2727272727272727
source_study,R0C-bd87483c268c56807f31,False,0.75,0.25
source_study,R0C-bd87fa62acaecfc5406f,False,0.5882352941176471,0.4117647058823529
source_study,R0C-bd9f8f16a0ca4abc4346,False,0.4444444444444444,0.5555555555555556
source_study,R0C-bda502a2658bb4b701b6,False,0.6144578313253012,0.3855421686746988
source_study,R0C-bdd564095c82c3a84752,False,0.4745762711864407,0.5254237288135593
source_study,R0C-be24b317cb3c3bea855b,False,0.42857142857142855,0.5714285714285714
source_study,R0C-be292ad5f4f94b240017,False,0.6153846153846154,0.3846153846153846
source_study,R0C-be5fc93ee0badb14c46c,False,0.5652173913043478,0.4347826086956522
source_study,R0C-be60ef0d04f15b534518,False,0.6984126984126984,0.3015873015873016
source_study,R0C-be6d1f456504e5f4faa0,False,0.4339622641509434,0.5660377358490566
source_study,R0C-be72f6c852b7e81a691b,False,0.6923076923076923,0.3076923076923077
source_study,R0C-bec04a47ee5eaa68306a,False,0.42857142857142855,0.5714285714285714
source_study,R0C-bed614ea0c7667435520,False,0.4666666666666667,0.5333333333333333
source_study,R0C-bed85dde95bd8c8349a7,False,0.4897959183673469,0.5102040816326531
source_study,R0C-bedd34993f9ce5b5e150,False,0.6379310344827587,0.3620689655172413
source_study,R0C-bee333371810d1c81eed,False,0.4880952380952381,0.5119047619047619
source_study,R0C-bee42ab3221514d38be0,False,0.42857142857142855,0.5714285714285714
source_study,R0C-bf0169d72546eb87cc61,False,0.6774193548387096,0.32258064516129037
source_study,R0C-bf2404399e2f7b9a61fa,False,0.5,0.5
source_study,R0C-bf2d81baa9f63dbe939a,False,0.5689655172413793,0.43103448275862066
source_study,R0C-bf47c9a2dd6cf7774731,False,0.5211267605633803,0.47887323943661975
source_study,R0C-bf603655d12a232dd39c,False,0.32727272727272727,0.6727272727272727
source_study,R0C-bf6c654767bfae46a4f6,False,0.6923076923076923,0.3076923076923077
source_study,R0C-bfb38ecb0307f9c12ef9,False,0.42857142857142855,0.5714285714285714
source_study,R0C-bfbe52cdd4d31a091261,False,0.5689655172413793,0.43103448275862066
source_study,R0C-bfc70778f2d0695f73f5,False,0.5614035087719298,0.4385964912280702
source_study,R0C-bfdd261092eba0f4468d,False,0.4666666666666667,0.5333333333333333
source_study,R0C-bfe0169a019f7314f4da,False,0.6610169491525424,0.3389830508474576
source_study,R0C-bfe5dedcb3f0b5f138c5,False,0.4666666666666667,0.5333333333333333
source_study,R0C-bfe929af7fc90aaa1fb0,False,0.42857142857142855,0.5714285714285714
source_study,R0C-c01bd2ed2fbfd2cb32af,False,0.4230769230769231,0.5769230769230769
source_study,R0C-c03d3313834d19f6b858,False,0.4489795918367347,0.5510204081632653
source_study,R0C-c05794897cfa196489d0,False,0.611764705882353,0.388235294117647
source_study,R0C-c061ed76cf24b7144e34,False,0.5166666666666667,0.4833333333333333
source_study,R0C-c079274920f545dba3c3,False,0.7391304347826086,0.26086956521739135
source_study,R0C-c08fe6fc120fab8b2c57,False,0.42857142857142855,0.5714285714285714
source_study,R0C-c09099ad9b653dd8798d,False,0.5689655172413793,0.43103448275862066
source_study,R0C-c0952b07a53188ab3bb0,False,0.5652173913043478,0.4347826086956522
source_study,R0C-c0bf6b7adf395b74fb47,False,0.42857142857142855,0.5714285714285714
source_study,R0C-c103b93fe86f02863c04,False,0.5967741935483871,0.4032258064516129
source_study,R0C-c168816466d4c2ac5e79,False,0.5652173913043478,0.4347826086956522
source_study,R0C-c171c6ca23454e5fa0b7,False,0.6923076923076923,0.3076923076923077
source_study,R0C-c1826372ce71765f540b,False,0.42857142857142855,0.5714285714285714
source_study,R0C-c1a465dbb0ce7d559afc,False,0.42857142857142855,0.5714285714285714
source_study,R0C-c1bc9a3ecec6e5402480,False,0.32727272727272727,0.6727272727272727
source_study,R0C-c1d4b334af3cee490cec,False,0.390625,0.609375
source_study,R0C-c20da4e5090ec5c5bfcb,False,0.7,0.30000000000000004
source_study,R0C-c22ac7e9945a2c0cccb4,False,0.4375,0.5625
source_study,R0C-c24def23eb3d5a112cca,False,0.4838709677419355,0.5161290322580645
source_study,R0C-c254fb40b2a4610123fb,False,0.42857142857142855,0.5714285714285714
source_study,R0C-c258ddf0341e75abfc43,False,0.6428571428571429,0.3571428571428571
source_study,R0C-c27cee3a0818b1e0fec6,False,0.4423076923076923,0.5576923076923077
source_study,R0C-c292f88c5c36f390a484,False,0.6785714285714286,0.3214285714285714
source_study,R0C-c2a06b1f2e1250bbe731,False,0.7272727272727273,0.2727272727272727
source_study,R0C-c2b8a03b552d89d38fdc,False,0.4857142857142857,0.5142857142857142
source_study,R0C-c2cdd7a9023f9ad4a795,False,0.609375,0.390625
source_study,R0C-c2f9d8304618f9fbd9d3,False,0.6923076923076923,0.3076923076923077
source_study,R0C-c3051cb3e40ca8e2afcb,False,0.6875,0.3125
source_study,R0C-c31a71dc87924363c37e,False,0.5714285714285714,0.4285714285714286
source_study,R0C-c31f3715ab7b7f7675c6,False,0.7230769230769231,0.27692307692307694
source_study,R0C-c339102fee5096ab5f51,False,0.4,0.6
source_study,R0C-c35836053bb81b8f2f73,False,0.45098039215686275,0.5490196078431373
source_study,R0C-c362989329bfed1e2ffb,False,0.6268656716417911,0.3731343283582089
source_study,R0C-c37800ba5a8e8654daaf,False,0.48148148148148145,0.5185185185185186
source_study,R0C-c39bfdbab16aab974ef2,False,0.6779661016949152,0.3220338983050848
source_study,R0C-c39d10ef6034595b468e,False,0.43478260869565216,0.5652173913043479
source_study,R0C-c3a08c5d6a8e870ec6ed,False,0.7205882352941176,0.27941176470588236
source_study,R0C-c3e89b06560618df9483,False,0.4444444444444444,0.5555555555555556
source_study,R0C-c3f8f6f4ebb924623663,False,0.7246376811594203,0.2753623188405797
source_study,R0C-c3fe83bfe98f25d69f60,False,0.515625,0.484375
source_study,R0C-c400423008d73467683a,False,0.7096774193548387,0.29032258064516125
source_study,R0C-c417ce701a6e080cf538,False,0.6666666666666666,0.33333333333333337
source_study,R0C-c445eb96d1949a4ba1fc,False,0.6551724137931034,0.3448275862068966
source_study,R0C-c44cf86b4b106f7fa76d,False,0.5625,0.4375
source_study,R0C-c450a7cf276fc5898022,False,0.5,0.5
source_study,R0C-c450dad7ad0bd810cbf1,False,0.6290322580645161,0.3709677419354839
source_study,R0C-c46c9eb048c8b4ab5f94,False,0.4262295081967213,0.5737704918032787
source_study,R0C-c485720edfe6006cef2b,False,0.47368421052631576,0.5263157894736843
source_study,R0C-c4868061e9e5a2d4c9c4,False,0.5972222222222222,0.4027777777777778
source_study,R0C-c5150c9d9bad55baef24,False,0.42857142857142855,0.5714285714285714
source_study,R0C-c5347f27d5d9a3a039f3,False,0.6615384615384615,0.3384615384615385
source_study,R0C-c539d5ec3837cf288d4e,False,0.7435897435897436,0.2564102564102564
source_study,R0C-c53dd5997fd361f998c0,False,0.42857142857142855,0.5714285714285714
source_study,R0C-c5a522f4a239cbe65714,False,0.7096774193548387,0.29032258064516125
source_study,R0C-c5b9aeba004c0a8c7815,False,0.5360824742268041,0.4639175257731959
source_study,R0C-c5c3bae3a9204253a2c1,False,0.45098039215686275,0.5490196078431373
source_study,R0C-c5c6daa1170a962ee537,False,0.45901639344262296,0.540983606557377
source_study,R0C-c5ccf5ff8ee7a35197a1,False,0.5517241379310345,0.4482758620689655
source_study,R0C-c5cf1ba34619cf4d57be,False,0.6493506493506493,0.35064935064935066
source_study,R0C-c5d813ef1f760aee64e2,False,0.7230769230769231,0.27692307692307694
source_study,R0C-c609693efbe522982ad0,False,0.49019607843137253,0.5098039215686274
source_study,R0C-c613279421c74a4f478a,False,0.7230769230769231,0.27692307692307694
source_study,R0C-c61415f934aa4992839a,False,0.4827586206896552,0.5172413793103448
source_study,R0C-c62b56e4e69639975f24,False,0.5882352941176471,0.4117647058823529
source_study,R0C-c64d4e603c4f4065df0c,False,0.6271186440677966,0.3728813559322034
source_study,R0C-c6548d910f53733dc63a,False,0.4307692307692308,0.5692307692307692
source_study,R0C-c65a3c1766aa5d0323cc,False,0.625,0.375
source_study,R0C-c65e660146dfb1372602,False,0.7058823529411765,0.2941176470588235
source_study,R0C-c65ff579e301ad1a5443,False,0.42857142857142855,0.5714285714285714
source_study,R0C-c67e32920a0b04cafeb4,False,0.4666666666666667,0.5333333333333333
source_study,R0C-c6a09c4b56fc4f7e3772,False,0.32727272727272727,0.6727272727272727
source_study,R0C-c6c12b2c7c72eae88728,False,0.5531914893617021,0.44680851063829785
source_study,R0C-c6c2bf0a5cbb603044d4,False,0.4423076923076923,0.5576923076923077
source_study,R0C-c70f0b7e4b33d63c322d,False,0.6323529411764706,0.36764705882352944
source_study,R0C-c746367623baa3775eb5,False,0.43283582089552236,0.5671641791044777
source_study,R0C-c752078c49023d1eae7d,False,0.4666666666666667,0.5333333333333333
source_study,R0C-c7563aca3745148f022a,False,0.59375,0.40625
source_study,R0C-c7782d40a419ee257ee6,False,0.6774193548387096,0.32258064516129037
source_study,R0C-c78910863652e3f3e282,False,0.4489795918367347,0.5510204081632653
source_study,R0C-c78fbe95ae091812daea,False,0.7066666666666667,0.29333333333333333
source_study,R0C-c79fe937c1410abc8f7c,False,0.4857142857142857,0.5142857142857142
source_study,R0C-c7a6e65fc12338a5a6d4,False,0.48,0.52
source_study,R0C-c7b3ee9047813359e64d,False,0.4423076923076923,0.5576923076923077
source_study,R0C-c7c5780a2110d2f096bc,False,0.6875,0.3125
source_study,R0C-c7c5f6419426bb20d0ff,False,0.42857142857142855,0.5714285714285714
source_study,R0C-c834164aeb40a9cb6039,False,0.7236842105263158,0.2763157894736842
source_study,R0C-c8627d617a8f3390c5de,False,0.65625,0.34375
source_study,R0C-c8672915049b47fc164e,False,0.32727272727272727,0.6727272727272727
source_study,R0C-c8bf081effa3e45d8849,False,0.5625,0.4375
source_study,R0C-c92d7230deaa895501c7,False,0.46938775510204084,0.5306122448979591
source_study,R0C-c95939d79580ecd7cecd,False,0.4230769230769231,0.5769230769230769
source_study,R0C-c9656bbfcf7e7377d81a,False,0.5223880597014925,0.4776119402985075
source_study,R0C-c97376fcc3cb3bc13520,False,0.6265060240963856,0.37349397590361444
source_study,R0C-c9a984f23ae121905a6e,False,0.6875,0.3125
source_study,R0C-c9d1242b8312724d2a19,False,0.48717948717948717,0.5128205128205128
source_study,R0C-c9fd717aa3d0c8d78a46,False,0.46938775510204084,0.5306122448979591
source_study,R0C-ca077d20ae127a08b784,False,0.4666666666666667,0.5333333333333333
source_study,R0C-ca0865984b6703c05642,False,0.32727272727272727,0.6727272727272727
source_study,R0C-ca0aa9fdeb0d5cfb0e54,False,0.5230769230769231,0.4769230769230769
source_study,R0C-ca12c499c5aab73af7e3,False,0.5,0.5
source_study,R0C-ca1d08aa97224485f7a7,False,0.7058823529411765,0.2941176470588235
source_study,R0C-ca204fa06be241d33e96,False,0.5714285714285714,0.4285714285714286
source_study,R0C-ca4d8079f02a2a83bc0a,False,0.5370370370370371,0.4629629629629629
source_study,R0C-ca738548c3fe629ed421,False,0.40816326530612246,0.5918367346938775
source_study,R0C-ca9607ff1ac107dc4235,False,0.5227272727272727,0.4772727272727273
source_study,R0C-caa9df235c38196fd88d,False,0.423728813559322,0.576271186440678
source_study,R0C-caf0040d38e23fb61226,False,0.5625,0.4375
source_study,R0C-cb0ce0b95662d92fd690,False,0.32727272727272727,0.6727272727272727
source_study,R0C-cb34add2041f9695bc31,False,0.43478260869565216,0.5652173913043479
source_study,R0C-cb49751a3143282d311a,False,0.6935483870967742,0.30645161290322576
source_study,R0C-cb5ce2a5890583e51452,False,0.6610169491525424,0.3389830508474576
source_study,R0C-cb7d341cf3f10715929e,False,0.4857142857142857,0.5142857142857142
source_study,R0C-cb815f118472974681c0,False,0.7246376811594203,0.2753623188405797
source_study,R0C-cb84e27ee61ff4b60035,False,0.5531914893617021,0.44680851063829785
source_study,R0C-cbc4989efe8b0ffcfb6f,False,0.5531914893617021,0.44680851063829785
source_study,R0C-cc14497e0cc0b15dba5e,False,0.7049180327868853,0.29508196721311475
source_study,R0C-cc325c7e6bc0d3958847,False,0.6153846153846154,0.3846153846153846
source_study,R0C-cc3cbe90ab662ef892bf,False,0.43137254901960786,0.5686274509803921
source_study,R0C-cc4c410c3775417d8b29,False,0.4666666666666667,0.5333333333333333
source_study,R0C-cc794bd4bf6b6cc87a76,False,0.42857142857142855,0.5714285714285714
source_study,R0C-cc7a169bccf0f1720a87,False,0.45652173913043476,0.5434782608695652
source_study,R0C-cc97edfa496fdace0093,False,0.5531914893617021,0.44680851063829785
source_study,R0C-ccbf442b82016b0daa87,False,0.48148148148148145,0.5185185185185186
source_study,R0C-ccc34a84a314f70e4866,False,0.5645161290322581,0.4354838709677419
source_study,R0C-ccd2c99f806583e4f4e1,False,0.42857142857142855,0.5714285714285714
source_study,R0C-cced31142fc0cf032144,False,0.717948717948718,0.28205128205128205
source_study,R0C-ccf3d46df8752bdb31d9,False,0.3333333333333333,0.6666666666666667
source_study,R0C-ccfacab3fecd0317bf95,False,0.42857142857142855,0.5714285714285714
source_study,R0C-cd780be4a90a1ec59275,False,0.6376811594202898,0.3623188405797102
source_study,R0C-cd78103db9dd0b916236,False,0.42857142857142855,0.5714285714285714
source_study,R0C-cd8d294ae7f5381b4e05,False,0.7361111111111112,0.26388888888888884
source_study,R0C-cdb3a4fbabbf95f03c10,False,0.6935483870967742,0.30645161290322576
source_study,R0C-cdd5d0669e3ac455ac93,False,0.5967741935483871,0.4032258064516129
source_study,R0C-cdd69b5350f7cb193dc1,False,0.4883720930232558,0.5116279069767442
source_study,R0C-cddaaa6d0b5106373e05,False,0.5211267605633803,0.47887323943661975
source_study,R0C-cddf2c2a928e0285b955,False,0.7,0.30000000000000004
source_study,R0C-cde219fd111ad846f1fd,False,0.6610169491525424,0.3389830508474576
source_study,R0C-cdee2ded7feb889bb8f8,False,0.6271186440677966,0.3728813559322034
source_study,R0C-ce019783f2767a2de94b,False,0.4642857142857143,0.5357142857142857
source_study,R0C-ce1386fd300509366c20,False,0.5074626865671642,0.4925373134328358
source_study,R0C-ce1696f0da85c13b90b1,False,0.4166666666666667,0.5833333333333333
source_study,R0C-ce1e2f45eaea31d75a07,False,0.43283582089552236,0.5671641791044777
source_study,R0C-ce5f7ae7fd1a617be775,False,0.7123287671232876,0.28767123287671237
source_study,R0C-ce61aab2b2362148652e,False,0.42857142857142855,0.5714285714285714
source_study,R0C-ce85f1dcc29d78b1209e,False,0.7352941176470589,0.2647058823529411
source_study,R0C-ce9701e0761a03201e34,False,0.42857142857142855,0.5714285714285714
source_study,R0C-cead7ac9e99695a7ac3f,False,0.6935483870967742,0.30645161290322576
source_study,R0C-ceb8523b4fb7ef11ec94,False,0.6794871794871795,0.3205128205128205
source_study,R0C-ced21fd000d729f35b8e,False,0.4666666666666667,0.5333333333333333
source_study,R0C-cef5ac14ba6c9a7a93f2,False,0.42857142857142855,0.5714285714285714
source_study,R0C-cf6f39329170dadc528e,False,0.49206349206349204,0.5079365079365079
source_study,R0C-cf8b152f9f883770a649,False,0.6440677966101694,0.35593220338983056
source_study,R0C-cf8cd187f8e3e122fcdf,False,0.5232558139534884,0.4767441860465116
source_study,R0C-cfa076cc8330e1952109,False,0.5740740740740741,0.42592592592592593
source_study,R0C-cfc3b1030d205e4a265c,False,0.4883720930232558,0.5116279069767442
source_study,R0C-cfc561589a5ce68787b7,False,0.45161290322580644,0.5483870967741935
source_study,R0C-cfcb1ef39c326c448509,False,0.6551724137931034,0.3448275862068966
source_study,R0C-cfcb7d71062f15e44965,False,0.5287356321839081,0.47126436781609193
source_study,R0C-cfccb0d2f487d3e47e27,False,0.5,0.5
source_study,R0C-cfd601907adc8fa9df0d,False,0.47368421052631576,0.5263157894736843
source_study,R0C-d001141ac2f5abef03fc,False,0.6973684210526315,0.3026315789473685
source_study,R0C-d0210935cf2b854a05c3,False,0.4857142857142857,0.5142857142857142
source_study,R0C-d02f871f44c8756dc04e,False,0.5510204081632653,0.44897959183673475
source_study,R0C-d0746e52d2090e3e97c0,False,0.7014925373134329,0.29850746268656714
source_study,R0C-d0b784ad3d29f3e2fcd1,False,0.42857142857142855,0.5714285714285714
source_study,R0C-d0c038cd630a211c7951,False,0.425531914893617,0.574468085106383
source_study,R0C-d0d319491eb8d26fbe6f,False,0.5254237288135594,0.47457627118644063
source_study,R0C-d0df52a61b540250b308,False,0.4666666666666667,0.5333333333333333
source_study,R0C-d0e03ac10d91480f7684,False,0.6515151515151515,0.3484848484848485
source_study,R0C-d122560d22ff3cc0c91a,False,0.6,0.4
source_study,R0C-d12807d92988313d84f2,False,0.5818181818181818,0.4181818181818182
source_study,R0C-d12e8846fcc7769036f8,False,0.6190476190476191,0.38095238095238093
source_study,R0C-d13f62d96ad293871d74,False,0.5365853658536586,0.46341463414634143
source_study,R0C-d1673237c1117db75b43,False,0.32727272727272727,0.6727272727272727
source_study,R0C-d1ab07732b7e22be0784,False,0.5614035087719298,0.4385964912280702
source_study,R0C-d1b88f32803d18f837b0,False,0.6714285714285714,0.3285714285714286
source_study,R0C-d1c69723082f4e440e5f,False,0.5087719298245614,0.49122807017543857
source_study,R0C-d1d9cdd87a54fa6dd8c1,False,0.5714285714285714,0.4285714285714286
source_study,R0C-d2184c7a3b007389f83e,False,0.42105263157894735,0.5789473684210527
source_study,R0C-d22c732514a8a144e429,False,0.5151515151515151,0.48484848484848486
source_study,R0C-d24385096ab53427fa46,False,0.4666666666666667,0.5333333333333333
source_study,R0C-d253709e7c2bf7048ecd,False,0.6352941176470588,0.3647058823529412
source_study,R0C-d273b103a6323b041ded,False,0.47540983606557374,0.5245901639344263
source_study,R0C-d28c039ff0e1ef070d12,False,0.7014925373134329,0.29850746268656714
source_study,R0C-d2b2d4678eb29138f164,False,0.4375,0.5625
source_study,R0C-d2f12ab42f49ef58e999,False,0.5476190476190477,0.45238095238095233
source_study,R0C-d308f9fd9eb1cfe1808e,False,0.43283582089552236,0.5671641791044777
source_study,R0C-d30fe6f386880b5bed03,False,0.5967741935483871,0.4032258064516129
source_study,R0C-d33c3ab9e41c7629e61b,False,0.42857142857142855,0.5714285714285714
source_study,R0C-d33e6138ba865f83f163,False,0.42857142857142855,0.5714285714285714
source_study,R0C-d34af16822470ccaf55c,False,0.42857142857142855,0.5714285714285714
source_study,R0C-d34d11e77d66bf7ab831,False,0.32727272727272727,0.6727272727272727
source_study,R0C-d35d2e26520a99f6976a,False,0.5714285714285714,0.4285714285714286
source_study,R0C-d36c3fcb3853da4055e7,False,0.5609756097560976,0.4390243902439024
source_study,R0C-d3882d6126067719cf1f,False,0.4583333333333333,0.5416666666666667
source_study,R0C-d393aa377191bd2992ac,False,0.6419753086419753,0.3580246913580247
source_study,R0C-d3b79cf011af94637c97,False,0.6455696202531646,0.35443037974683544
source_study,R0C-d3d5ee273e97c4cbcd90,False,0.546875,0.453125
source_study,R0C-d3dbf104ab53bb747a41,False,0.7333333333333333,0.2666666666666667
source_study,R0C-d3fabd26a28f169aae71,False,0.4166666666666667,0.5833333333333333
source_study,R0C-d402c6b0f80d98e47763,False,0.5777777777777777,0.4222222222222223
source_study,R0C-d41669cb322dcefbaea8,False,0.5531914893617021,0.44680851063829785
source_study,R0C-d44160f5865c6971deb9,False,0.4857142857142857,0.5142857142857142
source_study,R0C-d445e9bc9f16643c7d33,False,0.4666666666666667,0.5333333333333333
source_study,R0C-d45660644b67b85e5f1a,False,0.5263157894736842,0.4736842105263158
source_study,R0C-d4b1abf9f49e089abad2,False,0.6538461538461539,0.34615384615384615
source_study,R0C-d4bcf4778209c81fa4f9,False,0.44642857142857145,0.5535714285714286
source_study,R0C-d4f34c7060495ad6e330,False,0.6410256410256411,0.3589743589743589
source_study,R0C-d52d4a7833c3fda121d0,False,0.45098039215686275,0.5490196078431373
source_study,R0C-d5580ee61abb43851c15,False,0.4642857142857143,0.5357142857142857
source_study,R0C-d57171bf1968fbc6bbe2,False,0.6962025316455697,0.30379746835443033
source_study,R0C-d5812102381e99a78cf9,False,0.5131578947368421,0.48684210526315785
source_study,R0C-d5a02f13220eeec40c58,False,0.37735849056603776,0.6226415094339622
source_study,R0C-d5a18594df116694a9bf,False,0.484375,0.515625
source_study,R0C-d5d0914acdb8852b55d1,False,0.5652173913043478,0.4347826086956522
source_study,R0C-d5d9197e5b16581d5a7d,False,0.5692307692307692,0.4307692307692308
source_study,R0C-d63f9e34b24759730ad4,False,0.6417910447761194,0.35820895522388063
source_study,R0C-d65cdc448ffa2235ea46,False,0.5652173913043478,0.4347826086956522
source_study,R0C-d67049aeba73df8f811b,False,0.5227272727272727,0.4772727272727273
source_study,R0C-d671c93e15dc5dd514ad,False,0.627906976744186,0.37209302325581395
source_study,R0C-d680c4e9a6d57e161e1a,False,0.4166666666666667,0.5833333333333333
source_study,R0C-d68fa1b87a8d854413a8,False,0.32727272727272727,0.6727272727272727
source_study,R0C-d698c5e53f7978536bb5,False,0.42857142857142855,0.5714285714285714
source_study,R0C-d6dfa6076841336af443,False,0.425531914893617,0.574468085106383
source_study,R0C-d6e0481b7722f30f12a7,False,0.7205882352941176,0.27941176470588236
source_study,R0C-d6ee4c622052121a7c1c,False,0.5,0.5
source_study,R0C-d704b24d71a2795874a0,False,0.47368421052631576,0.5263157894736843
source_study,R0C-d70af536c131f6adaa86,False,0.32727272727272727,0.6727272727272727
source_study,R0C-d71d7a25e81be415b1e4,False,0.43859649122807015,0.5614035087719298
source_study,R0C-d72b526c6491a98bae75,False,0.5686274509803921,0.43137254901960786
source_study,R0C-d77689b8c0f8b3e247af,False,0.5365853658536586,0.46341463414634143
source_study,R0C-d7cc9cd8ab7c25124ca9,False,0.6333333333333333,0.3666666666666667
source_study,R0C-d7e2c16d351750276c92,False,0.42857142857142855,0.5714285714285714
source_study,R0C-d844a16cd710fcaae2cd,False,0.6610169491525424,0.3389830508474576
source_study,R0C-d8675745aff4690ffcfb,False,0.6363636363636364,0.36363636363636365
source_study,R0C-d86c36d9a3155fc5bdfa,False,0.32727272727272727,0.6727272727272727
source_study,R0C-d892f6f47edad2d6170c,False,0.41935483870967744,0.5806451612903225
source_study,R0C-d8b67b5513e4537b6471,False,0.4423076923076923,0.5576923076923077
source_study,R0C-d8b99531d8862b23f0f0,False,0.65625,0.34375
source_study,R0C-d8e50e372575508be8a1,False,0.6666666666666666,0.33333333333333337
source_study,R0C-d90cb735bb042e33b8da,False,0.42857142857142855,0.5714285714285714
source_study,R0C-d933df4c39edc9434dae,False,0.4864864864864865,0.5135135135135135
source_study,R0C-d934ce8e702df333911c,False,0.453125,0.546875
source_study,R0C-d93a0a3a6967810b2bcc,False,0.6875,0.3125
source_study,R0C-d93ec1237d9dd1ccf3ed,False,0.5,0.5
source_study,R0C-d946463903467b67ce7a,False,0.6231884057971014,0.37681159420289856
source_study,R0C-d9a5606a4a36ab7d13f7,False,0.48214285714285715,0.5178571428571428
source_study,R0C-d9a69b2e56248e13c635,False,0.4897959183673469,0.5102040816326531
source_study,R0C-d9b216443776d9d2bed0,False,0.42857142857142855,0.5714285714285714
source_study,R0C-d9d18dc05bd87400387c,False,0.4666666666666667,0.5333333333333333
source_study,R0C-d9e8b193680bd41cb9b4,False,0.7272727272727273,0.2727272727272727
source_study,R0C-da05db0068a0b1ee5c08,False,0.6987951807228916,0.3012048192771084
source_study,R0C-da0e7d6f79ae9f830373,False,0.7014925373134329,0.29850746268656714
source_study,R0C-da67cad8130d69785ced,False,0.6323529411764706,0.36764705882352944
source_study,R0C-da7ef2da12332efc63a0,False,0.46938775510204084,0.5306122448979591
source_study,R0C-daa18da50bc0c573b4fc,False,0.4444444444444444,0.5555555555555556
source_study,R0C-daa7cf570e66e8f9e92c,False,0.42857142857142855,0.5714285714285714
source_study,R0C-daacd901bcf354fbd837,False,0.5892857142857143,0.4107142857142857
source_study,R0C-dac44dc9122ee0a96263,False,0.6101694915254238,0.38983050847457623
source_study,R0C-daca5208f3e92ff12488,False,0.5949367088607594,0.40506329113924056
source_study,R0C-dacb8bd5bb9edc7bba64,False,0.4626865671641791,0.5373134328358209
source_study,R0C-dacc6d55e68b9efba00a,False,0.4918032786885246,0.5081967213114754
source_study,R0C-dadc73d529f3155f4bf2,False,0.40625,0.59375
source_study,R0C-daef69a543e7dff157bd,False,0.576271186440678,0.423728813559322
source_study,R0C-db2d991de62e35301eb5,False,0.6046511627906976,0.39534883720930236
source_study,R0C-db56dfd178fb56c35aac,False,0.5555555555555556,0.4444444444444444
source_study,R0C-dbc86fb4fd9e73f7bfb7,False,0.5142857142857142,0.48571428571428577
source_study,R0C-dbcdc21dd696b1288c40,False,0.4153846153846154,0.5846153846153845
source_study,R0C-dbd8073a4cff4031643b,False,0.410958904109589,0.589041095890411
source_study,R0C-dbe8c1ec754e631433b2,False,0.6282051282051282,0.3717948717948718
source_study,R0C-dc16b560bcc6efdd6d60,False,0.46551724137931033,0.5344827586206897
source_study,R0C-dc4402adebd92ddebb71,False,0.46551724137931033,0.5344827586206897
source_study,R0C-dc7c464ac3e363a4ea02,False,0.4714285714285714,0.5285714285714286
source_study,R0C-dca00977b7585515b720,False,0.6129032258064516,0.3870967741935484
source_study,R0C-dcafc9ad955ecc1a5341,False,0.6376811594202898,0.3623188405797102
source_study,R0C-dcc8240d11f6c4cd0cce,False,0.5714285714285714,0.4285714285714286
source_study,R0C-dcdad457b798a6dc9457,False,0.40540540540540543,0.5945945945945945
source_study,R0C-dcef5705cdb06b4ab1cd,False,0.6610169491525424,0.3389830508474576
source_study,R0C-dcf9feae7ffa526cbdca,False,0.7272727272727273,0.2727272727272727
source_study,R0C-dd05a29217ba3bacfbd8,False,0.32727272727272727,0.6727272727272727
source_study,R0C-dd2ad2110ce6e8f0cd40,False,0.32727272727272727,0.6727272727272727
source_study,R0C-dd3d31c15090ee8212a2,False,0.6,0.4
source_study,R0C-dd6599ee22eeb7bb3f33,False,0.7222222222222222,0.2777777777777778
source_study,R0C-dd8e6e16434e0b99a20f,False,0.5714285714285714,0.4285714285714286
source_study,R0C-dd9f9cd32d75a7c4bffd,False,0.7014925373134329,0.29850746268656714
source_study,R0C-dda3e3274a65722d95b0,False,0.32727272727272727,0.6727272727272727
source_study,R0C-ddb5b7d2f8d87d51c154,False,0.32727272727272727,0.6727272727272727
source_study,R0C-ddc3ec006c6228b0f6ee,False,0.5283018867924528,0.4716981132075472
source_study,R0C-ddd928674d30983f932e,False,0.7058823529411765,0.2941176470588235
source_study,R0C-ddec00f5597a27772941,False,0.7361111111111112,0.26388888888888884
source_study,R0C-ddf01342305dd204b6bb,False,0.391304347826087,0.6086956521739131
source_study,R0C-ddf0701e365704f6ee3e,False,0.4727272727272727,0.5272727272727273
source_study,R0C-de54f54ac39c0cf12d55,False,0.44642857142857145,0.5535714285714286
source_study,R0C-de61a0a46e851ea743ef,False,0.4857142857142857,0.5142857142857142
source_study,R0C-deb58b74e9b11dcd98ed,False,0.5531914893617021,0.44680851063829785
source_study,R0C-debb2a4b9539df87e4cf,False,0.6133333333333333,0.3866666666666667
source_study,R0C-dece7a465fb5ba492088,False,0.56,0.43999999999999995
source_study,R0C-dee0fbaa181613b72664,False,0.5625,0.4375
source_study,R0C-deecbab919b2e25d3763,False,0.5,0.5
source_study,R0C-df4fd3245278dc84d633,False,0.46938775510204084,0.5306122448979591
source_study,R0C-df5ecf589543bc33f071,False,0.42857142857142855,0.5714285714285714
source_study,R0C-df988f728dd6142ba82b,False,0.6153846153846154,0.3846153846153846
source_study,R0C-dfa3bdd6f109db9d5b88,False,0.423728813559322,0.576271186440678
source_study,R0C-dfda255ad190ed371477,False,0.45454545454545453,0.5454545454545454
source_study,R0C-dfdd0b4e35edd70f1d5b,False,0.4473684210526316,0.5526315789473684
source_study,R0C-dfe61ff11ac758c5cac6,False,0.4,0.6
source_study,R0C-e012a4499b8d828cab82,False,0.7246376811594203,0.2753623188405797
source_study,R0C-e01d7711242e3a50738b,False,0.5,0.5
source_study,R0C-e02c758210b9f439498c,False,0.7272727272727273,0.2727272727272727
source_study,R0C-e06de611acc21cea7196,False,0.7096774193548387,0.29032258064516125
source_study,R0C-e0b607a20ab2ae4f9233,False,0.46938775510204084,0.5306122448979591
source_study,R0C-e0c0af223fb218b70157,False,0.4423076923076923,0.5576923076923077
source_study,R0C-e0cbf8f4c981e3644f96,False,0.4827586206896552,0.5172413793103448
source_study,R0C-e0df8303e3ce2b0a3648,False,0.44642857142857145,0.5535714285714286
source_study,R0C-e10fab671c8793ae9390,False,0.4489795918367347,0.5510204081632653
source_study,R0C-e136037bf995aefe17cc,False,0.7230769230769231,0.27692307692307694
source_study,R0C-e136de079918e378101b,False,0.6268656716417911,0.3731343283582089
source_study,R0C-e13fea07e2d6ca023b9b,False,0.42857142857142855,0.5714285714285714
source_study,R0C-e15eb894207ff3338409,False,0.7361111111111112,0.26388888888888884
source_study,R0C-e19b702c7cf89dd6eeea,False,0.46774193548387094,0.532258064516129
source_study,R0C-e1a9ac5d10b22bf69f19,False,0.42857142857142855,0.5714285714285714
source_study,R0C-e1b4a2f2a4df6433ab02,False,0.4666666666666667,0.5333333333333333
source_study,R0C-e1d956ecb3dd9d92e862,False,0.6363636363636364,0.36363636363636365
source_study,R0C-e1e4c66809be015701f9,False,0.4666666666666667,0.5333333333333333
source_study,R0C-e2140a1815999cc1d449,False,0.5862068965517241,0.4137931034482759
source_study,R0C-e2224e349654748d14a9,False,0.7058823529411765,0.2941176470588235
source_study,R0C-e24e833026d2711f48c3,False,0.5061728395061729,0.49382716049382713
source_study,R0C-e2a06449bfac02a48100,False,0.6417910447761194,0.35820895522388063
source_study,R0C-e2b378fc863db52e3cf4,False,0.4423076923076923,0.5576923076923077
source_study,R0C-e2b3d4a206f966eb0ee0,False,0.7123287671232876,0.28767123287671237
source_study,R0C-e2dbc7707ce8671c9bd4,False,0.4642857142857143,0.5357142857142857
source_study,R0C-e3142cdb63a8627dd90b,False,0.48717948717948717,0.5128205128205128
source_study,R0C-e3532d632cc488776274,False,0.40816326530612246,0.5918367346938775
source_study,R0C-e3613ad1863bf524ca1f,False,0.6610169491525424,0.3389830508474576
source_study,R0C-e389b8218b78a19b821b,False,0.5657894736842105,0.4342105263157895
source_study,R0C-e3c483465df8733790a9,False,0.4883720930232558,0.5116279069767442
source_study,R0C-e445b24aaa326ba75ada,False,0.4857142857142857,0.5142857142857142
source_study,R0C-e4656550320c47de1aac,False,0.42857142857142855,0.5714285714285714
source_study,R0C-e4a7f387561b2b2fe5e3,False,0.43283582089552236,0.5671641791044777
source_study,R0C-e4b5743f1c4e586a3b72,False,0.42857142857142855,0.5714285714285714
source_study,R0C-e4b7fa5de388a2a68d59,False,0.5416666666666666,0.45833333333333337
source_study,R0C-e4cb35c079d52a5b0f64,False,0.4642857142857143,0.5357142857142857
source_study,R0C-e4eae6c6eb3d32970ec4,False,0.5909090909090909,0.40909090909090906
source_study,R0C-e51b1b932afb7f87c898,False,0.42857142857142855,0.5714285714285714
source_study,R0C-e52058d4aa6aa0d38e2a,False,0.576271186440678,0.423728813559322
source_study,R0C-e5278020ea9b2f14a031,False,0.6794871794871795,0.3205128205128205
source_study,R0C-e52fd76ce3668c89ad57,False,0.425531914893617,0.574468085106383
source_study,R0C-e54272dab21fd92b4d8b,False,0.42857142857142855,0.5714285714285714
source_study,R0C-e54cb7f7e80fde2ee7a8,False,0.48717948717948717,0.5128205128205128
source_study,R0C-e55c9ec51f19f9ace45a,False,0.4461538461538462,0.5538461538461539
source_study,R0C-e5630eac266cc4dd3179,False,0.4423076923076923,0.5576923076923077
source_study,R0C-e56ac25fa76948199986,False,0.5192307692307693,0.4807692307692307
source_study,R0C-e576d23c07e4e5a02537,False,0.5777777777777777,0.4222222222222223
source_study,R0C-e58a3611e164b8764f4e,False,0.4722222222222222,0.5277777777777778
source_study,R0C-e5e086e024bdf91b8f61,False,0.5227272727272727,0.4772727272727273
source_study,R0C-e5e7194a3d43c05bdfd0,False,0.5967741935483871,0.4032258064516129
source_study,R0C-e5ec8ea3b59564f02c2c,False,0.4875,0.5125
source_study,R0C-e621d89c0ea2ca3eaa71,False,0.42857142857142855,0.5714285714285714
source_study,R0C-e632b9e160e1919af285,False,0.6951219512195121,0.30487804878048785
source_study,R0C-e636d7861ed416ae713a,False,0.4461538461538462,0.5538461538461539
source_study,R0C-e65ac37f511005daec4d,False,0.42857142857142855,0.5714285714285714
source_study,R0C-e65e9ab95fbd25247b9e,False,0.6037735849056604,0.39622641509433965
source_study,R0C-e672befc5790413accd1,False,0.45098039215686275,0.5490196078431373
source_study,R0C-e6734496884e566fdb5a,False,0.6610169491525424,0.3389830508474576
source_study,R0C-e674f789971d3a77b67c,False,0.6551724137931034,0.3448275862068966
source_study,R0C-e696024249c7605303ac,False,0.42857142857142855,0.5714285714285714
source_study,R0C-e69fde2d0651f1df4b49,False,0.43283582089552236,0.5671641791044777
source_study,R0C-e6b35b229f24f38750fa,False,0.5614035087719298,0.4385964912280702
source_study,R0C-e6c9c0f6c262eab95ac4,False,0.4666666666666667,0.5333333333333333
source_study,R0C-e6df199d828ad48787bf,False,0.4857142857142857,0.5142857142857142
source_study,R0C-e6fc400651224542ceb5,False,0.7391304347826086,0.26086956521739135
source_study,R0C-e70c3d560d00e967ce49,False,0.5967741935483871,0.4032258064516129
source_study,R0C-e7513112ec471aad2b9f,False,0.32727272727272727,0.6727272727272727
source_study,R0C-e7668684861d6a68e9ac,False,0.7183098591549296,0.2816901408450704
source_study,R0C-e780b0d0c1831ab39d7a,False,0.45098039215686275,0.5490196078431373
source_study,R0C-e792da70540477dd6321,False,0.7368421052631579,0.26315789473684215
source_study,R0C-e7d01046d7a3112d9398,False,0.5517241379310345,0.4482758620689655
source_study,R0C-e7fa41d34c21fb185d83,False,0.7142857142857143,0.2857142857142857
source_study,R0C-e818f7b80be98716fd92,False,0.4666666666666667,0.5333333333333333
source_study,R0C-e82b1e24782ee0afc381,False,0.4918032786885246,0.5081967213114754
source_study,R0C-e83cdb113694404a3237,False,0.6923076923076923,0.3076923076923077
source_study,R0C-e874d157acfd1488e0c9,False,0.32,0.6799999999999999
source_study,R0C-e8802d7bb8407358a065,False,0.46938775510204084,0.5306122448979591
source_study,R0C-e8d0809b300444b0c53f,False,0.5227272727272727,0.4772727272727273
source_study,R0C-e8ddda4d95e5557f9742,False,0.47368421052631576,0.5263157894736843
source_study,R0C-e900b4216186d623de3c,False,0.46551724137931033,0.5344827586206897
source_study,R0C-e90357d99b62dfd29e76,False,0.5373134328358209,0.4626865671641791
source_study,R0C-e958b33057d78e39ff9c,False,0.4883720930232558,0.5116279069767442
source_study,R0C-e959e3bed5e2a1018d99,False,0.6538461538461539,0.34615384615384615
source_study,R0C-e96a42a2a52197beabda,False,0.6170212765957447,0.3829787234042553
source_study,R0C-e96fd814adccace6795e,False,0.5652173913043478,0.4347826086956522
source_study,R0C-e9806500cf3281fd529c,False,0.6231884057971014,0.37681159420289856
source_study,R0C-e99edea69eb35f25cba4,False,0.5227272727272727,0.4772727272727273
source_study,R0C-e9a2e914811908ad4524,False,0.4666666666666667,0.5333333333333333
source_study,R0C-e9a526ab18da4c6566ad,False,0.6984126984126984,0.3015873015873016
source_study,R0C-e9c2ddea40b80faec3ba,False,0.4626865671641791,0.5373134328358209
source_study,R0C-e9ca0deeb0e7ca56acec,False,0.6621621621621622,0.33783783783783783
source_study,R0C-e9ebe56d7c79d8f73ba5,False,0.4857142857142857,0.5142857142857142
source_study,R0C-e9f6ad3eae06aa5cd535,False,0.4888888888888889,0.5111111111111111
source_study,R0C-ea0e3677b08986bb0ea1,False,0.654320987654321,0.345679012345679
source_study,R0C-ea2b2d8afc2ef45e8fd5,False,0.5227272727272727,0.4772727272727273
source_study,R0C-ea589e95e3dfbd4fc091,False,0.6956521739130435,0.30434782608695654
source_study,R0C-ea83b0df6fa8d5927e41,False,0.47297297297297297,0.527027027027027
source_study,R0C-ea94ba61d83289e39e25,False,0.6046511627906976,0.39534883720930236
source_study,R0C-ea94c57de116094b8eab,False,0.4857142857142857,0.5142857142857142
source_study,R0C-ea9c5b1a62161ed663b5,False,0.5531914893617021,0.44680851063829785
source_study,R0C-eac07272dc38d61823b4,False,0.6551724137931034,0.3448275862068966
source_study,R0C-eae5d7379d877358ec92,False,0.40540540540540543,0.5945945945945945
source_study,R0C-eaf5200fe3d325c6b918,False,0.6875,0.3125
source_study,R0C-eafa5cba5ed0a0f606c9,False,0.5652173913043478,0.4347826086956522
source_study,R0C-eafcfa01eb57b7fa2c61,False,0.7058823529411765,0.2941176470588235
source_study,R0C-eb3258eb77834d3ca462,False,0.46938775510204084,0.5306122448979591
source_study,R0C-eb441278333603f39ca2,False,0.7083333333333334,0.29166666666666663
source_study,R0C-eb64f50c52b881fc2e48,False,0.46938775510204084,0.5306122448979591
source_study,R0C-eb6615a80c85902ff9f3,False,0.5531914893617021,0.44680851063829785
source_study,R0C-ebbe539b953500f720ea,False,0.4583333333333333,0.5416666666666667
source_study,R0C-ebc2bcd2ab322791638b,False,0.49382716049382713,0.5061728395061729
source_study,R0C-ebd68a9e79c59f983543,False,0.42857142857142855,0.5714285714285714
source_study,R0C-ebf1d5662958d985fa17,False,0.32727272727272727,0.6727272727272727
source_study,R0C-ec02de437d0fec2b34f1,False,0.45161290322580644,0.5483870967741935
source_study,R0C-ec090e1338cf7f63721b,False,0.42857142857142855,0.5714285714285714
source_study,R0C-ec38e9beb15e0debfe9e,False,0.5135135135135135,0.4864864864864865
source_study,R0C-ec3a34597c5fbd845e4a,False,0.45588235294117646,0.5441176470588236
source_study,R0C-ec3d8f56ea6957935cc9,False,0.7246376811594203,0.2753623188405797
source_study,R0C-ec763ceba4a76c4b8773,False,0.5652173913043478,0.4347826086956522
source_study,R0C-ecaed603e8f8ea5942c9,False,0.5,0.5
source_study,R0C-ecfc9739c9fedcc10ce5,False,0.45098039215686275,0.5490196078431373
source_study,R0C-ed0581a2629fae9ebdbd,False,0.42857142857142855,0.5714285714285714
source_study,R0C-ed0e6b2fcee77bfaaca8,False,0.6951219512195121,0.30487804878048785
source_study,R0C-ed326d632e1019d03589,False,0.5614035087719298,0.4385964912280702
source_study,R0C-ed4f3cac8019d27e40af,False,0.42857142857142855,0.5714285714285714
source_study,R0C-ed6bfd4d8ae17c292aa6,False,0.42857142857142855,0.5714285714285714
source_study,R0C-ed82c9468598f1d89e48,False,0.546875,0.453125
source_study,R0C-eda88ed7fcd73e451a2d,False,0.46938775510204084,0.5306122448979591
source_study,R0C-edb6a9cca57e9fbb5b28,False,0.4857142857142857,0.5142857142857142
source_study,R0C-edbbbca0e314c51368cd,False,0.45714285714285713,0.5428571428571429
source_study,R0C-edd3498730e22d991447,False,0.4666666666666667,0.5333333333333333
source_study,R0C-edf019ab84b6868ba8d1,False,0.46938775510204084,0.5306122448979591
source_study,R0C-ee2bdbf38d8a3b0e7d77,False,0.5,0.5
source_study,R0C-ee38e45793abf0351790,False,0.5714285714285714,0.4285714285714286
source_study,R0C-ee402c06364a1ed438b3,False,0.4166666666666667,0.5833333333333333
source_study,R0C-ee4af5de02785550c8e3,False,0.5846153846153846,0.41538461538461535
source_study,R0C-ee5521a37d2bd44918a8,False,0.7246376811594203,0.2753623188405797
source_study,R0C-ee698004d9bc9ead2866,False,0.6470588235294118,0.3529411764705882
source_study,R0C-ee76dbbb2aeba73de50a,False,0.6,0.4
source_study,R0C-ee9bb2babd955e7e67fe,False,0.5714285714285714,0.4285714285714286
source_study,R0C-ee9e8633516c96bcc0c3,False,0.6323529411764706,0.36764705882352944
source_study,R0C-eec4c62e159691d0b9c9,False,0.4642857142857143,0.5357142857142857
source_study,R0C-eef73517debfead93471,False,0.5531914893617021,0.44680851063829785
source_study,R0C-eefceb8c6a8e0c61d970,False,0.4657534246575342,0.5342465753424658
source_study,R0C-ef00c1157b0142792ae3,False,0.5,0.5
source_study,R0C-ef0118e1f2db58a255f5,False,0.4153846153846154,0.5846153846153845
source_study,R0C-ef05eb85f0ef52f72e65,False,0.5411764705882353,0.45882352941176474
source_study,R0C-ef1c637ee00460db0240,False,0.42105263157894735,0.5789473684210527
source_study,R0C-ef1e0b8ebb1bb6566ea7,False,0.5555555555555556,0.4444444444444444
source_study,R0C-ef2661f93b77cf3027a5,False,0.6610169491525424,0.3389830508474576
source_study,R0C-ef4e14bf8f3c4976eef5,False,0.6875,0.3125
source_study,R0C-ef5cbc5a3367783a612e,False,0.5652173913043478,0.4347826086956522
source_study,R0C-ef6ab732d264cf6a229c,False,0.65625,0.34375
source_study,R0C-ef7c157ac5b5bcd5d8f9,False,0.5416666666666666,0.45833333333333337
source_study,R0C-ef92f8e7307490bfbd93,False,0.7361111111111112,0.26388888888888884
source_study,R0C-efaf49070c71987d2b43,False,0.5,0.5
source_study,R0C-efbc0e40c5aba37d9f99,False,0.42857142857142855,0.5714285714285714
source_study,R0C-efc0263c23f8487655e7,False,0.45098039215686275,0.5490196078431373
source_study,R0C-efcb24691b6d3c09e32a,False,0.4473684210526316,0.5526315789473684
source_study,R0C-efdcc9da82123a2e8ee4,False,0.42857142857142855,0.5714285714285714
source_study,R0C-efe09d33b29394edf5d6,False,0.6271186440677966,0.3728813559322034
source_study,R0C-f01da024516922d3294e,False,0.4473684210526316,0.5526315789473684
source_study,R0C-f01e5b9abc105ddce8ad,False,0.42857142857142855,0.5714285714285714
source_study,R0C-f0227ad8b9c02d3b41f6,False,0.3333333333333333,0.6666666666666667
source_study,R0C-f046b8740d34a6fbdf3b,False,0.4666666666666667,0.5333333333333333
source_study,R0C-f05683d3c13b17737396,False,0.48148148148148145,0.5185185185185186
source_study,R0C-f06414282688120f2dc8,False,0.42857142857142855,0.5714285714285714
source_study,R0C-f0a991c1cf608bfcf9f5,False,0.4166666666666667,0.5833333333333333
source_study,R0C-f1721c076dbdfacbc7c7,False,0.7049180327868853,0.29508196721311475
source_study,R0C-f1d529ee3466c3ba23b8,False,0.7361111111111112,0.26388888888888884
source_study,R0C-f1ed563610865f21e054,False,0.6515151515151515,0.3484848484848485
source_study,R0C-f1edf77e64d75a0f4f4f,False,0.7205882352941176,0.27941176470588236
source_study,R0C-f2012f14f6c40e5768f7,False,0.5614035087719298,0.4385964912280702
source_study,R0C-f21fe4281691ca78e65e,False,0.4426229508196721,0.5573770491803278
source_study,R0C-f26a5fa537a7b1acf63b,False,0.36065573770491804,0.639344262295082
source_study,R0C-f27455202fd0b11c0001,False,0.5,0.5
source_study,R0C-f29ff3b9c2f2e7e0e321,False,0.4666666666666667,0.5333333333333333
source_study,R0C-f2a3df0a19623914cdbc,False,0.46938775510204084,0.5306122448979591
source_study,R0C-f343234e441446a81af6,False,0.6923076923076923,0.3076923076923077
source_study,R0C-f34f24466dffb4bbd6f3,False,0.7333333333333333,0.2666666666666667
source_study,R0C-f36a6fbb49d98fbb5f5c,False,0.3448275862068966,0.6551724137931034
source_study,R0C-f3c044d852e6f29126a1,False,0.6716417910447762,0.32835820895522383
source_study,R0C-f3c87c29bccbc90b0e2a,False,0.32727272727272727,0.6727272727272727
source_study,R0C-f3f53ff50bf50942c3ec,False,0.48717948717948717,0.5128205128205128
source_study,R0C-f3ffa0cd08c79178fb3f,False,0.46938775510204084,0.5306122448979591
source_study,R0C-f409aef0ade1096a7f66,False,0.6666666666666666,0.33333333333333337
source_study,R0C-f44a0707d6c5a687d85c,False,0.42857142857142855,0.5714285714285714
source_study,R0C-f497c9e975dd6df27d7f,False,0.4666666666666667,0.5333333333333333
source_study,R0C-f4d1ae198d13e9783d10,False,0.48148148148148145,0.5185185185185186
source_study,R0C-f4df6975a001cbc13b04,False,0.4897959183673469,0.5102040816326531
source_study,R0C-f4f5438abcbafb3be5db,False,0.6133333333333333,0.3866666666666667
source_study,R0C-f5014fde9704a04db657,False,0.4857142857142857,0.5142857142857142
source_study,R0C-f5093cbeed7dae38707f,False,0.41304347826086957,0.5869565217391304
source_study,R0C-f526969444392d8a8f12,False,0.42857142857142855,0.5714285714285714
source_study,R0C-f56b74dbd9b5517b4054,False,0.5098039215686274,0.4901960784313726
source_study,R0C-f57d7676de2cf16983a0,False,0.6417910447761194,0.35820895522388063
source_study,R0C-f5a05869f9ff3a14a54c,False,0.6551724137931034,0.3448275862068966
source_study,R0C-f5aded820dd5ee5c9288,False,0.40540540540540543,0.5945945945945945
source_study,R0C-f60bfe9883d7f98ee7c6,False,0.4423076923076923,0.5576923076923077
source_study,R0C-f6255824c785bb318333,False,0.49019607843137253,0.5098039215686274
source_study,R0C-f6c0a4f71ac9b42ad960,False,0.4489795918367347,0.5510204081632653
source_study,R0C-f6d40379e0f3bf0794f1,False,0.5294117647058824,0.47058823529411764
source_study,R0C-f71c214d00ed7e106175,False,0.5757575757575758,0.4242424242424242
source_study,R0C-f737b5332dae0f1036da,False,0.40540540540540543,0.5945945945945945
source_study,R0C-f76137db9feb1e2fd22d,False,0.4423076923076923,0.5576923076923077
source_study,R0C-f78efd898409f2c2a6b3,False,0.42857142857142855,0.5714285714285714
source_study,R0C-f7999d7aae620b1b0972,False,0.47540983606557374,0.5245901639344263
source_study,R0C-f7a97f8fd71cb2caa256,False,0.6615384615384615,0.3384615384615385
source_study,R0C-f7b392733e731a96e1ca,False,0.6037735849056604,0.39622641509433965
source_study,R0C-f7c50265ddb19f0aa301,False,0.7230769230769231,0.27692307692307694
source_study,R0C-f7cc8af9660b1adbfee4,False,0.43859649122807015,0.5614035087719298
source_study,R0C-f7e34505b1fa7a389d86,False,0.5102040816326531,0.4897959183673469
source_study,R0C-f83590c93dda4a8fa233,False,0.4576271186440678,0.5423728813559322
source_study,R0C-f83d366de8e6daadde91,False,0.47368421052631576,0.5263157894736843
source_study,R0C-f86f1f553de27f1e0f23,False,0.6376811594202898,0.3623188405797102
source_study,R0C-f89f009938ef0a66da50,False,0.5882352941176471,0.4117647058823529
source_study,R0C-f8a1d43e9a65b912f44d,False,0.5806451612903226,0.4193548387096774
source_study,R0C-f8a94d51859067dccbce,False,0.5,0.5
source_study,R0C-f8aa459a0501011339e7,False,0.45098039215686275,0.5490196078431373
source_study,R0C-f8cfa52c31da36aacf5c,False,0.425531914893617,0.574468085106383
source_study,R0C-f8d866e694265ebcd5e9,False,0.5365853658536586,0.46341463414634143
source_study,R0C-f8e7d23f038b8afb13bc,False,0.53125,0.46875
source_study,R0C-f8fca9b1e16114e4460e,False,0.7205882352941176,0.27941176470588236
source_study,R0C-f9019f595df89eaaa2ed,False,0.5652173913043478,0.4347826086956522
source_study,R0C-f90647153c931291f7a2,False,0.42857142857142855,0.5714285714285714
source_study,R0C-f90b7828284ae5fb643d,False,0.30357142857142855,0.6964285714285714
source_study,R0C-f91b4a047c04f99b72e3,False,0.5531914893617021,0.44680851063829785
source_study,R0C-f997fa9ba86adac98b57,False,0.32727272727272727,0.6727272727272727
source_study,R0C-f9a2bed71d3ed9356955,False,0.6129032258064516,0.3870967741935484
source_study,R0C-f9bf1b6409f262e3f16c,False,0.42857142857142855,0.5714285714285714
source_study,R0C-f9c43c67845aee740367,False,0.42857142857142855,0.5714285714285714
source_study,R0C-f9dedbdf20939f0a1052,False,0.4666666666666667,0.5333333333333333
source_study,R0C-fa28bbd13d22d4abc4c9,False,0.4423076923076923,0.5576923076923077
source_study,R0C-fa2fe054d5731862bd53,False,0.5689655172413793,0.43103448275862066
source_study,R0C-fa4a4e0b0cea6e8da750,False,0.7,0.30000000000000004
source_study,R0C-fa7230e0c8031121e3ae,False,0.609375,0.390625
source_study,R0C-fa9642369b22cbcb2231,False,0.425531914893617,0.574468085106383
source_study,R0C-faa2db9032bf2fe866e3,False,0.46774193548387094,0.532258064516129
source_study,R0C-fac0cbb97900a19822a2,False,0.42857142857142855,0.5714285714285714
source_study,R0C-faded388917298ad08fe,False,0.4857142857142857,0.5142857142857142
source_study,R0C-fb0d57f5e188226706e3,False,0.42857142857142855,0.5714285714285714
source_study,R0C-fb18669be90c907e4418,False,0.7230769230769231,0.27692307692307694
source_study,R0C-fb2976e4a25b82d2e504,False,0.45161290322580644,0.5483870967741935
source_study,R0C-fb60d36cfa7feac586ad,False,0.4666666666666667,0.5333333333333333
source_study,R0C-fb652b85675998bbfb8c,False,0.6923076923076923,0.3076923076923077
source_study,R0C-fb7953727db242b108c2,False,0.7142857142857143,0.2857142857142857
source_study,R0C-fb872ea58852716ded75,False,0.5223880597014925,0.4776119402985075
source_study,R0C-fb91fa693f80568ec3aa,False,0.47368421052631576,0.5263157894736843
source_study,R0C-fc0366837476768052a5,False,0.5294117647058824,0.47058823529411764
source_study,R0C-fc1ca6884d7c6ffaca64,False,0.6351351351351351,0.3648648648648649
source_study,R0C-fc48fd0da240cf80e86f,False,0.7323943661971831,0.2676056338028169
source_study,R0C-fcae25e95961895a91c5,False,0.7183098591549296,0.2816901408450704
source_study,R0C-fcec7f3fcfe1177a286a,False,0.5853658536585366,0.41463414634146345
source_study,R0C-fcf5f36c4afba5a48a75,False,0.6790123456790124,0.32098765432098764
source_study,R0C-fcfed76065342d105d87,False,0.5571428571428572,0.44285714285714284
source_study,R0C-fd0508906a979978265f,False,0.4666666666666667,0.5333333333333333
source_study,R0C-fd0660e9eb1ff709081d,False,0.5166666666666667,0.4833333333333333
source_study,R0C-fd0b01925ab4335ad60a,False,0.32727272727272727,0.6727272727272727
source_study,R0C-fd134fbcf015249ee953,False,0.46153846153846156,0.5384615384615384
source_study,R0C-fd1804a0e2c39ac673dc,False,0.5652173913043478,0.4347826086956522
source_study,R0C-fd3ff5189fb4bd718ac9,False,0.4444444444444444,0.5555555555555556
source_study,R0C-fd69dec04b2306911d68,False,0.5178571428571429,0.4821428571428571
source_study,R0C-fdc962c85c6db345c0de,False,0.6875,0.3125
source_study,R0C-fe0ca74dd0a67b74d919,False,0.676056338028169,0.323943661971831
source_study,R0C-fe1d1f7e987ceb364ea3,False,0.5405405405405406,0.45945945945945943
source_study,R0C-fe3a64651a09dd501e34,False,0.42857142857142855,0.5714285714285714
source_study,R0C-fe3aa14676bb471f7f23,False,0.4307692307692308,0.5692307692307692
source_study,R0C-feb579ea022dfaa72222,False,0.45098039215686275,0.5490196078431373
source_study,R0C-feb6cee8ff56e7050d92,False,0.4423076923076923,0.5576923076923077
source_study,R0C-febe235f8d2236839e67,False,0.6582278481012658,0.3417721518987342
source_study,R0C-ff8a70bc4a04d7cdcd7c,False,0.7222222222222222,0.2777777777777778
source_study,R0C-ffbd3b16f9c047386bc7,False,0.5625,0.4375
source_study,R0C-ffd779c9e4e92854ee85,False,0.42857142857142855,0.5714285714285714
source_study,R0C-fff8b162993f33fe6082,False,0.5166666666666667,0.4833333333333333
source_study,R0C-fffa2202395d2fdeb39f,False,0.7058823529411765,0.2941176470588235
