review_id,proposed_reaction_family,product_smiles,proposed_roles_json,proposed_components_json,proposed_reactive_atoms_json,reviewer_id,plausible_final_assembly,component_identities_and_roles_correct,reactive_atoms_correct,exact_forward_reconstruction,plausible_alternative_decomposition,confidence,rejection_reason,notes
M005-B1E2B3833948,reductive_amination_amine_aldehyde,CCN(CCO)C1(C(=O)NCC(=O)OC(C)(C)C)CCCCCCCCCCCCCC1,"[{""component_index"":1,""role"":""amine_head""},{""component_index"":0,""role"":""aldehyde_tail""}]","[""CCN(CCO)C1(C(N)=O)CCCCCCCCCCCCCC1"",""CC(C)(C)OC(=O)C=O""]","{""aldehyde_tail"":[8],""amine_head"":[7]}",,,,,,,,,
M005-0878FA6DA650,acetal_aldehyde_diol,CCCCCCCCCCCCOC(=O)CCN(CCC(=O)OCCCCCCCCCCCC)CCC1OCCO1,"[{""component_index"":0,""role"":""aldehyde_tail""},{""component_index"":1,""role"":""diol_linker""}]","[""CCCCCCCCCCCCOC(=O)CCN(CCC=O)CCC(=O)OCCCCCCCCCCCC"",""OCCO""]","{""aldehyde_tail"":[20],""diol_linker"":[0,3]}",,,,,,,,,
M005-82BFA98FC0CE,disulfide_coupling,CCCCCCCCCCCCSCC(C)C(=O)OCCSSCCOC(=O)CCNCCN(CCN(CCC(=O)OCCSSCCOC(=O)C(C)CSCCCCCCCCCCCC)CCC(=O)OCCSSCCOC(=O)C(C)CSCCCCCCCCCCCC)CCN(CCC(=O)OCCSSCCOC(=O)C(C)CSCCCCCCCCCCCC)CCC(=O)OCCSSCCOC(=O)C(C)CSCCCCCCCCCCCC,"[{""component_index"":0,""role"":""thiol_tail""},{""component_index"":1,""role"":""thiol_head_or_tail""}]","[""CCCCCCCCCCCCSCC(C)C(=O)OCCSSCCOC(=O)CCN(CCC(=O)OCCSSCCOC(=O)C(C)CSCCCCCCCCCCCC)CCN(CCNCCC(=O)OCCS)CCN(CCC(=O)OCCSSCCOC(=O)C(C)CSCCCCCCCCCCCC)CCC(=O)OCCSSCCOC(=O)C(C)CSCCCCCCCCCCCC"",""CCCCCCCCCCCCSCC(C)C(=O)OCCS""]","{""thiol_head_or_tail"":[21],""thiol_tail"":[74]}",,,,,,,,,
M005-52DD2A2D88A2,disulfide_coupling,CC/C=C\C/C=C\C/C=C\CCCCCCC(O)CN(CCCCC(=O)OCCN1CCN(CCSSCCCCN(CC(O)CCCCCCCCCC)CC(O)CCCCCCCCCC)CC1)CC(O)CCCCCC/C=C\C/C=C\C/C=C\CC,"[{""component_index"":1,""role"":""thiol_tail""},{""component_index"":0,""role"":""thiol_head_or_tail""}]","[""CC/C=C\\C/C=C\\C/C=C\\CCCCCCC(O)CN(CCCCC(=O)OCCN1CCN(CCS)CC1)CC(O)CCCCCC/C=C\\C/C=C\\C/C=C\\CC"",""CCCCCCCCCCC(O)CN(CCCCS)CC(O)CCCCCCCCCC""]","{""thiol_head_or_tail"":[35],""thiol_tail"":[18]}",,,,,,,,,
M005-F6F2FE873FD2,aza_michael_amine_acrylate,CCCCN(CCCC)CCSCC(C)C(=O)OCCOC(=O)CCNCCN(CCN(CCC(=O)OCCOC(=O)C(C)CSCCN(CCCC)CCCC)CCC(=O)OCCOC(=O)C(C)CSCCN(CCCC)CCCC)CCN(CCC(=O)OCCOC(=O)C(C)CSCCN(CCCC)CCCC)CCC(=O)OCCOC(=O)C(C)CSCCN(CCCC)CCCC,"[{""component_index"":0,""role"":""amine_head""},{""component_index"":1,""role"":""alkyl_acrylate_or_acrylamide_tail""}]","[""CCCCN(CCCC)CCSCC(C)C(=O)OCCOC(=O)CCN(CCC(=O)OCCOC(=O)C(C)CSCCN(CCCC)CCCC)CCN(CCN)CCN(CCC(=O)OCCOC(=O)C(C)CSCCN(CCCC)CCCC)CCC(=O)OCCOC(=O)C(C)CSCCN(CCCC)CCCC"",""C=CC(=O)OCCOC(=O)C(C)CSCCN(CCCC)CCCC""]","{""alkyl_acrylate_or_acrylamide_tail"":[0,1],""amine_head"":[56]}",,,,,,,,,
M005-7DA2EECD7BF6,reductive_amination_amine_aldehyde,CCCCCCCCC(CCCCCCCC)OC(=O)C(CC(=O)OCC(CC)CCCC)NCCN1CCN(CCN(CCNC(CC(=O)OCC(CC)CCCC)C(=O)OC(CCCCCCCC)CCCCCCCC)C(CC(=O)OCC(CC)CCCC)C(=O)OC(CCCCCCCC)CCCCCCCC)CC1,"[{""component_index"":0,""role"":""amine_head""},{""component_index"":1,""role"":""aldehyde_tail""}]","[""CCCCCCCCC(CCCCCCCC)OC(=O)C(N)CC(=O)OCC(CC)CCCC"",""CCCCCCCCC(CCCCCCCC)OC(=O)C(CC(=O)OCC(CC)CCCC)NCCN1CCN(CCN(CC=O)C(CC(=O)OCC(CC)CCCC)C(=O)OC(CCCCCCCC)CCCCCCCC)CC1""]","{""aldehyde_tail"":[44],""amine_head"":[21]}",,,,,,,,,
M005-009281C6FEC5,acetal_aldehyde_diol,CCCCC/C=C\C/C=C\CCCCCCCCOC(=O)OC(C/C=C\CCCCCCCCOC(=O)CCN(CCC(=O)OCCCCCCCC/C=C\CC(CCCCCC)OC(=O)OCCCCCCCC/C=C\C/C=C\CCCCC)CC1OCCO1)CCCCCC,"[{""component_index"":0,""role"":""aldehyde_tail""},{""component_index"":1,""role"":""diol_linker""}]","[""CCCCC/C=C\\C/C=C\\CCCCCCCCOC(=O)OC(C/C=C\\CCCCCCCCOC(=O)CCN(CC=O)CCC(=O)OCCCCCCCC/C=C\\CC(CCCCCC)OC(=O)OCCCCCCCC/C=C\\C/C=C\\CCCCC)CCCCCC"",""OCCO""]","{""aldehyde_tail"":[41],""diol_linker"":[0,3]}",,,,,,,,,
M005-40CF7FA50C73,aza_michael_amine_acrylate,CCCCCCCC/C=C\CCCCCCCC(CCCCCCC/C=C\CCCCCCCC)(C(=O)NCCC(=O)OCC)N(C)CCN(C)C,"[{""component_index"":0,""role"":""amine_head""},{""component_index"":1,""role"":""alkyl_acrylate_or_acrylamide_tail""}]","[""CCCCCCCC/C=C\\CCCCCCCC(CCCCCCC/C=C\\CCCCCCCC)(C(N)=O)N(C)CCN(C)C"",""C=CC(=O)OCC""]","{""alkyl_acrylate_or_acrylamide_tail"":[0,1],""amine_head"":[36]}",,,,,,,,,
M005-493C05803F7A,amide_coupling_acid_amine,CCCCCCCCCCCCCCCCCC(=O)N(CCCCCOC(=O)CCCCCCCCCCC)C(CCN(C)C)C(=O)NC(C)(C)C,"[{""component_index"":1,""role"":""carboxylic_acid_tail""},{""component_index"":0,""role"":""amine_head""}]","[""CCCCCCCCCCCCCCCCCC(=O)N(CCCCCOC(=O)CCCCCCCCCCC)C(CCN(C)C)C(=O)O"",""CC(C)(C)N""]","{""amine_head"":[45],""carboxylic_acid_tail"":[4]}",,,,,,,,,
M005-EDAF52243376,reductive_amination_amine_aldehyde,CCCCCCCCCCCCNC(=O)C(CCCCCOC(=O)CCCCCCCC)NCCCN(CCCC)CCCC,"[{""component_index"":0,""role"":""amine_head""},{""component_index"":1,""role"":""aldehyde_tail""}]","[""CCCCCCCCCCCCNC(=O)C(N)CCCCCOC(=O)CCCCCCCC"",""CCCCN(CCC=O)CCCC""]","{""aldehyde_tail"":[7],""amine_head"":[16]}",,,,,,,,,
M005-E80074D1EB05,thiol_michael_thioether,CCCCCCCCC(CCCCCC)C(=O)NC(CCSCCC(=O)OCC(CCCC)CCCCCC)C(=O)NCCN1CCN(C)CC1,"[{""component_index"":0,""role"":""thiol_tail""},{""component_index"":1,""role"":""alkyl_acrylate_or_acrylamide_tail""}]","[""CCCCCCCCC(CCCCCC)C(=O)NC(CCS)C(=O)NCCN1CCN(C)CC1"",""C=CC(=O)OCC(CCCC)CCCCCC""]","{""alkyl_acrylate_or_acrylamide_tail"":[0,1],""thiol_tail"":[21]}",,,,,,,,,
M005-45021561AC7C,reductive_amination_amine_aldehyde,CCCCCCC(CCCCCC)(C(=O)NCC(=O)OC)N1CCN(C)CC1,"[{""component_index"":0,""role"":""amine_head""},{""component_index"":1,""role"":""aldehyde_tail""}]","[""CCCCCCC(CCCCCC)(C(N)=O)N1CCN(C)CC1"",""COC(=O)C=O""]","{""aldehyde_tail"":[4],""amine_head"":[14]}",,,,,,,,,
M005-409D49AB9032,ugi_3cr_agile,CC/C=C\C/C=C\C/C=C\CCCCCCC(O)CN(CCCCC(=O)OCCN1CCN(CCSSCCCCN(CC(O)CCCCCCCCCC)CC(O)CCCCCCCCCC)CC1)CC(O)CCCCCC/C=C\C/C=C\C/C=C\CC,"[{""component_index"":0,""role"":""amine_head""},{""component_index"":1,""role"":""oxoester_aldehyde_body_tail""},{""component_index"":2,""role"":""isocyanide_tail""}]","[""NN1CCCCC1"",""CCCCCC(C)CCC(=O)OCCCCCC=O"",""[C-]#[N+]CCCCCCCCCCCCCCCC""]","{""amine_head"":[0],""isocyanide_tail"":[0,1],""oxoester_aldehyde_body_tail"":[17]}",,,,,,,,,
M005-3FB2A304CECC,epoxide_opening_amine,CCCCCCCCCCCC(O)CNCCOCCOCCN(CC(O)CCCCCCCCCCC)CC(O)CCCCCCCCCCC,"[{""component_index"":0,""role"":""amine_head""},{""component_index"":1,""role"":""alkyl_epoxide_tail""}]","[""CCCCCCCCCCCC(O)CN(CCOCCOCCN)CC(O)CCCCCCCCCCC"",""CCCCCCCCCCCC1CO1""]","{""alkyl_epoxide_tail"":[12,13],""amine_head"":[23]}",,,,,,,,,
M005-EA6F1E1FE8E7,acetal_aldehyde_diol,CCCCCCC#CCCOC(=O)OC(C/C=C\CCCCCCCCOC(=O)CCN(CCC(=O)OCCCCCCCC/C=C\CC(CCCCCC)OC(=O)OCCC#CCCCCCC)CC1OCCO1)CCCCCC,"[{""component_index"":0,""role"":""aldehyde_tail""},{""component_index"":1,""role"":""diol_linker""}]","[""CCCCCCC#CCCOC(=O)OC(C/C=C\\CCCCCCCCOC(=O)CCN(CC=O)CCC(=O)OCCCCCCCC/C=C\\CC(CCCCCC)OC(=O)OCCC#CCCCCCC)CCCCCC"",""OCCO""]","{""aldehyde_tail"":[33],""diol_linker"":[0,3]}",,,,,,,,,
M005-B11CCA5DDCBA,ugi_3cr_agile,CCCCCCCC/C=C\CCCCCCCCNC(=O)C(CCCOC(=O)CCCCCCCCCC)NCCN(CCN)CCN,"[{""component_index"":0,""role"":""amine_head""},{""component_index"":1,""role"":""oxoester_aldehyde_body_tail""},{""component_index"":2,""role"":""isocyanide_tail""}]","[""NCCN(CCN)CCN"",""CCCCCCCCCCC(=O)OCCCC=O"",""[C-]#[N+]CCCCCCCC/C=C\\CCCCCCCC""]","{""amine_head"":[6],""isocyanide_tail"":[0,1],""oxoester_aldehyde_body_tail"":[16]}",,,,,,,,,
M005-905DC6FA4DFA,ugi_3cr_agile,CCCCCCCCCCCCNC(=O)CCN(CCCn1ccnc1)CCC(=O)NCCCCCCCCCCCC,"[{""component_index"":0,""role"":""amine_head""},{""component_index"":1,""role"":""oxoester_aldehyde_body_tail""},{""component_index"":2,""role"":""isocyanide_tail""}]","[""NN1CCCCC1"",""CCCCCC(C)CCC(=O)OCCCCCC=O"",""[C-]#[N+]CCCCCCCCCCCCCCCC""]","{""amine_head"":[0],""isocyanide_tail"":[0,1],""oxoester_aldehyde_body_tail"":[17]}",,,,,,,,,
M005-CF027A3C7160,ugi_3cr_agile,CCCCCCCCCCCNC(=O)C(CCCCCOC(=O)CCCCCCC)NCCCN(CC)CC,"[{""component_index"":0,""role"":""amine_head""},{""component_index"":1,""role"":""oxoester_aldehyde_body_tail""},{""component_index"":2,""role"":""isocyanide_tail""}]","[""CCN(CC)CCCN"",""CCCCCCCC(=O)OCCCCCC=O"",""[C-]#[N+]CCCCCCCCCCC""]","{""amine_head"":[8],""isocyanide_tail"":[0,1],""oxoester_aldehyde_body_tail"":[15]}",,,,,,,,,
M005-4F98720FC215,ugi_3cr_agile,CCCCCCCCCCCCNC(=O)C(NCCN(C)C)c1c(OC(=O)CCC(CC)CCCC)cc(OC(=O)CCC(CC)CCCC)cc1OC(=O)CCC(CC)CCCC,"[{""component_index"":0,""role"":""amine_head""},{""component_index"":1,""role"":""oxoester_aldehyde_body_tail""},{""component_index"":2,""role"":""isocyanide_tail""}]","[""CN(C)CCN"",""CCCCC(CC)CCC(=O)Oc1cc(OC(=O)CCC(CC)CCCC)c(C=O)c(OC(=O)CCC(CC)CCCC)c1"",""[C-]#[N+]CCCCCCCCCCCC""]","{""amine_head"":[5],""isocyanide_tail"":[0,1],""oxoester_aldehyde_body_tail"":[28]}",,,,,,,,,
M005-E3B8CA2115D0,ugi_3cr_agile,CCCCCCCCCCCCCCCNC(=O)C(CCCOC(=O)CCCCCCCCC)NCCCN(CC)CC,"[{""component_index"":0,""role"":""amine_head""},{""component_index"":1,""role"":""oxoester_aldehyde_body_tail""},{""component_index"":2,""role"":""isocyanide_tail""}]","[""NCCN1CCCC1"",""CCCCCCCCCC(=O)OCCCC=O"",""[C-]#[N+]CCCCCCCCCCCCCCC""]",{},,,,,,,,,
M005-2418A8C88CD7,ugi_3cr_agile,CCCCCCCC/C=C\CCCCCCCCNC(=O)C(CCOC(=O)CCCCCCCCCCCCCCC)NCCCN(CC)CC,"[{""component_index"":0,""role"":""amine_head""},{""component_index"":1,""role"":""oxoester_aldehyde_body_tail""},{""component_index"":2,""role"":""isocyanide_tail""}]","[""CCN(CC)CCCN"",""CCCCCCCCCCCCCCCC(=O)OCCC=O"",""[C-]#[N+]CCCCCCCC/C=C\\CCCCCCCC""]","{""amine_head"":[8],""isocyanide_tail"":[0,1],""oxoester_aldehyde_body_tail"":[20]}",,,,,,,,,
M005-0263D120F0D1,thiol_michael_thioether,CCCCCCCCN(CCC(=O)OCCOC(=O)C(C)CSCCC(=O)O)CCC(=O)OCCOC(=O)C(C)CSCCC(=O)O,"[{""component_index"":0,""role"":""thiol_tail""},{""component_index"":1,""role"":""alkyl_acrylate_or_acrylamide_tail""}]","[""CCCCCCCCN(CCC(=O)OCCOC(=O)C(C)CS)CCC(=O)OCCOC(=O)C(C)CSCCC(=O)O"",""C=CC(=O)O""]","{""alkyl_acrylate_or_acrylamide_tail"":[0,1],""thiol_tail"":[22]}",,,,,,,,,
M005-9E855BB0373C,thiol_michael_thioether,CCCCCCCCCCCCOC(=O)CCSCCC(NC(=O)C(CCCCCC)CCCCCCCC)C(=O)NCCCN(C)C,"[{""component_index"":0,""role"":""thiol_tail""},{""component_index"":1,""role"":""alkyl_acrylate_or_acrylamide_tail""}]","[""CCCCCCCCC(CCCCCC)C(=O)NC(CCS)C(=O)NCCCN(C)C"",""C=CC(=O)OCCCCCCCCCCCC""]","{""alkyl_acrylate_or_acrylamide_tail"":[0,1],""thiol_tail"":[21]}",,,,,,,,,
M005-FE7BAB9D4E09,passerini_3cr,CCCCCCCCC(CCCCCC)COC(=O)CCCC(=O)OCC(C)(C)C(OC(=O)CCCC(=O)OCC(CCCCCC)CCCCCCCC)C(=O)NCCC(=O)OCCN(C)C,"[{""component_index"":0,""role"":""carboxylic_acid_tail""},{""component_index"":1,""role"":""aldehyde_body""},{""component_index"":2,""role"":""isocyanide_tail""}]","[""CCCCCCCCC(CCCCCC)C(=O)OCCCCC(=O)O"",""CCCCCCCCC(CCCCCC)COC(=O)CCCC(=O)OCC(C)(C)C=O"",""[C-]#[N+]CCC(=O)OCCN(C)C""]",{},,,,,,,,,
M005-288BA00D914B,reductive_amination_amine_aldehyde,CCCCCCCC/C=C\CCCCCCCN(C(=O)C(CCCCCC)CCCCCCCC)C(CCCN(C)CCCN)C(=O)NCC(=O)OC,"[{""component_index"":0,""role"":""amine_head""},{""component_index"":1,""role"":""aldehyde_tail""}]","[""CCCCCCCC/C=C\\CCCCCCCN(C(=O)C(CCCCCC)CCCCCCCC)C(CCCN(C)CCCN)C(N)=O"",""COC(=O)C=O""]","{""aldehyde_tail"":[4],""amine_head"":[46]}",,,,,,,,,
M005-DF7537DBA457,ugi_3cr_agile,CCCCCCCC/C=C\CCCCCCC(O)CN(CCCSSCCN1CCN(CCOC(=O)CCCN(CC(O)CCCCCCCCCCCC)CC(O)CCCCCCCCCCCC)CC1)CC(O)CCCCCC/C=C\CCCCCCCC,"[{""component_index"":0,""role"":""amine_head""},{""component_index"":1,""role"":""oxoester_aldehyde_body_tail""},{""component_index"":2,""role"":""isocyanide_tail""}]","[""NN1CCCCC1"",""CCCCCC(C)CCC(=O)OCCCCCC=O"",""[C-]#[N+]CCCCCCCCCCCCCCCC""]","{""amine_head"":[0],""isocyanide_tail"":[0,1],""oxoester_aldehyde_body_tail"":[17]}",,,,,,,,,
M005-B06EEFCC2C7F,aza_michael_amine_acrylate,CCCCCCCC(CCCCCCC)(C(=O)NCCC(=O)OCC)N(C)CCN(CC)CC,"[{""component_index"":0,""role"":""amine_head""},{""component_index"":1,""role"":""alkyl_acrylate_or_acrylamide_tail""}]","[""CCCCCCCC(CCCCCCC)(C(N)=O)N(C)CCN(CC)CC"",""C=CC(=O)OCC""]","{""alkyl_acrylate_or_acrylamide_tail"":[0,1],""amine_head"":[16]}",,,,,,,,,
M005-007A303B3F1C,ugi_3cr_agile,CCCCCCCC/C=C\CCCCCCCCNC(=O)C(CCCOC(=O)CCCCCC)NCCCN(CC)CC,"[{""component_index"":0,""role"":""amine_head""},{""component_index"":1,""role"":""oxoester_aldehyde_body_tail""},{""component_index"":2,""role"":""isocyanide_tail""}]","[""CCN(CC)CCCN"",""CCCCCCC(=O)OCCCC=O"",""[C-]#[N+]CCCCCCCC/C=C\\CCCCCCCC""]","{""amine_head"":[8],""isocyanide_tail"":[0,1],""oxoester_aldehyde_body_tail"":[12]}",,,,,,,,,
M005-4BEC69F3CD3D,ugi_3cr_agile,CCCCCCCCCCCCCCCCCC(=O)N(CCCCCOC(=O)CCCCCCCCCCC)C(CCN(C)C)C(=O)NC(C)(C)C,"[{""component_index"":0,""role"":""amine_head""},{""component_index"":1,""role"":""oxoester_aldehyde_body_tail""},{""component_index"":2,""role"":""isocyanide_tail""}]","[""NN1CCCCC1"",""CCCCCC(C)CCC(=O)OCCCCCC=O"",""[C-]#[N+]CCCCCCCCCCCCCCCC""]","{""amine_head"":[0],""isocyanide_tail"":[0,1],""oxoester_aldehyde_body_tail"":[17]}",,,,,,,,,
M005-33E9D4CD582E,carbamate_amine_chloroformate,CCCCCCCCCCCOC(=O)NCCCCCCN(CCCO)CCCCCCNC(=O)OC(CCCCCCCC)CCCCCCCC,"[{""component_index"":0,""role"":""amine_head""},{""component_index"":1,""role"":""chloroformate_tail""}]","[""CCCCCCCCCCCOC(=O)NCCCCCCN(CCCO)CCCCCCN"",""CCCCCCCCC(CCCCCCCC)OC(=O)Cl""]","{""amine_head"":[32],""chloroformate_tail"":[18]}",,,,,,,,,
M005-0F003BA13252,aza_michael_amine_acrylate,CCCCCCC(CCCCCC)(C(=O)NCCC(=O)OCC)N(CC)CCN(C)C,"[{""component_index"":0,""role"":""amine_head""},{""component_index"":1,""role"":""alkyl_acrylate_or_acrylamide_tail""}]","[""CCCCCCC(CCCCCC)(C(N)=O)N(CC)CCN(C)C"",""C=CC(=O)OCC""]","{""alkyl_acrylate_or_acrylamide_tail"":[0,1],""amine_head"":[14]}",,,,,,,,,
M005-856C9222DC66,aza_michael_amine_acrylate,CCCCCCCCCC(CCCCCCCCC)(C(=O)NCCC(=O)OCC)N(CC)CCCNCC,"[{""component_index"":0,""role"":""amine_head""},{""component_index"":1,""role"":""alkyl_acrylate_or_acrylamide_tail""}]","[""CCCCCCCCCC(CCCCCCCCC)(C(N)=O)N(CC)CCCNCC"",""C=CC(=O)OCC""]","{""alkyl_acrylate_or_acrylamide_tail"":[0,1],""amine_head"":[28]}",,,,,,,,,
M005-D9511192E78D,thiol_michael_thioether,CCCCCCCCOC(=O)CCSCCC(NC(=O)C(CCCCCC)CCCCCCCC)C(=O)NCCCn1ccnc1,"[{""component_index"":0,""role"":""thiol_tail""},{""component_index"":1,""role"":""alkyl_acrylate_or_acrylamide_tail""}]","[""CCCCCCCCC(CCCCCC)C(=O)NC(CCS)C(=O)NCCCn1ccnc1"",""C=CC(=O)OCCCCCCCC""]","{""alkyl_acrylate_or_acrylamide_tail"":[0,1],""thiol_tail"":[21]}",,,,,,,,,
M005-12EA8F56898C,aza_michael_amine_acrylate,CCCCCCCCCCCCCCCCSCC(C)C(=O)OCCOC(=O)CCNCCN(CCN(CCC(=O)OCCOC(=O)C(C)CSCCCCCCCCCCCCCCCC)CCC(=O)OCCOC(=O)C(C)CSCCCCCCCCCCCCCCCC)CCN(CCC(=O)OCCOC(=O)C(C)CSCCCCCCCCCCCCCCCC)CCC(=O)OCCOC(=O)C(C)CSCCCCCCCCCCCCCCCC,"[{""component_index"":0,""role"":""amine_head""},{""component_index"":1,""role"":""alkyl_acrylate_or_acrylamide_tail""}]","[""CCCCCCCCCCCCCCCCSCC(C)C(=O)OCCOC(=O)CCN(CCC(=O)OCCOC(=O)C(C)CSCCCCCCCCCCCCCCCC)CCN(CCN)CCN(CCC(=O)OCCOC(=O)C(C)CSCCCCCCCCCCCCCCCC)CCC(=O)OCCOC(=O)C(C)CSCCCCCCCCCCCCCCCC"",""C=CC(=O)OCCOC(=O)C(C)CSCCCCCCCCCCCCCCCC""]","{""alkyl_acrylate_or_acrylamide_tail"":[0,1],""amine_head"":[66]}",,,,,,,,,
M005-95B3A8E5407D,disulfide_coupling,CC/C=C\C/C=C\C/C=C\CCCCCCC(O)CN(CCCCSSCCN1CCN(CCOC(=O)CCCCN(CC(O)CCCCCC/C=C\C/C=C\CCCCC)CC(O)CCCCCC/C=C\C/C=C\CCCCC)CC1)CC(O)CCCCCC/C=C\C/C=C\C/C=C\CC,"[{""component_index"":0,""role"":""thiol_tail""},{""component_index"":1,""role"":""thiol_head_or_tail""}]","[""CC/C=C\\C/C=C\\C/C=C\\CCCCCCC(O)CN(CCCCS)CC(O)CCCCCC/C=C\\C/C=C\\C/C=C\\CC"",""CCCCC/C=C\\C/C=C\\CCCCCCC(O)CN(CCCCC(=O)OCCN1CCN(CCS)CC1)CC(O)CCCCCC/C=C\\C/C=C\\CCCCC""]","{""thiol_head_or_tail"":[35],""thiol_tail"":[24]}",,,,,,,,,
M005-EC7D4522EF74,disulfide_coupling,CCCCCCCC/C=C\CCCCCCC(O)CN(CCCCC(=O)OCCN1CCN(CCSSCCCN(CC(O)CCCCCC/C=C\CCCCCCCC)CC(O)CCCCCC/C=C\CCCCCCCC)CC1)CC(O)CCCCCC/C=C\CCCCCCCC,"[{""component_index"":0,""role"":""thiol_tail""},{""component_index"":1,""role"":""thiol_head_or_tail""}]","[""CCCCCCCC/C=C\\CCCCCCC(O)CN(CCCCC(=O)OCCN1CCN(CCS)CC1)CC(O)CCCCCC/C=C\\CCCCCCCC"",""CCCCCCCC/C=C\\CCCCCCC(O)CN(CCCS)CC(O)CCCCCC/C=C\\CCCCCCCC""]","{""thiol_head_or_tail"":[23],""thiol_tail"":[35]}",,,,,,,,,
M005-B7CCF75FBEE5,thiol_michael_thioether,CC(CSCCC(=O)O)C(=O)OCCOC(=O)CCN(CCC(=O)OCCOC(=O)C(C)CSCCC(=O)O)CCN(CCN(CCC(=O)OCCOC(=O)C(C)CSCCC(=O)O)CCC(=O)OCCOC(=O)C(C)CSCCC(=O)O)CCN(CCC(=O)OCCOC(=O)C(C)CSCCC(=O)O)CCC(=O)OCCOC(=O)C(C)CSCCC(=O)O,"[{""component_index"":0,""role"":""thiol_tail""},{""component_index"":1,""role"":""alkyl_acrylate_or_acrylamide_tail""}]","[""CC(CS)C(=O)OCCOC(=O)CCN(CCC(=O)OCCOC(=O)C(C)CSCCC(=O)O)CCN(CCN(CCC(=O)OCCOC(=O)C(C)CSCCC(=O)O)CCC(=O)OCCOC(=O)C(C)CSCCC(=O)O)CCN(CCC(=O)OCCOC(=O)C(C)CSCCC(=O)O)CCC(=O)OCCOC(=O)C(C)CSCCC(=O)O"",""C=CC(=O)O""]","{""alkyl_acrylate_or_acrylamide_tail"":[0,1],""thiol_tail"":[3]}",,,,,,,,,
M005-3261D9A21761,aza_michael_amine_acrylate,CCCCCCCCCCC(CCCCCCCCCC)(C(=O)NCCC(=O)OCC)N(CC)CCCNCC,"[{""component_index"":0,""role"":""amine_head""},{""component_index"":1,""role"":""alkyl_acrylate_or_acrylamide_tail""}]","[""CCCCCCCCCCC(CCCCCCCCCC)(C(N)=O)N(CC)CCCNCC"",""C=CC(=O)OCC""]","{""alkyl_acrylate_or_acrylamide_tail"":[0,1],""amine_head"":[22]}",,,,,,,,,
M005-41CDCFC1110A,amide_coupling_acid_amine,CCCCCCC/C=C/C(=O)OCCCCCC(NCCN(CCN)CCN)C(=O)NCCCCCCCCCCCC,"[{""component_index"":0,""role"":""carboxylic_acid_tail""},{""component_index"":1,""role"":""amine_head""}]","[""CCCCCCC/C=C/C(=O)OCCCCCC(NCCN(CCN)CCN)C(=O)O"",""CCCCCCCCCCCCN""]","{""amine_head"":[12],""carboxylic_acid_tail"":[28]}",,,,,,,,,
M005-D35CB522A377,disulfide_coupling,CCCCC/C=C\C/C=C\CCCCCCCC(=O)N(CCCN(C)C)C(CCCCCOC(=O)CCCCCCCCCCCC)C(=O)NC(C)(C)C,"[{""component_index"":0,""role"":""thiol_tail""},{""component_index"":1,""role"":""thiol_head_or_tail""}]","[""CCCCC/C=C\\C/C=C\\CCCCCCCC(=O)N(CCCN(C)C)C(CCCCCOC(=O)CCCCCCCCCCCC)C(=O)O"",""CC(C)(C)N""]",{},,,,,,,,,
M005-7B82CC910AB3,passerini_3cr,CCCCCCCCCCCOC(=O)CCNC(=O)C(OC(=O)CCCCOC(=O)C(CCCCCC)CCCCCCCC)C(C)(C)COC(=O)CCN(C)C,"[{""component_index"":0,""role"":""carboxylic_acid_tail""},{""component_index"":1,""role"":""aldehyde_body""},{""component_index"":2,""role"":""isocyanide_tail""}]","[""CCCCCCCCC(CCCCCC)C(=O)OCCCCC(=O)O"",""CN(C)CCC(=O)OCC(C)(C)C=O"",""[C-]#[N+]CCC(=O)OCCCCCCCCCCC""]","{""aldehyde_body"":[12,13],""carboxylic_acid_tail"":[24],""isocyanide_tail"":[0,1]}",,,,,,,,,
M005-F6D482B7C01B,reductive_amination_amine_aldehyde,CCCCCCC#CCCOC(=O)CCCC(C=NCCCC)(CCCC(=O)OCCC#CCCCCCC)NCCN1CCOCC1,"[{""component_index"":0,""role"":""amine_head""},{""component_index"":1,""role"":""aldehyde_tail""}]","[""CCCCCCC#CCCOC(=O)CCCC(N)(C=NCCCC)CCCC(=O)OCCC#CCCCCCC"",""O=CCN1CCOCC1""]","{""aldehyde_tail"":[1],""amine_head"":[17]}",,,,,,,,,
M005-903447C2CB8F,ugi_3cr_agile,CCCCCCCC/C=C\CCCCCCCCNC(=O)C(CCCCCCCCC)NCCCN(C)CCCN,"[{""component_index"":0,""role"":""amine_head""},{""component_index"":1,""role"":""oxoester_aldehyde_body_tail""},{""component_index"":2,""role"":""isocyanide_tail""}]","[""CN(CCCN)CCCN"",""CCCCCCCCCC=O"",""[C-]#[N+]CCCCCCCC/C=C\\CCCCCCCC""]","{""amine_head"":[5],""isocyanide_tail"":[0,1],""oxoester_aldehyde_body_tail"":[9]}",,,,,,,,,
M005-3B14AA46965B,disulfide_coupling,CCCCSCC(C)C(=O)OCCSSCCOC(=O)CCNCCN(CCN(CCC(=O)OCCSSCCOC(=O)C(C)CSCCCC)CCC(=O)OCCSSCCOC(=O)C(C)CSCCCC)CCN(CCC(=O)OCCSSCCOC(=O)C(C)CSCCCC)CCC(=O)OCCSSCCOC(=O)C(C)CSCCCC,"[{""component_index"":0,""role"":""thiol_tail""},{""component_index"":1,""role"":""thiol_head_or_tail""}]","[""CCCCSCC(C)C(=O)OCCS"",""CCCCSCC(C)C(=O)OCCSSCCOC(=O)CCN(CCC(=O)OCCSSCCOC(=O)C(C)CSCCCC)CCN(CCNCCC(=O)OCCS)CCN(CCC(=O)OCCSSCCOC(=O)C(C)CSCCCC)CCC(=O)OCCSSCCOC(=O)C(C)CSCCCC""]","{""thiol_head_or_tail"":[58],""thiol_tail"":[13]}",,,,,,,,,
M005-D0D726B346C4,carbamate_amine_chloroformate,CCCCCCCCCCCOC(=O)NCCCCCCN(CCCO)CCCCCCNC(=O)OC(CCCCCCCC)CCCCCCCC,"[{""component_index"":0,""role"":""amine_head""},{""component_index"":1,""role"":""chloroformate_tail""}]","[""CCCCCCCCC(CCCCCCCC)OC(=O)NCCCCCCN(CCCO)CCCCCCN"",""CCCCCCCCCCCOC(=O)Cl""]","{""amine_head"":[20],""chloroformate_tail"":[12]}",,,,,,,,,
M005-23F8074DF276,thiol_michael_thioether,CCCCCCCCCCCCOC(=O)CCSCCC(NC(=O)C(CCCCCC)CCCCCCCC)C(=O)NCCCN(CCO)CCO,"[{""component_index"":0,""role"":""thiol_tail""},{""component_index"":1,""role"":""alkyl_acrylate_or_acrylamide_tail""}]","[""CCCCCCCCC(CCCCCC)C(=O)NC(CCS)C(=O)NCCCN(CCO)CCO"",""C=CC(=O)OCCCCCCCCCCCC""]","{""alkyl_acrylate_or_acrylamide_tail"":[0,1],""thiol_tail"":[21]}",,,,,,,,,
M005-BD6865B17CC6,disulfide_coupling,CCCCCCCCCCCCSCC(C)C(=O)OCCSSCCOC(=O)CCN(CCCN(C)CCCN(CCC(=O)OCCSSCCOC(=O)C(C)CSCCCCCCCCCCCC)CCC(=O)OCCSSCCOC(=O)C(C)CSCCCCCCCCCCCC)CCC(=O)OCCSSCCOC(=O)C(C)CSCCCCCCCCCCCC,"[{""component_index"":0,""role"":""thiol_tail""},{""component_index"":1,""role"":""thiol_head_or_tail""}]","[""CCCCCCCCCCCCSCC(C)C(=O)OCCS"",""CCCCCCCCCCCCSCC(C)C(=O)OCCSSCCOC(=O)CCN(CCCN(C)CCCN(CCC(=O)OCCSSCCOC(=O)C(C)CSCCCCCCCCCCCC)CCC(=O)OCCSSCCOC(=O)C(C)CSCCCCCCCCCCCC)CCC(=O)OCCS""]","{""thiol_head_or_tail"":[107],""thiol_tail"":[21]}",,,,,,,,,
M005-28054CFE9F79,carbamate_amine_chloroformate,CCCCCCCCC(CC)OC(=O)CCCCCCCN(CCCCCCCC(=O)OC(CCCCCCCC)CCCCCCCC)CCCNC(=O)OC(C)(C)C,"[{""component_index"":0,""role"":""amine_head""},{""component_index"":1,""role"":""chloroformate_tail""}]","[""CCCCCCCCC(CC)OC(=O)CCCCCCCN(CCCN)CCCCCCCC(=O)OC(CCCCCCCC)CCCCCCCC"",""CC(C)(C)OC(=O)Cl""]","{""amine_head"":[25],""chloroformate_tail"":[5]}",,,,,,,,,
M005-A034698A3C93,thiol_michael_thioether,CCCCCCCCOC(=O)CCSCCC(NC(=O)C(CCCCCC)CCCCCCCC)C(=O)NCCN1CCCCC1,"[{""component_index"":0,""role"":""thiol_tail""},{""component_index"":1,""role"":""alkyl_acrylate_or_acrylamide_tail""}]","[""CCCCCCCCC(CCCCCC)C(=O)NC(CCS)C(=O)NCCN1CCCCC1"",""C=CC(=O)OCCCCCCCC""]","{""alkyl_acrylate_or_acrylamide_tail"":[0,1],""thiol_tail"":[21]}",,,,,,,,,
M005-E05286DD0533,disulfide_coupling,CC(C)CCOC(=O)CCCCC(O)CN(CCCCSSCCN1CCN(CCOC(=O)CCCN(CC(O)CCCCC(=O)OCCC(C)C)CC(O)CCCCC(=O)OCCC(C)C)CC1)CC(O)CCCCC(=O)OCCC(C)C,"[{""component_index"":0,""role"":""thiol_tail""},{""component_index"":1,""role"":""thiol_head_or_tail""}]","[""CC(C)CCOC(=O)CCCCC(O)CN(CCCC(=O)OCCN1CCN(CCS)CC1)CC(O)CCCCC(=O)OCCC(C)C"",""CC(C)CCOC(=O)CCCCC(O)CN(CCCCS)CC(O)CCCCC(=O)OCCC(C)C""]","{""thiol_head_or_tail"":[20],""thiol_tail"":[30]}",,,,,,,,,
M005-405F0924C0DC,amide_coupling_acid_amine,CCCCCCCC/C=C\CCCCCCCC(NCCCN(CC)CC)C(=O)NCCCCCCCCCCC,"[{""component_index"":0,""role"":""carboxylic_acid_tail""},{""component_index"":1,""role"":""amine_head""}]","[""CCCCCCCC/C=C\\CCCCCCCC(NCCCN(CC)CC)C(=O)O"",""CCCCCCCCCCCN""]","{""amine_head"":[11],""carboxylic_acid_tail"":[27]}",,,,,,,,,
M005-A179D1504A2D,passerini_3cr,CCCCCCCCC(CCCCCC)COC(=O)CCCC(=O)OC(C(=O)NCCC(=O)OCCN1CCOCC1)C(C)(C)COC(=O)CC(=O)OCC(CCCCCC)CCCCCCCC,"[{""component_index"":0,""role"":""carboxylic_acid_tail""},{""component_index"":1,""role"":""aldehyde_body""},{""component_index"":2,""role"":""isocyanide_tail""}]","[""CCCCCCCCC(CCCCCC)COC(=O)CCCC(=O)O"",""CCCCCCCCC(CCCCCC)COC(=O)CC(=O)OCC(C)(C)C=O"",""[C-]#[N+]CCC(=O)OCCN1CCOCC1""]","{""aldehyde_body"":[27,28],""carboxylic_acid_tail"":[24],""isocyanide_tail"":[0,1]}",,,,,,,,,
M005-9C10347B4939,thiol_michael_thioether,CC(CSCCC(=O)O)C(=O)OCCOC(=O)CCN(CCCNCCCN(CCC(=O)OCCOC(=O)C(C)CSCCC(=O)O)CCC(=O)OCCOC(=O)C(C)CSCCC(=O)O)CCCN(CCC(=O)OCCOC(=O)C(C)CSCCC(=O)O)CCC(=O)OCCOC(=O)C(C)CSCCC(=O)O,"[{""component_index"":0,""role"":""thiol_tail""},{""component_index"":1,""role"":""alkyl_acrylate_or_acrylamide_tail""}]","[""CC(CS)C(=O)OCCOC(=O)CCN(CCCN(CCCNCCCN(CCC(=O)OCCOC(=O)C(C)CSCCC(=O)O)CCC(=O)OCCOC(=O)C(C)CSCCC(=O)O)CCC(=O)OCCOC(=O)C(C)CSCCC(=O)O)CCC(=O)OCCOC(=O)C(C)CSCCC(=O)O"",""C=CC(=O)O""]","{""alkyl_acrylate_or_acrylamide_tail"":[0,1],""thiol_tail"":[3]}",,,,,,,,,
M005-E0ECFFD8229E,amide_coupling_acid_amine,CCCCCCCCCCCCCCCCCC(=O)N(CCCCCOC(=O)CCCCCCCCCCC)C(CCN(C)C)C(=O)NC(C)(C)C,"[{""component_index"":0,""role"":""carboxylic_acid_tail""},{""component_index"":1,""role"":""amine_head""}]","[""CCCCCCCCCCCCCCCCCC(=O)N(CCCCCOC(=O)CCCCCCCCCCC)C(CCN(C)C)C(=O)O"",""CC(C)(C)N""]","{""amine_head"":[4],""carboxylic_acid_tail"":[45]}",,,,,,,,,
M005-B2E038258C51,disulfide_coupling,CC/C=C\C/C=C\C/C=C\CCCCCCC(O)CN(CCCCC(=O)OCCN1CCN(CCSSCCCN(CC(O)CCCCCCCC)CC(O)CCCCCCCC)CC1)CC(O)CCCCCC/C=C\C/C=C\C/C=C\CC,"[{""component_index"":0,""role"":""thiol_tail""},{""component_index"":1,""role"":""thiol_head_or_tail""}]","[""CCCCCCCCC(O)CN(CCCS)CC(O)CCCCCCCC"",""CC/C=C\\C/C=C\\C/C=C\\CCCCCCC(O)CN(CCCCC(=O)OCCN1CCN(CCS)CC1)CC(O)CCCCCC/C=C\\C/C=C\\C/C=C\\CC""]","{""thiol_head_or_tail"":[35],""thiol_tail"":[15]}",,,,,,,,,
M005-25094A42C5B8,aza_michael_amine_acrylate,CC(CSCCCC(=O)N(C)CCN1CCCCC1)C(=O)OCCOC(=O)CCNCCN(CCN(CCC(=O)OCCOC(=O)C(C)CSCCCC(=O)N(C)CCN1CCCCC1)CCC(=O)OCCOC(=O)C(C)CSCCCC(=O)N(C)CCN1CCCCC1)CCN(CCC(=O)OCCOC(=O)C(C)CSCCCC(=O)N(C)CCN1CCCCC1)CCC(=O)OCCOC(=O)C(C)CSCCCC(=O)N(C)CCN1CCCCC1,"[{""component_index"":0,""role"":""amine_head""},{""component_index"":1,""role"":""alkyl_acrylate_or_acrylamide_tail""}]","[""CC(CSCCCC(=O)N(C)CCN1CCCCC1)C(=O)OCCOC(=O)CCN(CCC(=O)OCCOC(=O)C(C)CSCCCC(=O)N(C)CCN1CCCCC1)CCN(CCN)CCN(CCC(=O)OCCOC(=O)C(C)CSCCCC(=O)N(C)CCN1CCCCC1)CCC(=O)OCCOC(=O)C(C)CSCCCC(=O)N(C)CCN1CCCCC1"",""C=CC(=O)OCCOC(=O)C(C)CSCCCC(=O)N(C)CCN1CCCCC1""]","{""alkyl_acrylate_or_acrylamide_tail"":[0,1],""amine_head"":[64]}",,,,,,,,,
M005-EA6108767C4A,acetal_aldehyde_diol,CCCCCCCCCCCCCOC(=O)CCN(CCC(=O)OCCCCCCCCCCCCC)CCC1OCCO1,"[{""component_index"":0,""role"":""aldehyde_tail""},{""component_index"":1,""role"":""diol_linker""}]","[""CCCCCCCCCCCCCOC(=O)CCN(CCC=O)CCC(=O)OCCCCCCCCCCCCC"",""OCCO""]","{""aldehyde_tail"":[21],""diol_linker"":[0,3]}",,,,,,,,,
M005-97EA8EE92958,ugi_3cr_agile,CCCCCCCCC(CCCCCC)COC(=O)CCCC(=O)OC(C(=O)NCCC(=O)OCCN1CCOCC1)C(C)(C)COC(=O)CC(=O)OCC(CCCCCC)CCCCCCCC,"[{""component_index"":0,""role"":""amine_head""},{""component_index"":1,""role"":""oxoester_aldehyde_body_tail""},{""component_index"":2,""role"":""isocyanide_tail""}]","[""NN1CCCCC1"",""CCCCCC(C)CCC(=O)OCCCCCC=O"",""[C-]#[N+]CCCCCCCCCCCCCCCC""]","{""amine_head"":[0],""isocyanide_tail"":[0,1],""oxoester_aldehyde_body_tail"":[17]}",,,,,,,,,
M005-D5FD8A3F81EB,ugi_3cr_agile,CCCCCCCCCCCCCCCC(=O)OCCCCCC(NCCCN(CC)CC)C(=O)NCCCCCCCCCCCCCC,"[{""component_index"":0,""role"":""amine_head""},{""component_index"":1,""role"":""oxoester_aldehyde_body_tail""},{""component_index"":2,""role"":""isocyanide_tail""}]","[""CCN(CC)CCCN"",""CCCCCCCCCCCCCCCC(=O)OCCCCCC=O"",""[C-]#[N+]CCCCCCCCCCCCCC""]","{""amine_head"":[8],""isocyanide_tail"":[0,1],""oxoester_aldehyde_body_tail"":[23]}",,,,,,,,,
M005-334EA307B325,ugi_3cr_agile,CCCCCCCCCCCNC(=O)C(CCCOC(=O)CCCCCC)NCCN(CCN)CCN,"[{""component_index"":0,""role"":""amine_head""},{""component_index"":1,""role"":""oxoester_aldehyde_body_tail""},{""component_index"":2,""role"":""isocyanide_tail""}]","[""NCCN(CCN)CCN"",""CCCCCCC(=O)OCCCC=O"",""[C-]#[N+]CCCCCCCCCCC""]","{""amine_head"":[0],""isocyanide_tail"":[0,1],""oxoester_aldehyde_body_tail"":[12]}",,,,,,,,,
M005-4505AA1EF529,reductive_amination_amine_aldehyde,CCCCC(CC)CCC(=O)Oc1cc(CNCCN(CCNCc2cc(OC(=O)CCC(CC)CCCC)cc(OC(=O)CCC(CC)CCCC)c2)CCNCc2cc(OC(=O)CCC(CC)CCCC)cc(OC(=O)CCC(CC)CCCC)c2)cc(OC(=O)CCC(CC)CCCC)c1,"[{""component_index"":0,""role"":""amine_head""},{""component_index"":1,""role"":""aldehyde_tail""}]","[""CCCCC(CC)CCC(=O)Oc1cc(CN)cc(OC(=O)CCC(CC)CCCC)c1"",""CCCCC(CC)CCC(=O)Oc1cc(CNCCN(CC=O)CCNCc2cc(OC(=O)CCC(CC)CCCC)cc(OC(=O)CCC(CC)CCCC)c2)cc(OC(=O)CCC(CC)CCCC)c1""]","{""aldehyde_tail"":[21],""amine_head"":[16]}",,,,,,,,,
M005-E9F94FAB2C23,carbamate_amine_chloroformate,CCCCCCCCCCCOC(=O)NCCCCCCN(CCO)CCCCCCNC(=O)OC(CCCCCCCC)CCCCCCCC,"[{""component_index"":0,""role"":""amine_head""},{""component_index"":1,""role"":""chloroformate_tail""}]","[""CCCCCCCCC(CCCCCCCC)OC(=O)NCCCCCCN(CCO)CCCCCCN"",""CCCCCCCCCCCOC(=O)Cl""]","{""amine_head"":[37],""chloroformate_tail"":[12]}",,,,,,,,,
M005-55F2DA615C3C,amide_coupling_acid_amine,CCCCCCCCC(CCCCCC)C(=O)NC(CCSCCC(=O)OCCCCCC(C)C)C(=O)NCCCN(C)C,"[{""component_index"":0,""role"":""carboxylic_acid_tail""},{""component_index"":1,""role"":""amine_head""}]","[""CCCCCCCCCCCCNC(=O)CCN(CCSCC[Si]1(C)O[Si](C)(CCSCCN(CCC(=O)NCCCCCCCCCCCC)CCC(=O)NCCCCCCCCCCCC)O[Si](C)(CCSCCN(CCC(=O)NCCCCCCCCCCCC)CCC(=O)NCCCCCCCCCCCC)O[Si](C)(CCSCCN(CCC(=O)NCCCCCCCCCCCC)CCC(=O)NCCCCCCCCCCCC)O1)CCC(=O)O"",""CC(C)CCCCCOC(=O)CCSCCC(N)C(=O)NCCCN(C)C""]",{},,,,,,,,,
M005-4B471CCEA900,amide_coupling_acid_amine,CCCCCCCCCCCC(=O)OCCCCCN(C(=O)C(CCCCCC)CCCCCCCC)C(CCN1CCCCC1)C(=O)NC(C)(C)C,"[{""component_index"":0,""role"":""carboxylic_acid_tail""},{""component_index"":1,""role"":""amine_head""}]","[""CCCCCCCCCCCC(=O)OCCCCCN(C(=O)C(CCCCCC)CCCCCCCC)C(CCN1CCCCC1)C(=O)O"",""CC(C)(C)N""]","{""amine_head"":[4],""carboxylic_acid_tail"":[46]}",,,,,,,,,
M005-063F6BF16D8D,aza_michael_amine_acrylate,CC(CSCC(O)CO)C(=O)OCCOC(=O)CCNCCN(CCN(CCC(=O)OCCOC(=O)C(C)CSCC(O)CO)CCC(=O)OCCOC(=O)C(C)CSCC(O)CO)CCN(CCC(=O)OCCOC(=O)C(C)CSCC(O)CO)CCC(=O)OCCOC(=O)C(C)CSCC(O)CO,"[{""component_index"":0,""role"":""amine_head""},{""component_index"":1,""role"":""alkyl_acrylate_or_acrylamide_tail""}]","[""CC(CSCC(O)CO)C(=O)OCCOC(=O)CCN(CCC(=O)OCCOC(=O)C(C)CSCC(O)CO)CCN(CCN)CCN(CCC(=O)OCCOC(=O)C(C)CSCC(O)CO)CCC(=O)OCCOC(=O)C(C)CSCC(O)CO"",""C=CC(=O)OCCOC(=O)C(C)CSCC(O)CO""]","{""alkyl_acrylate_or_acrylamide_tail"":[0,1],""amine_head"":[44]}",,,,,,,,,
M005-9A69C50637E1,disulfide_coupling,CCCCC(CC)CSCC(C)C(=O)OCCSSCCOC(=O)CCN(CCC(=O)OCCSSCCOC(=O)C(C)CSCC(CC)CCCC)CCc1c[nH]c2ccccc12,"[{""component_index"":0,""role"":""thiol_tail""},{""component_index"":1,""role"":""thiol_head_or_tail""}]","[""CCCCC(CC)CSCC(C)C(=O)OCCSSCCOC(=O)CCN(CCC(=O)OCCS)CCc1c[nH]c2ccccc12"",""CCCCC(CC)CSCC(C)C(=O)OCCS""]","{""thiol_head_or_tail"":[17],""thiol_tail"":[34]}",,,,,,,,,
M005-1BE412F82104,reductive_amination_amine_aldehyde,CCCCCCCCCCC(CCCCCCCCCC)(C(=O)NC(C)(C)C)N(CC)CCCNCC,"[{""component_index"":0,""role"":""amine_head""},{""component_index"":1,""role"":""aldehyde_tail""}]","[""CCN"",""CCCCCCCCCCC(CCCCCCCCCC)(C(=O)NC(C)(C)C)N(CC)CCC=O""]","{""aldehyde_tail"":[33],""amine_head"":[2]}",,,,,,,,,
M005-4BAC0D95D05C,carbamate_amine_chloroformate,CCCCC/C=C\C/C=C\CCCCCCCC(=O)N(CCCCCOC(=O)CCCCCCCCCCC)C(C(=O)NC(C)(C)CC(C)(C)C)N(C)C,"[{""component_index"":0,""role"":""amine_head""},{""component_index"":1,""role"":""chloroformate_tail""}]","[""CCCCC/C=C\\C/C=C\\CCCCCCCC(=O)N(CCCCCOC(=O)CCCCCCCCCCC)C(C(=O)O)N(C)C"",""CC(C)(C)CC(C)(C)N""]",{},,,,,,,,,
M005-AA9062FD5A2D,carbamate_amine_chloroformate,CCCCCC=CCC=CCCCCCCCC(=O)OCC(COC(=O)CCC(OCCCCCCCC)OCCCCCCCC)COC(=O)NCCCN1CCCCC1,"[{""component_index"":0,""role"":""amine_head""},{""component_index"":1,""role"":""chloroformate_tail""}]","[""NCCCN1CCCCC1"",""CCCCCC=CCC=CCCCCCCCC(=O)OCC(COC(=O)Cl)COC(=O)CCC(OCCCCCCCC)OCCCCCCCC""]","{""amine_head"":[0],""chloroformate_tail"":[24]}",,,,,,,,,
M005-1A5D4B4A6F29,acetal_aldehyde_diol,CCCCCCCCCCCCCCNC(=O)CCN(CCC(=O)NCCCCCCCCCCCCCC)CCC1OCCO1,"[{""component_index"":0,""role"":""aldehyde_tail""},{""component_index"":1,""role"":""diol_linker""}]","[""CCCCCCCCCCCCCCNC(=O)CCN(CCC=O)CCC(=O)NCCCCCCCCCCCCCC"",""OCCO""]","{""aldehyde_tail"":[22],""diol_linker"":[0,3]}",,,,,,,,,
M005-EBC807CE3926,amide_coupling_acid_amine,CCCCCCCCCCC(CCCCCCCCCC)(C(=O)NCC(=O)OC(C)(C)C)N(CC)CCN(C)C,"[{""component_index"":0,""role"":""carboxylic_acid_tail""},{""component_index"":1,""role"":""amine_head""}]","[""CCCCCCCCCCC(CCCCCCCCCC)(C(=O)O)N(CC)CCN(C)C"",""CC(C)(C)OC(=O)CN""]","{""amine_head"":[8],""carboxylic_acid_tail"":[21]}",,,,,,,,,
M005-B3CC8DD5B8A9,reductive_amination_amine_aldehyde,CCCCC/C=C\C/C=C\CCCCCCCC(=O)OCCCCCC(NCCN(C)C)C(=O)NCCCCCCCCCCCCCCCC,"[{""component_index"":0,""role"":""amine_head""},{""component_index"":1,""role"":""aldehyde_tail""}]","[""CCCCC/C=C\\C/C=C\\CCCCCCCC(=O)OCCCCCC(N)C(=O)NCCCCCCCCCCCCCCCC"",""CN(C)CC=O""]","{""aldehyde_tail"":[4],""amine_head"":[26]}",,,,,,,,,
M005-A2E9585BB239,disulfide_coupling,CCCCCCCCCCCCCCSCC(C)C(=O)OCCSSCCOC(=O)CCN(CCC(=O)OCCSSCCOC(=O)C(C)CSCCCCCCCCCCCCCC)CCN(C)C,"[{""component_index"":0,""role"":""thiol_tail""},{""component_index"":1,""role"":""thiol_head_or_tail""}]","[""CCCCCCCCCCCCCCSCC(C)C(=O)OCCSSCCOC(=O)CCN(CCC(=O)OCCS)CCN(C)C"",""CCCCCCCCCCCCCCSCC(C)C(=O)OCCS""]","{""thiol_head_or_tail"":[23],""thiol_tail"":[40]}",,,,,,,,,
M005-BC69EA8E98FA,aza_michael_amine_acrylate,CCCCCCCCCCSCC(C)C(=O)OCCSSCCOC(=O)CCNCCN(CCN(CCC(=O)OCCSSCCOC(=O)C(C)CSCCCCCCCCCC)CCC(=O)OCCSSCCOC(=O)C(C)CSCCCCCCCCCC)CCN(CCC(=O)OCCSSCCOC(=O)C(C)CSCCCCCCCCCC)CCC(=O)OCCSSCCOC(=O)C(C)CSCCCCCCCCCC,"[{""component_index"":0,""role"":""amine_head""},{""component_index"":1,""role"":""alkyl_acrylate_or_acrylamide_tail""}]","[""CCCCCCCCCCSCC(C)C(=O)OCCSSCCOC(=O)CCN(CCC(=O)OCCSSCCOC(=O)C(C)CSCCCCCCCCCC)CCN(CCN)CCN(CCC(=O)OCCSSCCOC(=O)C(C)CSCCCCCCCCCC)CCC(=O)OCCSSCCOC(=O)C(C)CSCCCCCCCCCC"",""C=CC(=O)OCCSSCCOC(=O)C(C)CSCCCCCCCCCC""]","{""alkyl_acrylate_or_acrylamide_tail"":[0,1],""amine_head"":[62]}",,,,,,,,,
M005-715BACF57CAF,ugi_3cr_agile,CCCCCCCCCCCNC(=O)C(CCOC(=O)CCCCCCC)NCCN1CCCC1,"[{""component_index"":0,""role"":""amine_head""},{""component_index"":1,""role"":""oxoester_aldehyde_body_tail""},{""component_index"":2,""role"":""isocyanide_tail""}]","[""NCCN1CCCC1"",""CCCCCCCC(=O)OCCC=O"",""[C-]#[N+]CCCCCCCCCCC""]","{""amine_head"":[0],""isocyanide_tail"":[0,1],""oxoester_aldehyde_body_tail"":[12]}",,,,,,,,,
M005-0395252784DB,thiol_michael_thioether,CC(CSCCC(=O)O)C(=O)OCCOC(=O)CCN(CCCNCCCN(CCC(=O)OCCOC(=O)C(C)CSCCC(=O)O)CCC(=O)OCCOC(=O)C(C)CSCCC(=O)O)CCCN(CCC(=O)OCCOC(=O)C(C)CSCCC(=O)O)CCC(=O)OCCOC(=O)C(C)CSCCC(=O)O,"[{""component_index"":0,""role"":""thiol_tail""},{""component_index"":1,""role"":""alkyl_acrylate_or_acrylamide_tail""}]","[""CC(CS)C(=O)OCCOC(=O)CCN(CCCNCCCN(CCCN(CCC(=O)OCCOC(=O)C(C)CSCCC(=O)O)CCC(=O)OCCOC(=O)C(C)CSCCC(=O)O)CCC(=O)OCCOC(=O)C(C)CSCCC(=O)O)CCC(=O)OCCOC(=O)C(C)CSCCC(=O)O"",""C=CC(=O)O""]","{""alkyl_acrylate_or_acrylamide_tail"":[0,1],""thiol_tail"":[3]}",,,,,,,,,
M005-2FC8173ACA22,acetal_aldehyde_diol,CCCCCCC(C/C=C\CCCCCCCCOC(=O)CCN(CCC(=O)OCCCCCCCC/C=C\CC(CCCCCC)OC(=O)CCCCC)CCC1OCCO1)OC(=O)CCCCC,"[{""component_index"":0,""role"":""aldehyde_tail""},{""component_index"":1,""role"":""diol_linker""}]","[""CCCCCCC(C/C=C\\CCCCCCCCOC(=O)CCN(CCC=O)CCC(=O)OCCCCCCCC/C=C\\CC(CCCCCC)OC(=O)CCCCC)OC(=O)CCCCC"",""OCCO""]","{""aldehyde_tail"":[26],""diol_linker"":[0,3]}",,,,,,,,,
M005-718D839256AF,ugi_3cr_agile,CCCCCCC/C=C/C(=O)OCCCCCC(NCCCN(CCCC)CCCC)C(=O)NCCCCCCCCCCCCCC,"[{""component_index"":0,""role"":""amine_head""},{""component_index"":1,""role"":""oxoester_aldehyde_body_tail""},{""component_index"":2,""role"":""isocyanide_tail""}]","[""CCCCN(CCCC)CCCN"",""CCCCCCC/C=C/C(=O)OCCCCCC=O"",""[C-]#[N+]CCCCCCCCCCCCCC""]","{""amine_head"":[12],""isocyanide_tail"":[0,1],""oxoester_aldehyde_body_tail"":[17]}",,,,,,,,,
M005-594E11148507,acetal_aldehyde_diol,CCCCC/C=C\CCC(=O)OC(C/C=C\CCCCCCCCOC(=O)CCN(CCC(=O)OCCCCCCCC/C=C\CC(CCCCCC)OC(=O)CC/C=C\CCCCC)CCC1OCCO1)CCCCCC,"[{""component_index"":0,""role"":""aldehyde_tail""},{""component_index"":1,""role"":""diol_linker""}]","[""CCCCC/C=C\\CCC(=O)OC(C/C=C\\CCCCCCCCOC(=O)CCN(CCC=O)CCC(=O)OCCCCCCCC/C=C\\CC(CCCCCC)OC(=O)CC/C=C\\CCCCC)CCCCCC"",""OCCO""]","{""aldehyde_tail"":[32],""diol_linker"":[0,3]}",,,,,,,,,
M005-AE5BAFFAAC53,aza_michael_amine_acrylate,CCCCCCCCCC(CCCCCCCCC)(C(=O)NCCC(=O)OCC)N(CC)CCCNCC,"[{""component_index"":0,""role"":""amine_head""},{""component_index"":1,""role"":""alkyl_acrylate_or_acrylamide_tail""}]","[""CCCCCCCCCC(CCCCCCCCC)(C(N)=O)N(CC)CCCNCC"",""C=CC(=O)OCC""]","{""alkyl_acrylate_or_acrylamide_tail"":[0,1],""amine_head"":[20]}",,,,,,,,,
M005-6A7ADC9EFD87,reductive_amination_amine_aldehyde,CCCCCCCCCCCCCCOP(=O)([O-])OCCNCCNCCN(CCNCCNCCOP(=O)([O-])OCCCCCCCCCCCCCC)CCOP(=O)([O-])OCCCCCCCCCCCCCC,"[{""component_index"":0,""role"":""amine_head""},{""component_index"":1,""role"":""aldehyde_tail""}]","[""CCCCCCCCCCCCCCOP(=O)([O-])OCCNCCN"",""CCCCCCCCCCCCCCOP(=O)([O-])OCCNCCNCCN(CC=O)CCOP(=O)([O-])OCCCCCCCCCCCCCC""]","{""aldehyde_tail"":[29],""amine_head"":[21]}",,,,,,,,,
M005-4D9704257A26,thiol_michael_thioether,CCCCCCCCCCN(CCCCCCCCCC)CCC(=O)OCCOC(=O)C(C)CSCCC(=O)O,"[{""component_index"":0,""role"":""thiol_tail""},{""component_index"":1,""role"":""alkyl_acrylate_or_acrylamide_tail""}]","[""CCCCCCCCCCN(CCCCCCCCCC)CCC(=O)OCCOC(=O)C(C)CS"",""C=CC(=O)O""]","{""alkyl_acrylate_or_acrylamide_tail"":[0,1],""thiol_tail"":[34]}",,,,,,,,,
M005-8CC0CD577899,aza_michael_amine_acrylate,CCNCCCN(CC)C1(C(=O)NCCC(=O)OCC)CCCCCCCCCCC1,"[{""component_index"":0,""role"":""amine_head""},{""component_index"":1,""role"":""alkyl_acrylate_or_acrylamide_tail""}]","[""CCNCCCN(CC)C1(C(N)=O)CCCCCCCCCCC1"",""C=CC(=O)OCC""]","{""alkyl_acrylate_or_acrylamide_tail"":[0,1],""amine_head"":[11]}",,,,,,,,,
M005-F1630BFF2B5B,thiol_michael_thioether,CC(CSCCC(=O)O)C(=O)OCCOC(=O)CCN1CCN(C)CC1,"[{""component_index"":0,""role"":""thiol_tail""},{""component_index"":1,""role"":""alkyl_acrylate_or_acrylamide_tail""}]","[""CC(CS)C(=O)OCCOC(=O)CCN1CCN(C)CC1"",""C=CC(=O)O""]","{""alkyl_acrylate_or_acrylamide_tail"":[0,1],""thiol_tail"":[3]}",,,,,,,,,
M005-7287AA85550F,carbamate_amine_chloroformate,CCCCCCCCCCCOC(=O)NCCCCCCN(CCCCO)CCCCCCNC(=O)OC(CCCCCCCC)CCCCCCCC,"[{""component_index"":0,""role"":""amine_head""},{""component_index"":1,""role"":""chloroformate_tail""}]","[""CCCCCCCCC(CCCCCCCC)OC(=O)NCCCCCCN(CCCCO)CCCCCCN"",""CCCCCCCCCCCOC(=O)Cl""]","{""amine_head"":[39],""chloroformate_tail"":[12]}",,,,,,,,,
M005-8E5501876AC8,aza_michael_amine_acrylate,CCOC(=O)CCNC(=O)C1(N2CCN(C)CC2)CCCCCCCCCCC1,"[{""component_index"":0,""role"":""amine_head""},{""component_index"":1,""role"":""alkyl_acrylate_or_acrylamide_tail""}]","[""CN1CCN(C2(C(N)=O)CCCCCCCCCCC2)CC1"",""C=CC(=O)OCC""]","{""alkyl_acrylate_or_acrylamide_tail"":[0,1],""amine_head"":[7]}",,,,,,,,,
M005-FD255FFF4950,carbamate_amine_chloroformate,CCCCCC=CCC=CCCCCCCCC(=O)OCC(COC(=O)CCC(OCCCCCCCC)OCCCCCCCC)COC(=O)NCCN1CCC1,"[{""component_index"":0,""role"":""amine_head""},{""component_index"":1,""role"":""chloroformate_tail""}]","[""NCCN1CCC1"",""CCCCCC=CCC=CCCCCCCCC(=O)OCC(COC(=O)Cl)COC(=O)CCC(OCCCCCCCC)OCCCCCCCC""]","{""amine_head"":[0],""chloroformate_tail"":[24]}",,,,,,,,,
M005-5F9B539C2521,thiol_michael_thioether,CCCCCCCCCCCCCCCCCC(=O)NC(CCSCCC(=O)OCCCCCC(C)C)C(=O)NCCCN(C)C,"[{""component_index"":1,""role"":""thiol_tail""},{""component_index"":0,""role"":""alkyl_acrylate_or_acrylamide_tail""}]","[""CCCCCCCCCCCCCCCCCC(=O)NC(CCS)C(=O)NCCCN(C)C"",""C=CC(=O)OCCCCCC(C)C""]","{""alkyl_acrylate_or_acrylamide_tail"":[23],""thiol_tail"":[0,1]}",,,,,,,,,
M005-E052E1B108C2,ugi_3cr_agile,CCCCCCCCC(CCCCCC)COC(=O)CCCC(=O)OC(C(=O)NCCC(=O)OCCN1CCOCC1)C(C)(C)COC(=O)CC(=O)OCC(CCCCCC)CCCCCCCC,"[{""component_index"":0,""role"":""amine_head""},{""component_index"":1,""role"":""oxoester_aldehyde_body_tail""},{""component_index"":2,""role"":""isocyanide_tail""}]","[""CCCCCCCCC(CCCCCC)COC(=O)CCCC(=O)O"",""CCCCCCCCC(CCCCCC)COC(=O)CC(=O)OCC(C)(C)C=O"",""[C-]#[N+]CCC(=O)OCCN1CCOCC1""]",{},,,,,,,,,
M005-CA1F1D720095,reductive_amination_amine_aldehyde,CC(C)CSCC(C)C(=O)OCCOC(=O)CCN(CCCNCCCN(CCC(=O)OCCOC(=O)C(C)CSCC(C)C)CCC(=O)OCCOC(=O)C(C)CSCC(C)C)CCCN(CCC(=O)OCCOC(=O)C(C)CSCC(C)C)CCC(=O)OCCOC(=O)C(C)CSCC(C)C,"[{""component_index"":0,""role"":""amine_head""},{""component_index"":1,""role"":""aldehyde_tail""}]","[""CC(C)CSCC(C)C(=O)OCCOC(=O)CCN(CCCN)CCC(=O)OCCOC(=O)C(C)CSCC(C)C"",""CC(C)CSCC(C)C(=O)OCCOC(=O)CCN(CCC=O)CCCN(CCC(=O)OCCOC(=O)C(C)CSCC(C)C)CCC(=O)OCCOC(=O)C(C)CSCC(C)C""]","{""aldehyde_tail"":[21],""amine_head"":[22]}",,,,,,,,,
M005-F1A392A44838,ugi_3cr_agile,CCCCCCCC/C=C\CCCCCCCCNC(=O)C(CCCCCOC(=O)CCCCCCC/C=C\CCCCCCCC)NCCCN(CC)CC,"[{""component_index"":1,""role"":""amine_head""},{""component_index"":0,""role"":""oxoester_aldehyde_body_tail""},{""component_index"":2,""role"":""isocyanide_tail""}]","[""CCN(CC)CCCN"",""CCCCCCCC/C=C\\CCCCCCCC(=O)OCCCCCC=O"",""[C-]#[N+]CCCCCCCC/C=C\\CCCCCCCC""]","{""amine_head"":[25],""isocyanide_tail"":[0,1],""oxoester_aldehyde_body_tail"":[8]}",,,,,,,,,
M005-EBC68B7C5121,reductive_amination_amine_aldehyde,CCCCCCCCCCCCCCCCCC(=O)OCCCCCC(NN1CCCCC1)C(=O)NCCCCCCCCCCCC,"[{""component_index"":0,""role"":""amine_head""},{""component_index"":1,""role"":""aldehyde_tail""}]","[""CCCCCCCCCCCCCCCCCC(=O)OCCCCCC(NN1CCCCC1)C(N)=O"",""CCCCCCCCCCCC=O""]","{""aldehyde_tail"":[11],""amine_head"":[34]}",,,,,,,,,
M005-76CBEDFCF70C,carbamate_amine_chloroformate,CCCCCC#CCC#CCCCCCCCC(=O)OCC(COC(=O)CCC(OCCCCCCCC)OCCCCCCCC)COC(=O)NCCCN1CCCC1,"[{""component_index"":0,""role"":""amine_head""},{""component_index"":1,""role"":""chloroformate_tail""}]","[""NCCCN1CCCC1"",""CCCCCC#CCC#CCCCCCCCC(=O)OCC(COC(=O)Cl)COC(=O)CCC(OCCCCCCCC)OCCCCCCCC""]","{""amine_head"":[0],""chloroformate_tail"":[24]}",,,,,,,,,
M005-85C04C9F04EE,amide_coupling_acid_amine,CCCCCCCC/C=C\CCCCCCCCNC(=O)C(CCCCCOC(=O)C(CCCCCC)CCCCCCCC)NC1CCN(C)CC1,"[{""component_index"":0,""role"":""carboxylic_acid_tail""},{""component_index"":1,""role"":""amine_head""}]","[""CCCCCCCCC(CCCCCC)C(=O)OCCCCCC(NC1CCN(C)CC1)C(=O)O"",""CCCCCCCC/C=C\\CCCCCCCCN""]","{""amine_head"":[18],""carboxylic_acid_tail"":[32]}",,,,,,,,,
M005-F7A392DAE0FF,thiol_michael_thioether,CCCCCCCCC(CCCCCC)C(=O)NC(CCSCCC(=O)OCCCCCC(C)C)C(=O)NCCN(CC)CC,"[{""component_index"":0,""role"":""thiol_tail""},{""component_index"":1,""role"":""alkyl_acrylate_or_acrylamide_tail""}]","[""CCCCCCCCC(CCCCCC)C(=O)NC(CCS)C(=O)NCCN(CC)CC"",""C=CC(=O)OCCCCCC(C)C""]","{""alkyl_acrylate_or_acrylamide_tail"":[0,1],""thiol_tail"":[21]}",,,,,,,,,
M005-239C48FF03B0,amide_coupling_acid_amine,CCCCCCCC/C=C\CCCCCCCCNC(=O)C(CCCCCOC(=O)CCCCCCCCCCCCCCC)NCCCN(CC)CC,"[{""component_index"":0,""role"":""carboxylic_acid_tail""},{""component_index"":1,""role"":""amine_head""}]","[""CCCCCCCCCCCCCCCC(=O)OCCCCCC(NCCCN(CC)CC)C(=O)O"",""CCCCCCCC/C=C\\CCCCCCCCN""]","{""amine_head"":[18],""carboxylic_acid_tail"":[33]}",,,,,,,,,
M005-503562BE749C,aza_michael_amine_acrylate,CCCCCSCC(C)C(=O)OCCOC(=O)CCNCCN(CCN(CCC(=O)OCCOC(=O)C(C)CSCCCCC)CCC(=O)OCCOC(=O)C(C)CSCCCCC)CCN(CCC(=O)OCCOC(=O)C(C)CSCCCCC)CCC(=O)OCCOC(=O)C(C)CSCCCCC,"[{""component_index"":0,""role"":""amine_head""},{""component_index"":1,""role"":""alkyl_acrylate_or_acrylamide_tail""}]","[""CCCCCSCC(C)C(=O)OCCOC(=O)CCN(CCC(=O)OCCOC(=O)C(C)CSCCCCC)CCN(CCN)CCN(CCC(=O)OCCOC(=O)C(C)CSCCCCC)CCC(=O)OCCOC(=O)C(C)CSCCCCC"",""C=CC(=O)OCCOC(=O)C(C)CSCCCCC""]","{""alkyl_acrylate_or_acrylamide_tail"":[0,1],""amine_head"":[44]}",,,,,,,,,
M005-0A32F856433B,reductive_amination_amine_aldehyde,CCCCCCCCCCC(CCCCCCCCCC)(C(=O)NCCCCC)N(CC)CCCNCC,"[{""component_index"":0,""role"":""amine_head""},{""component_index"":1,""role"":""aldehyde_tail""}]","[""CCCCCCCCCCC(CCCCCCCCCC)(C(=O)NCCCCC)N(CC)CCCN"",""CC=O""]","{""aldehyde_tail"":[1],""amine_head"":[23]}",,,,,,,,,
M005-3335ECDE9474,aza_michael_amine_acrylate,CCCCCCCCC(CCCCCCCC)(C(=O)NCCC(=O)OCC)N1CCN(C)CC1,"[{""component_index"":0,""role"":""amine_head""},{""component_index"":1,""role"":""alkyl_acrylate_or_acrylamide_tail""}]","[""CCCCCCCCC(CCCCCCCC)(C(N)=O)N1CCN(C)CC1"",""C=CC(=O)OCC""]","{""alkyl_acrylate_or_acrylamide_tail"":[0,1],""amine_head"":[18]}",,,,,,,,,
M005-E641B1852F82,acetal_aldehyde_diol,CCCCCCC#CCOC(=O)OC(C/C=C\CCCCCCCCOC(=O)CCN(CCC(=O)OCCCCCCCC/C=C\CC(CCCCCC)OC(=O)OCC#CCCCCCC)CC1OCCO1)CCCCCC,"[{""component_index"":0,""role"":""aldehyde_tail""},{""component_index"":1,""role"":""diol_linker""}]","[""CCCCCCC#CCOC(=O)OC(C/C=C\\CCCCCCCCOC(=O)CCN(CC=O)CCC(=O)OCCCCCCCC/C=C\\CC(CCCCCC)OC(=O)OCC#CCCCCCC)CCCCCC"",""OCCO""]","{""aldehyde_tail"":[32],""diol_linker"":[0,3]}",,,,,,,,,
M005-5E0A9EA8DE57,disulfide_coupling,CCCCCCCC/C=C\CCCCCCC(O)CN(CCCSSCCN1CCN(CCOC(=O)CCCN(CC(O)CCCCCCCCCCCC)CC(O)CCCCCCCCCCCC)CC1)CC(O)CCCCCC/C=C\CCCCCCCC,"[{""component_index"":0,""role"":""thiol_tail""},{""component_index"":1,""role"":""thiol_head_or_tail""}]","[""CCCCCCCCCCCCC(O)CN(CCCC(=O)OCCN1CCN(CCS)CC1)CC(O)CCCCCCCCCCCC"",""CCCCCCCC/C=C\\CCCCCCC(O)CN(CCCS)CC(O)CCCCCC/C=C\\CCCCCCCC""]","{""thiol_head_or_tail"":[23],""thiol_tail"":[30]}",,,,,,,,,
M005-C503D5163D11,ugi_3cr_agile,CCCCCCCCCCCCCCCCCCNC(=O)C(CCCOC(=O)CCCCCCCCCCC)NCCN1CCNCC1,"[{""component_index"":0,""role"":""amine_head""},{""component_index"":1,""role"":""oxoester_aldehyde_body_tail""},{""component_index"":2,""role"":""isocyanide_tail""}]","[""NCCN1CCNCC1"",""CCCCCCCCCCCC(=O)OCCCC=O"",""[C-]#[N+]CCCCCCCCCCCCCCCCCC""]","{""amine_head"":[0],""isocyanide_tail"":[0,1],""oxoester_aldehyde_body_tail"":[17]}",,,,,,,,,
M005-8684670C8C5E,ugi_3cr_agile,CCCCCCCCCCCCNC(=O)C(NCCN(C)C)c1cc(OC(=O)C(C)CCCC)cc(OC(=O)C(C)CCCC)c1,"[{""component_index"":0,""role"":""amine_head""},{""component_index"":1,""role"":""oxoester_aldehyde_body_tail""},{""component_index"":2,""role"":""isocyanide_tail""}]","[""CN(C)CCN"",""CCCCC(C)C(=O)Oc1cc(C=O)cc(OC(=O)C(C)CCCC)c1"",""[C-]#[N+]CCCCCCCCCCCC""]","{""amine_head"":[5],""isocyanide_tail"":[0,1],""oxoester_aldehyde_body_tail"":[12]}",,,,,,,,,
M005-67C4F00452B4,amide_coupling_acid_amine,CCCCCCCCCCCCCCCCCC(=O)OCCCCCC(NCCN1CCNCC1)C(=O)NCCCCCCCCCCCCCCCC,"[{""component_index"":0,""role"":""carboxylic_acid_tail""},{""component_index"":1,""role"":""amine_head""}]","[""CCCCCCCCCCCCCCCCCC(=O)OCCCCCC(NCCN1CCNCC1)C(=O)O"",""CCCCCCCCCCCCCCCCN""]","{""amine_head"":[16],""carboxylic_acid_tail"":[35]}",,,,,,,,,
M005-FD57E225B319,thiol_michael_thioether,CCCCCCCCCCCCCCOC(=O)CCSCCC(NC(=O)C(CCCCCC)CCCCCCCC)C(=O)NCCCn1ccnc1,"[{""component_index"":0,""role"":""thiol_tail""},{""component_index"":1,""role"":""alkyl_acrylate_or_acrylamide_tail""}]","[""CCCCCCCCC(CCCCCC)C(=O)NC(CCS)C(=O)NCCCn1ccnc1"",""C=CC(=O)OCCCCCCCCCCCCCC""]","{""alkyl_acrylate_or_acrylamide_tail"":[0,1],""thiol_tail"":[21]}",,,,,,,,,
M005-8CA8A657A92D,passerini_3cr,CCCCCCCCCCCCNC(=O)C(NCCN(C)C)c1cc(OC(=O)C(CC)CCCC)cc(OC(=O)C(CC)CCCC)c1,"[{""component_index"":0,""role"":""carboxylic_acid_tail""},{""component_index"":1,""role"":""aldehyde_body""},{""component_index"":2,""role"":""isocyanide_tail""}]","[""CN(C)CCN"",""CCCCC(CC)C(=O)Oc1cc(C=O)cc(OC(=O)C(CC)CCCC)c1"",""[C-]#[N+]CCCCCCCCCCCC""]",{},,,,,,,,,
M005-DE19C3490ACE,ugi_3cr_agile,C#CCCCCCCCCC(=O)OCCCCCC(NN1CCCCC1)C(=O)NCCCCCCCCCCCCCC,"[{""component_index"":0,""role"":""amine_head""},{""component_index"":1,""role"":""oxoester_aldehyde_body_tail""},{""component_index"":2,""role"":""isocyanide_tail""}]","[""NN1CCCCC1"",""C#CCCCCCCCCC(=O)OCCCCCC=O"",""[C-]#[N+]CCCCCCCCCCCCCC""]","{""amine_head"":[0],""isocyanide_tail"":[0,1],""oxoester_aldehyde_body_tail"":[18]}",,,,,,,,,
M005-C296D6A9F6DE,thiol_michael_thioether,CC(CSCCC(=O)O)C(=O)OCCOC(=O)CCN1CCN(CCN(C)C)CC1,"[{""component_index"":0,""role"":""thiol_tail""},{""component_index"":1,""role"":""alkyl_acrylate_or_acrylamide_tail""}]","[""CC(CS)C(=O)OCCOC(=O)CCN1CCN(CCN(C)C)CC1"",""C=CC(=O)O""]","{""alkyl_acrylate_or_acrylamide_tail"":[0,1],""thiol_tail"":[3]}",,,,,,,,,
M005-0D02ECA03DF4,amide_coupling_acid_amine,CCCCCCCC/C=C\CCCCCCCC(=O)N(CCCCCCC/C=C\CCCCCCCC)C(C(=O)NCCN1CCOCC1)c1cc(C)nn1C,"[{""component_index"":0,""role"":""carboxylic_acid_tail""},{""component_index"":1,""role"":""amine_head""}]","[""CCCCCCCC/C=C\\CCCCCCCC(=O)N(CCCCCCC/C=C\\CCCCCCCC)C(C(=O)O)c1cc(C)nn1C"",""NCCN1CCOCC1""]","{""amine_head"":[0],""carboxylic_acid_tail"":[38]}",,,,,,,,,
M005-3B88D8137697,reductive_amination_amine_aldehyde,C#CCCCCCCCCC(=O)OCCCCCC(NN1CCCCC1)C(=O)NCCCCCCCCCCCC,"[{""component_index"":0,""role"":""amine_head""},{""component_index"":1,""role"":""aldehyde_tail""}]","[""C#CCCCCCCCCC(=O)OCCCCCC(NN1CCCCC1)C(N)=O"",""CCCCCCCCCCCC=O""]","{""aldehyde_tail"":[11],""amine_head"":[27]}",,,,,,,,,
M005-8395C357A36C,acetal_aldehyde_diol,CCCCCCCCCCCCCCCCCCNC(=O)CCN(CCC(=O)NCCCCCCCCCCCCCCCCCC)CCC1OCCO1,"[{""component_index"":0,""role"":""aldehyde_tail""},{""component_index"":1,""role"":""diol_linker""}]","[""CCCCCCCCCCCCCCCCCCNC(=O)CCN(CCC=O)CCC(=O)NCCCCCCCCCCCCCCCCCC"",""OCCO""]","{""aldehyde_tail"":[26],""diol_linker"":[0,3]}",,,,,,,,,
M005-09C935444228,ugi_3cr_agile,CCCCCCCC/C=C\CCCCCCCCNC(=O)C(CCCCCOC(=O)CCCCCCC/C=C\CCCCCCCC)NCC1CCCN1CC,"[{""component_index"":0,""role"":""amine_head""},{""component_index"":1,""role"":""oxoester_aldehyde_body_tail""},{""component_index"":2,""role"":""isocyanide_tail""}]","[""CCN1CCCC1CN"",""CCCCCCCC/C=C\\CCCCCCCC(=O)OCCCCCC=O"",""[C-]#[N+]CCCCCCCC/C=C\\CCCCCCCC""]","{""amine_head"":[8],""isocyanide_tail"":[0,1],""oxoester_aldehyde_body_tail"":[25]}",,,,,,,,,
M005-A397EA35B2A9,amide_coupling_acid_amine,CCCCCCCCC(CCCCCC)C(=O)NC(CCSCCC(=O)OCCCCCC(C)C)C(=O)NCCCN(C)C,"[{""component_index"":0,""role"":""carboxylic_acid_tail""},{""component_index"":1,""role"":""amine_head""}]","[""CCCCCCCCC(CCCCCC)C(=O)O"",""CC(C)CCCCCOC(=O)CCSCCC(N)C(=O)NCCCN(C)C""]","{""amine_head"":[17],""carboxylic_acid_tail"":[15]}",,,,,,,,,
M005-438F280133C3,ugi_3cr_agile,CCCCCCCC/C=C\CCCCCCCCNC(=O)C(CCCOC(=O)CCCCCCCCCC)NCCN(CCN)CCN,"[{""component_index"":0,""role"":""amine_head""},{""component_index"":1,""role"":""oxoester_aldehyde_body_tail""},{""component_index"":2,""role"":""isocyanide_tail""}]","[""NCCN(CCN)CCN"",""CCCCCCCCCCC(=O)OCCCC=O"",""[C-]#[N+]CCCCCCCC/C=C\\CCCCCCCC""]","{""amine_head"":[0],""isocyanide_tail"":[0,1],""oxoester_aldehyde_body_tail"":[16]}",,,,,,,,,
M005-143998DBB4CB,acetal_aldehyde_diol,CCCCC#CCOC(=O)OC(C/C=C\CCCCCCCCOC(=O)CCN(CCC(=O)OCCCCCCCC/C=C\CC(CCCCCC)OC(=O)OCC#CCCCC)CC1OCCO1)CCCCCC,"[{""component_index"":0,""role"":""aldehyde_tail""},{""component_index"":1,""role"":""diol_linker""}]","[""CCCCC#CCOC(=O)OC(C/C=C\\CCCCCCCCOC(=O)CCN(CC=O)CCC(=O)OCCCCCCCC/C=C\\CC(CCCCCC)OC(=O)OCC#CCCCC)CCCCCC"",""OCCO""]","{""aldehyde_tail"":[30],""diol_linker"":[0,3]}",,,,,,,,,
M005-B3DC670FB1F1,acetal_aldehyde_diol,CCC#CCOC(=O)OC(C/C=C\CCCCCCCCOC(=O)CCN(CCC(=O)OCCCCCCCC/C=C\CC(CCCCCC)OC(=O)OCC#CCC)CCC1OCCO1)CCCCCC,"[{""component_index"":0,""role"":""aldehyde_tail""},{""component_index"":1,""role"":""diol_linker""}]","[""CCC#CCOC(=O)OC(C/C=C\\CCCCCCCCOC(=O)CCN(CCC=O)CCC(=O)OCCCCCCCC/C=C\\CC(CCCCCC)OC(=O)OCC#CCC)CCCCCC"",""OCCO""]","{""aldehyde_tail"":[29],""diol_linker"":[0,3]}",,,,,,,,,
M005-DA92EAFBE8F5,ugi_3cr_agile,CCCCCCCCCCCCNC(=O)C(NCCN(C)C)c1cc(OC(=O)CCC(CC)CCCC)cc(OC(=O)CCC(CC)CCCC)c1,"[{""component_index"":1,""role"":""amine_head""},{""component_index"":0,""role"":""oxoester_aldehyde_body_tail""},{""component_index"":2,""role"":""isocyanide_tail""}]","[""CN(C)CCN"",""CCCCC(CC)CCC(=O)Oc1cc(C=O)cc(OC(=O)CCC(CC)CCCC)c1"",""[C-]#[N+]CCCCCCCCCCCC""]","{""amine_head"":[15],""isocyanide_tail"":[0,1],""oxoester_aldehyde_body_tail"":[5]}",,,,,,,,,
M005-C1982242012C,acetal_aldehyde_diol,CCCCCCCCCCCOC(=O)CCN(CCC(=O)OCCCCCCCCCCC)CCC1OCCO1,"[{""component_index"":0,""role"":""aldehyde_tail""},{""component_index"":1,""role"":""diol_linker""}]","[""CCCCCCCCCCCOC(=O)CCN(CCC=O)CCC(=O)OCCCCCCCCCCC"",""OCCO""]","{""aldehyde_tail"":[19],""diol_linker"":[0,3]}",,,,,,,,,
M005-2CF0F3B747EE,disulfide_coupling,CCCCC/C=C\C/C=C\CCCCCCC(O)CN(CCCC(=O)OCCN1CCN(CCSSCCCN(CC(O)CCCCCCCCCC)CC(O)CCCCCCCCCC)CC1)CC(O)CCCCCC/C=C\C/C=C\CCCCC,"[{""component_index"":0,""role"":""thiol_tail""},{""component_index"":1,""role"":""thiol_head_or_tail""}]","[""CCCCCCCCCCC(O)CN(CCCS)CC(O)CCCCCCCCCC"",""CCCCC/C=C\\C/C=C\\CCCCCCC(O)CN(CCCC(=O)OCCN1CCN(CCS)CC1)CC(O)CCCCCC/C=C\\C/C=C\\CCCCC""]","{""thiol_head_or_tail"":[34],""thiol_tail"":[17]}",,,,,,,,,
M005-CD742D853335,reductive_amination_amine_aldehyde,CCCCCCCCCCC(CCCCCCCCCC)(C(=O)NCCCCC)N(CC)CCCNCC,"[{""component_index"":0,""role"":""amine_head""},{""component_index"":1,""role"":""aldehyde_tail""}]","[""CCCCCCCCCCC(CCCCCCCCCC)(C(=O)NCCCCC)N(CC)CCCN"",""CC=O""]","{""aldehyde_tail"":[1],""amine_head"":[35]}",,,,,,,,,
M005-8A1E7CF3111D,ugi_3cr_agile,CCCCCCCC/C=C\CCCCCCCCNC(=O)C(CCCCCOC(=O)CCC(C)CCCCC)NCCN(C(C)C)C(C)C,"[{""component_index"":0,""role"":""amine_head""},{""component_index"":1,""role"":""oxoester_aldehyde_body_tail""},{""component_index"":2,""role"":""isocyanide_tail""}]","[""CC(C)N(CCN)C(C)C"",""CCCCCC(C)CCC(=O)OCCCCCC=O"",""[C-]#[N+]CCCCCCCC/C=C\\CCCCCCCC""]","{""amine_head"":[6],""isocyanide_tail"":[0,1],""oxoester_aldehyde_body_tail"":[17]}",,,,,,,,,
M005-1E222599FA3B,reductive_amination_amine_aldehyde,CCCCCCC/C=C/C(=O)OCCCCCC(NCCCN1CCCC1)C(=O)NCCCCCCCCCCCC,"[{""component_index"":0,""role"":""amine_head""},{""component_index"":1,""role"":""aldehyde_tail""}]","[""CCCCCCC/C=C/C(=O)OCCCCCC(NCCCN1CCCC1)C(N)=O"",""CCCCCCCCCCCC=O""]","{""aldehyde_tail"":[11],""amine_head"":[28]}",,,,,,,,,
M005-93A038080424,ugi_3cr_agile,CCCCC/C=C\C/C=C\CCCCCCCC(=O)OCCCCCC(NCCCN(C)C)C(=O)NCCCCCCCCCCCC,"[{""component_index"":0,""role"":""amine_head""},{""component_index"":1,""role"":""oxoester_aldehyde_body_tail""},{""component_index"":2,""role"":""isocyanide_tail""}]","[""CN(C)CCCN"",""CCCCC/C=C\\C/C=C\\CCCCCCCC(=O)OCCCCCC=O"",""[C-]#[N+]CCCCCCCCCCCC""]","{""amine_head"":[6],""isocyanide_tail"":[0,1],""oxoester_aldehyde_body_tail"":[25]}",,,,,,,,,
M005-E3E0F2F58346,amide_coupling_acid_amine,CCCCCCCC/C=C\CCCCCCCC(=O)OCCCCCC(C(=O)NCC(=O)OC(C)(C)C)N(CCCN(CCO)CCO)C(=O)CCCCCCC/C=C\CCCCCCCC,"[{""component_index"":0,""role"":""carboxylic_acid_tail""},{""component_index"":1,""role"":""amine_head""}]","[""CCCCCCCC/C=C\\CCCCCCCC(=O)OCCCCCC(C(=O)O)N(CCCN(CCO)CCO)C(=O)CCCCCCC/C=C\\CCCCCCCC"",""CC(C)(C)OC(=O)CN""]","{""amine_head"":[8],""carboxylic_acid_tail"":[26]}",,,,,,,,,
M005-6E5ECB27C8CC,disulfide_coupling,CCCCOC(=O)CCCCCCC(O)CN(CCCCSSCCN1CCN(CCOC(=O)CCCN(CC(O)CCCCC(=O)OCCC(C)C)CC(O)CCCCC(=O)OCCC(C)C)CC1)CC(O)CCCCCCC(=O)OCCCC,"[{""component_index"":0,""role"":""thiol_tail""},{""component_index"":1,""role"":""thiol_head_or_tail""}]","[""CCCCOC(=O)CCCCCCC(O)CN(CCCCS)CC(O)CCCCCCC(=O)OCCCC"",""CC(C)CCOC(=O)CCCCC(O)CN(CCCC(=O)OCCN1CCN(CCS)CC1)CC(O)CCCCC(=O)OCCC(C)C""]","{""thiol_head_or_tail"":[30],""thiol_tail"":[21]}",,,,,,,,,
M005-2F908661B38C,ugi_3cr_agile,CCCCCCCC/C=C\CCCCCCCCNC(=O)C(CCCCCOC(=O)CCCCCCCCCCC)NC1CCN(C)CC1,"[{""component_index"":0,""role"":""amine_head""},{""component_index"":1,""role"":""oxoester_aldehyde_body_tail""},{""component_index"":2,""role"":""isocyanide_tail""}]","[""CN1CCC(N)CC1"",""CCCCCCCCCCCC(=O)OCCCCCC=O"",""[C-]#[N+]CCCCCCCC/C=C\\CCCCCCCC""]","{""amine_head"":[5],""isocyanide_tail"":[0,1],""oxoester_aldehyde_body_tail"":[19]}",,,,,,,,,
M005-4D08F343622A,amide_coupling_acid_amine,CCCCCCCCC(CCCCCC)C(=O)OCCCCCN(C(=O)C(CCCCCC)CCCCCCCC)C(CCCN(CCCC)CCCC)C(=O)NC1CCCCC1,"[{""component_index"":0,""role"":""carboxylic_acid_tail""},{""component_index"":1,""role"":""amine_head""}]","[""CCCCCCCCC(CCCCCC)C(=O)OCCCCCN(C(=O)C(CCCCCC)CCCCCCCC)C(CCCN(CCCC)CCCC)C(=O)O"",""NC1CCCCC1""]","{""amine_head"":[0],""carboxylic_acid_tail"":[54]}",,,,,,,,,
M005-8ECA85BFE5FD,carbamate_amine_chloroformate,CCCCCCCCCCCOC(=O)NCCCCCCN(CCCO)CCCCCCNC(=O)OC(CCCCCCCC)CCCCCCCC,"[{""component_index"":0,""role"":""amine_head""},{""component_index"":1,""role"":""chloroformate_tail""}]","[""CCCCCCCCC(CCCCCCCC)OC(=O)NCCCCCCN(CCCO)CCCCCCN"",""CCCCCCCCCCCOC(=O)Cl""]","{""amine_head"":[38],""chloroformate_tail"":[12]}",,,,,,,,,
M005-AE331FEA8845,carbamate_amine_chloroformate,CCCCCCC(CCCC)C(=O)OCCCCCN(CCCN(CC)CC)CC(COC(=O)NCCCOC(=O)C(CCCC)CCCCCC)COC(=O)NCCCOC(=O)C(CCCC)CCCCCC,"[{""component_index"":0,""role"":""amine_head""},{""component_index"":1,""role"":""chloroformate_tail""}]","[""CCCCCCC(CCCC)C(=O)OCCCN"",""CCCCCCC(CCCC)C(=O)OCCCCCN(CCCN(CC)CC)CC(COC(=O)Cl)COC(=O)NCCCOC(=O)C(CCCC)CCCCCC""]","{""amine_head"":[17],""chloroformate_tail"":[32]}",,,,,,,,,
M005-AFD05CF6053D,reductive_amination_amine_aldehyde,CCCCCCCCCCCCCCCC(=O)N(CCCN(C)C)C(CCCCCOC(=O)CCCCCCCC)C(=O)NCCCC,"[{""component_index"":0,""role"":""amine_head""},{""component_index"":1,""role"":""aldehyde_tail""}]","[""CCCCCCCCCCCCCCCC(=O)N(CCCN(C)C)C(CCCCCOC(=O)CCCCCCCC)C(N)=O"",""CCCC=O""]","{""aldehyde_tail"":[3],""amine_head"":[42]}",,,,,,,,,
M005-9BD3A5CBE165,ugi_3cr_agile,CCCCC/C=C\C/C=C\CCCCCCCC(=O)OCCCCCC(NCCCN(C)CCCN)C(=O)NCCCCCCCCCCCCCCCC,"[{""component_index"":0,""role"":""amine_head""},{""component_index"":1,""role"":""oxoester_aldehyde_body_tail""},{""component_index"":2,""role"":""isocyanide_tail""}]","[""CN(CCCN)CCCN"",""CCCCC/C=C\\C/C=C\\CCCCCCCC(=O)OCCCCCC=O"",""[C-]#[N+]CCCCCCCCCCCCCCCC""]","{""amine_head"":[5],""isocyanide_tail"":[0,1],""oxoester_aldehyde_body_tail"":[25]}",,,,,,,,,
M005-B5DF378B1883,disulfide_coupling,CCCCCCCCCCCCCCSCC(C)C(=O)OCCSSCCOC(=O)CCN(CCCN(C)C)CCCN(CCC(=O)OCCSSCCOC(=O)C(C)CSCCCCCCCCCCCCCC)CCC(=O)OCCSSCCOC(=O)C(C)CSCCCCCCCCCCCCCC,"[{""component_index"":0,""role"":""thiol_tail""},{""component_index"":1,""role"":""thiol_head_or_tail""}]","[""CCCCCCCCCCCCCCSCC(C)C(=O)OCCSSCCOC(=O)CCN(CCCN(C)C)CCCN(CCC(=O)OCCS)CCC(=O)OCCSSCCOC(=O)C(C)CSCCCCCCCCCCCCCC"",""CCCCCCCCCCCCCCSCC(C)C(=O)OCCS""]","{""thiol_head_or_tail"":[23],""thiol_tail"":[50]}",,,,,,,,,
M005-65D5989AF31B,amide_coupling_acid_amine,CCCCCCCCCCCCCCOC(=O)CCNCCCCCCCCCCCCNC(=O)c1cc2ccc1CCc1ccc(c(C(=O)NCCCCCCCCCCCCN(CCC(=O)OCCCCCCCCCCCCCC)CCC(=O)OCCCCCCCCCCCCCC)c1)CC2,"[{""component_index"":0,""role"":""carboxylic_acid_tail""},{""component_index"":1,""role"":""amine_head""}]","[""CCCCCCCCCCCCCCOC(=O)CCN(CCCCCCCCCCCCNC(=O)c1cc2ccc1CCc1ccc(c(C(=O)O)c1)CC2)CCC(=O)OCCCCCCCCCCCCCC"",""CCCCCCCCCCCCCCOC(=O)CCNCCCCCCCCCCCCN""]","{""amine_head"":[32],""carboxylic_acid_tail"":[48]}",,,,,,,,,
M005-AB4D66C4637A,ugi_3cr_agile,CCCCCCCCCCCCNC(=O)C(NCCN(C)C)c1c(OC(=O)CCC(C)CCCC)cc(OC(=O)CCC(C)CCCC)cc1OC(=O)CCC(C)CCCC,"[{""component_index"":0,""role"":""amine_head""},{""component_index"":1,""role"":""oxoester_aldehyde_body_tail""},{""component_index"":2,""role"":""isocyanide_tail""}]","[""CN(C)CCN"",""CCCCC(C)CCC(=O)Oc1cc(OC(=O)CCC(C)CCCC)c(C=O)c(OC(=O)CCC(C)CCCC)c1"",""[C-]#[N+]CCCCCCCCCCCC""]","{""amine_head"":[5],""isocyanide_tail"":[0,1],""oxoester_aldehyde_body_tail"":[26]}",,,,,,,,,
M005-1EBC63E7155C,ugi_3cr_agile,CCCCCCCCCCCCNC(=O)C(NCCN(C)C)c1cc(OC(=O)C(C)CCCCC)cc(OC(=O)C(C)CCCCC)c1,"[{""component_index"":0,""role"":""amine_head""},{""component_index"":1,""role"":""oxoester_aldehyde_body_tail""},{""component_index"":2,""role"":""isocyanide_tail""}]","[""CN(C)CCN"",""CCCCCC(C)C(=O)Oc1cc(C=O)cc(OC(=O)C(C)CCCCC)c1"",""[C-]#[N+]CCCCCCCCCCCC""]","{""amine_head"":[5],""isocyanide_tail"":[0,1],""oxoester_aldehyde_body_tail"":[13]}",,,,,,,,,
M005-FF57842D9BB1,thiol_michael_thioether,CCCCCCCCCCCCN(CCC(=O)OCCOC(=O)C(C)CSCCC(=O)O)CCC(=O)OCCOC(=O)C(C)CSCCC(=O)O,"[{""component_index"":0,""role"":""thiol_tail""},{""component_index"":1,""role"":""alkyl_acrylate_or_acrylamide_tail""}]","[""CCCCCCCCCCCCN(CCC(=O)OCCOC(=O)C(C)CS)CCC(=O)OCCOC(=O)C(C)CSCCC(=O)O"",""C=CC(=O)O""]","{""alkyl_acrylate_or_acrylamide_tail"":[0,1],""thiol_tail"":[26]}",,,,,,,,,
M005-7FED2532B075,ugi_3cr_agile,CCCCCCCCCCCCNC(=O)C(NCCN(C)C)c1cc(OC(=O)CCCCCCC)cc(OC(=O)CCCCCCC)c1,"[{""component_index"":0,""role"":""amine_head""},{""component_index"":1,""role"":""oxoester_aldehyde_body_tail""},{""component_index"":2,""role"":""isocyanide_tail""}]","[""CN(C)CCN"",""CCCCCCCC(=O)Oc1cc(C=O)cc(OC(=O)CCCCCCC)c1"",""[C-]#[N+]CCCCCCCCCCCC""]","{""amine_head"":[5],""isocyanide_tail"":[0,1],""oxoester_aldehyde_body_tail"":[13]}",,,,,,,,,
M005-154C8FF061EC,ugi_3cr_agile,CCCCCCCCCCCCCCNC(=O)C(CCCCCOC(=O)CCCCCCCCC)NCC1CCCN1CC,"[{""component_index"":0,""role"":""amine_head""},{""component_index"":1,""role"":""oxoester_aldehyde_body_tail""},{""component_index"":2,""role"":""isocyanide_tail""}]","[""CCN1CCCC1CN"",""CCCCCCCCCC(=O)OCCCCCC=O"",""[C-]#[N+]CCCCCCCCCCCCCC""]","{""amine_head"":[8],""isocyanide_tail"":[0,1],""oxoester_aldehyde_body_tail"":[17]}",,,,,,,,,
M005-4E063E8E327D,ugi_3cr_agile,CCCCCCCC/C=C\CCCCCCCCNC(=O)C(CCCCCOC(=O)CCCCCCC/C=C\CCCCCCCC)NCCCN(CC)CC,"[{""component_index"":0,""role"":""amine_head""},{""component_index"":1,""role"":""oxoester_aldehyde_body_tail""},{""component_index"":2,""role"":""isocyanide_tail""}]","[""CCN(CC)CCCN"",""CCCCCCCC/C=C\\CCCCCCCC(=O)OCCCCCC=O"",""[C-]#[N+]CCCCCCCC/C=C\\CCCCCCCC""]","{""amine_head"":[8],""isocyanide_tail"":[0,1],""oxoester_aldehyde_body_tail"":[25]}",,,,,,,,,
M005-67E579D52D9C,ugi_3cr_agile,CCCCCCCC/C=C\CCCCCCCC(NCCCN(C)C)C(=O)NCCCCCCCCCCCCCCCCCC,"[{""component_index"":0,""role"":""amine_head""},{""component_index"":1,""role"":""oxoester_aldehyde_body_tail""},{""component_index"":2,""role"":""isocyanide_tail""}]","[""CN(C)CCCN"",""CCCCCCCC/C=C\\CCCCCCCC=O"",""[C-]#[N+]CCCCCCCCCCCCCCCCCC""]","{""amine_head"":[6],""isocyanide_tail"":[0,1],""oxoester_aldehyde_body_tail"":[17]}",,,,,,,,,
M005-B0F19D62DC57,ugi_3cr_agile,CCCCCCCCCCCCCCCCNC(=O)C(CCCCCOC(=O)CCCCCCCC)NCCN1CCCC1,"[{""component_index"":0,""role"":""amine_head""},{""component_index"":1,""role"":""oxoester_aldehyde_body_tail""},{""component_index"":2,""role"":""isocyanide_tail""}]","[""NCCN1CCCC1"",""CCCCCCCCC(=O)OCCCCCC=O"",""[C-]#[N+]CCCCCCCCCCCCCCCC""]","{""amine_head"":[0],""isocyanide_tail"":[0,1],""oxoester_aldehyde_body_tail"":[16]}",,,,,,,,,
M005-348215CA704B,disulfide_coupling,CCCCCCCCCCCCCCSSCCC(=O)N(CCO)C(C(=O)NCCN(CCNC(=O)C(C(C)C)N(CCO)C(=O)CCSSCCCCCCCCCCCCCC)CCNC(=O)C(C(C)C)N(CCO)C(=O)CCSSCCCCCCCCCCCCCC)C(C)C,"[{""component_index"":0,""role"":""thiol_tail""},{""component_index"":1,""role"":""thiol_head_or_tail""}]","[""CCCCCCCCCCCCCCSSCCC(=O)N(CCO)C(C(=O)NCCN(CCNC(=O)C(C(C)C)N(CCO)C(=O)CCS)CCNC(=O)C(C(C)C)N(CCO)C(=O)CCSSCCCCCCCCCCCCCC)C(C)C"",""CCCCCCCCCCCCCCS""]","{""thiol_head_or_tail"":[14],""thiol_tail"":[48]}",,,,,,,,,
M005-9448E5B9EEE3,ugi_3cr_agile,CCCCCCCCCCCCNC(=O)C(NCCN(C)C)c1c(OC(=O)C(CC)CCCC)cc(OC(=O)C(CC)CCCC)cc1OC(=O)C(CC)CCCC,"[{""component_index"":0,""role"":""amine_head""},{""component_index"":1,""role"":""oxoester_aldehyde_body_tail""},{""component_index"":2,""role"":""isocyanide_tail""}]","[""CN(C)CCN"",""CCCCC(CC)C(=O)Oc1cc(OC(=O)C(CC)CCCC)c(C=O)c(OC(=O)C(CC)CCCC)c1"",""[C-]#[N+]CCCCCCCCCCCC""]","{""amine_head"":[5],""isocyanide_tail"":[0,1],""oxoester_aldehyde_body_tail"":[24]}",,,,,,,,,
M005-4C299B3A45EE,passerini_3cr,CCCCCCCCC(CCCCCC)COC(=O)CCCC(=O)OCC(C)(C)C(OC(=O)CCCC(=O)OCC(CCCCCC)CCCCCCCC)C(=O)NCCC(=O)OCCN1CCOCC1,"[{""component_index"":0,""role"":""carboxylic_acid_tail""},{""component_index"":1,""role"":""aldehyde_body""},{""component_index"":2,""role"":""isocyanide_tail""}]","[""CCCCCCCCC(CCCCCC)COC(=O)CCCC(=O)O"",""CCCCCCCCC(CCCCCC)COC(=O)CCCC(=O)OCC(C)(C)C=O"",""[C-]#[N+]CCC(=O)OCCN1CCOCC1""]","{""aldehyde_body"":[29,30],""carboxylic_acid_tail"":[24],""isocyanide_tail"":[0,1]}",,,,,,,,,
M005-3409FB8872E9,ugi_3cr_agile,CCCCCCCCCCCCNC(=O)C(NCCN(C)C)c1c(OC(=O)C(C)CCCC)cc(OC(=O)C(C)CCCC)cc1OC(=O)C(C)CCCC,"[{""component_index"":0,""role"":""amine_head""},{""component_index"":1,""role"":""oxoester_aldehyde_body_tail""},{""component_index"":2,""role"":""isocyanide_tail""}]","[""CN(C)CCN"",""CCCCC(C)C(=O)Oc1cc(OC(=O)C(C)CCCC)c(C=O)c(OC(=O)C(C)CCCC)c1"",""[C-]#[N+]CCCCCCCCCCCC""]","{""amine_head"":[5],""isocyanide_tail"":[0,1],""oxoester_aldehyde_body_tail"":[22]}",,,,,,,,,
M005-4FB56F354414,aza_michael_amine_acrylate,CCCCSCC(C)C(=O)OCCOC(=O)CCNCCN(CCN(CCC(=O)OCCOC(=O)C(C)CSCCCC)CCC(=O)OCCOC(=O)C(C)CSCCCC)CCN(CCC(=O)OCCOC(=O)C(C)CSCCCC)CCC(=O)OCCOC(=O)C(C)CSCCCC,"[{""component_index"":0,""role"":""amine_head""},{""component_index"":1,""role"":""alkyl_acrylate_or_acrylamide_tail""}]","[""CCCCSCC(C)C(=O)OCCOC(=O)CCN(CCC(=O)OCCOC(=O)C(C)CSCCCC)CCN(CCN)CCN(CCC(=O)OCCOC(=O)C(C)CSCCCC)CCC(=O)OCCOC(=O)C(C)CSCCCC"",""C=CC(=O)OCCOC(=O)C(C)CSCCCC""]","{""alkyl_acrylate_or_acrylamide_tail"":[0,1],""amine_head"":[42]}",,,,,,,,,
M005-9518C6842F49,amide_coupling_acid_amine,CCCCCCCC/C=C\CCCCCCCN(C(=O)CCCCCCCCCCCCCCCCC)C(CCN(C(C)C)C(C)C)C(=O)NC12C[C@H]3C[C@@H](C1)C[C@@H](C2)C3,"[{""component_index"":0,""role"":""carboxylic_acid_tail""},{""component_index"":1,""role"":""amine_head""}]","[""CCCCCCCC/C=C\\CCCCCCCN(C(=O)CCCCCCCCCCCCCCCCC)C(CCN(C(C)C)C(C)C)C(=O)O"",""NC12C[C@H]3C[C@@H](C1)C[C@@H](C2)C3""]","{""amine_head"":[0],""carboxylic_acid_tail"":[47]}",,,,,,,,,
M005-742BF6749F2C,acetal_aldehyde_diol,CCCCCCCCCCCCCCCCCCOC(=O)OC(C/C=C\CCCCCCCCOC(=O)CCN(CCC(=O)OCCCCCCCC/C=C\CC(CCCCCC)OC(=O)OCCCCCCCCCCCCCCCCCC)CCC1OCCO1)CCCCCC,"[{""component_index"":0,""role"":""aldehyde_tail""},{""component_index"":1,""role"":""diol_linker""}]","[""CCCCCCCCCCCCCCCCCCOC(=O)OC(C/C=C\\CCCCCCCCOC(=O)CCN(CCC=O)CCC(=O)OCCCCCCCC/C=C\\CC(CCCCCC)OC(=O)OCCCCCCCCCCCCCCCCCC)CCCCCC"",""OCCO""]","{""aldehyde_tail"":[42],""diol_linker"":[0,3]}",,,,,,,,,
M005-56A16281AD6C,disulfide_coupling,CCCCCCC(CCCC)CSCC(C)C(=O)OCCSSCCOC(=O)CCN(CCCN1CCN(CCCN(CCC(=O)OCCSSCCOC(=O)C(C)CSCC(CCCC)CCCCCC)CCC(=O)OCCSSCCOC(=O)C(C)CSCC(CCCC)CCCCCC)CC1)CCC(=O)OCCSSCCOC(=O)C(C)CSCC(CCCC)CCCCCC,"[{""component_index"":0,""role"":""thiol_tail""},{""component_index"":1,""role"":""thiol_head_or_tail""}]","[""CCCCCCC(CCCC)CSCC(C)C(=O)OCCS"",""CCCCCCC(CCCC)CSCC(C)C(=O)OCCSSCCOC(=O)CCN(CCCN1CCN(CCCN(CCC(=O)OCCSSCCOC(=O)C(C)CSCC(CCCC)CCCCCC)CCC(=O)OCCSSCCOC(=O)C(C)CSCC(CCCC)CCCCCC)CC1)CCC(=O)OCCS""]","{""thiol_head_or_tail"":[111],""thiol_tail"":[21]}",,,,,,,,,
M005-B6D489225478,aza_michael_amine_acrylate,CCCCCCCCCC(CCCCCCCCC)(C(=O)NCCC(=O)OCC)N(CC)CCO,"[{""component_index"":0,""role"":""amine_head""},{""component_index"":1,""role"":""alkyl_acrylate_or_acrylamide_tail""}]","[""CCCCCCCCCC(CCCCCCCCC)(C(N)=O)N(CC)CCO"",""C=CC(=O)OCC""]","{""alkyl_acrylate_or_acrylamide_tail"":[0,1],""amine_head"":[20]}",,,,,,,,,
M005-17D63915531D,amide_coupling_acid_amine,CCCCCCC(O)CNCCCCCNC(=O)c1cc2ccc1CCc1ccc(c(C(=O)NCCCCCN(CC(O)CCCCCC)CC(O)CCCCCC)c1)CC2,"[{""component_index"":0,""role"":""carboxylic_acid_tail""},{""component_index"":1,""role"":""amine_head""}]","[""CCCCCCC(O)CNCCCCCNC(=O)c1cc2ccc1CCc1ccc(c(C(=O)O)c1)CC2"",""CCCCCCC(O)CN(CCCCCN)CC(O)CCCCCC""]","{""amine_head"":[15],""carboxylic_acid_tail"":[31]}",,,,,,,,,
M005-B4AB52682C5C,disulfide_coupling,CCCCOC(=O)CCCCCCC(O)CN(CCCC(=O)OCCN1CCN(CCSSCCCCN(CC(O)CCCCC(=O)OCCCC)CC(O)CCCCC(=O)OCCCC)CC1)CC(O)CCCCCCC(=O)OCCCC,"[{""component_index"":0,""role"":""thiol_tail""},{""component_index"":1,""role"":""thiol_head_or_tail""}]","[""CCCCOC(=O)CCCCCCC(O)CN(CCCC(=O)OCCN1CCN(CCS)CC1)CC(O)CCCCCCC(=O)OCCCC"",""CCCCOC(=O)CCCCC(O)CN(CCCCS)CC(O)CCCCC(=O)OCCCC""]","{""thiol_head_or_tail"":[19],""thiol_tail"":[31]}",,,,,,,,,
M005-E7E58E62E9A3,disulfide_coupling,CCCCC(CC)CSCC(C)C(=O)OCCSSCCOC(=O)CCN(CCCn1ccnc1)CCC(=O)OCCSSCCOC(=O)C(C)CSCC(CC)CCCC,"[{""component_index"":0,""role"":""thiol_tail""},{""component_index"":1,""role"":""thiol_head_or_tail""}]","[""CCCCC(CC)CSCC(C)C(=O)OCCSSCCOC(=O)CCN(CCCn1ccnc1)CCC(=O)OCCS"",""CCCCC(CC)CSCC(C)C(=O)OCCS""]","{""thiol_head_or_tail"":[17],""thiol_tail"":[42]}",,,,,,,,,
M005-0A618114E670,thiol_michael_thioether,CCCCCCCCCCCCCCCCCC(=O)NC(CCSCCC(=O)OCCCCCC(C)C)C(=O)NCCCN(C)C,"[{""component_index"":0,""role"":""thiol_tail""},{""component_index"":1,""role"":""alkyl_acrylate_or_acrylamide_tail""}]","[""CCCCCCCCCCCCCCCCCC(=O)NC(CCS)C(=O)NCCCN(C)C"",""C=CC(=O)OCCCCCC(C)C""]","{""alkyl_acrylate_or_acrylamide_tail"":[0,1],""thiol_tail"":[23]}",,,,,,,,,
M005-83126DD978F4,reductive_amination_amine_aldehyde,C#CCCCCCCCCC(=O)OCCCCCC(NCC1CCCN1CC)C(=O)NCCCCCCCCCCCCCC,"[{""component_index"":0,""role"":""amine_head""},{""component_index"":1,""role"":""aldehyde_tail""}]","[""C#CCCCCCCCCC(=O)OCCCCCC(N)C(=O)NCCCCCCCCCCCCCC"",""CCN1CCCC1C=O""]","{""aldehyde_tail"":[7],""amine_head"":[22]}",,,,,,,,,
M005-8434AF4A054A,thiol_michael_thioether,CCCCCCCCOC(=O)CCSCCC(NC(=O)C(CCCCCC)CCCCCCCC)C(=O)NCCCN1CCOCC1,"[{""component_index"":0,""role"":""thiol_tail""},{""component_index"":1,""role"":""alkyl_acrylate_or_acrylamide_tail""}]","[""CCCCCCCCC(CCCCCC)C(=O)NC(CCS)C(=O)NCCCN1CCOCC1"",""C=CC(=O)OCCCCCCCC""]","{""alkyl_acrylate_or_acrylamide_tail"":[0,1],""thiol_tail"":[21]}",,,,,,,,,
M005-39AE9860237C,thiol_michael_thioether,CCCCCCCCCCCCOC(=O)CCSCCC(NC(=O)C(CCCCCC)CCCCCCCC)C(=O)NCCN1CCN(C)CC1,"[{""component_index"":0,""role"":""thiol_tail""},{""component_index"":1,""role"":""alkyl_acrylate_or_acrylamide_tail""}]","[""CCCCCCCCC(CCCCCC)C(=O)NC(CCS)C(=O)NCCN1CCN(C)CC1"",""C=CC(=O)OCCCCCCCCCCCC""]","{""alkyl_acrylate_or_acrylamide_tail"":[0,1],""thiol_tail"":[21]}",,,,,,,,,
M005-15D66B3D09A2,ugi_3cr_agile,CCCCCCCC/C=C\CCCCCCCCOC(=O)CCSCCC(NC(=O)CCCCCCCCCCCCCCCCC)C(=O)NCCCN(C)C,"[{""component_index"":0,""role"":""amine_head""},{""component_index"":1,""role"":""oxoester_aldehyde_body_tail""},{""component_index"":2,""role"":""isocyanide_tail""}]","[""CCCCCCCCCCCCCCCCCC(N)=O"",""CCCCCCCC/C=C\\CCCCCCCCOC(=O)CCSCCC=O"",""[C-]#[N+]CCCN(C)C""]","{""amine_head"":[18],""isocyanide_tail"":[0,1],""oxoester_aldehyde_body_tail"":[26]}",,,,,,,,,
M005-162705ACE365,reductive_amination_amine_aldehyde,CCCCC/C=C\C/C=C\CCCCCCCC(=O)N(CCCCCCCCC)C(C(=O)NCCN1CCOCC1)C1CCNCC1,"[{""component_index"":0,""role"":""amine_head""},{""component_index"":1,""role"":""aldehyde_tail""}]","[""CCCCC/C=C\\C/C=C\\CCCCCCCC(=O)N(CCCCCCCCC)C(C(N)=O)C1CCNCC1"",""O=CCN1CCOCC1""]","{""aldehyde_tail"":[1],""amine_head"":[36]}",,,,,,,,,
M005-75BB4DF2464D,passerini_3cr,CCCCCCCC/C=C\CCCCCCCCNC(=O)C(CCCCCOC(=O)C(CCCCCC)CCCCCCCC)NCCCN(CCCC)CCCC,"[{""component_index"":0,""role"":""carboxylic_acid_tail""},{""component_index"":1,""role"":""aldehyde_body""},{""component_index"":2,""role"":""isocyanide_tail""}]","[""CCCCN(CCCC)CCCN"",""CCCCCCCCC(CCCCCC)C(=O)OCCCCCC=O"",""[C-]#[N+]CCCCCCCC/C=C\\CCCCCCCC""]",{},,,,,,,,,
M005-C54958C9B0D6,passerini_3cr,CCCCCCCCC(CCCCCC)COC(=O)CCCC(=O)OC(C(=O)NCCC(=O)OCC(CCCCCC)CCCCCCCC)C(C)(C)COC(=O)CCN(C)C,"[{""component_index"":0,""role"":""carboxylic_acid_tail""},{""component_index"":1,""role"":""aldehyde_body""},{""component_index"":2,""role"":""isocyanide_tail""}]","[""CCCCCCCCC(CCCCCC)COC(=O)CCCC(=O)O"",""CN(C)CCC(=O)OCC(C)(C)C=O"",""[C-]#[N+]CCC(=O)OCC(CCCCCC)CCCCCCCC""]","{""aldehyde_body"":[12,13],""carboxylic_acid_tail"":[24],""isocyanide_tail"":[0,1]}",,,,,,,,,
M005-A0B4E4A43442,reductive_amination_amine_aldehyde,CCCCCCCCCCOP(=O)([O-])OCCNCCN(CCN)CCNCCOP(=O)([O-])OCCCCCCCCCC,"[{""component_index"":0,""role"":""amine_head""},{""component_index"":1,""role"":""aldehyde_tail""}]","[""CCCCCCCCCCOP(=O)([O-])OCCN"",""CCCCCCCCCCOP(=O)([O-])OCCNCCN(CC=O)CCN""]","{""aldehyde_tail"":[22],""amine_head"":[17]}",,,,,,,,,
M005-3298DDB6F268,ugi_3cr_agile,CCCCCCCCCCCNC(=O)C(CCCCCCCOC(=O)CCCCCCC)NCCN1CCCC1,"[{""component_index"":0,""role"":""amine_head""},{""component_index"":1,""role"":""oxoester_aldehyde_body_tail""},{""component_index"":2,""role"":""isocyanide_tail""}]","[""NCCN1CCCC1"",""CCCCCCCC(=O)OCCCCCCCC=O"",""[C-]#[N+]CCCCCCCCCCC""]","{""amine_head"":[0],""isocyanide_tail"":[0,1],""oxoester_aldehyde_body_tail"":[17]}",,,,,,,,,
M005-4A4FE033B350,aza_michael_amine_acrylate,CCCCCCCC/C=C\CCCCCCCC(CCCCCCC/C=C\CCCCCCCC)(C(=O)NCCC(=O)OCC)N1CCN(C)CC1,"[{""component_index"":0,""role"":""amine_head""},{""component_index"":1,""role"":""alkyl_acrylate_or_acrylamide_tail""}]","[""CCCCCCCC/C=C\\CCCCCCCC(CCCCCCC/C=C\\CCCCCCCC)(C(N)=O)N1CCN(C)CC1"",""C=CC(=O)OCC""]","{""alkyl_acrylate_or_acrylamide_tail"":[0,1],""amine_head"":[36]}",,,,,,,,,
M005-25F5DC002630,acetal_aldehyde_diol,CCCCCCC#CCOC(=O)OC(C/C=C\CCCCCCCCOC(=O)CCN(CCC(=O)OCCCCCCCC/C=C\CC(CCCCCC)OC(=O)OCC#CCCCCCC)CCC1OCCO1)CCCCCC,"[{""component_index"":0,""role"":""aldehyde_tail""},{""component_index"":1,""role"":""diol_linker""}]","[""CCCCCCC#CCOC(=O)OC(C/C=C\\CCCCCCCCOC(=O)CCN(CCC=O)CCC(=O)OCCCCCCCC/C=C\\CC(CCCCCC)OC(=O)OCC#CCCCCCC)CCCCCC"",""OCCO""]","{""aldehyde_tail"":[33],""diol_linker"":[0,3]}",,,,,,,,,
M005-A5E754FDAFA3,ugi_3cr_agile,CCCCCCCCCCCCNC(=O)C(NCCN(C)C)c1cc(OC(=O)CCCCCCCC)cc(OC(=O)CCCCCCCC)c1,"[{""component_index"":0,""role"":""amine_head""},{""component_index"":1,""role"":""oxoester_aldehyde_body_tail""},{""component_index"":2,""role"":""isocyanide_tail""}]","[""CN(C)CCN"",""CCCCCCCCC(=O)Oc1cc(C=O)cc(OC(=O)CCCCCCCC)c1"",""[C-]#[N+]CCCCCCCCCCCC""]","{""amine_head"":[5],""isocyanide_tail"":[0,1],""oxoester_aldehyde_body_tail"":[14]}",,,,,,,,,
M005-F60784BBAA05,acetal_aldehyde_diol,CCCC#CCOC(=O)OC(C/C=C\CCCCCCCCOC(=O)CCN(CCC(=O)OCCCCCCCC/C=C\CC(CCCCCC)OC(=O)OCC#CCCC)CCC1OCCO1)CCCCCC,"[{""component_index"":0,""role"":""aldehyde_tail""},{""component_index"":1,""role"":""diol_linker""}]","[""CCCC#CCOC(=O)OC(C/C=C\\CCCCCCCCOC(=O)CCN(CCC=O)CCC(=O)OCCCCCCCC/C=C\\CC(CCCCCC)OC(=O)OCC#CCCC)CCCCCC"",""OCCO""]","{""aldehyde_tail"":[30],""diol_linker"":[0,3]}",,,,,,,,,
M005-455CB6AC1AB6,acetal_aldehyde_diol,CCCCCCC#CCCOC(=O)OC(C/C=C\CCCCCCCCOC(=O)CCN(CCC(=O)OCCCCCCCC/C=C\CC(CCCCCC)OC(=O)OCCC#CCCCCCC)CCC1OCCO1)CCCCCC,"[{""component_index"":0,""role"":""aldehyde_tail""},{""component_index"":1,""role"":""diol_linker""}]","[""CCCCCCC#CCCOC(=O)OC(C/C=C\\CCCCCCCCOC(=O)CCN(CCC=O)CCC(=O)OCCCCCCCC/C=C\\CC(CCCCCC)OC(=O)OCCC#CCCCCCC)CCCCCC"",""OCCO""]","{""aldehyde_tail"":[34],""diol_linker"":[0,3]}",,,,,,,,,
M005-F173D69536C6,passerini_3cr,CCCCCCCCC(CCCCCC)COC(=O)CCCC(=O)OCC(C)(C)C(OC(=O)CCCC(=O)OCC(CCCCCC)CCCCCCCC)C(=O)NCCC(=O)NCCN(C)C,"[{""component_index"":0,""role"":""carboxylic_acid_tail""},{""component_index"":1,""role"":""aldehyde_body""},{""component_index"":2,""role"":""isocyanide_tail""}]","[""CCCCCCCCC(CCCCCC)COC(=O)CCCC(=O)O"",""CCCCCCCCC(CCCCCC)COC(=O)CCCC(=O)OCC(C)(C)C=O"",""[C-]#[N+]CCC(=O)NCCN(C)C""]","{""aldehyde_body"":[29,30],""carboxylic_acid_tail"":[24],""isocyanide_tail"":[0,1]}",,,,,,,,,
M005-EFFA07462FAE,ugi_3cr_agile,CCCCCCCCCCCCCCCNC(=O)C(CCCOC(=O)CCCCCCCCC)NCCCN(CC)CC,"[{""component_index"":0,""role"":""amine_head""},{""component_index"":1,""role"":""oxoester_aldehyde_body_tail""},{""component_index"":2,""role"":""isocyanide_tail""}]","[""CCN(CC)CCCN"",""CCCCCCCCCC(=O)OCCCC=O"",""[C-]#[N+]CCCCCCCCCCCCCCC""]","{""amine_head"":[8],""isocyanide_tail"":[0,1],""oxoester_aldehyde_body_tail"":[15]}",,,,,,,,,
M005-7F03B44ED914,reductive_amination_amine_aldehyde,CCCCCCCCCOP(=O)([O-])OCCNCCCC,"[{""component_index"":0,""role"":""amine_head""},{""component_index"":1,""role"":""aldehyde_tail""}]","[""CCCCCCCCCOP(=O)([O-])OCCN"",""CCCC=O""]","{""aldehyde_tail"":[3],""amine_head"":[16]}",,,,,,,,,
M005-738693ECECE5,acetal_aldehyde_diol,CCCCCCCC/C=C\CCCCCCCCOC(=O)OC(C/C=C\CCCCCCCCOC(=O)CCN(CCC(=O)OCCCCCCCC/C=C\CC(CCCCCC)OC(=O)OCCCCCCCC/C=C\CCCCCCCC)CCC1OCCO1)CCCCCC,"[{""component_index"":0,""role"":""aldehyde_tail""},{""component_index"":1,""role"":""diol_linker""}]","[""CCCCCCCC/C=C\\CCCCCCCCOC(=O)OC(C/C=C\\CCCCCCCCOC(=O)CCN(CCC=O)CCC(=O)OCCCCCCCC/C=C\\CC(CCCCCC)OC(=O)OCCCCCCCC/C=C\\CCCCCCCC)CCCCCC"",""OCCO""]","{""aldehyde_tail"":[42],""diol_linker"":[0,3]}",,,,,,,,,
M005-E16C4E7D7AA8,acetal_aldehyde_diol,CCCCCCCC(=O)OC(C/C=C\CCCCCCCCOC(=O)CCN(CCC(=O)OCCCCCCCC/C=C\CC(CCCCCC)OC(=O)CCCCCCC)CCC1OCCO1)CCCCCC,"[{""component_index"":0,""role"":""aldehyde_tail""},{""component_index"":1,""role"":""diol_linker""}]","[""CCCCCCCC(=O)OC(C/C=C\\CCCCCCCCOC(=O)CCN(CCC=O)CCC(=O)OCCCCCCCC/C=C\\CC(CCCCCC)OC(=O)CCCCCCC)CCCCCC"",""OCCO""]","{""aldehyde_tail"":[30],""diol_linker"":[0,3]}",,,,,,,,,
M005-9815CEBEF5B4,aza_michael_amine_acrylate,CCCCCCCC(CCCCCCC)(C(=O)NCCC(=O)OCC)N(CC)CCCNCC,"[{""component_index"":0,""role"":""amine_head""},{""component_index"":1,""role"":""alkyl_acrylate_or_acrylamide_tail""}]","[""CCCCCCCC(CCCCCCC)(C(N)=O)N(CC)CCCNCC"",""C=CC(=O)OCC""]","{""alkyl_acrylate_or_acrylamide_tail"":[0,1],""amine_head"":[16]}",,,,,,,,,
M005-3643EDDFF242,reductive_amination_amine_aldehyde,CCCCC/C=C\C/C=C\CCCCCCCC(=O)N(CCCCCCCCC)C(C(=O)NCCN1CCOCC1)C1CCNCC1,"[{""component_index"":0,""role"":""amine_head""},{""component_index"":1,""role"":""aldehyde_tail""}]","[""CCCCC/C=C\\C/C=C\\CCCCCCCC(=O)N(CCCCCCCCC)C(C(N)=O)C1CCNCC1"",""O=CCN1CCOCC1""]","{""aldehyde_tail"":[1],""amine_head"":[31]}",,,,,,,,,
M005-4C9071D83D02,acetal_aldehyde_diol,CCCCC#CCCOC(=O)OC(C/C=C\CCCCCCCCOC(=O)CCN(CCC(=O)OCCCCCCCC/C=C\CC(CCCCCC)OC(=O)OCCC#CCCCC)CCC1OCCO1)CCCCCC,"[{""component_index"":0,""role"":""aldehyde_tail""},{""component_index"":1,""role"":""diol_linker""}]","[""CCCCC#CCCOC(=O)OC(C/C=C\\CCCCCCCCOC(=O)CCN(CCC=O)CCC(=O)OCCCCCCCC/C=C\\CC(CCCCCC)OC(=O)OCCC#CCCCC)CCCCCC"",""OCCO""]","{""aldehyde_tail"":[32],""diol_linker"":[0,3]}",,,,,,,,,
M005-A35BC8CEA21C,disulfide_coupling,CCCCOC(=O)CCCCCCC(O)CN(CCCCC(=O)OCCN1CCN(CCSSCCCCN(CC(O)CCCCC(=O)OCCC(C)C)CC(O)CCCCC(=O)OCCC(C)C)CC1)CC(O)CCCCCCC(=O)OCCCC,"[{""component_index"":0,""role"":""thiol_tail""},{""component_index"":1,""role"":""thiol_head_or_tail""}]","[""CC(C)CCOC(=O)CCCCC(O)CN(CCCCS)CC(O)CCCCC(=O)OCCC(C)C"",""CCCCOC(=O)CCCCCCC(O)CN(CCCCC(=O)OCCN1CCN(CCS)CC1)CC(O)CCCCCCC(=O)OCCCC""]","{""thiol_head_or_tail"":[32],""thiol_tail"":[20]}",,,,,,,,,
M005-3F4625D96B46,acetal_aldehyde_diol,CCCCCCCCCCCCCCCCNC(=O)CCN(CCC(=O)NCCCCCCCCCCCCCCCC)CCC1OCCO1,"[{""component_index"":0,""role"":""aldehyde_tail""},{""component_index"":1,""role"":""diol_linker""}]","[""CCCCCCCCCCCCCCCCNC(=O)CCN(CCC=O)CCC(=O)NCCCCCCCCCCCCCCCC"",""OCCO""]","{""aldehyde_tail"":[24],""diol_linker"":[0,3]}",,,,,,,,,
M005-D2899F9C0C91,ugi_3cr_agile,CCCCCCCCCCCCCCCCCC(NN1CCCCC1)C(=O)NCCCCCCCCCCCCC,"[{""component_index"":0,""role"":""amine_head""},{""component_index"":1,""role"":""oxoester_aldehyde_body_tail""},{""component_index"":2,""role"":""isocyanide_tail""}]","[""NN1CCCCC1"",""CCCCCCCCCCCCCCCCCC=O"",""[C-]#[N+]CCCCCCCCCCCCC""]","{""amine_head"":[0],""isocyanide_tail"":[0,1],""oxoester_aldehyde_body_tail"":[17]}",,,,,,,,,
M005-6A5CDDAD11FE,ugi_3cr_agile,CCCCCCCCCCCCNC(=O)C(NCCN(C)C)c1cc(OC(=O)CCCCCCCCC)cc(OC(=O)CCCCCCCCC)c1,"[{""component_index"":0,""role"":""amine_head""},{""component_index"":1,""role"":""oxoester_aldehyde_body_tail""},{""component_index"":2,""role"":""isocyanide_tail""}]","[""CN(C)CCN"",""CCCCCCCCCC(=O)Oc1cc(C=O)cc(OC(=O)CCCCCCCCC)c1"",""[C-]#[N+]CCCCCCCCCCCC""]","{""amine_head"":[5],""isocyanide_tail"":[0,1],""oxoester_aldehyde_body_tail"":[15]}",,,,,,,,,
M005-8898E6D8E703,amide_coupling_acid_amine,CCCCCCCCCCCCNC(=O)CCN(CCCn1ccnc1)CCC(=O)NCCCCCCCCCCCC,"[{""component_index"":0,""role"":""carboxylic_acid_tail""},{""component_index"":1,""role"":""amine_head""}]","[""CCCCCCCCCCCCNC(=O)CCN(CCCn1ccnc1)CCC(=O)O"",""CCCCCCCCCCCCN""]","{""amine_head"":[12],""carboxylic_acid_tail"":[28]}",,,,,,,,,
M005-0AECD28F867B,amide_coupling_acid_amine,CCCCC/C=C\C/C=C\CCCCCCCC(=O)N(CCCCCOC(=O)CCCCCCCCCCC)C(C(=O)NC(C)(C)CC(C)(C)C)N(C)C,"[{""component_index"":0,""role"":""carboxylic_acid_tail""},{""component_index"":1,""role"":""amine_head""}]","[""CCCCC/C=C\\C/C=C\\CCCCCCCC(=O)N(CCCCCOC(=O)CCCCCCCCCCC)C(C(=O)O)N(C)C"",""CC(C)(C)CC(C)(C)N""]","{""amine_head"":[8],""carboxylic_acid_tail"":[40]}",,,,,,,,,
M005-0210680EE827,reductive_amination_amine_aldehyde,CCN(CCO)C1(C(=O)NCC(=O)OC(C)(C)C)CCCCCCCCCCCCCC1,"[{""component_index"":0,""role"":""amine_head""},{""component_index"":1,""role"":""aldehyde_tail""}]","[""CCN(CCO)C1(C(N)=O)CCCCCCCCCCCCCC1"",""CC(C)(C)OC(=O)C=O""]","{""aldehyde_tail"":[7],""amine_head"":[8]}",,,,,,,,,
M005-3175877D34B6,reductive_amination_amine_aldehyde,CCCCC/C=C\C/C=C\CCCCCCCC(=O)OCCCCCC(NCCCN(CC)CC)C(=O)NCCCCCCCCCCCC,"[{""component_index"":0,""role"":""amine_head""},{""component_index"":1,""role"":""aldehyde_tail""}]","[""CCCCC/C=C\\C/C=C\\CCCCCCCC(=O)OCCCCCC(N)C(=O)NCCCCCCCCCCCC"",""CCN(CC)CCC=O""]","{""aldehyde_tail"":[7],""amine_head"":[26]}",,,,,,,,,
M005-3BB1A008F339,disulfide_coupling,CCCCOC(=O)CCCCCCC(O)CN(CCCCC(=O)OCCN1CCN(CCSSCCCN(CC(O)CCCCCCC(=O)OCCC(C)C)CC(O)CCCCCCC(=O)OCCC(C)C)CC1)CC(O)CCCCCCC(=O)OCCCC,"[{""component_index"":0,""role"":""thiol_tail""},{""component_index"":1,""role"":""thiol_head_or_tail""}]","[""CCCCOC(=O)CCCCCCC(O)CN(CCCCC(=O)OCCN1CCN(CCS)CC1)CC(O)CCCCCCC(=O)OCCCC"",""CC(C)CCOC(=O)CCCCCCC(O)CN(CCCS)CC(O)CCCCCCC(=O)OCCC(C)C""]","{""thiol_head_or_tail"":[21],""thiol_tail"":[32]}",,,,,,,,,
M005-040F03048FFD,urea_amine_isocyanate,CCCCCCCCCNC(=O)C(CCCCCCCNC(=O)NCC(CCCC)CCCCCC)N(CCCN(CC)CC)C(=O)CCCCCCNC(=O)NCC(CCCC)CCCCCC,"[{""component_index"":0,""role"":""amine_head""},{""component_index"":1,""role"":""isocyanate_tail""}]","[""CCCCCCC(CN)CCCC"",""CCCCCCCCCNC(=O)C(CCCCCCCNC(=O)NCC(CCCC)CCCCCC)N(CCCN(CC)CC)C(=O)CCCCCCN=C=O""]","{""amine_head"":[8],""isocyanate_tail"":[53,54]}",,,,,,,,,
M005-0D96B7B17FDE,passerini_3cr,CCCCCCCCC(CCCCCC)COC(=O)CCCC(=O)OC(C(=O)NCCC(=O)OCC(CCCCCC)CCCCCCCC)C(C)(C)COC(=O)CCN1CCOCC1,"[{""component_index"":0,""role"":""carboxylic_acid_tail""},{""component_index"":1,""role"":""aldehyde_body""},{""component_index"":2,""role"":""isocyanide_tail""}]","[""CCCCCCCCC(CCCCCC)COC(=O)CCCC(=O)O"",""CC(C)(C=O)COC(=O)CCN1CCOCC1"",""[C-]#[N+]CCC(=O)OCC(CCCCCC)CCCCCCCC""]","{""aldehyde_body"":[3,4],""carboxylic_acid_tail"":[24],""isocyanide_tail"":[0,1]}",,,,,,,,,
M005-735D62103226,ugi_3cr_agile,CCCCCCCC/C=C\CCCCCCCC(=O)OCCCCCC(NCCCN(C)C)C(=O)NCCCCCCCCCCCCCC,"[{""component_index"":0,""role"":""amine_head""},{""component_index"":1,""role"":""oxoester_aldehyde_body_tail""},{""component_index"":2,""role"":""isocyanide_tail""}]","[""CN(C)CCCN"",""CCCCCCCC/C=C\\CCCCCCCC(=O)OCCCCCC=O"",""[C-]#[N+]CCCCCCCCCCCCCC""]","{""amine_head"":[6],""isocyanide_tail"":[0,1],""oxoester_aldehyde_body_tail"":[25]}",,,,,,,,,
M005-0132377DB34C,disulfide_coupling,CC/C=C\C/C=C\C/C=C\CCCCCCC(O)CN(CCCC(=O)OCCN1CCN(CCSSCCCCN(CC(O)CCCCCC/C=C\CCCCCCCC)CC(O)CCCCCC/C=C\CCCCCCCC)CC1)CC(O)CCCCCC/C=C\C/C=C\C/C=C\CC,"[{""component_index"":0,""role"":""thiol_tail""},{""component_index"":1,""role"":""thiol_head_or_tail""}]","[""CCCCCCCC/C=C\\CCCCCCC(O)CN(CCCCS)CC(O)CCCCCC/C=C\\CCCCCCCC"",""CC/C=C\\C/C=C\\C/C=C\\CCCCCCC(O)CN(CCCC(=O)OCCN1CCN(CCS)CC1)CC(O)CCCCCC/C=C\\C/C=C\\C/C=C\\CC""]","{""thiol_head_or_tail"":[34],""thiol_tail"":[24]}",,,,,,,,,
M005-AB053CEA5691,reductive_amination_amine_aldehyde,CCCCCCCCCCCCCCCCNC(=O)CCN(CCC(=O)NCCCCCCCCCCCCCCCC)CCc1ccc(OC)c(OC)c1,"[{""component_index"":0,""role"":""amine_head""},{""component_index"":1,""role"":""aldehyde_tail""}]","[""CCCCCCCCCCCCCCCCNC(=O)CCN(CCC(N)=O)CCc1ccc(OC)c(OC)c1"",""CCCCCCCCCCCCCCCC=O""]","{""aldehyde_tail"":[15],""amine_head"":[25]}",,,,,,,,,
M005-60B36C0AFA6B,thiol_michael_thioether,CCCCCCCC/C=C\CCCCCCCC(=O)NC(CCSCCC(=O)OCC(CCCC)CCCCCC)C(=O)NCCCN(C)C,"[{""component_index"":0,""role"":""thiol_tail""},{""component_index"":1,""role"":""alkyl_acrylate_or_acrylamide_tail""}]","[""CCCCCCCC/C=C\\CCCCCCCC(=O)NC(CCS)C(=O)NCCCN(C)C"",""C=CC(=O)OCC(CCCC)CCCCCC""]","{""alkyl_acrylate_or_acrylamide_tail"":[0,1],""thiol_tail"":[23]}",,,,,,,,,
M005-FBA7E5AC966F,reductive_amination_amine_aldehyde,CCCCCCCCCCCCCCOP(=O)([O-])OCCNCCNCCN(CCNCCNCCOP(=O)([O-])OCCCCCCCCCCCCCC)CCOP(=O)([O-])OCCCCCCCCCCCCCC,"[{""component_index"":0,""role"":""amine_head""},{""component_index"":1,""role"":""aldehyde_tail""}]","[""CCCCCCCCCCCCCCOP(=O)([O-])OCCNCCN"",""CCCCCCCCCCCCCCOP(=O)([O-])OCCNCCNCCN(CC=O)CCOP(=O)([O-])OCCCCCCCCCCCCCC""]","{""aldehyde_tail"":[29],""amine_head"":[24]}",,,,,,,,,
M005-0E1C126FA6A1,thiol_michael_thioether,CCCCCCCCC(CCCCCC)C(=O)NC(CCSCCC(=O)OCC(CCCC)CCCCCC)C(=O)NCCCN1CCOCC1,"[{""component_index"":0,""role"":""thiol_tail""},{""component_index"":1,""role"":""alkyl_acrylate_or_acrylamide_tail""}]","[""CCCCCCCCC(CCCCCC)C(=O)NC(CCS)C(=O)NCCCN1CCOCC1"",""C=CC(=O)OCC(CCCC)CCCCCC""]","{""alkyl_acrylate_or_acrylamide_tail"":[0,1],""thiol_tail"":[21]}",,,,,,,,,
M005-70D5F8073D67,ugi_3cr_agile,CCCCCCCC/C=C\CCCCCCCC(=O)OCCCCCC(NCCN1CCCC1)C(=O)NCCCCCCCCCCCC,"[{""component_index"":0,""role"":""amine_head""},{""component_index"":1,""role"":""oxoester_aldehyde_body_tail""},{""component_index"":2,""role"":""isocyanide_tail""}]","[""NCCN1CCCC1"",""CCCCCCCC/C=C\\CCCCCCCC(=O)OCCCCCC=O"",""[C-]#[N+]CCCCCCCCCCCC""]","{""amine_head"":[0],""isocyanide_tail"":[0,1],""oxoester_aldehyde_body_tail"":[25]}",,,,,,,,,
M005-249CE40C6FD4,reductive_amination_amine_aldehyde,C=CCCCCCCCCC(=O)OCCCCCC(NCCN1CCCC1)C(=O)NCCCCCCCCCCCCCCCC,"[{""component_index"":0,""role"":""amine_head""},{""component_index"":1,""role"":""aldehyde_tail""}]","[""C=CCCCCCCCCC(=O)OCCCCCC(NCCN1CCCC1)C(N)=O"",""CCCCCCCCCCCCCCCC=O""]","{""aldehyde_tail"":[15],""amine_head"":[19]}",,,,,,,,,
M005-6F81D7A46C53,amide_coupling_acid_amine,CCCCCCCCCCCCNC(=O)CCN(CCSCC[Si]1(C)O[Si](C)(CCSCCN(CCC(=O)NCCCCCCCCCCCC)CCC(=O)NCCCCCCCCCCCC)O[Si](C)(CCSCCN(CCC(=O)NCCCCCCCCCCCC)CCC(=O)NCCCCCCCCCCCC)O[Si](C)(CCSCCN(CCC(=O)NCCCCCCCCCCCC)CCC(=O)NCCCCCCCCCCCC)O1)CCC(=O)NCCCCCCCCCCCC,"[{""component_index"":0,""role"":""carboxylic_acid_tail""},{""component_index"":1,""role"":""amine_head""}]","[""CCCCCCCCCCCCNC(=O)CCN(CCSCC[Si]1(C)O[Si](C)(CCSCCN(CCC(=O)NCCCCCCCCCCCC)CCC(=O)NCCCCCCCCCCCC)O[Si](C)(CCSCCN(CCC(=O)NCCCCCCCCCCCC)CCC(=O)NCCCCCCCCCCCC)O[Si](C)(CCSCCN(CCC(=O)NCCCCCCCCCCCC)CCC(=O)NCCCCCCCCCCCC)O1)CCC(=O)O"",""CCCCCCCCCCCCN""]","{""amine_head"":[12],""carboxylic_acid_tail"":[157]}",,,,,,,,,
M005-67798E98F39B,disulfide_coupling,CC/C=C\C/C=C\C/C=C\CCCCCCC(O)CN(CCCCC(=O)OCCN1CCN(CCSSCCCCN(CC(O)CCCCCC/C=C\C/C=C\CCCCC)CC(O)CCCCCC/C=C\C/C=C\CCCCC)CC1)CC(O)CCCCCC/C=C\C/C=C\C/C=C\CC,"[{""component_index"":0,""role"":""thiol_tail""},{""component_index"":1,""role"":""thiol_head_or_tail""}]","[""CC/C=C\\C/C=C\\C/C=C\\CCCCCCC(O)CN(CCCCC(=O)OCCN1CCN(CCS)CC1)CC(O)CCCCCC/C=C\\C/C=C\\C/C=C\\CC"",""CCCCC/C=C\\C/C=C\\CCCCCCC(O)CN(CCCCS)CC(O)CCCCCC/C=C\\C/C=C\\CCCCC""]","{""thiol_head_or_tail"":[24],""thiol_tail"":[35]}",,,,,,,,,
M005-77AC9969E5C2,reductive_amination_amine_aldehyde,CCCCCCCC/C=C\CCCCCCCC(=O)OCCCCCC(NCCN1CCCC1)C(=O)NCCCCCCCCCCCCCC,"[{""component_index"":0,""role"":""amine_head""},{""component_index"":1,""role"":""aldehyde_tail""}]","[""CCCCCCCC/C=C\\CCCCCCCC(=O)OCCCCCC(N)C(=O)NCCCCCCCCCCCCCC"",""O=CCN1CCCC1""]","{""aldehyde_tail"":[1],""amine_head"":[26]}",,,,,,,,,
M005-D3A18BF9DFFC,acetal_aldehyde_diol,CCCCCCCCCCOC(=O)CCN(CCC(=O)OCCCCCCCCCC)CCC1OCCO1,"[{""component_index"":0,""role"":""aldehyde_tail""},{""component_index"":1,""role"":""diol_linker""}]","[""CCCCCCCCCCOC(=O)CCN(CCC=O)CCC(=O)OCCCCCCCCCC"",""OCCO""]","{""aldehyde_tail"":[18],""diol_linker"":[0,3]}",,,,,,,,,
M005-9C3761EAFD6D,ugi_3cr_agile,CCCCCCCC/C=C\CCCCCCCCNC(=O)C(CCCCCOC(=O)CCCCCCCCCC)NCC1CCCN1CC,"[{""component_index"":0,""role"":""amine_head""},{""component_index"":1,""role"":""oxoester_aldehyde_body_tail""},{""component_index"":2,""role"":""isocyanide_tail""}]","[""CCN1CCCC1CN"",""CCCCCCCCCCC(=O)OCCCCCC=O"",""[C-]#[N+]CCCCCCCC/C=C\\CCCCCCCC""]","{""amine_head"":[8],""isocyanide_tail"":[0,1],""oxoester_aldehyde_body_tail"":[18]}",,,,,,,,,
M005-4F81212DD35A,ugi_3cr_agile,CCCCCCCCC=CCCCCCCCCOc1ccc(C(=O)NCCNC(=O)C(CCC(NCCCN)N(CCCN)CCCN)NCCCN)cc1OCCCCCCCCC=CCCCCCCCC,"[{""component_index"":0,""role"":""amine_head""},{""component_index"":1,""role"":""oxoester_aldehyde_body_tail""},{""component_index"":2,""role"":""isocyanide_tail""}]","[""NCCCN"",""NCCCNC(CCC=O)N(CCCN)CCCN"",""[C-]#[N+]CCNC(=O)c1ccc(OCCCCCCCCC=CCCCCCCCC)c(OCCCCCCCCC=CCCCCCCCC)c1""]","{""amine_head"":[0],""isocyanide_tail"":[0,1],""oxoester_aldehyde_body_tail"":[8]}",,,,,,,,,
M005-FE7F75271714,ugi_3cr_agile,CCCCCCC/C=C/C(=O)OCCCCCC(NCCCN(C)CCCN)C(=O)NCCCCCCCCCCCCCC,"[{""component_index"":0,""role"":""amine_head""},{""component_index"":1,""role"":""oxoester_aldehyde_body_tail""},{""component_index"":2,""role"":""isocyanide_tail""}]","[""CN(CCCN)CCCN"",""CCCCCCC/C=C/C(=O)OCCCCCC=O"",""[C-]#[N+]CCCCCCCCCCCCCC""]","{""amine_head"":[5],""isocyanide_tail"":[0,1],""oxoester_aldehyde_body_tail"":[17]}",,,,,,,,,
M005-0D70E70EA95E,carbamate_amine_chloroformate,CCCCCCCCCCCOC(=O)NCCCCCCN(CCO)CCCCCCNC(=O)OC(CCCCCCCC)CCCCCCCC,"[{""component_index"":0,""role"":""amine_head""},{""component_index"":1,""role"":""chloroformate_tail""}]","[""CCCCCCCCCCCOC(=O)NCCCCCCN(CCO)CCCCCCN"",""CCCCCCCCC(CCCCCCCC)OC(=O)Cl""]","{""amine_head"":[31],""chloroformate_tail"":[18]}",,,,,,,,,
M005-B37174E215C1,reductive_amination_amine_aldehyde,C#CCCCCCCCCC(=O)OCCCCCC(NCC1CCCN1CC)C(=O)NCCCCCCCCCCCCCC,"[{""component_index"":0,""role"":""amine_head""},{""component_index"":1,""role"":""aldehyde_tail""}]","[""C#CCCCCCCCCC(=O)OCCCCCC(N)C(=O)NCCCCCCCCCCCCCC"",""CCN1CCCC1C=O""]","{""aldehyde_tail"":[7],""amine_head"":[19]}",,,,,,,,,
M005-13FFAB1FCB98,aza_michael_amine_acrylate,CCCCCCCCC(CCCCCC)COC(=O)CCCC(=O)OCC(C)(C)[C@@H](OC(=O)CCCC(=O)OCC(CCCCCC)CCCCCCCC)C(=O)NCCC(=O)OCCN(C)C,"[{""component_index"":0,""role"":""amine_head""},{""component_index"":1,""role"":""alkyl_acrylate_or_acrylamide_tail""}]","[""CCCCCCCCC(CCCCCC)COC(=O)CCCC(=O)OCC(C)(C)[C@@H](OC(=O)CCCC(=O)OCC(CCCCCC)CCCCCCCC)C(N)=O"",""C=CC(=O)OCCN(C)C""]","{""alkyl_acrylate_or_acrylamide_tail"":[0,1],""amine_head"":[56]}",,,,,,,,,
M005-A5D50456C9FD,aza_michael_amine_acrylate,CCCCCC(CCCCC)(C(=O)NCCC(=O)OCC)N(C)CCO,"[{""component_index"":0,""role"":""amine_head""},{""component_index"":1,""role"":""alkyl_acrylate_or_acrylamide_tail""}]","[""CCCCCC(CCCCC)(C(N)=O)N(C)CCO"",""C=CC(=O)OCC""]","{""alkyl_acrylate_or_acrylamide_tail"":[0,1],""amine_head"":[12]}",,,,,,,,,
M005-03183C7DC9E2,ugi_3cr_agile,CCCCCCCCCCCCNC(=O)C(NCCN(C)C)c1c(OC(=O)C(C)CCCCC)cc(OC(=O)C(C)CCCCC)cc1OC(=O)C(C)CCCCC,"[{""component_index"":0,""role"":""amine_head""},{""component_index"":1,""role"":""oxoester_aldehyde_body_tail""},{""component_index"":2,""role"":""isocyanide_tail""}]","[""CN(C)CCN"",""CCCCCC(C)C(=O)Oc1cc(OC(=O)C(C)CCCCC)c(C=O)c(OC(=O)C(C)CCCCC)c1"",""[C-]#[N+]CCCCCCCCCCCC""]","{""amine_head"":[5],""isocyanide_tail"":[0,1],""oxoester_aldehyde_body_tail"":[24]}",,,,,,,,,
M005-19CFC98477B3,ugi_3cr_agile,CCCCCCCCCCCCNC(=O)C(NCCN(C)C)c1cc(OC(=O)CCC(CC)CCCC)cc(OC(=O)CCC(CC)CCCC)c1,"[{""component_index"":0,""role"":""amine_head""},{""component_index"":1,""role"":""oxoester_aldehyde_body_tail""},{""component_index"":2,""role"":""isocyanide_tail""}]","[""CN(C)CCN"",""CCCCC(CC)CCC(=O)Oc1cc(C=O)cc(OC(=O)CCC(CC)CCCC)c1"",""[C-]#[N+]CCCCCCCCCCCC""]","{""amine_head"":[5],""isocyanide_tail"":[0,1],""oxoester_aldehyde_body_tail"":[15]}",,,,,,,,,
M005-DCCD9696FBA7,acetal_aldehyde_diol,CCCCCCCCCCCCCCCCCC(=O)OC(C/C=C\CCCCCCCCOC(=O)CCN(CCC(=O)OCCCCCCCC/C=C\CC(CCCCCC)OC(=O)CCCCCCCCCCCCCCCCC)CCC1OCCO1)CCCCCC,"[{""component_index"":0,""role"":""aldehyde_tail""},{""component_index"":1,""role"":""diol_linker""}]","[""CCCCCCCCCCCCCCCCCC(=O)OC(C/C=C\\CCCCCCCCOC(=O)CCN(CCC=O)CCC(=O)OCCCCCCCC/C=C\\CC(CCCCCC)OC(=O)CCCCCCCCCCCCCCCCC)CCCCCC"",""OCCO""]","{""aldehyde_tail"":[40],""diol_linker"":[0,3]}",,,,,,,,,
M005-8B171CA258C9,disulfide_coupling,CCCCCCC(CCCC)CSCC(C)C(=O)OCCSSCCOC(=O)CCN(CCCN1CCN(CCC(=O)OCCSSCCOC(=O)C(C)CSCC(CCCC)CCCCCC)CC1)CCC(=O)OCCSSCCOC(=O)C(C)CSCC(CCCC)CCCCCC,"[{""component_index"":0,""role"":""thiol_tail""},{""component_index"":1,""role"":""thiol_head_or_tail""}]","[""CCCCCCC(CCCC)CSCC(C)C(=O)OCCS"",""CCCCCCC(CCCC)CSCC(C)C(=O)OCCSSCCOC(=O)CCN(CCCN1CCN(CCC(=O)OCCSSCCOC(=O)C(C)CSCC(CCCC)CCCCCC)CC1)CCC(=O)OCCS""]","{""thiol_head_or_tail"":[77],""thiol_tail"":[21]}",,,,,,,,,
M005-E1405D33A6D1,passerini_3cr,CCCCCCCCC(CCCCCC)COC(=O)CCCC(=O)OCC(C)(C)C(OC(=O)CCCC(=O)OCC(CCCCCC)CCCCCCCC)C(=O)NCCC(=O)NCCN1CCOCC1,"[{""component_index"":0,""role"":""carboxylic_acid_tail""},{""component_index"":1,""role"":""aldehyde_body""},{""component_index"":2,""role"":""isocyanide_tail""}]","[""CCCCCCCCC(CCCCCC)COC(=O)CCCC(=O)O"",""CCCCCCCCC(CCCCCC)COC(=O)CCCC(=O)OCC(C)(C)C=O"",""[C-]#[N+]CCC(=O)NCCN1CCOCC1""]","{""aldehyde_body"":[29,30],""carboxylic_acid_tail"":[24],""isocyanide_tail"":[0,1]}",,,,,,,,,
M005-9DC6C00E260E,disulfide_coupling,CC/C=C\C/C=C\C/C=C\CCCCCCC(O)CN(CCCCSSCCN1CCN(CCOC(=O)CCCCN(CC(O)CCCCCC/C=C\C/C=C\CCCCC)CC(O)CCCCCC/C=C\C/C=C\CCCCC)CC1)CC(O)CCCCCC/C=C\C/C=C\C/C=C\CC,"[{""component_index"":1,""role"":""thiol_tail""},{""component_index"":0,""role"":""thiol_head_or_tail""}]","[""CC/C=C\\C/C=C\\C/C=C\\CCCCCCC(O)CN(CCCCS)CC(O)CCCCCC/C=C\\C/C=C\\C/C=C\\CC"",""CCCCC/C=C\\C/C=C\\CCCCCCC(O)CN(CCCCC(=O)OCCN1CCN(CCS)CC1)CC(O)CCCCCC/C=C\\C/C=C\\CCCCC""]","{""thiol_head_or_tail"":[24],""thiol_tail"":[35]}",,,,,,,,,
M005-325456931F07,reductive_amination_amine_aldehyde,CCCCCCCC/C=C\CCCCCCCCOC(=O)CCCC(C=NC1CCCCC1)(CCCC(=O)OC(CCCCCCCC)CCCCCCCC)NCCN1CCN(C)CC1,"[{""component_index"":0,""role"":""amine_head""},{""component_index"":1,""role"":""aldehyde_tail""}]","[""CCCCCCCC/C=C\\CCCCCCCCOC(=O)CCCC(N)(C=NC1CCCCC1)CCCC(=O)OC(CCCCCCCC)CCCCCCCC"",""CN1CCN(CC=O)CC1""]","{""aldehyde_tail"":[6],""amine_head"":[25]}",,,,,,,,,
M005-778FA7F6E420,carbamate_amine_chloroformate,CCCCCCCCCNC(=O)C(CCCCCCCOC(=O)NCC(CCCC)CCCCCC)N(CCCN(CC)CC)C(=O)CCCCCCOC(=O)NCC(CCCC)CCCCCC,"[{""component_index"":0,""role"":""amine_head""},{""component_index"":1,""role"":""chloroformate_tail""}]","[""CCCCCCC(CN)CCCC"",""CCCCCCCCCNC(=O)C(CCCCCCCOC(=O)Cl)N(CCCN(CC)CC)C(=O)CCCCCCOC(=O)NCC(CCCC)CCCCCC""]","{""amine_head"":[8],""chloroformate_tail"":[21]}",,,,,,,,,
M005-0B8F65159A81,acetal_aldehyde_diol,CCCCCCC(=O)OC(C/C=C\CCCCCCCCOC(=O)CCN(CCC(=O)OCCCCCCCC/C=C\CC(CCCCCC)OC(=O)CCCCCC)CCC1OCCO1)CCCCCC,"[{""component_index"":0,""role"":""aldehyde_tail""},{""component_index"":1,""role"":""diol_linker""}]","[""CCCCCCC(=O)OC(C/C=C\\CCCCCCCCOC(=O)CCN(CCC=O)CCC(=O)OCCCCCCCC/C=C\\CC(CCCCCC)OC(=O)CCCCCC)CCCCCC"",""OCCO""]","{""aldehyde_tail"":[29],""diol_linker"":[0,3]}",,,,,,,,,
M005-BA78AF67D037,reductive_amination_amine_aldehyde,C=CCCCCCCCCC(=O)OCCCCCC(NCCN1CCCC1)C(=O)NCCCCCCCCCCCCCCCC,"[{""component_index"":0,""role"":""amine_head""},{""component_index"":1,""role"":""aldehyde_tail""}]","[""C=CCCCCCCCCC(=O)OCCCCCC(NCCN1CCCC1)C(N)=O"",""CCCCCCCCCCCCCCCC=O""]","{""aldehyde_tail"":[15],""amine_head"":[28]}",,,,,,,,,
M005-83100A7ADF4E,disulfide_coupling,CCCCCCCCCCCCSSCCOC(=O)CCNCCCN(C)CCCN(CCC(=O)OCCSSCCCCCCCCCCCC)CCC(=O)OCCSSCCCCCCCCCCCC,"[{""component_index"":0,""role"":""thiol_tail""},{""component_index"":1,""role"":""thiol_head_or_tail""}]","[""CCCCCCCCCCCCS"",""CCCCCCCCCCCCSSCCOC(=O)CCNCCCN(C)CCCN(CCC(=O)OCCS)CCC(=O)OCCSSCCCCCCCCCCCC""]","{""thiol_head_or_tail"":[38],""thiol_tail"":[12]}",,,,,,,,,
M005-D63B7450A04F,reductive_amination_amine_aldehyde,CCCCCCC/C=C\C(=O)OCCCCCC(NCCCN(C)C)C(=O)NCCCCCCCCCCCCCC,"[{""component_index"":0,""role"":""amine_head""},{""component_index"":1,""role"":""aldehyde_tail""}]","[""CCCCCCC/C=C\\C(=O)OCCCCCC(NCCCN(C)C)C(N)=O"",""CCCCCCCCCCCCCC=O""]","{""aldehyde_tail"":[13],""amine_head"":[26]}",,,,,,,,,
M005-277CA5CBA7C8,ugi_3cr_agile,CCCCCCCCCCCCCCCCNC(=O)C(CCCCCOC(=O)CCC(C)CCCCC)NN1CCCCC1,"[{""component_index"":0,""role"":""amine_head""},{""component_index"":1,""role"":""oxoester_aldehyde_body_tail""},{""component_index"":2,""role"":""isocyanide_tail""}]","[""NN1CCCCC1"",""CCCCCC(C)CCC(=O)OCCCCCC=O"",""[C-]#[N+]CCCCCCCCCCCCCCCC""]","{""amine_head"":[0],""isocyanide_tail"":[0,1],""oxoester_aldehyde_body_tail"":[17]}",,,,,,,,,
M005-017205D8CE0B,aza_michael_amine_acrylate,CCCCCCCCCCC(CCCCCCCCCC)(C(=O)NCCC(=O)OCC)N1CCN(C)CC1,"[{""component_index"":0,""role"":""amine_head""},{""component_index"":1,""role"":""alkyl_acrylate_or_acrylamide_tail""}]","[""CCCCCCCCCCC(CCCCCCCCCC)(C(N)=O)N1CCN(C)CC1"",""C=CC(=O)OCC""]","{""alkyl_acrylate_or_acrylamide_tail"":[0,1],""amine_head"":[22]}",,,,,,,,,
M005-8BDDEB226CE3,aza_michael_amine_acrylate,CCCCCCC(CCCCCC)(C(=O)NCCC(=O)OCC)N(C)CCN(C)C,"[{""component_index"":0,""role"":""amine_head""},{""component_index"":1,""role"":""alkyl_acrylate_or_acrylamide_tail""}]","[""CCCCCCC(CCCCCC)(C(N)=O)N(C)CCN(C)C"",""C=CC(=O)OCC""]","{""alkyl_acrylate_or_acrylamide_tail"":[0,1],""amine_head"":[14]}",,,,,,,,,
M005-B39E7C29C1C2,aza_michael_amine_acrylate,CCCCCCCCCCC(CCCCCCCCCC)(C(=O)NCCC(=O)OCC)N(C)CCCN(C)C,"[{""component_index"":0,""role"":""amine_head""},{""component_index"":1,""role"":""alkyl_acrylate_or_acrylamide_tail""}]","[""CCCCCCCCCCC(CCCCCCCCCC)(C(N)=O)N(C)CCCN(C)C"",""C=CC(=O)OCC""]","{""alkyl_acrylate_or_acrylamide_tail"":[0,1],""amine_head"":[22]}",,,,,,,,,
M005-7EA033D9474E,aza_michael_amine_acrylate,CCCCCCC(CCCCCC)(C(=O)NCCC(=O)OCC)N(C)CCN(CC)CC,"[{""component_index"":0,""role"":""amine_head""},{""component_index"":1,""role"":""alkyl_acrylate_or_acrylamide_tail""}]","[""CCCCCCC(CCCCCC)(C(N)=O)N(C)CCN(CC)CC"",""C=CC(=O)OCC""]","{""alkyl_acrylate_or_acrylamide_tail"":[0,1],""amine_head"":[14]}",,,,,,,,,
M005-B427285C008B,acetal_aldehyde_diol,CCCCCCCCCCCCCCCCCCOC(=O)OC(C/C=C\CCCCCCCCOC(=O)CCN(CCC(=O)OCCCCCCCC/C=C\CC(CCCCCC)OC(=O)OCCCCCCCCCCCCCCCCCC)CC1OCCO1)CCCCCC,"[{""component_index"":0,""role"":""aldehyde_tail""},{""component_index"":1,""role"":""diol_linker""}]","[""CCCCCCCCCCCCCCCCCCOC(=O)OC(C/C=C\\CCCCCCCCOC(=O)CCN(CC=O)CCC(=O)OCCCCCCCC/C=C\\CC(CCCCCC)OC(=O)OCCCCCCCCCCCCCCCCCC)CCCCCC"",""OCCO""]","{""aldehyde_tail"":[41],""diol_linker"":[0,3]}",,,,,,,,,
M005-4FED41CBD160,ugi_3cr_agile,CCCCCCCC/C=C\CCCCCCCC(=O)OCCCCCC(NN1CCCCC1)C(=O)NCCCCCCCCCCCCCC,"[{""component_index"":0,""role"":""amine_head""},{""component_index"":1,""role"":""oxoester_aldehyde_body_tail""},{""component_index"":2,""role"":""isocyanide_tail""}]","[""NN1CCCCC1"",""CCCCCCCC/C=C\\CCCCCCCC(=O)OCCCCCC=O"",""[C-]#[N+]CCCCCCCCCCCCCC""]","{""amine_head"":[0],""isocyanide_tail"":[0,1],""oxoester_aldehyde_body_tail"":[25]}",,,,,,,,,
M005-DEFA75767568,epoxide_opening_amine,CCCCCCCC/C=C\CCCCCCCC(=O)OCCCCCC(O)C(CCCCOC(=O)CCCCCCC/C=C\CCCCCCCC)CNC[C@H](C)O,"[{""component_index"":0,""role"":""amine_head""},{""component_index"":1,""role"":""alkyl_epoxide_tail""}]","[""CCCCCCCC/C=C\\CCCCCCCC(=O)OCCCCCC(O)C(CN)CCCCOC(=O)CCCCCCC/C=C\\CCCCCCCC"",""C[C@H]1CO1""]","{""alkyl_epoxide_tail"":[2,3],""amine_head"":[29]}",,,,,,,,,
M005-01A2C1D520E1,ugi_3cr_agile,CCCCCCCCCCC(CCCCCCCCCC)(C(=O)NCCC(=O)OCC)N(CC)CCCNCC,"[{""component_index"":0,""role"":""amine_head""},{""component_index"":1,""role"":""oxoester_aldehyde_body_tail""},{""component_index"":2,""role"":""isocyanide_tail""}]","[""NN1CCCCC1"",""CCCCCC(C)CCC(=O)OCCCCCC=O"",""[C-]#[N+]CCCCCCCCCCCCCCCC""]","{""amine_head"":[0],""isocyanide_tail"":[0,1],""oxoester_aldehyde_body_tail"":[17]}",,,,,,,,,
M005-84ECC70DF34B,carbamate_amine_chloroformate,CCCCCCCCCNC(=O)C(CCCCCCCOC(=O)NCC(CCCC)CCCCCC)N(CCCN(CC)CC)C(=O)CCCCCCOC(=O)NCC(CCCC)CCCCCC,"[{""component_index"":0,""role"":""amine_head""},{""component_index"":1,""role"":""chloroformate_tail""}]","[""CCCCCCCCC(CCCCCCCC)OC(=O)NCCCCCCN(CCCO)CCCCCCN"",""CCCCCCCCCNC(=O)C(CCCCCCCOC(=O)NCC(CCCC)CCCCCC)N(CCCN(CC)CC)C(=O)CCCCCCOC(=O)Cl""]",{},,,,,,,,,
M005-4BB47562693D,passerini_3cr,CCCCCCC/C=C/C(=O)OCCCCCC(NCCCN(CCCC)CCCC)C(=O)NCCCCCCCCCCCCCC,"[{""component_index"":0,""role"":""carboxylic_acid_tail""},{""component_index"":1,""role"":""aldehyde_body""},{""component_index"":2,""role"":""isocyanide_tail""}]","[""CCCCN(CCCC)CCCN"",""CCCCCCC/C=C/C(=O)OCCCCCC=O"",""[C-]#[N+]CCCCCCCCCCCCCC""]",{},,,,,,,,,
M005-F44D5C10A333,amide_coupling_acid_amine,CCCCCCCCCCCCCCCCCC(=O)OCCCCCC(NC1CCNCC1)C(=O)NCCCCCCCCCCCCCC,"[{""component_index"":0,""role"":""carboxylic_acid_tail""},{""component_index"":1,""role"":""amine_head""}]","[""CCCCCCCCCCCCCCCCCC(=O)OCCCCCC(NC1CCNCC1)C(=O)O"",""CCCCCCCCCCCCCCN""]","{""amine_head"":[14],""carboxylic_acid_tail"":[33]}",,,,,,,,,
M005-3323FAF38849,amide_coupling_acid_amine,CCN(CC)CCNC1(C(=O)NC(C)(C)C)CCCCCCCCCCC1,"[{""component_index"":0,""role"":""carboxylic_acid_tail""},{""component_index"":1,""role"":""amine_head""}]","[""CCN(CC)CCNC1(C(=O)O)CCCCCCCCCCC1"",""CC(C)(C)N""]","{""amine_head"":[4],""carboxylic_acid_tail"":[9]}",,,,,,,,,
M005-4489021716E5,amide_coupling_acid_amine,CCCCCCCCCCCCCCCCCC(=O)N(CCCCCCCCC)C(CCCN(CC)CC)C(=O)NC12C[C@H]3C[C@@H](C1)C[C@@H](C2)C3,"[{""component_index"":0,""role"":""carboxylic_acid_tail""},{""component_index"":1,""role"":""amine_head""}]","[""CCCCCCCCCCCCCCCCCC(=O)N(CCCCCCCCC)C(CCCN(CC)CC)C(=O)O"",""NC12C[C@H]3C[C@@H](C1)C[C@@H](C2)C3""]","{""amine_head"":[0],""carboxylic_acid_tail"":[38]}",,,,,,,,,
M005-8692C3039EE7,reductive_amination_amine_aldehyde,CCCCCCCCCNC(=O)C(CCCCCCCCC(=O)OCC(CCCC)CCCCCC)N(CCCN1CCS(=O)(=O)CC1)C(=O)CCCCCCCC(=O)OCC(CCCC)CCCCCC,"[{""component_index"":0,""role"":""amine_head""},{""component_index"":1,""role"":""aldehyde_tail""}]","[""CCCCCCC(CCCC)COC(=O)CCCCCCCCC(C(N)=O)N(CCCN1CCS(=O)(=O)CC1)C(=O)CCCCCCCC(=O)OCC(CCCC)CCCCCC"",""CCCCCCCCC=O""]","{""aldehyde_tail"":[8],""amine_head"":[25]}",,,,,,,,,
M005-359D59859A7C,reductive_amination_amine_aldehyde,CCCCCCCCCCCCCCCCCC(=O)N(CCCCCOC(=O)C(CCCCCC)CCCCCCCC)C(CCCN1CCCC1)C(=O)NCC(=O)OC,"[{""component_index"":0,""role"":""amine_head""},{""component_index"":1,""role"":""aldehyde_tail""}]","[""CCCCCCCCCCCCCCCCCC(=O)N(CCCCCOC(=O)C(CCCCCC)CCCCCCCC)C(CCCN1CCCC1)C(N)=O"",""COC(=O)C=O""]","{""aldehyde_tail"":[4],""amine_head"":[53]}",,,,,,,,,
M005-2F4B9E955F67,thiol_michael_thioether,CC(CSCCC(=O)O)C(=O)OCCOC(=O)CCN(CCNCCN(CCC(=O)OCCOC(=O)C(C)CSCCC(=O)O)CCC(=O)OCCOC(=O)C(C)CSCCC(=O)O)CCNCCN(CCC(=O)OCCOC(=O)C(C)CSCCC(=O)O)CCC(=O)OCCOC(=O)C(C)CSCCC(=O)O,"[{""component_index"":0,""role"":""thiol_tail""},{""component_index"":1,""role"":""alkyl_acrylate_or_acrylamide_tail""}]","[""CC(CS)C(=O)OCCOC(=O)CCN(CCNCCN(CCNCCN(CCC(=O)OCCOC(=O)C(C)CSCCC(=O)O)CCC(=O)OCCOC(=O)C(C)CSCCC(=O)O)CCC(=O)OCCOC(=O)C(C)CSCCC(=O)O)CCC(=O)OCCOC(=O)C(C)CSCCC(=O)O"",""C=CC(=O)O""]","{""alkyl_acrylate_or_acrylamide_tail"":[0,1],""thiol_tail"":[3]}",,,,,,,,,
M005-E9C824353D56,ugi_3cr_agile,CCCCCCCCCCCCCCCCNC(=O)C(CCCCCOC(=O)CCCCCCCCC)NCC1CCCN1CC,"[{""component_index"":0,""role"":""amine_head""},{""component_index"":1,""role"":""oxoester_aldehyde_body_tail""},{""component_index"":2,""role"":""isocyanide_tail""}]","[""CCN1CCCC1CN"",""CCCCCCCCCC(=O)OCCCCCC=O"",""[C-]#[N+]CCCCCCCCCCCCCCCC""]","{""amine_head"":[8],""isocyanide_tail"":[0,1],""oxoester_aldehyde_body_tail"":[17]}",,,,,,,,,
M005-7B6845865260,carbamate_amine_chloroformate,CCCCCCCCCCCOC(=O)NCCCCCCN(CCCCO)CCCCCCNC(=O)OC(CCCCCCCC)CCCCCCCC,"[{""component_index"":0,""role"":""amine_head""},{""component_index"":1,""role"":""chloroformate_tail""}]","[""CCCCCCCCCCCOC(=O)NCCCCCCN(CCCCO)CCCCCCN"",""CCCCCCCCC(CCCCCCCC)OC(=O)Cl""]","{""amine_head"":[33],""chloroformate_tail"":[18]}",,,,,,,,,
M005-44F18D6EBE10,amide_coupling_acid_amine,CCCCCCCCC(CCCCCC)C(=O)NC(CCSCCC(=O)OCC(CC)CCCC)C(=O)NCCCN1CCOCC1,"[{""component_index"":0,""role"":""carboxylic_acid_tail""},{""component_index"":1,""role"":""amine_head""}]","[""CCCCCCCCC(CCCCCC)C(=O)O"",""CCCCC(CC)COC(=O)CCSCCC(N)C(=O)NCCCN1CCOCC1""]","{""amine_head"":[17],""carboxylic_acid_tail"":[15]}",,,,,,,,,
M005-F2C9D1F826E8,ugi_3cr_agile,CCCCCCCCCCCCNC(=O)C(NCCN(C)C)c1cc(OC(=O)C(CC)CCCC)cc(OC(=O)C(CC)CCCC)c1,"[{""component_index"":0,""role"":""amine_head""},{""component_index"":1,""role"":""oxoester_aldehyde_body_tail""},{""component_index"":2,""role"":""isocyanide_tail""}]","[""CN(C)CCN"",""CCCCC(CC)C(=O)Oc1cc(C=O)cc(OC(=O)C(CC)CCCC)c1"",""[C-]#[N+]CCCCCCCCCCCC""]","{""amine_head"":[5],""isocyanide_tail"":[0,1],""oxoester_aldehyde_body_tail"":[13]}",,,,,,,,,
M005-1AE45093034A,thiol_michael_thioether,CCCCCCCC/C=C\CCCCCCCCOC(=O)CCSCCC(NC(=O)C(CCCCCC)CCCCCCCC)C(=O)NCCN1CCCCC1,"[{""component_index"":0,""role"":""thiol_tail""},{""component_index"":1,""role"":""alkyl_acrylate_or_acrylamide_tail""}]","[""CCCCCCCCC(CCCCCC)C(=O)NC(CCS)C(=O)NCCN1CCCCC1"",""C=CC(=O)OCCCCCCCC/C=C\\CCCCCCCC""]","{""alkyl_acrylate_or_acrylamide_tail"":[0,1],""thiol_tail"":[21]}",,,,,,,,,
M005-0B2A62CCA1A1,carbamate_amine_chloroformate,CCCCCCCCCNC(=O)C(CCCCCCCOC(=O)NCC(CCCC)CCCCCC)N(CCCN(CC)CC)C(=O)CCCCCCOC(=O)NCC(CCCC)CCCCCC,"[{""component_index"":0,""role"":""amine_head""},{""component_index"":1,""role"":""chloroformate_tail""}]","[""CCCCCCC(CN)CCCC"",""CCCCCCCCCNC(=O)C(CCCCCCCOC(=O)NCC(CCCC)CCCCCC)N(CCCN(CC)CC)C(=O)CCCCCCOC(=O)Cl""]","{""amine_head"":[8],""chloroformate_tail"":[54]}",,,,,,,,,
M005-8F485D54C869,thiol_michael_thioether,CCCCCCCC/C=C\CCCCCCCCOC(=O)CCSCCC(NC(=O)C(CCCCCC)CCCCCCCC)C(=O)NCCCN(C)C,"[{""component_index"":0,""role"":""thiol_tail""},{""component_index"":1,""role"":""alkyl_acrylate_or_acrylamide_tail""}]","[""CCCCCCCCN(CCC(=O)OCCOC(=O)C(C)CS)CCC(=O)OCCOC(=O)C(C)CSCCC(=O)O"",""C=CC(=O)OCCCCCCCC/C=C\\CCCCCCCC""]",{},,,,,,,,,
M005-F4E8EEBC8C78,ugi_3cr_agile,CCCCCCCCCCCC(O)CNCCOCCOCCN(CC(O)CCCCCCCCCCC)CC(O)CCCCCCCCCCC,"[{""component_index"":0,""role"":""amine_head""},{""component_index"":1,""role"":""oxoester_aldehyde_body_tail""},{""component_index"":2,""role"":""isocyanide_tail""}]","[""NN1CCCCC1"",""CCCCCC(C)CCC(=O)OCCCCCC=O"",""[C-]#[N+]CCCCCCCCCCCCCCCC""]","{""amine_head"":[0],""isocyanide_tail"":[0,1],""oxoester_aldehyde_body_tail"":[17]}",,,,,,,,,
M005-A866BC4C8F97,aza_michael_amine_acrylate,CCOC(=O)CCNC(=O)C1(N(C)CCN(C)C)CCCCCCCCCCC1,"[{""component_index"":0,""role"":""amine_head""},{""component_index"":1,""role"":""alkyl_acrylate_or_acrylamide_tail""}]","[""CN(C)CCN(C)C1(C(N)=O)CCCCCCCCCCC1"",""C=CC(=O)OCC""]","{""alkyl_acrylate_or_acrylamide_tail"":[0,1],""amine_head"":[9]}",,,,,,,,,
M005-D4160EEBA57A,reductive_amination_amine_aldehyde,CCCCCCCCCCC(CCCCCCCCCC)(C(=O)NCC(=O)OC)N(CC)CCCNCC,"[{""component_index"":0,""role"":""amine_head""},{""component_index"":1,""role"":""aldehyde_tail""}]","[""CCN"",""CCCCCCCCCCC(CCCCCCCCCC)(C(=O)NCC(=O)OC)N(CC)CCC=O""]","{""aldehyde_tail"":[34],""amine_head"":[2]}",,,,,,,,,
M005-3D1AA6AFF7ED,passerini_3cr,CCCCCCCCCCCCNC(=O)C(NCCN(C)C)c1c(OC(=O)C(CC)CCCC)cc(OC(=O)C(CC)CCCC)cc1OC(=O)C(CC)CCCC,"[{""component_index"":0,""role"":""carboxylic_acid_tail""},{""component_index"":1,""role"":""aldehyde_body""},{""component_index"":2,""role"":""isocyanide_tail""}]","[""CN(C)CCN"",""CCCCC(CC)C(=O)Oc1cc(OC(=O)C(CC)CCCC)c(C=O)c(OC(=O)C(CC)CCCC)c1"",""[C-]#[N+]CCCCCCCCCCCC""]",{},,,,,,,,,
M005-412554C89D50,reductive_amination_amine_aldehyde,CCCCCCCCCCCCCCCCNC(=O)C(CCCCCOC(=O)CCCCCCCCC)NCCN1CCCCC1,"[{""component_index"":0,""role"":""amine_head""},{""component_index"":1,""role"":""aldehyde_tail""}]","[""CCCCCCCCCCCCCCCCNC(=O)C(N)CCCCCOC(=O)CCCCCCCCC"",""O=CCN1CCCCC1""]","{""aldehyde_tail"":[1],""amine_head"":[20]}",,,,,,,,,
M005-535530F1D6BF,thiol_michael_thioether,CC(CSCCC(=O)O)C(=O)OCCOC(=O)CCN(C)CCCN(C)CCCN(C)CCC(=O)OCCOC(=O)C(C)CSCCC(=O)O,"[{""component_index"":0,""role"":""thiol_tail""},{""component_index"":1,""role"":""alkyl_acrylate_or_acrylamide_tail""}]","[""CC(CS)C(=O)OCCOC(=O)CCN(C)CCCN(C)CCCN(C)CCC(=O)OCCOC(=O)C(C)CSCCC(=O)O"",""C=CC(=O)O""]","{""alkyl_acrylate_or_acrylamide_tail"":[0,1],""thiol_tail"":[3]}",,,,,,,,,
M005-03BFE7C8850C,disulfide_coupling,CC/C=C\C/C=C\C/C=C\CCCCCCC(O)CN(CCCCSSCCN1CCN(CCOC(=O)CCCN(CC(O)CCCCCC/C=C\C/C=C\C/C=C\CC)CC(O)CCCCCC/C=C\C/C=C\C/C=C\CC)CC1)CC(O)CCCCCC/C=C\C/C=C\C/C=C\CC,"[{""component_index"":0,""role"":""thiol_tail""},{""component_index"":1,""role"":""thiol_head_or_tail""}]","[""CC/C=C\\C/C=C\\C/C=C\\CCCCCCC(O)CN(CCCC(=O)OCCN1CCN(CCS)CC1)CC(O)CCCCCC/C=C\\C/C=C\\C/C=C\\CC"",""CC/C=C\\C/C=C\\C/C=C\\CCCCCCC(O)CN(CCCCS)CC(O)CCCCCC/C=C\\C/C=C\\C/C=C\\CC""]","{""thiol_head_or_tail"":[24],""thiol_tail"":[34]}",,,,,,,,,
M005-94D080F9C899,epoxide_opening_amine,CCCCCCCCCCCC(O)CNCCN(C)CCN(CC(O)CCCCCCCCCCC)CC(O)CCCCCCCCCCC,"[{""component_index"":0,""role"":""amine_head""},{""component_index"":1,""role"":""alkyl_epoxide_tail""}]","[""CCCCCCCCCCCC(O)CN(CCN(C)CCN)CC(O)CCCCCCCCCCC"",""CCCCCCCCCCCC1CO1""]","{""alkyl_epoxide_tail"":[12,13],""amine_head"":[21]}",,,,,,,,,
M005-91952F9B7A6B,ugi_3cr_agile,CCCCCCCC/C=C\CCCCCCCCNC(=O)C(CCCCCCCCCCCCCCC)NCCCN(C)CCCN,"[{""component_index"":0,""role"":""amine_head""},{""component_index"":1,""role"":""oxoester_aldehyde_body_tail""},{""component_index"":2,""role"":""isocyanide_tail""}]","[""CN(CCCN)CCCN"",""CCCCCCCCCCCCCCCC=O"",""[C-]#[N+]CCCCCCCC/C=C\\CCCCCCCC""]","{""amine_head"":[5],""isocyanide_tail"":[0,1],""oxoester_aldehyde_body_tail"":[15]}",,,,,,,,,
M005-B453EE57DE67,disulfide_coupling,CC/C=C\C/C=C\C/C=C\CCCCCCC(O)CN(CCCCC(=O)OCCN1CCN(CCSSCCCCN(CC(O)CCCCCCCCCC)CC(O)CCCCCCCCCC)CC1)CC(O)CCCCCC/C=C\C/C=C\C/C=C\CC,"[{""component_index"":0,""role"":""thiol_tail""},{""component_index"":1,""role"":""thiol_head_or_tail""}]","[""CC/C=C\\C/C=C\\C/C=C\\CCCCCCC(O)CN(CCCCC(=O)OCCN1CCN(CCS)CC1)CC(O)CCCCCC/C=C\\C/C=C\\C/C=C\\CC"",""CCCCCCCCCCC(O)CN(CCCCS)CC(O)CCCCCCCCCC""]","{""thiol_head_or_tail"":[18],""thiol_tail"":[35]}",,,,,,,,,
M005-76B73D5832D8,thiol_michael_thioether,CCCCCCCCCCCCCCCCCC(=O)OC(C/C=C\CCCCCCCCOC(=O)CCN(CCC(=O)OCCCCCCCC/C=C\CC(CCCCCC)OC(=O)CCCCCCCCCCCCCCCCC)CCC1OCCO1)CCCCCC,"[{""component_index"":0,""role"":""thiol_tail""},{""component_index"":1,""role"":""alkyl_acrylate_or_acrylamide_tail""}]","[""CCCCCCCCCCCCCCCCCC(=O)OC(C/C=C\\CCCCCCCCOC(=O)CCN(CCC=O)CCC(=O)OCCCCCCCC/C=C\\CC(CCCCCC)OC(=O)CCCCCCCCCCCCCCCCC)CCCCCC"",""OCCO""]",{},,,,,,,,,
M005-E7FDE07D2BA2,amide_coupling_acid_amine,CCCCCCCC/C=C\CCCCCCCC(=O)OCCCCCC(C(=O)NC(C)(C)C)N(CCCN(C)C)C(=O)CCCCC(=O)OC(CCCCCCCC)CCCCCCCC,"[{""component_index"":0,""role"":""carboxylic_acid_tail""},{""component_index"":1,""role"":""amine_head""}]","[""CCCCCCCC/C=C\\CCCCCCCC(=O)OCCCCCC(C(=O)O)N(CCCN(C)C)C(=O)CCCCC(=O)OC(CCCCCCCC)CCCCCCCC"",""CC(C)(C)N""]","{""amine_head"":[4],""carboxylic_acid_tail"":[26]}",,,,,,,,,
M005-B791CEC33741,reductive_amination_amine_aldehyde,CCCCCCCCCCCCCCNC(=O)C(CCCCCOC(=O)CCCCCCCCC)NCCCN(CC)CC,"[{""component_index"":0,""role"":""amine_head""},{""component_index"":1,""role"":""aldehyde_tail""}]","[""CCCCCCCCCCCCCCNC(=O)C(N)CCCCCOC(=O)CCCCCCCCC"",""CCN(CC)CCC=O""]","{""aldehyde_tail"":[7],""amine_head"":[18]}",,,,,,,,,
M005-9698DD7C0016,ugi_3cr_agile,CCCCCCCCCCCCNC(=O)C(NCCN(C)C)c1cc(OC(=O)CCC(C)CCCC)cc(OC(=O)CCC(C)CCCC)c1,"[{""component_index"":0,""role"":""amine_head""},{""component_index"":1,""role"":""oxoester_aldehyde_body_tail""},{""component_index"":2,""role"":""isocyanide_tail""}]","[""CN(C)CCN"",""CCCCC(C)CCC(=O)Oc1cc(C=O)cc(OC(=O)CCC(C)CCCC)c1"",""[C-]#[N+]CCCCCCCCCCCC""]","{""amine_head"":[5],""isocyanide_tail"":[0,1],""oxoester_aldehyde_body_tail"":[14]}",,,,,,,,,
M005-17FAFA0CE59A,ugi_3cr_agile,CCCCCCCCCCCCCCCCCCNC(=O)C(CCCCCOC(=O)CCC(C)CCCCC)NCCN1CCCC1,"[{""component_index"":0,""role"":""amine_head""},{""component_index"":1,""role"":""oxoester_aldehyde_body_tail""},{""component_index"":2,""role"":""isocyanide_tail""}]","[""NCCN1CCCC1"",""CCCCCC(C)CCC(=O)OCCCCCC=O"",""[C-]#[N+]CCCCCCCCCCCCCCCCCC""]","{""amine_head"":[0],""isocyanide_tail"":[0,1],""oxoester_aldehyde_body_tail"":[17]}",,,,,,,,,
M005-DE1831E9FDE5,acetal_aldehyde_diol,CCCCC#CCOC(=O)OC(C/C=C\CCCCCCCCOC(=O)CCN(CCC(=O)OCCCCCCCC/C=C\CC(CCCCCC)OC(=O)OCC#CCCCC)CC1OCCO1)CCCCCC,"[{""component_index"":0,""role"":""aldehyde_tail""},{""component_index"":1,""role"":""diol_linker""}]","[""CCCCCCCCCCCCCCCOC(=O)CCN(CCC=O)CCC(=O)OCCCCCCCCCCCCCCC"",""OCCO""]",{},,,,,,,,,
M005-0E56A62A4DD8,ugi_3cr_agile,CCCCCCC/C=C/C(=O)OCCCCCC(NCCN1CCNCC1)C(=O)NCCCCCCCCCCCC,"[{""component_index"":0,""role"":""amine_head""},{""component_index"":1,""role"":""oxoester_aldehyde_body_tail""},{""component_index"":2,""role"":""isocyanide_tail""}]","[""NCCN1CCNCC1"",""CCCCCCC/C=C/C(=O)OCCCCCC=O"",""[C-]#[N+]CCCCCCCCCCCC""]","{""amine_head"":[0],""isocyanide_tail"":[0,1],""oxoester_aldehyde_body_tail"":[17]}",,,,,,,,,
M005-E6B8A894963A,thiol_michael_thioether,CCCCCCCCC(CCCCCC)C(=O)NC(CCSCCC(=O)OCC(CCCC)CCCCCC)C(=O)NCCCN1CCCC1,"[{""component_index"":0,""role"":""thiol_tail""},{""component_index"":1,""role"":""alkyl_acrylate_or_acrylamide_tail""}]","[""CCCCCCCCC(CCCCCC)C(=O)NC(CCS)C(=O)NCCCN1CCCC1"",""C=CC(=O)OCC(CCCC)CCCCCC""]","{""alkyl_acrylate_or_acrylamide_tail"":[0,1],""thiol_tail"":[21]}",,,,,,,,,
M005-4B6B99AD979E,amide_coupling_acid_amine,CCCCCCCC/C=C\CCCCCCCC(=O)N(CCCCCOC(=O)CCCCCCCCCCC)C(CC1CCCN1CC)C(=O)NC12C[C@H]3C[C@@H](C1)C[C@@H](C2)C3,"[{""component_index"":0,""role"":""carboxylic_acid_tail""},{""component_index"":1,""role"":""amine_head""}]","[""CCCCCCCC/C=C\\CCCCCCCC(=O)N(CCCCCOC(=O)CCCCCCCCCCC)C(CC1CCCN1CC)C(=O)O"",""NC12C[C@H]3C[C@@H](C1)C[C@@H](C2)C3""]","{""amine_head"":[0],""carboxylic_acid_tail"":[48]}",,,,,,,,,
M005-CEDAB64DD448,acetal_aldehyde_diol,CCCCCCCCCCCCCC(=O)OC(C/C=C\CCCCCCCCOC(=O)CCN(CCC(=O)OCCCCCCCC/C=C\CC(CCCCCC)OC(=O)CCCCCCCCCCCCC)CCC1OCCO1)CCCCCC,"[{""component_index"":0,""role"":""aldehyde_tail""},{""component_index"":1,""role"":""diol_linker""}]","[""CCCCCCCCCCCCCC(=O)OC(C/C=C\\CCCCCCCCOC(=O)CCN(CCC=O)CCC(=O)OCCCCCCCC/C=C\\CC(CCCCCC)OC(=O)CCCCCCCCCCCCC)CCCCCC"",""OCCO""]","{""aldehyde_tail"":[36],""diol_linker"":[0,3]}",,,,,,,,,
M005-5613E6513476,ugi_3cr_agile,CCCCCCCCCCCCCCCCCC(=O)NC(CCSCCC(=O)OCCCCCC(C)C)C(=O)NCCCN(C)C,"[{""component_index"":0,""role"":""amine_head""},{""component_index"":1,""role"":""oxoester_aldehyde_body_tail""},{""component_index"":2,""role"":""isocyanide_tail""}]","[""CCCCCCCCCCCCCCCCCC(N)=O"",""CC(C)CCCCCOC(=O)CCSCCC=O"",""[C-]#[N+]CCCN(C)C""]","{""amine_head"":[18],""isocyanide_tail"":[0,1],""oxoester_aldehyde_body_tail"":[16]}",,,,,,,,,
M005-3A6B4431562E,passerini_3cr,CCCCCCCCC(CCCCCC)COC(=O)CCCC(=O)OC(C(=O)NCCC(=O)NCCN(C)C)C(C)(C)COC(=O)CC(=O)OCC(CCCCCC)CCCCCCCC,"[{""component_index"":0,""role"":""carboxylic_acid_tail""},{""component_index"":1,""role"":""aldehyde_body""},{""component_index"":2,""role"":""isocyanide_tail""}]","[""CCCCCCCCC(CCCCCC)COC(=O)CCCC(=O)O"",""CCCCCCCCC(CCCCCC)COC(=O)CC(=O)OCC(C)(C)C=O"",""[C-]#[N+]CCC(=O)NCCN(C)C""]","{""aldehyde_body"":[27,28],""carboxylic_acid_tail"":[24],""isocyanide_tail"":[0,1]}",,,,,,,,,
M005-8028D99D93CC,passerini_3cr,CCCCCCCCC(CCCCCC)COC(=O)CCCC(=O)OC(C(=O)NCCC(=O)OCCN(C)C)C(C)(C)COC(=O)CC(=O)OCC(CCCCCC)CCCCCCCC,"[{""component_index"":0,""role"":""carboxylic_acid_tail""},{""component_index"":1,""role"":""aldehyde_body""},{""component_index"":2,""role"":""isocyanide_tail""}]","[""CCCCCCCCC(CCCCCC)COC(=O)CCCC(=O)O"",""CCCCCCCCC(CCCCCC)COC(=O)CC(=O)OCC(C)(C)C=O"",""[C-]#[N+]CCC(=O)OCCN(C)C""]","{""aldehyde_body"":[27,28],""carboxylic_acid_tail"":[24],""isocyanide_tail"":[0,1]}",,,,,,,,,
M005-EF487459DE8A,thiol_michael_thioether,CCCCCCCCCCCCCCOC(=O)CCSCCC(NC(=O)C(CCCCCC)CCCCCCCC)C(=O)NCCCn1ccnc1,"[{""component_index"":1,""role"":""thiol_tail""},{""component_index"":0,""role"":""alkyl_acrylate_or_acrylamide_tail""}]","[""CCCCCCCCC(CCCCCC)C(=O)NC(CCS)C(=O)NCCCn1ccnc1"",""C=CC(=O)OCCCCCCCCCCCCCC""]","{""alkyl_acrylate_or_acrylamide_tail"":[21],""thiol_tail"":[0,1]}",,,,,,,,,
M005-13DE86F78383,thiol_michael_thioether,CCCCCCCC/C=C\CCCCCCCCOC(=O)CCSCCC(NC(=O)C(CCCCCC)CCCCCCCC)C(=O)NCCCN(CCO)CCO,"[{""component_index"":0,""role"":""thiol_tail""},{""component_index"":1,""role"":""alkyl_acrylate_or_acrylamide_tail""}]","[""CCCCCCCCC(CCCCCC)C(=O)NC(CCS)C(=O)NCCCN(CCO)CCO"",""C=CC(=O)OCCCCCCCC/C=C\\CCCCCCCC""]","{""alkyl_acrylate_or_acrylamide_tail"":[0,1],""thiol_tail"":[21]}",,,,,,,,,
M005-1CB56A327621,acetal_aldehyde_diol,CCCCCCCCCCCCCCOC(=O)CCN(CCC(=O)OCCCCCCCCCCCCCC)CCC1OCCO1,"[{""component_index"":0,""role"":""aldehyde_tail""},{""component_index"":1,""role"":""diol_linker""}]","[""CCCCCCCCCCCCCCOC(=O)CCN(CCC=O)CCC(=O)OCCCCCCCCCCCCCC"",""OCCO""]","{""aldehyde_tail"":[22],""diol_linker"":[0,3]}",,,,,,,,,
M005-D8C2A3E8787D,reductive_amination_amine_aldehyde,CCCCCCCCCCCCCCCCCC(=O)N(CCCCCCCCC)C(CCCN1CCCC1)C(=O)NCCN1CCOCC1,"[{""component_index"":0,""role"":""amine_head""},{""component_index"":1,""role"":""aldehyde_tail""}]","[""CCCCCCCCCCCCCCCCCC(=O)N(CCCCCCCCC)C(CCCN1CCCC1)C(N)=O"",""O=CCN1CCOCC1""]","{""aldehyde_tail"":[1],""amine_head"":[39]}",,,,,,,,,
M005-AB261B6EF5D1,amide_coupling_acid_amine,CCCCCCCCC(CCCCCC)COC(=O)CCCCCC(C(=O)NCCCC(=O)OCC(CCCCCC)CCCCCCCC)N(CCCN(CC)CC)C(=O)CCCCCCC(=O)OC,"[{""component_index"":0,""role"":""carboxylic_acid_tail""},{""component_index"":1,""role"":""amine_head""}]","[""CCCCCCCCC(CCCCCC)COC(=O)CCCCCC(C(=O)O)N(CCCN(CC)CC)C(=O)CCCCCCC(=O)OC"",""CCCCCCCCC(CCCCCC)COC(=O)CCCN""]","{""amine_head"":[22],""carboxylic_acid_tail"":[25]}",,,,,,,,,
M005-3AA516FC128E,disulfide_coupling,CCCCOC(=O)CCCCCCC(O)CN(CCCSSCCN1CCN(CCOC(=O)CCCCN(CC(O)CCCCCCC(=O)OCCC(C)C)CC(O)CCCCCCC(=O)OCCC(C)C)CC1)CC(O)CCCCCCC(=O)OCCCC,"[{""component_index"":0,""role"":""thiol_tail""},{""component_index"":1,""role"":""thiol_head_or_tail""}]","[""CCCCOC(=O)CCCCCCC(O)CN(CCCS)CC(O)CCCCCCC(=O)OCCCC"",""CC(C)CCOC(=O)CCCCCCC(O)CN(CCCCC(=O)OCCN1CCN(CCS)CC1)CC(O)CCCCCCC(=O)OCCC(C)C""]","{""thiol_head_or_tail"":[33],""thiol_tail"":[20]}",,,,,,,,,
M005-0A6EE77B5D46,ugi_3cr_agile,CCCCCCCCCCCCNC(=O)C(CCCCCOC(=O)CCCCCCCCC)NCCN1CCCC1,"[{""component_index"":0,""role"":""amine_head""},{""component_index"":1,""role"":""oxoester_aldehyde_body_tail""},{""component_index"":2,""role"":""isocyanide_tail""}]","[""NCCN1CCCC1"",""CCCCCCCCCC(=O)OCCCCCC=O"",""[C-]#[N+]CCCCCCCCCCCC""]","{""amine_head"":[0],""isocyanide_tail"":[0,1],""oxoester_aldehyde_body_tail"":[17]}",,,,,,,,,
M005-BCB886E9FA63,amide_coupling_acid_amine,CCCCC/C=C\C/C=C\CCCCCCCC(=O)N(CCCCCOC(=O)C(CCCCCC)CCCCCCCC)C(CCN1CCCCC1)C(=O)NC12C[C@H]3C[C@@H](C1)C[C@@H](C2)C3,"[{""component_index"":0,""role"":""carboxylic_acid_tail""},{""component_index"":1,""role"":""amine_head""}]","[""CCCCC/C=C\\C/C=C\\CCCCCCCC(=O)N(CCCCCOC(=O)C(CCCCCC)CCCCCCCC)C(CCN1CCCCC1)C(=O)O"",""NC12C[C@H]3C[C@@H](C1)C[C@@H](C2)C3""]","{""amine_head"":[0],""carboxylic_acid_tail"":[52]}",,,,,,,,,
M005-94D277765917,thiol_michael_thioether,CCCCCCCCCCCCCCCCN(CCC(=O)OCCOC(=O)C(C)CSCCC(=O)O)CCC(=O)OCCOC(=O)C(C)CSCCC(=O)O,"[{""component_index"":0,""role"":""thiol_tail""},{""component_index"":1,""role"":""alkyl_acrylate_or_acrylamide_tail""}]","[""CCCCCCCCCCCCCCCCN(CCC(=O)OCCOC(=O)C(C)CS)CCC(=O)OCCOC(=O)C(C)CSCCC(=O)O"",""C=CC(=O)O""]","{""alkyl_acrylate_or_acrylamide_tail"":[0,1],""thiol_tail"":[30]}",,,,,,,,,
M005-77993AF0AD2B,ugi_3cr_agile,CCCCCCCCCCCCNC(=O)C(NCCN(C)C)c1cc(OC(=O)CCCCCC)cc(OC(=O)CCCCCC)c1,"[{""component_index"":0,""role"":""amine_head""},{""component_index"":1,""role"":""oxoester_aldehyde_body_tail""},{""component_index"":2,""role"":""isocyanide_tail""}]","[""CN(C)CCN"",""CCCCCCC(=O)Oc1cc(C=O)cc(OC(=O)CCCCCC)c1"",""[C-]#[N+]CCCCCCCCCCCC""]","{""amine_head"":[5],""isocyanide_tail"":[0,1],""oxoester_aldehyde_body_tail"":[12]}",,,,,,,,,
M005-12B4B4F89BD8,amide_coupling_acid_amine,CCN(CC)CCNC1(C(=O)NC(C)(C)C)CCCCCCCCCCC1,"[{""component_index"":0,""role"":""carboxylic_acid_tail""},{""component_index"":1,""role"":""amine_head""}]","[""CCCCCCCCCCCCNC(=O)CCN(CCSCC[Si]1(C)O[Si](C)(CCSCCN(CCC(=O)NCCCCCCCCCCCC)CCC(=O)NCCCCCCCCCCCC)O[Si](C)(CCSCCN(CCC(=O)NCCCCCCCCCCCC)CCC(=O)NCCCCCCCCCCCC)O[Si](C)(CCSCCN(CCC(=O)NCCCCCCCCCCCC)CCC(=O)NCCCCCCCCCCCC)O1)CCC(=O)O"",""CC(C)(C)N""]",{},,,,,,,,,
M005-474ECE4782E2,aza_michael_amine_acrylate,CCOC(=O)CCNC(=O)C1(N(CC)CCN(C)C)CCCCCCCCCCCCCC1,"[{""component_index"":0,""role"":""amine_head""},{""component_index"":1,""role"":""alkyl_acrylate_or_acrylamide_tail""}]","[""CCN(CCN(C)C)C1(C(N)=O)CCCCCCCCCCCCCC1"",""C=CC(=O)OCC""]","{""alkyl_acrylate_or_acrylamide_tail"":[0,1],""amine_head"":[10]}",,,,,,,,,
M005-DF0AF1D4B917,disulfide_coupling,CCCCCCCCSSCCOC(=O)CCNCCCN(C)CCCN(CCC(=O)OCCSSCCCCCCCC)CCC(=O)OCCSSCCCCCCCC,"[{""component_index"":0,""role"":""thiol_tail""},{""component_index"":1,""role"":""thiol_head_or_tail""}]","[""CCCCCCCCSSCCOC(=O)CCNCCCN(C)CCCN(CCC(=O)OCCS)CCC(=O)OCCSSCCCCCCCC"",""CCCCCCCCS""]","{""thiol_head_or_tail"":[8],""thiol_tail"":[34]}",,,,,,,,,
M005-1427D05543B8,passerini_3cr,CCCCCCCCCCCOC(=O)CCNC(=O)C(OC(=O)CCCC(=O)OCC(CCCCCC)CCCCCCCC)C(C)(C)COC(=O)CCN1CCOCC1,"[{""component_index"":0,""role"":""carboxylic_acid_tail""},{""component_index"":1,""role"":""aldehyde_body""},{""component_index"":2,""role"":""isocyanide_tail""}]","[""CCCCCCCCC(CCCCCC)COC(=O)CCCC(=O)O"",""CC(C)(C=O)COC(=O)CCN1CCOCC1"",""[C-]#[N+]CCC(=O)OCCCCCCCCCCC""]","{""aldehyde_body"":[3,4],""carboxylic_acid_tail"":[24],""isocyanide_tail"":[0,1]}",,,,,,,,,
M005-D48845301329,thiol_michael_thioether,CCCCCCCC/C=C\CCCCCCCCOC(=O)CCSCCC(NC(=O)C(CCCCCC)CCCCCCCC)C(=O)NCCCN(C)C,"[{""component_index"":0,""role"":""thiol_tail""},{""component_index"":1,""role"":""alkyl_acrylate_or_acrylamide_tail""}]","[""CCCCCCCCC(CCCCCC)C(=O)NC(CCS)C(=O)NCCCN(C)C"",""C=CC(=O)OCCCCCCCC/C=C\\CCCCCCCC""]","{""alkyl_acrylate_or_acrylamide_tail"":[0,1],""thiol_tail"":[21]}",,,,,,,,,
M005-E0383ED6FC1D,reductive_amination_amine_aldehyde,CCCCCCCCCCCCOP(=O)([O-])OCCNCCCN1CCN(CCCN(CCOP(=O)([O-])OCCCCCCCCCCCC)CCOP(=O)([O-])OCCCCCCCCCCCC)CC1,"[{""component_index"":0,""role"":""amine_head""},{""component_index"":1,""role"":""aldehyde_tail""}]","[""CCCCCCCCCCCCOP(=O)([O-])OCCN(CCCN1CCN(CCCN)CC1)CCOP(=O)([O-])OCCCCCCCCCCCC"",""CCCCCCCCCCCCOP(=O)([O-])OCC=O""]","{""aldehyde_tail"":[18],""amine_head"":[30]}",,,,,,,,,
M005-82655C78DAA6,aza_michael_amine_acrylate,CCCCCCCCCC(CCCCCCCCC)(C(=O)NCCC(=O)OCC)N(C)CCCN(C)C,"[{""component_index"":0,""role"":""amine_head""},{""component_index"":1,""role"":""alkyl_acrylate_or_acrylamide_tail""}]","[""CCCCCCCCCC(CCCCCCCCC)(C(N)=O)N(C)CCCN(C)C"",""C=CC(=O)OCC""]","{""alkyl_acrylate_or_acrylamide_tail"":[0,1],""amine_head"":[20]}",,,,,,,,,
M005-795D0D28BBB9,aza_michael_amine_acrylate,CCCCCCCC(CCCCCCC)(C(=O)NCCC(=O)OCC)N(CC)CCN(C)C,"[{""component_index"":0,""role"":""amine_head""},{""component_index"":1,""role"":""alkyl_acrylate_or_acrylamide_tail""}]","[""CCCCCCCC(CCCCCCC)(C(N)=O)N(CC)CCN(C)C"",""C=CC(=O)OCC""]","{""alkyl_acrylate_or_acrylamide_tail"":[0,1],""amine_head"":[16]}",,,,,,,,,
M005-22742937971B,aza_michael_amine_acrylate,CCCCCCCC/C=C\CCCCCCCC(CCCCCCC/C=C\CCCCCCCC)(C(=O)NCCC(=O)OCC)N(C)CCO,"[{""component_index"":0,""role"":""amine_head""},{""component_index"":1,""role"":""alkyl_acrylate_or_acrylamide_tail""}]","[""CCCCCCCC/C=C\\CCCCCCCC(CCCCCCC/C=C\\CCCCCCCC)(C(N)=O)N(C)CCO"",""C=CC(=O)OCC""]","{""alkyl_acrylate_or_acrylamide_tail"":[0,1],""amine_head"":[36]}",,,,,,,,,
M005-E67635E9E7DC,acetal_aldehyde_diol,CCCCC#CCOC(=O)OC(C/C=C\CCCCCCCCOC(=O)CCN(CCC(=O)OCCCCCCCC/C=C\CC(CCCCCC)OC(=O)OCC#CCCCC)CCC1OCCO1)CCCCCC,"[{""component_index"":0,""role"":""aldehyde_tail""},{""component_index"":1,""role"":""diol_linker""}]","[""CCCCC#CCOC(=O)OC(C/C=C\\CCCCCCCCOC(=O)CCN(CCC=O)CCC(=O)OCCCCCCCC/C=C\\CC(CCCCCC)OC(=O)OCC#CCCCC)CCCCCC"",""OCCO""]","{""aldehyde_tail"":[31],""diol_linker"":[0,3]}",,,,,,,,,
M005-5EA63993836D,ugi_3cr_agile,CCCCCCCC/C=C\CCCCCCCCNC(=O)C(CCCCCOC(=O)C(CCCCCC)CCCCCCCC)NCCCN(CCCC)CCCC,"[{""component_index"":0,""role"":""amine_head""},{""component_index"":1,""role"":""oxoester_aldehyde_body_tail""},{""component_index"":2,""role"":""isocyanide_tail""}]","[""CCCCN(CCCC)CCCN"",""CCCCCCCCC(CCCCCC)C(=O)OCCCCCC=O"",""[C-]#[N+]CCCCCCCC/C=C\\CCCCCCCC""]","{""amine_head"":[12],""isocyanide_tail"":[0,1],""oxoester_aldehyde_body_tail"":[23]}",,,,,,,,,
M005-1BBC835C0434,thiol_michael_thioether,CCCCCCCC/C=C\CCCCCCCCOC(=O)CCSCCC(NC(=O)C(CCCCCC)CCCCCCCC)C(=O)NCCCN1CCOCC1,"[{""component_index"":0,""role"":""thiol_tail""},{""component_index"":1,""role"":""alkyl_acrylate_or_acrylamide_tail""}]","[""CCCCCCCCC(CCCCCC)C(=O)NC(CCS)C(=O)NCCCN1CCOCC1"",""C=CC(=O)OCCCCCCCC/C=C\\CCCCCCCC""]","{""alkyl_acrylate_or_acrylamide_tail"":[0,1],""thiol_tail"":[21]}",,,,,,,,,
M005-3FA32744356B,ugi_3cr_agile,CCCCCCCCCCCCCCCCCCCC(NCCCN1CCCC1)C(=O)NCCCCCCCCCCCCCCC,"[{""component_index"":0,""role"":""amine_head""},{""component_index"":1,""role"":""oxoester_aldehyde_body_tail""},{""component_index"":2,""role"":""isocyanide_tail""}]","[""NCCCN1CCCC1"",""CCCCCCCCCCCCCCCCCCCC=O"",""[C-]#[N+]CCCCCCCCCCCCCCC""]","{""amine_head"":[0],""isocyanide_tail"":[0,1],""oxoester_aldehyde_body_tail"":[19]}",,,,,,,,,
M005-A6059E019E86,aza_michael_amine_acrylate,CCCCCCCC/C=C\CCCCCCCC(CCCCCCC/C=C\CCCCCCCC)(C(=O)NCCC(=O)OCC)N(C)CCCN(C)C,"[{""component_index"":0,""role"":""amine_head""},{""component_index"":1,""role"":""alkyl_acrylate_or_acrylamide_tail""}]","[""CCCCCCCC/C=C\\CCCCCCCC(CCCCCCC/C=C\\CCCCCCCC)(C(N)=O)N(C)CCCN(C)C"",""C=CC(=O)OCC""]","{""alkyl_acrylate_or_acrylamide_tail"":[0,1],""amine_head"":[36]}",,,,,,,,,
M005-0B13D81373DD,reductive_amination_amine_aldehyde,CCCCCCCCOC(=O)CC(NCCN(C)CCNC(CC(=O)OCCCCCCCC)C(=O)OCCCCCCCC)C(=O)OCCCCCCCC,"[{""component_index"":0,""role"":""amine_head""},{""component_index"":1,""role"":""aldehyde_tail""}]","[""CCCCCCCCOC(=O)CC(N)C(=O)OCCCCCCCC"",""CCCCCCCCOC(=O)CC(NCCN(C)CC=O)C(=O)OCCCCCCCC""]","{""aldehyde_tail"":[19],""amine_head"":[13]}",,,,,,,,,
M005-A2C577A4AB16,disulfide_coupling,CCCCCCCCCCC(O)CN(CCCCSSCCN1CCN(CCOC(=O)CCCCN(CC(O)CCCCCCCCCC)CC(O)CCCCCCCCCC)CC1)CC(O)CCCCCCCCCC,"[{""component_index"":0,""role"":""thiol_tail""},{""component_index"":1,""role"":""thiol_head_or_tail""}]","[""CCCCCCCCCCC(O)CN(CCCCS)CC(O)CCCCCCCCCC"",""CCCCCCCCCCC(O)CN(CCCCC(=O)OCCN1CCN(CCS)CC1)CC(O)CCCCCCCCCC""]","{""thiol_head_or_tail"":[29],""thiol_tail"":[18]}",,,,,,,,,
M005-692EF52ADB98,reductive_amination_amine_aldehyde,CCCCCCC/C=C/C(=O)OCCCCCC(NCCCN(C)CCCN)C(=O)NCCCCCCCCCCCCCC,"[{""component_index"":0,""role"":""amine_head""},{""component_index"":1,""role"":""aldehyde_tail""}]","[""CCCCCCC/C=C/C(=O)OCCCCCC(N)C(=O)NCCCCCCCCCCCCCC"",""CN(CCC=O)CCCN""]","{""aldehyde_tail"":[4],""amine_head"":[18]}",,,,,,,,,
M005-0DDF0D6173C0,acetal_aldehyde_diol,CCCCCCCCCCCCCCCOC(=O)CCN(CCC(=O)OCCCCCCCCCCCCCCC)CCC1OCCO1,"[{""component_index"":0,""role"":""aldehyde_tail""},{""component_index"":1,""role"":""diol_linker""}]","[""CCCCCCCCCCCCCCCOC(=O)CCN(CCC=O)CCC(=O)OCCCCCCCCCCCCCCC"",""OCCO""]","{""aldehyde_tail"":[23],""diol_linker"":[0,3]}",,,,,,,,,
M005-3E25A14D47D6,acetal_aldehyde_diol,CCCCCCCCC(CCCCCC)C(=O)OC(C/C=C\CCCCCCCCOC(=O)CCN(CCC(=O)OCCCCCCCC/C=C\CC(CCCCCC)OC(=O)C(CCCCCC)CCCCCCCC)CCC1OCCO1)CCCCCC,"[{""component_index"":0,""role"":""aldehyde_tail""},{""component_index"":1,""role"":""diol_linker""}]","[""CCCCCCCCC(CCCCCC)C(=O)OC(C/C=C\\CCCCCCCCOC(=O)CCN(CCC=O)CCC(=O)OCCCCCCCC/C=C\\CC(CCCCCC)OC(=O)C(CCCCCC)CCCCCCCC)CCCCCC"",""OCCO""]","{""aldehyde_tail"":[38],""diol_linker"":[0,3]}",,,,,,,,,
M005-CB5C37C4067B,ugi_3cr_agile,CCCCCCCCCCCNC(=O)C(CCOC(=O)CCC(C)CCCCC)NN1CCCCC1,"[{""component_index"":0,""role"":""amine_head""},{""component_index"":1,""role"":""oxoester_aldehyde_body_tail""},{""component_index"":2,""role"":""isocyanide_tail""}]","[""NN1CCCCC1"",""CCCCCC(C)CCC(=O)OCCC=O"",""[C-]#[N+]CCCCCCCCCCC""]","{""amine_head"":[0],""isocyanide_tail"":[0,1],""oxoester_aldehyde_body_tail"":[14]}",,,,,,,,,
M005-4AC176906602,passerini_3cr,CCCCCCCCC(CCCCCC)COC(=O)CCCC(=O)OC(C(=O)NCCC(=O)NCCN1CCOCC1)C(C)(C)COC(=O)CC(=O)OCC(CCCCCC)CCCCCCCC,"[{""component_index"":0,""role"":""carboxylic_acid_tail""},{""component_index"":1,""role"":""aldehyde_body""},{""component_index"":2,""role"":""isocyanide_tail""}]","[""CCCCCCCCC(CCCCCC)COC(=O)CCCC(=O)O"",""CCCCCCCCC(CCCCCC)COC(=O)CC(=O)OCC(C)(C)C=O"",""[C-]#[N+]CCC(=O)NCCN1CCOCC1""]","{""aldehyde_body"":[27,28],""carboxylic_acid_tail"":[24],""isocyanide_tail"":[0,1]}",,,,,,,,,
M005-2A8A1EC89A67,disulfide_coupling,CCCCC(CC)CSCC(C)C(=O)OCCSSCCOC(=O)CCN(CCC(=O)OCCSSCCOC(=O)C(C)CSCC(CC)CCCC)CCc1c[nH]c2ccccc12,"[{""component_index"":0,""role"":""thiol_tail""},{""component_index"":1,""role"":""thiol_head_or_tail""}]","[""CC/C=C\\C/C=C\\C/C=C\\CCCCCCC(O)CN(CCCCC(=O)OCCN1CCN(CCS)CC1)CC(O)CCCCCC/C=C\\C/C=C\\C/C=C\\CC"",""CCCCC(CC)CSCC(C)C(=O)OCCS""]",{},,,,,,,,,
M005-4D62339008ED,urea_amine_isocyanate,CCCCCCCCCNC(=O)C(CCCCCCCNC(=O)NCC(CCCC)CCCCCC)N(CCCN(CC)CC)C(=O)CCCCCCNC(=O)NCC(CCCC)CCCCCC,"[{""component_index"":0,""role"":""amine_head""},{""component_index"":1,""role"":""isocyanate_tail""}]","[""CCCCCCC(CN)CCCC"",""CCCCCCCCCNC(=O)C(CCCCCCCN=C=O)N(CCCN(CC)CC)C(=O)CCCCCCNC(=O)NCC(CCCC)CCCCCC""]","{""amine_head"":[8],""isocyanate_tail"":[20,21]}",,,,,,,,,
M005-7845452A511A,ugi_3cr_agile,CCCCCCCCCCCCCCCCCNC(=O)C(CCOC(=O)CCCCCCC)NCCCN(CCCC)CCCC,"[{""component_index"":0,""role"":""amine_head""},{""component_index"":1,""role"":""oxoester_aldehyde_body_tail""},{""component_index"":2,""role"":""isocyanide_tail""}]","[""CCCCN(CCCC)CCCN"",""CCCCCCCC(=O)OCCC=O"",""[C-]#[N+]CCCCCCCCCCCCCCCCC""]","{""amine_head"":[12],""isocyanide_tail"":[0,1],""oxoester_aldehyde_body_tail"":[12]}",,,,,,,,,
M005-2C71F759664D,acetal_aldehyde_diol,CCCCC/C=C\C/C=C\CCCCCCCCOC(=O)OC(C/C=C\CCCCCCCCOC(=O)CCN(CCC(=O)OCCCCCCCC/C=C\CC(CCCCCC)OC(=O)OCCCCCCCC/C=C\C/C=C\CCCCC)CCC1OCCO1)CCCCCC,"[{""component_index"":0,""role"":""aldehyde_tail""},{""component_index"":1,""role"":""diol_linker""}]","[""CCCCC/C=C\\C/C=C\\CCCCCCCCOC(=O)OC(C/C=C\\CCCCCCCCOC(=O)CCN(CCC=O)CCC(=O)OCCCCCCCC/C=C\\CC(CCCCCC)OC(=O)OCCCCCCCC/C=C\\C/C=C\\CCCCC)CCCCCC"",""OCCO""]","{""aldehyde_tail"":[42],""diol_linker"":[0,3]}",,,,,,,,,
M005-AF0BCC084E24,reductive_amination_amine_aldehyde,CCCCCCCCCCCCCCCCCCNC(=O)CCN(CCC(=O)NCCCCCCCCCCCCCCCCCC)CCC1CCCN1C,"[{""component_index"":0,""role"":""amine_head""},{""component_index"":1,""role"":""aldehyde_tail""}]","[""CCCCCCCCCCCCCCCCCCNC(=O)CCN(CCC(N)=O)CCC1CCCN1C"",""CCCCCCCCCCCCCCCCCC=O""]","{""aldehyde_tail"":[17],""amine_head"":[27]}",,,,,,,,,
M005-104883F0A7A3,carbamate_amine_chloroformate,CCCCCC=CCC=CCCCCCCCC(=O)OCC(COC(=O)CCC(OCCCCCCCC)OCCCCCCCC)COC(=O)NCCCN(C)C,"[{""component_index"":0,""role"":""amine_head""},{""component_index"":1,""role"":""chloroformate_tail""}]","[""CN(C)CCCN"",""CCCCCC=CCC=CCCCCCCCC(=O)OCC(COC(=O)Cl)COC(=O)CCC(OCCCCCCCC)OCCCCCCCC""]","{""amine_head"":[6],""chloroformate_tail"":[24]}",,,,,,,,,
M005-A678E3F1436C,amide_coupling_acid_amine,CCCCCCCCCCCCCCCNC(=O)CCN(CCC(=O)NCCCCCCCCCCCCCCC)CCN(CCC(=O)NCCCCCCCCCCCCCCC)CCN(CCC(=O)NCCCCCCCCCCCCCCC)CCN(CCC(=O)NCCCCCCCCCCCCCCC)CCC(=O)NCCCCCCCCCCCCCCC,"[{""component_index"":0,""role"":""carboxylic_acid_tail""},{""component_index"":1,""role"":""amine_head""}]","[""CCCCCCCCCCCCCCCNC(=O)CCN(CCC(=O)O)CCN(CCC(=O)NCCCCCCCCCCCCCCC)CCN(CCC(=O)NCCCCCCCCCCCCCCC)CCN(CCC(=O)NCCCCCCCCCCCCCCC)CCC(=O)NCCCCCCCCCCCCCCC"",""CCCCCCCCCCCCCCCN""]","{""amine_head"":[15],""carboxylic_acid_tail"":[23]}",,,,,,,,,
M005-BC4116D38D0A,thiol_michael_thioether,CCCCCCCCCCCCCCSSCCC(=O)N(CCO)C(C(=O)NCCN(CCNC(=O)C(C(C)C)N(CCO)C(=O)CCSSCCCCCCCCCCCCCC)CCNC(=O)C(C(C)C)N(CCO)C(=O)CCSSCCCCCCCCCCCCCC)C(C)C,"[{""component_index"":0,""role"":""thiol_tail""},{""component_index"":1,""role"":""alkyl_acrylate_or_acrylamide_tail""}]","[""CCCCCCCCCCCCCCSS"",""C=CC(=O)N(CCO)C(C(=O)NCCN(CCNC(=O)C(C(C)C)N(CCO)C(=O)CCSSCCCCCCCCCCCCCC)CCNC(=O)C(C(C)C)N(CCO)C(=O)CCSSCCCCCCCCCCCCCC)C(C)C""]","{""alkyl_acrylate_or_acrylamide_tail"":[0,1],""thiol_tail"":[15]}",,,,,,,,,
M005-86728B34BF0D,disulfide_coupling,CCCCCCCCCCCCC(O)CN(CCCC(=O)OCCN1CCN(CCSSCCCCN(CC(O)CCCCCCCC)CC(O)CCCCCCCC)CC1)CC(O)CCCCCCCCCCCC,"[{""component_index"":0,""role"":""thiol_tail""},{""component_index"":1,""role"":""thiol_head_or_tail""}]","[""CCCCCCCCC(O)CN(CCCCS)CC(O)CCCCCCCC"",""CCCCCCCCCCCCC(O)CN(CCCC(=O)OCCN1CCN(CCS)CC1)CC(O)CCCCCCCCCCCC""]","{""thiol_head_or_tail"":[30],""thiol_tail"":[16]}",,,,,,,,,
M005-A44FE9E7DA09,ugi_3cr_agile,CCCCCCCCCCCCNC(=O)C(NCCN(C)C)c1cc(OC(=O)CCC(C)CCCCC)cc(OC(=O)CCC(C)CCCCC)c1,"[{""component_index"":0,""role"":""amine_head""},{""component_index"":1,""role"":""oxoester_aldehyde_body_tail""},{""component_index"":2,""role"":""isocyanide_tail""}]","[""CN(C)CCN"",""CCCCCC(C)CCC(=O)Oc1cc(C=O)cc(OC(=O)CCC(C)CCCCC)c1"",""[C-]#[N+]CCCCCCCCCCCC""]","{""amine_head"":[5],""isocyanide_tail"":[0,1],""oxoester_aldehyde_body_tail"":[15]}",,,,,,,,,
M005-A1F266CBB230,ugi_3cr_agile,CCCCCCCCCCCCCCCCCNC(=O)C(CCCOC(=O)CCC(C)CCCCC)NCCN(CC)CC,"[{""component_index"":0,""role"":""amine_head""},{""component_index"":1,""role"":""oxoester_aldehyde_body_tail""},{""component_index"":2,""role"":""isocyanide_tail""}]","[""CCN(CC)CCN"",""CCCCCC(C)CCC(=O)OCCCC=O"",""[C-]#[N+]CCCCCCCCCCCCCCCCC""]","{""amine_head"":[7],""isocyanide_tail"":[0,1],""oxoester_aldehyde_body_tail"":[15]}",,,,,,,,,
M005-DEA07F7153D3,reductive_amination_amine_aldehyde,CCCCCCCCCCCCNC(=O)C(CCCCCOC(=O)CCCCCCCC)NN1CCCCC1,"[{""component_index"":0,""role"":""amine_head""},{""component_index"":1,""role"":""aldehyde_tail""}]","[""CCCCCCCCC(=O)OCCCCCC(NN1CCCCC1)C(N)=O"",""CCCCCCCCCCCC=O""]","{""aldehyde_tail"":[11],""amine_head"":[25]}",,,,,,,,,
M005-1EA7B0869F61,amide_coupling_acid_amine,CCCCC/C=C\C/C=C\CCCCCCCC(=O)N(CCCN(C)C)C(CCCCCOC(=O)CCCCCCCCCCCC)C(=O)NC(C)(C)C,"[{""component_index"":0,""role"":""carboxylic_acid_tail""},{""component_index"":1,""role"":""amine_head""}]","[""CCCCC/C=C\\C/C=C\\CCCCCCCC(=O)N(CCCN(C)C)C(CCCCCOC(=O)CCCCCCCCCCCC)C(=O)O"",""CC(C)(C)N""]","{""amine_head"":[4],""carboxylic_acid_tail"":[47]}",,,,,,,,,
M005-A2A3963041B3,ugi_3cr_agile,CCCCCCCCCCCCCCCCNC(=O)C(CCCCCOC(=O)CCCCCCCCCCC)NN1CCOCC1,"[{""component_index"":0,""role"":""amine_head""},{""component_index"":1,""role"":""oxoester_aldehyde_body_tail""},{""component_index"":2,""role"":""isocyanide_tail""}]","[""NN1CCOCC1"",""CCCCCCCCCCCC(=O)OCCCCCC=O"",""[C-]#[N+]CCCCCCCCCCCCCCCC""]","{""amine_head"":[0],""isocyanide_tail"":[0,1],""oxoester_aldehyde_body_tail"":[19]}",,,,,,,,,
M005-2F47E7C67B56,passerini_3cr,CCCCCCCCC(CCCCCC)COC(=O)CCCC(=O)OCC(C)(C)C(OC(=O)CCCC(=O)OCC(CCCCCC)CCCCCCCC)C(=O)NCCC(=O)OCCN(C)C,"[{""component_index"":0,""role"":""carboxylic_acid_tail""},{""component_index"":1,""role"":""aldehyde_body""},{""component_index"":2,""role"":""isocyanide_tail""}]","[""CCCCCCCCC(CCCCCC)COC(=O)CCCC(=O)O"",""CCCCCCCCC(CCCCCC)COC(=O)CCCC(=O)OCC(C)(C)C=O"",""[C-]#[N+]CCC(=O)OCCN(C)C""]","{""aldehyde_body"":[29,30],""carboxylic_acid_tail"":[24],""isocyanide_tail"":[0,1]}",,,,,,,,,
M005-7D8D1DE340B1,disulfide_coupling,CC/C=C\C/C=C\C/C=C\CCCCCCC(O)CN(CCCCSSCCN1CCN(CCOC(=O)CCCCN(CC(O)CCCCCCCC)CC(O)CCCCCCCC)CC1)CC(O)CCCCCC/C=C\C/C=C\C/C=C\CC,"[{""component_index"":0,""role"":""thiol_tail""},{""component_index"":1,""role"":""thiol_head_or_tail""}]","[""CCCCCCCCC(O)CN(CCCCC(=O)OCCN1CCN(CCS)CC1)CC(O)CCCCCCCC"",""CC/C=C\\C/C=C\\C/C=C\\CCCCCCC(O)CN(CCCCS)CC(O)CCCCCC/C=C\\C/C=C\\C/C=C\\CC""]","{""thiol_head_or_tail"":[24],""thiol_tail"":[27]}",,,,,,,,,
M005-63B78C95B163,amide_coupling_acid_amine,CCCCCCCC/C=C\CCCCCCCC(=O)OCCCCCC(C(=O)NCC(=O)OC(C)(C)C)N(CCN(C)C)C(=O)CCCCCCCCCCCCCCC,"[{""component_index"":0,""role"":""carboxylic_acid_tail""},{""component_index"":1,""role"":""amine_head""}]","[""CCCCCCCC/C=C\\CCCCCCCC(=O)OCCCCCC(C(=O)O)N(CCN(C)C)C(=O)CCCCCCCCCCCCCCC"",""CC(C)(C)OC(=O)CN""]","{""amine_head"":[8],""carboxylic_acid_tail"":[26]}",,,,,,,,,
M005-34C25B6D7317,thiol_michael_thioether,CCCCCCCCCCCCCCCCCC(=O)NC(CCSCCC(=O)OCCCCCCCC)C(=O)NCCCN(C)C,"[{""component_index"":0,""role"":""thiol_tail""},{""component_index"":1,""role"":""alkyl_acrylate_or_acrylamide_tail""}]","[""CCCCCCCCCCCCCCCCCC(=O)NC(CCS)C(=O)NCCCN(C)C"",""C=CC(=O)OCCCCCCCC""]","{""alkyl_acrylate_or_acrylamide_tail"":[0,1],""thiol_tail"":[23]}",,,,,,,,,
M005-8F2836C6A8BA,reductive_amination_amine_aldehyde,CCC(O)CNCCCCCNC(=O)c1cc2ccc1CCc1ccc(c(C(=O)NCCCCCN(CC(O)CC)CC(O)CC)c1)CC2,"[{""component_index"":0,""role"":""amine_head""},{""component_index"":1,""role"":""aldehyde_tail""}]","[""CCC(O)CN"",""CCC(O)CN(CCCCCNC(=O)c1cc2ccc1CCc1ccc(c(C(=O)NCCCCC=O)c1)CC2)CC(O)CC""]","{""aldehyde_tail"":[34],""amine_head"":[5]}",,,,,,,,,
M005-5B06CB909680,ugi_3cr_agile,CCCC#CCOC(=O)OC(C/C=C\CCCCCCCCOC(=O)CCN(CCC(=O)OCCCCCCCC/C=C\CC(CCCCCC)OC(=O)OCC#CCCC)CCC1OCCO1)CCCCCC,"[{""component_index"":0,""role"":""amine_head""},{""component_index"":1,""role"":""oxoester_aldehyde_body_tail""},{""component_index"":2,""role"":""isocyanide_tail""}]","[""NN1CCCCC1"",""CCCCCC(C)CCC(=O)OCCCCCC=O"",""[C-]#[N+]CCCCCCCCCCCCCCCC""]","{""amine_head"":[0],""isocyanide_tail"":[0,1],""oxoester_aldehyde_body_tail"":[17]}",,,,,,,,,
M005-5759FFA75535,amide_coupling_acid_amine,CCCCCCCC/C=C\CCCCCCCC(=O)N(CCCCCCCCC)C(CCCN(CCCC)CCCC)C(=O)NC(C)(C)CC(C)(C)C,"[{""component_index"":0,""role"":""carboxylic_acid_tail""},{""component_index"":1,""role"":""amine_head""}]","[""CCCCCCCC/C=C\\CCCCCCCC(=O)N(CCCCCCCCC)C(CCCN(CCCC)CCCC)C(=O)O"",""CC(C)(C)CC(C)(C)N""]","{""amine_head"":[8],""carboxylic_acid_tail"":[42]}",,,,,,,,,
M005-454DD2874B52,ugi_3cr_agile,CCCCCCCCCCCCCCNC(=O)C(CCCOC(=O)CCCCCCC)NCCCN(C)CCCN,"[{""component_index"":0,""role"":""amine_head""},{""component_index"":1,""role"":""oxoester_aldehyde_body_tail""},{""component_index"":2,""role"":""isocyanide_tail""}]","[""CN(CCCN)CCCN"",""CCCCCCCC(=O)OCCCC=O"",""[C-]#[N+]CCCCCCCCCCCCCC""]","{""amine_head"":[5],""isocyanide_tail"":[0,1],""oxoester_aldehyde_body_tail"":[13]}",,,,,,,,,
M005-51326B60FFCC,ugi_3cr_agile,C=CCCCCCCCCC(=O)OCCCCCC(Nc1cn[nH]c1)C(=O)NCCCCCCCCCCCCCC,"[{""component_index"":0,""role"":""amine_head""},{""component_index"":1,""role"":""oxoester_aldehyde_body_tail""},{""component_index"":2,""role"":""isocyanide_tail""}]","[""Nc1cn[nH]c1"",""C=CCCCCCCCCC(=O)OCCCCCC=O"",""[C-]#[N+]CCCCCCCCCCCCCC""]","{""amine_head"":[0],""isocyanide_tail"":[0,1],""oxoester_aldehyde_body_tail"":[18]}",,,,,,,,,
