Rc files read (in order):
  NONE
Latexmk: This is Latexmk, John Collins, 9 March 2026. Version 4.88.
No existing .aux file, so I'll make a simple one, and require run of *latex.
Latexmk: applying rule 'pdflatex'...
Rule 'pdflatex':  Reasons for rerun
Category 'other':
  Rerun of 'pdflatex' forced or previously required:
    Reason or flag: 'Initial setup'

------------
Run number 1 of rule 'pdflatex'
------------
------------
Running 'pdflatex  -interaction=nonstopmode -halt-on-error -recorder -output-directory="/private/tmp/v1_iclr-commit-build-5s4q9n8t"  "FORGE_ICLR2027_paper.tex"'
------------
This is pdfTeX, Version 3.141592653-2.6-1.40.29 (TeX Live 2026) (preloaded format=pdflatex)
 restricted \write18 enabled.
entering extended mode
(./FORGE_ICLR2027_paper.tex
LaTeX2e <2025-11-01>
L3 programming layer <2026-01-19>
(/usr/local/texlive/2026/texmf-dist/tex/latex/base/article.cls
Document Class: article 2025/01/22 v1.4n Standard LaTeX document class
(/usr/local/texlive/2026/texmf-dist/tex/latex/base/size10.clo))
(./iclr2027_conference.sty
(/usr/local/texlive/2026/texmf-dist/tex/latex/eso-pic/eso-pic.sty
(/usr/local/texlive/2026/texmf-dist/tex/latex/graphics/keyval.sty)
(/usr/local/texlive/2026/texmf-dist/tex/latex/xcolor/xcolor.sty
(/usr/local/texlive/2026/texmf-dist/tex/latex/graphics-cfg/color.cfg)
(/usr/local/texlive/2026/texmf-dist/tex/latex/graphics-def/pdftex.def)
(/usr/local/texlive/2026/texmf-dist/tex/latex/graphics/mathcolor.ltx)))
(./fancyhdr.sty) (./natbib.sty))
(/usr/local/texlive/2026/texmf-dist/tex/latex/psnfss/times.sty)
(/usr/local/texlive/2026/texmf-dist/tex/latex/base/inputenc.sty)
(/usr/local/texlive/2026/texmf-dist/tex/latex/base/fontenc.sty
(/usr/local/texlive/2026/texmf-dist/tex/latex/psnfss/t1ptm.fd))
(/usr/local/texlive/2026/texmf-dist/tex/latex/units/nicefrac.sty
(/usr/local/texlive/2026/texmf-dist/tex/latex/base/ifthen.sty))
(/usr/local/texlive/2026/texmf-dist/tex/latex/microtype/microtype.sty
(/usr/local/texlive/2026/texmf-dist/tex/latex/etoolbox/etoolbox.sty)
(/usr/local/texlive/2026/texmf-dist/tex/latex/microtype/microtype-pdftex.def)
(/usr/local/texlive/2026/texmf-dist/tex/latex/microtype/microtype.cfg))
(/usr/local/texlive/2026/texmf-dist/tex/latex/amsmath/amsmath.sty
For additional information on amsmath, use the `?' option.
(/usr/local/texlive/2026/texmf-dist/tex/latex/amsmath/amstext.sty
(/usr/local/texlive/2026/texmf-dist/tex/latex/amsmath/amsgen.sty))
(/usr/local/texlive/2026/texmf-dist/tex/latex/amsmath/amsbsy.sty)
(/usr/local/texlive/2026/texmf-dist/tex/latex/amsmath/amsopn.sty))
(/usr/local/texlive/2026/texmf-dist/tex/latex/amsfonts/amssymb.sty
(/usr/local/texlive/2026/texmf-dist/tex/latex/amsfonts/amsfonts.sty))
(/usr/local/texlive/2026/texmf-dist/tex/latex/amscls/amsthm.sty)
(/usr/local/texlive/2026/texmf-dist/tex/latex/jknapltx/mathrsfs.sty)
(/usr/local/texlive/2026/texmf-dist/tex/latex/algorithms/algorithm.sty
(/usr/local/texlive/2026/texmf-dist/tex/latex/float/float.sty))
(/usr/local/texlive/2026/texmf-dist/tex/latex/algorithmicx/algpseudocode.sty
(/usr/local/texlive/2026/texmf-dist/tex/latex/algorithmicx/algorithmicx.sty
Document Style algorithmicx 1.2 - a greatly improved `algorithmic' style
)
Document Style - pseudocode environments for use with the `algorithmicx' style
) (/usr/local/texlive/2026/texmf-dist/tex/latex/graphics/graphicx.sty
(/usr/local/texlive/2026/texmf-dist/tex/latex/graphics/graphics.sty
(/usr/local/texlive/2026/texmf-dist/tex/latex/graphics/trig.sty)
(/usr/local/texlive/2026/texmf-dist/tex/latex/graphics-cfg/graphics.cfg)))
(/usr/local/texlive/2026/texmf-dist/tex/latex/pgfplots/pgfplots.sty
(/usr/local/texlive/2026/texmf-dist/tex/generic/pgfplots/pgfplots.revision.tex)
(/usr/local/texlive/2026/texmf-dist/tex/latex/pgf/frontendlayer/tikz.sty
(/usr/local/texlive/2026/texmf-dist/tex/latex/pgf/basiclayer/pgf.sty
(/usr/local/texlive/2026/texmf-dist/tex/latex/pgf/utilities/pgfrcs.sty
(/usr/local/texlive/2026/texmf-dist/tex/generic/pgf/utilities/pgfutil-common.te
x)
(/usr/local/texlive/2026/texmf-dist/tex/generic/pgf/utilities/pgfutil-latex.def
) (/usr/local/texlive/2026/texmf-dist/tex/generic/pgf/utilities/pgfrcs.code.tex
(/usr/local/texlive/2026/texmf-dist/tex/generic/pgf/pgf.revision.tex)))
(/usr/local/texlive/2026/texmf-dist/tex/latex/pgf/basiclayer/pgfcore.sty
(/usr/local/texlive/2026/texmf-dist/tex/latex/pgf/systemlayer/pgfsys.sty
(/usr/local/texlive/2026/texmf-dist/tex/generic/pgf/systemlayer/pgfsys.code.tex
(/usr/local/texlive/2026/texmf-dist/tex/generic/pgf/utilities/pgfkeys.code.tex
(/usr/local/texlive/2026/texmf-dist/tex/generic/pgf/utilities/pgfkeyslibraryfil
tered.code.tex))
(/usr/local/texlive/2026/texmf-dist/tex/generic/pgf/systemlayer/pgf.cfg)
(/usr/local/texlive/2026/texmf-dist/tex/generic/pgf/systemlayer/pgfsys-pdftex.d
ef
(/usr/local/texlive/2026/texmf-dist/tex/generic/pgf/systemlayer/pgfsys-common-p
df.def)))
(/usr/local/texlive/2026/texmf-dist/tex/generic/pgf/systemlayer/pgfsyssoftpath.
code.tex)
(/usr/local/texlive/2026/texmf-dist/tex/generic/pgf/systemlayer/pgfsysprotocol.
code.tex))
(/usr/local/texlive/2026/texmf-dist/tex/generic/pgf/basiclayer/pgfcore.code.tex
(/usr/local/texlive/2026/texmf-dist/tex/generic/pgf/math/pgfmath.code.tex
(/usr/local/texlive/2026/texmf-dist/tex/generic/pgf/math/pgfmathutil.code.tex)
(/usr/local/texlive/2026/texmf-dist/tex/generic/pgf/math/pgfmathparser.code.tex
)
(/usr/local/texlive/2026/texmf-dist/tex/generic/pgf/math/pgfmathfunctions.code.
tex)
(/usr/local/texlive/2026/texmf-dist/tex/generic/pgf/math/pgfmathfunctions.basic
.code.tex)
(/usr/local/texlive/2026/texmf-dist/tex/generic/pgf/math/pgfmathfunctions.trigo
nometric.code.tex)
(/usr/local/texlive/2026/texmf-dist/tex/generic/pgf/math/pgfmathfunctions.rando
m.code.tex)
(/usr/local/texlive/2026/texmf-dist/tex/generic/pgf/math/pgfmathfunctions.compa
rison.code.tex)
(/usr/local/texlive/2026/texmf-dist/tex/generic/pgf/math/pgfmathfunctions.base.
code.tex)
(/usr/local/texlive/2026/texmf-dist/tex/generic/pgf/math/pgfmathfunctions.round
.code.tex)
(/usr/local/texlive/2026/texmf-dist/tex/generic/pgf/math/pgfmathfunctions.misc.
code.tex)
(/usr/local/texlive/2026/texmf-dist/tex/generic/pgf/math/pgfmathfunctions.integ
erarithmetics.code.tex)
(/usr/local/texlive/2026/texmf-dist/tex/generic/pgf/math/pgfmathcalc.code.tex)
(/usr/local/texlive/2026/texmf-dist/tex/generic/pgf/math/pgfmathfloat.code.tex)
) (/usr/local/texlive/2026/texmf-dist/tex/generic/pgf/math/pgfint.code.tex)
(/usr/local/texlive/2026/texmf-dist/tex/generic/pgf/basiclayer/pgfcorepoints.co
de.tex)
(/usr/local/texlive/2026/texmf-dist/tex/generic/pgf/basiclayer/pgfcorepathconst
ruct.code.tex)
(/usr/local/texlive/2026/texmf-dist/tex/generic/pgf/basiclayer/pgfcorepathusage
.code.tex)
(/usr/local/texlive/2026/texmf-dist/tex/generic/pgf/basiclayer/pgfcorescopes.co
de.tex)
(/usr/local/texlive/2026/texmf-dist/tex/generic/pgf/basiclayer/pgfcoregraphicst
ate.code.tex)
(/usr/local/texlive/2026/texmf-dist/tex/generic/pgf/basiclayer/pgfcoretransform
ations.code.tex)
(/usr/local/texlive/2026/texmf-dist/tex/generic/pgf/basiclayer/pgfcorequick.cod
e.tex)
(/usr/local/texlive/2026/texmf-dist/tex/generic/pgf/basiclayer/pgfcoreobjects.c
ode.tex)
(/usr/local/texlive/2026/texmf-dist/tex/generic/pgf/basiclayer/pgfcorepathproce
ssing.code.tex)
(/usr/local/texlive/2026/texmf-dist/tex/generic/pgf/basiclayer/pgfcorearrows.co
de.tex)
(/usr/local/texlive/2026/texmf-dist/tex/generic/pgf/basiclayer/pgfcoreshade.cod
e.tex)
(/usr/local/texlive/2026/texmf-dist/tex/generic/pgf/basiclayer/pgfcoreimage.cod
e.tex)
(/usr/local/texlive/2026/texmf-dist/tex/generic/pgf/basiclayer/pgfcoreexternal.
code.tex)
(/usr/local/texlive/2026/texmf-dist/tex/generic/pgf/basiclayer/pgfcorelayers.co
de.tex)
(/usr/local/texlive/2026/texmf-dist/tex/generic/pgf/basiclayer/pgfcoretranspare
ncy.code.tex)
(/usr/local/texlive/2026/texmf-dist/tex/generic/pgf/basiclayer/pgfcorepatterns.
code.tex)
(/usr/local/texlive/2026/texmf-dist/tex/generic/pgf/basiclayer/pgfcorerdf.code.
tex)))
(/usr/local/texlive/2026/texmf-dist/tex/generic/pgf/modules/pgfmoduleshapes.cod
e.tex)
(/usr/local/texlive/2026/texmf-dist/tex/generic/pgf/modules/pgfmoduleplot.code.
tex)
(/usr/local/texlive/2026/texmf-dist/tex/latex/pgf/compatibility/pgfcomp-version
-0-65.sty)
(/usr/local/texlive/2026/texmf-dist/tex/latex/pgf/compatibility/pgfcomp-version
-1-18.sty))
(/usr/local/texlive/2026/texmf-dist/tex/latex/pgf/utilities/pgffor.sty
(/usr/local/texlive/2026/texmf-dist/tex/latex/pgf/utilities/pgfkeys.sty
(/usr/local/texlive/2026/texmf-dist/tex/generic/pgf/utilities/pgfkeys.code.tex)
) (/usr/local/texlive/2026/texmf-dist/tex/latex/pgf/math/pgfmath.sty
(/usr/local/texlive/2026/texmf-dist/tex/generic/pgf/math/pgfmath.code.tex))
(/usr/local/texlive/2026/texmf-dist/tex/generic/pgf/utilities/pgffor.code.tex))

(/usr/local/texlive/2026/texmf-dist/tex/generic/pgf/frontendlayer/tikz/tikz.cod
e.tex
(/usr/local/texlive/2026/texmf-dist/tex/generic/pgf/libraries/pgflibraryplothan
dlers.code.tex)
(/usr/local/texlive/2026/texmf-dist/tex/generic/pgf/modules/pgfmodulematrix.cod
e.tex)
(/usr/local/texlive/2026/texmf-dist/tex/generic/pgf/frontendlayer/tikz/librarie
s/tikzlibrarytopaths.code.tex)))
(/usr/local/texlive/2026/texmf-dist/tex/generic/pgfplots/pgfplots.code.tex
(/usr/local/texlive/2026/texmf-dist/tex/generic/pgfplots/pgfplotscore.code.tex
(/usr/local/texlive/2026/texmf-dist/tex/generic/pgfplots/sys/pgfplotssysgeneric
.code.tex))
(/usr/local/texlive/2026/texmf-dist/tex/generic/pgfplots/libs/pgfplotslibrary.c
ode.tex)
(/usr/local/texlive/2026/texmf-dist/tex/generic/pgfplots/oldpgfcompatib/pgfplot
soldpgfsupp_loader.code.tex
(/usr/local/texlive/2026/texmf-dist/tex/generic/pgf/libraries/pgflibraryfpu.cod
e.tex)
(/usr/local/texlive/2026/texmf-dist/tex/generic/pgfplots/oldpgfcompatib/pgfplot
soldpgfsupp_pgfutil-common-lists.tex))
(/usr/local/texlive/2026/texmf-dist/tex/generic/pgfplots/util/pgfplotsutil.code
.tex
(/usr/local/texlive/2026/texmf-dist/tex/generic/pgfplots/liststructure/pgfplots
liststructure.code.tex)
(/usr/local/texlive/2026/texmf-dist/tex/generic/pgfplots/liststructure/pgfplots
liststructureext.code.tex)
(/usr/local/texlive/2026/texmf-dist/tex/generic/pgfplots/liststructure/pgfplots
array.code.tex)
(/usr/local/texlive/2026/texmf-dist/tex/generic/pgfplots/liststructure/pgfplots
matrix.code.tex)
(/usr/local/texlive/2026/texmf-dist/tex/generic/pgfplots/numtable/pgfplotstable
shared.code.tex)
(/usr/local/texlive/2026/texmf-dist/tex/generic/pgfplots/liststructure/pgfplots
deque.code.tex)
(/usr/local/texlive/2026/texmf-dist/tex/generic/pgfplots/util/pgfplotsbinary.co
de.tex
(/usr/local/texlive/2026/texmf-dist/tex/generic/pgfplots/util/pgfplotsbinary.da
ta.code.tex))
(/usr/local/texlive/2026/texmf-dist/tex/generic/pgfplots/util/pgfplotsutil.verb
.code.tex)
(/usr/local/texlive/2026/texmf-dist/tex/generic/pgfplots/libs/pgflibrarypgfplot
s.surfshading.code.tex
(/usr/local/texlive/2026/texmf-dist/tex/generic/pgfplots/sys/pgflibrarypgfplots
.surfshading.pgfsys-pdftex.def)))
(/usr/local/texlive/2026/texmf-dist/tex/generic/pgfplots/util/pgfplotscolormap.
code.tex
(/usr/local/texlive/2026/texmf-dist/tex/generic/pgfplots/util/pgfplotscolor.cod
e.tex))
(/usr/local/texlive/2026/texmf-dist/tex/generic/pgfplots/pgfplotsstackedplots.c
ode.tex)
(/usr/local/texlive/2026/texmf-dist/tex/generic/pgfplots/pgfplotsplothandlers.c
ode.tex
(/usr/local/texlive/2026/texmf-dist/tex/generic/pgfplots/pgfplotsmeshplothandle
r.code.tex
(/usr/local/texlive/2026/texmf-dist/tex/generic/pgfplots/pgfplotsmeshplotimage.
code.tex)))
(/usr/local/texlive/2026/texmf-dist/tex/generic/pgfplots/pgfplots.scaling.code.
tex)
(/usr/local/texlive/2026/texmf-dist/tex/generic/pgfplots/pgfplotscoordprocessin
g.code.tex)
(/usr/local/texlive/2026/texmf-dist/tex/generic/pgfplots/pgfplots.errorbars.cod
e.tex)
(/usr/local/texlive/2026/texmf-dist/tex/generic/pgfplots/pgfplots.markers.code.
tex)
(/usr/local/texlive/2026/texmf-dist/tex/generic/pgfplots/pgfplotsticks.code.tex
)
(/usr/local/texlive/2026/texmf-dist/tex/generic/pgfplots/pgfplots.paths.code.te
x)
(/usr/local/texlive/2026/texmf-dist/tex/generic/pgf/frontendlayer/tikz/librarie
s/tikzlibrarydecorations.code.tex
(/usr/local/texlive/2026/texmf-dist/tex/generic/pgf/modules/pgfmoduledecoration
s.code.tex))
(/usr/local/texlive/2026/texmf-dist/tex/generic/pgf/frontendlayer/tikz/librarie
s/tikzlibrarydecorations.pathmorphing.code.tex
(/usr/local/texlive/2026/texmf-dist/tex/generic/pgf/libraries/decorations/pgfli
brarydecorations.pathmorphing.code.tex))
(/usr/local/texlive/2026/texmf-dist/tex/generic/pgf/frontendlayer/tikz/librarie
s/tikzlibrarydecorations.pathreplacing.code.tex
(/usr/local/texlive/2026/texmf-dist/tex/generic/pgf/libraries/decorations/pgfli
brarydecorations.pathreplacing.code.tex))
(/usr/local/texlive/2026/texmf-dist/tex/generic/pgfplots/libs/tikzlibrarypgfplo
ts.contourlua.code.tex))
(/usr/local/texlive/2026/texmf-dist/tex/generic/pgf/frontendlayer/tikz/librarie
s/tikzlibraryplotmarks.code.tex
(/usr/local/texlive/2026/texmf-dist/tex/generic/pgf/libraries/pgflibraryplotmar
ks.code.tex)))
(/usr/local/texlive/2026/texmf-dist/tex/latex/pgfplots/pgfplotstable.sty
(/usr/local/texlive/2026/texmf-dist/tex/generic/pgfplots/pgfplots.revision.tex)

(/usr/local/texlive/2026/texmf-dist/tex/generic/pgfplots/numtable/pgfplotstable
.code.tex
(/usr/local/texlive/2026/texmf-dist/tex/generic/pgfplots/numtable/pgfplotstable
.coltype.code.tex))
(/usr/local/texlive/2026/texmf-dist/tex/latex/tools/array.sty))
(/usr/local/texlive/2026/texmf-dist/tex/generic/pgf/libraries/pgflibraryarrows.
meta.code.tex)
(/usr/local/texlive/2026/texmf-dist/tex/generic/pgf/frontendlayer/tikz/librarie
s/tikzlibrarycalc.code.tex)
(/usr/local/texlive/2026/texmf-dist/tex/generic/pgf/frontendlayer/tikz/librarie
s/tikzlibrarypositioning.code.tex)
(/usr/local/texlive/2026/texmf-dist/tex/generic/pgf/frontendlayer/tikz/librarie
s/tikzlibrarypatterns.code.tex
(/usr/local/texlive/2026/texmf-dist/tex/generic/pgf/libraries/pgflibrarypattern
s.code.tex))
(/usr/local/texlive/2026/texmf-dist/tex/generic/pgf/frontendlayer/tikz/librarie
s/tikzlibraryshapes.arrows.code.tex
(/usr/local/texlive/2026/texmf-dist/tex/generic/pgf/libraries/shapes/pgflibrary
shapes.arrows.code.tex))
(/usr/local/texlive/2026/texmf-dist/tex/generic/pgf/frontendlayer/tikz/librarie
s/tikzlibraryfit.code.tex)
(/usr/local/texlive/2026/texmf-dist/tex/generic/pgf/frontendlayer/tikz/librarie
s/tikzlibrarybackgrounds.code.tex)
(/usr/local/texlive/2026/texmf-dist/tex/latex/booktabs/booktabs.sty)
(/usr/local/texlive/2026/texmf-dist/tex/latex/colortbl/colortbl.sty)
(/usr/local/texlive/2026/texmf-dist/tex/latex/tools/longtable.sty)
(/usr/local/texlive/2026/texmf-dist/tex/latex/tcolorbox/tcolorbox.sty
(/usr/local/texlive/2026/texmf-dist/tex/latex/tools/verbatim.sty)
(/usr/local/texlive/2026/texmf-dist/tex/latex/environ/environ.sty
(/usr/local/texlive/2026/texmf-dist/tex/latex/trimspaces/trimspaces.sty))
(/usr/local/texlive/2026/texmf-dist/tex/latex/tcolorbox/tcbraster.code.tex
Library (tcolorbox): 'tcbraster.code.tex' version '6.9.0'
) (/usr/local/texlive/2026/texmf-dist/tex/latex/tcolorbox/tcbskins.code.tex
Library (tcolorbox): 'tcbskins.code.tex' version '6.9.0'
(/usr/local/texlive/2026/texmf-dist/tex/latex/tikzfill/tikzfill.image.sty
(/usr/local/texlive/2026/texmf-dist/tex/latex/tikzfill/tikzfill-common.sty)
(/usr/local/texlive/2026/texmf-dist/tex/latex/tikzfill/tikzlibraryfill.image.co
de.tex))
(/usr/local/texlive/2026/texmf-dist/tex/latex/tcolorbox/tcbskinsjigsaw.code.tex
Library (tcolorbox): 'tcbskinsjigsaw.code.tex' version '6.9.0'
))
(/usr/local/texlive/2026/texmf-dist/tex/latex/tcolorbox/tcbbreakable.code.tex
Library (tcolorbox): 'tcbbreakable.code.tex' version '6.9.0'
(/usr/local/texlive/2026/texmf-dist/tex/latex/pdfcol/pdfcol.sty
(/usr/local/texlive/2026/texmf-dist/tex/generic/ltxcmds/ltxcmds.sty)
(/usr/local/texlive/2026/texmf-dist/tex/generic/infwarerr/infwarerr.sty)
(/usr/local/texlive/2026/texmf-dist/tex/generic/iftex/iftex.sty)))
(/usr/local/texlive/2026/texmf-dist/tex/latex/tcolorbox/tcbhooks.code.tex
Library (tcolorbox): 'tcbhooks.code.tex' version '6.9.0'
) (/usr/local/texlive/2026/texmf-dist/tex/latex/tcolorbox/tcbtheorems.code.tex
Library (tcolorbox): 'tcbtheorems.code.tex' version '6.9.0'
) (/usr/local/texlive/2026/texmf-dist/tex/latex/tcolorbox/tcbfitting.code.tex
Library (tcolorbox): 'tcbfitting.code.tex' version '6.9.0'
)
(/usr/local/texlive/2026/texmf-dist/tex/latex/tcolorbox/tcblistingsutf8.code.te
x
Library (tcolorbox): 'tcblistingsutf8.code.tex' version '6.9.0'
(/usr/local/texlive/2026/texmf-dist/tex/latex/tcolorbox/tcblistings.code.tex
Library (tcolorbox): 'tcblistings.code.tex' version '6.9.0'
(/usr/local/texlive/2026/texmf-dist/tex/latex/listings/listings.sty
(/usr/local/texlive/2026/texmf-dist/tex/latex/listings/lstpatch.sty)
(/usr/local/texlive/2026/texmf-dist/tex/latex/listings/lstmisc.sty)
(/usr/local/texlive/2026/texmf-dist/tex/latex/listings/listings.cfg))
==> First Aid for listings.sty no longer applied!
    Expected:
        2024/09/23 1.10c (Carsten Heinz)
    but found:
        2025/11/14 1.11b (Carsten Heinz)
    so I'm assuming it got fixed.

(/usr/local/texlive/2026/texmf-dist/tex/latex/tcolorbox/tcblistingscore.code.te
x
Library (tcolorbox): 'tcblistingscore.code.tex' version '6.9.0'
(/usr/local/texlive/2026/texmf-dist/tex/latex/tcolorbox/tcbprocessing.code.tex
Library (tcolorbox): 'tcbprocessing.code.tex' version '6.9.0'
))) (/usr/local/texlive/2026/texmf-dist/tex/latex/listingsutf8/listingsutf8.sty
(/usr/local/texlive/2026/texmf-dist/tex/generic/pdftexcmds/pdftexcmds.sty)
(/usr/local/texlive/2026/texmf-dist/tex/generic/stringenc/stringenc.sty
(/usr/local/texlive/2026/texmf-dist/tex/generic/pdfescape/pdfescape.sty))))
(/usr/local/texlive/2026/texmf-dist/tex/latex/tcolorbox/tcbexternal.code.tex
Library (tcolorbox): 'tcbexternal.code.tex' version '6.9.0'
) (/usr/local/texlive/2026/texmf-dist/tex/latex/tcolorbox/tcbmagazine.code.tex
Library (tcolorbox): 'tcbmagazine.code.tex' version '6.9.0'
) (/usr/local/texlive/2026/texmf-dist/tex/latex/tcolorbox/tcbvignette.code.tex
Library (tcolorbox): 'tcbvignette.code.tex' version '6.9.0'

(/usr/local/texlive/2026/texmf-dist/tex/generic/pgf/frontendlayer/tikz/librarie
s/tikzlibraryfadings.code.tex
(/usr/local/texlive/2026/texmf-dist/tex/generic/pgf/libraries/pgflibraryfadings
.code.tex)))
(/usr/local/texlive/2026/texmf-dist/tex/latex/tcolorbox/tcbposter.code.tex
Library (tcolorbox): 'tcbposter.code.tex' version '6.9.0'
)) (/usr/local/texlive/2026/texmf-dist/tex/latex/placeins/placeins.sty)
(/usr/local/texlive/2026/texmf-dist/tex/generic/chemfig/chemfig.sty
(/usr/local/texlive/2026/texmf-dist/tex/generic/chemfig/chemfig.tex
(/usr/local/texlive/2026/texmf-dist/tex/generic/simplekv/simplekv.tex)))
(/usr/local/texlive/2026/texmf-dist/tex/latex/url/url.sty)
(/usr/local/texlive/2026/texmf-dist/tex/latex/hyperref/hyperref.sty
(/usr/local/texlive/2026/texmf-dist/tex/latex/kvsetkeys/kvsetkeys.sty)
(/usr/local/texlive/2026/texmf-dist/tex/generic/kvdefinekeys/kvdefinekeys.sty)
(/usr/local/texlive/2026/texmf-dist/tex/latex/hycolor/hycolor.sty)
(/usr/local/texlive/2026/texmf-dist/tex/latex/hyperref/nameref.sty
(/usr/local/texlive/2026/texmf-dist/tex/latex/refcount/refcount.sty)
(/usr/local/texlive/2026/texmf-dist/tex/generic/gettitlestring/gettitlestring.s
ty (/usr/local/texlive/2026/texmf-dist/tex/latex/kvoptions/kvoptions.sty)))
(/usr/local/texlive/2026/texmf-dist/tex/latex/hyperref/pd1enc.def)
(/usr/local/texlive/2026/texmf-dist/tex/generic/intcalc/intcalc.sty)
(/usr/local/texlive/2026/texmf-dist/tex/latex/hyperref/puenc.def)
(/usr/local/texlive/2026/texmf-dist/tex/generic/bitset/bitset.sty
(/usr/local/texlive/2026/texmf-dist/tex/generic/bigintcalc/bigintcalc.sty)))
(/usr/local/texlive/2026/texmf-dist/tex/latex/hyperref/hpdftex.def
(/usr/local/texlive/2026/texmf-dist/tex/latex/rerunfilecheck/rerunfilecheck.sty

(/usr/local/texlive/2026/texmf-dist/tex/generic/uniquecounter/uniquecounter.sty
))) (./generated/completed_evidence_macros.tex)
(./generated/iclr_table1_macros.tex) (./generated/iclr_table3_route_macros.tex)
(./generated/iclr_table10_macros.tex)
(./generated/iclr_prose_results_macros.tex)
(/usr/local/texlive/2026/texmf-dist/tex/latex/l3backend/l3backend-pdftex.def)
(/private/tmp/v1_iclr-commit-build-5s4q9n8t/FORGE_ICLR2027_paper.aux)
(/usr/local/texlive/2026/texmf-dist/tex/context/base/mkii/supp-pdf.mkii
[Loading MPS to PDF converter (version 2006.09.02).]
) (/usr/local/texlive/2026/texmf-dist/tex/latex/epstopdf-pkg/epstopdf-base.sty
(/usr/local/texlive/2026/texmf-dist/tex/latex/latexconfig/epstopdf-sys.cfg))
(/usr/local/texlive/2026/texmf-dist/tex/latex/microtype/mt-ptm.cfg)
Package pgfplots notification 'compat/show suggested version=true': document ha
s been generated with the most recent feature set (\pgfplotsset{compat=1.18}).

(./FORGE_ICLR2027_paper.out) (./FORGE_ICLR2027_paper.out)
(/usr/local/texlive/2026/texmf-dist/tex/latex/microtype/mt-cmr.cfg)
(/usr/local/texlive/2026/texmf-dist/tex/latex/amsfonts/umsa.fd)
(/usr/local/texlive/2026/texmf-dist/tex/latex/microtype/mt-msa.cfg)
(/usr/local/texlive/2026/texmf-dist/tex/latex/amsfonts/umsb.fd)
(/usr/local/texlive/2026/texmf-dist/tex/latex/microtype/mt-msb.cfg)
(/usr/local/texlive/2026/texmf-dist/tex/latex/jknapltx/ursfs.fd)

Package natbib Warning: Citation `adams2018patisiran' on page 1 undefined on in
put line 156.


Package natbib Warning: Citation `polack2020safety' on page 1 undefined on inpu
t line 156.


Package natbib Warning: Citation `baden2021efficacy' on page 1 undefined on inp
ut line 156.


Package natbib Warning: Citation `gillmore2021crispr' on page 1 undefined on in
put line 156.


Package natbib Warning: Citation `cullis2017lipid' on page 1 undefined on input
 line 158.


Package natbib Warning: Citation `hou2021lipid' on page 1 undefined on input li
ne 158.


Package natbib Warning: Citation `akinc2008combinatorial' on page 1 undefined o
n input line 160.


Package natbib Warning: Citation `love2010lipidlike' on page 1 undefined on inp
ut line 160.


Package natbib Warning: Citation `li2024accelerating' on page 1 undefined on in
put line 160.


Package natbib Warning: Citation `xu2024agile' on page 1 undefined on input lin
e 160.


Package natbib Warning: Citation `gao2022amortized' on page 1 undefined on inpu
t line 165.


Package natbib Warning: Citation `koziarski2024rgfn' on page 1 undefined on inp
ut line 165.


Package natbib Warning: Citation `cretu2025synflownet' on page 1 undefined on i
nput line 165.


Package natbib Warning: Citation `ou2024deep' on page 1 undefined on input line
 167.


Package natbib Warning: Citation `zhao2024generative' on page 1 undefined on in
put line 167.


Package natbib Warning: Citation `rekesh2025syncogen' on page 1 undefined on in
put line 169.


Package natbib Warning: Citation `qin2025defog' on page 1 undefined on input li
ne 170.


Package natbib Warning: Citation `lee2025genmol' on page 1 undefined on input l
ine 170.


Package natbib Warning: Citation `gao2020synthesizability' on page 1 undefined 
on input line 171.

[1{/usr/local/texlive/2026/texmf-var/fonts/map/pdftex/updmap/pdftex.map}{/usr/l
ocal/texlive/2026/texmf-dist/fonts/enc/dvips/base/8r.enc}]

Package natbib Warning: Citation `xu2024agile' on page 2 undefined on input lin
e 190.


Package natbib Warning: Citation `li2023combinatorial' on page 2 undefined on i
nput line 190.


Package natbib Warning: Citation `xue2024barcoding' on page 2 undefined on inpu
t line 190.


Package natbib Warning: Citation `semple2010rational' on page 2 undefined on in
put line 206.


Package natbib Warning: Citation `jayaraman2012maximizing' on page 2 undefined 
on input line 206.


Package natbib Warning: Citation `xu2024agile' on page 2 undefined on input lin
e 208.


Package natbib Warning: Citation `han2021ionizable' on page 2 undefined on inpu
t line 210.


Package natbib Warning: Citation `hatit2023nanoparticle' on page 2 undefined on
 input line 210.


Package natbib Warning: Citation `cheng2020selective' on page 2 undefined on in
put line 210.


Package natbib Warning: Citation `xu2024agile' on page 2 undefined on input lin
e 216.


Package natbib Warning: Citation `li2023combinatorial' on page 2 undefined on i
nput line 217.


Package natbib Warning: Citation `xue2024barcoding' on page 2 undefined on inpu
t line 219.


LaTeX Warning: Reference `app:chemistry' on page 2 undefined on input line 223.



LaTeX Warning: Reference `tab:reaction-family-background' on page 2 undefined o
n input line 223.

(/usr/local/texlive/2026/texmf-dist/tex/latex/amsfonts/ueuf.fd)
(/usr/local/texlive/2026/texmf-dist/tex/latex/microtype/mt-euf.cfg)

LaTeX Warning: Reference `app:program-encoding' on page 2 undefined on input li
ne 249.

[2]

LaTeX Warning: Reference `app:verification' on page 3 undefined on input line 2
66.


LaTeX Warning: Reference `app:catalogue-reachability' on page 3 undefined on in
put line 271.


LaTeX Warning: Reference `fig:forge-overview' on page 3 undefined on input line
 285.

(./figures/forge_algorithm_schematic/schematic_body.tex)

LaTeX Warning: Reference `app:program-encoding' on page 3 undefined on input li
ne 317.

[3]

LaTeX Warning: Reference `thm:bounded-representation' on page 4 undefined on in
put line 336.

[4]

LaTeX Warning: Reference `eq:conditional-path' on page 5 undefined on input lin
e 369.


LaTeX Warning: Reference `app:flow-proof' on page 5 undefined on input line 369
.


Package natbib Warning: Citation `yu2020gradient' on page 5 undefined on input 
line 387.


LaTeX Warning: Reference `app:training' on page 5 undefined on input line 387.


LaTeX Warning: Reference `eq:primary-loss' on page 5 undefined on input line 41
2.


LaTeX Warning: Reference `eq:posterior-rate' on page 5 undefined on input line 
413.


LaTeX Warning: Reference `app:flow-proof' on page 5 undefined on input line 422
.


LaTeX Warning: Reference `prop:fixed-invariance' on page 5 undefined on input l
ine 438.


LaTeX Warning: Reference `eq:main-exact-traces' on page 5 undefined on input li
ne 441.


LaTeX Warning: Reference `app:sampling' on page 5 undefined on input line 443.

[5]

LaTeX Warning: Reference `app:route-assessment' on page 6 undefined on input li
ne 458.


LaTeX Warning: Reference `alg:forge-inference' on page 6 undefined on input lin
e 459.


LaTeX Warning: Reference `app:theory' on page 6 undefined on input line 459.


LaTeX Warning: Reference `prop:posthoc-budget' on page 6 undefined on input lin
e 471.


LaTeX Warning: Reference `app:evaluation-protocol' on page 6 undefined on input
 line 473.


LaTeX Warning: Reference `tab:iclr-shared-programs' on page 6 undefined on inpu
t line 483.


LaTeX Warning: Reference `app:results' on page 6 undefined on input line 496.


LaTeX Warning: Reference `app:results' on page 6 undefined on input line 496.

(./generated/shared_program_figure_rows.tex)

LaTeX Warning: Reference `tab:iclr-shared-programs' on page 6 undefined on inpu
t line 515.

[6]

LaTeX Warning: Reference `app:ablation-results' on page 7 undefined on input li
ne 531.


LaTeX Warning: Reference `tab:ugi-common-benchmark' on page 7 undefined on inpu
t line 549.

(./generated/common_ugi_benchmark_completed_rows.tex)

LaTeX Warning: Reference `app:novelty-results' on page 7 undefined on input lin
e 584.


LaTeX Warning: Reference `app:generated-examples' on page 7 undefined on input 
line 585.

[7]

LaTeX Warning: Reference `app:novelty-results' on page 8 undefined on input lin
e 598.


LaTeX Warning: Reference `fig:in-vivo' on page 8 undefined on input line 608.


LaTeX Warning: Reference `app:in-vivo-methods' on page 8 undefined on input lin
e 612.

[8] [9 <./experimental/in_vivo/forge_1_structure_supplied.png> <./experimental/
in_vivo/forge_2_structure_supplied.png> <./experimental/in_vivo/forge_3_structu
re_supplied.png> <./experimental/in_vivo/mouse_imaging_supplied.png>]

LaTeX Warning: Reference `app:repro' on page 10 undefined on input line 734.


LaTeX Warning: Reference `app:results' on page 10 undefined on input line 736.


LaTeX Warning: Reference `app:theory' on page 10 undefined on input line 736.

(./FORGE_ICLR2027_paper.bbl
(/usr/local/texlive/2026/texmf-dist/tex/latex/psnfss/t1pcr.fd) [10] [11]
[12]) [13]

LaTeX Warning: Reference `alg:forge-inference' on page 14 undefined on input li
ne 748.


LaTeX Warning: Reference `eq:reaction-program' on page 14 undefined on input li
ne 753.


LaTeX Warning: Reference `sec:program-conditioning' on page 14 undefined on inp
ut line 775.

[14]

LaTeX Warning: Reference `app:sampling' on page 15 undefined on input line 853.



LaTeX Warning: Reference `eq:primary-loss' on page 15 undefined on input line 8
84.

[15]

LaTeX Warning: Reference `prop:masked-bayes' on page 16 undefined on input line
 941.


LaTeX Warning: Reference `app:ablation-results' on page 16 undefined on input l
ine 944.


LaTeX Warning: Reference `eq:clamped-rate' on page 16 undefined on input line 9
65.


LaTeX Warning: Reference `app:flow-proof' on page 16 undefined on input line 96
6.


LaTeX Warning: Reference `eq:posterior-rate' on page 16 undefined on input line
 985.

[16]

LaTeX Warning: Reference `app:ablation-results' on page 17 undefined on input l
ine 1010.


LaTeX Warning: Reference `eq:main-exact-traces' on page 17 undefined on input l
ine 1027.


LaTeX Warning: Reference `prop:posthoc-budget' on page 17 undefined on input li
ne 1049.

[17]

LaTeX Warning: Reference `lem:planner-termination' on page 18 undefined on inpu
t line 1140.


LaTeX Warning: Reference `inv:dossier-soundness' on page 18 undefined on input 
line 1140.

[18]

LaTeX Warning: Reference `alg:forge-inference' on page 19 undefined on input li
ne 1162.

[19]

LaTeX Warning: Reference `tab:production-seed-counts' on page 20 undefined on i
nput line 1229.


LaTeX Warning: Reference `sec:in-vivo' on page 20 undefined on input line 1245.



LaTeX Warning: Reference `app:in-vivo-methods' on page 20 undefined on input li
ne 1245.

[20]

LaTeX Warning: Reference `sec:results' on page 21 undefined on input line 1252.



LaTeX Warning: Reference `prop:fixed-invariance' on page 21 undefined on input 
line 1286.


Package natbib Warning: Citation `koziarski2024rgfn' on page 21 undefined on in
put line 1301.


Package natbib Warning: Citation `qin2025defog' on page 21 undefined on input l
ine 1301.


Package natbib Warning: Citation `lee2025genmol' on page 21 undefined on input 
line 1301.


Package natbib Warning: Citation `ou2024deep' on page 21 undefined on input lin
e 1302.


Package natbib Warning: Citation `cretu2025synflownet' on page 21 undefined on 
input line 1303.


Package natbib Warning: Citation `rekesh2025syncogen' on page 21 undefined on i
nput line 1303.


LaTeX Warning: Reference `app:ablation-results' on page 21 undefined on input l
ine 1313.

[21]

LaTeX Warning: Reference `app:verification' on page 22 undefined on input line 
1330.


LaTeX Warning: Reference `def:catalogue-escape' on page 22 undefined on input l
ine 1355.

[22]

LaTeX Warning: Reference `prop:posthoc-budget' on page 23 undefined on input li
ne 1406.


Underfull \hbox (badness 1184) in paragraph at lines 1402--1409
[]\T1/ptm/m/n/10 (+20) For a paired con-trast, $\OML/cmm/m/it/10 D[] \OT1/cmr/m
/n/10 = [] \OMS/cmsy/m/n/10 ^^@ []$\T1/ptm/m/n/10 (+20) . We re-port $\OT1/cmr/
m/n/10 (\OML/cmm/m/it/10 D[]; D[]; D[]\OT1/cmr/m/n/10 )$\T1/ptm/m/n/10 (+20) , 
$[]$, and

LaTeX Warning: Reference `tab:production-comparison' on page 23 undefined on in
put line 1417.


LaTeX Warning: Reference `tab:iclr-shared-programs' on page 23 undefined on inp
ut line 1418.


LaTeX Warning: Reference `tab:production-comparison' on page 23 undefined on in
put line 1423.


LaTeX Warning: Reference `tab:production-seed-counts' on page 23 undefined on i
nput line 1446.


LaTeX Warning: Reference `tab:production-seed-counts' on page 23 undefined on i
nput line 1446.

(./generated/production_comparison_transposed_rows.tex)
(./generated/production_seed_exact_counts_rows.tex)

LaTeX Warning: Reference `tab:production-comparison' on page 23 undefined on in
put line 1487.


Underfull \vbox (badness 4543) has occurred while \output is active [23]

LaTeX Warning: Reference `tab:decoder-source-ablation' on page 24 undefined on 
input line 1517.

(./generated/decoder_source_ablation_rows.tex)

LaTeX Warning: Reference `tab:architecture-ablations' on page 24 undefined on i
nput line 1547.


Underfull \vbox (badness 4036) has occurred while \output is active [24]

LaTeX Warning: Reference `tab:production-comparison' on page 25 undefined on in
put line 1575.


LaTeX Warning: Reference `app:novelty-results' on page 25 undefined on input li
ne 1575.


LaTeX Warning: Reference `tab:production-comparison' on page 25 undefined on in
put line 1575.


LaTeX Warning: Reference `app:novelty-results' on page 25 undefined on input li
ne 1575.

(./generated/architecture_ablation_rows.tex)

LaTeX Warning: Reference `tab:ugi-common-benchmark' on page 25 undefined on inp
ut line 1616.

[25]

LaTeX Warning: Reference `tab:baseline-seed-results' on page 26 undefined on in
put line 1637.


LaTeX Warning: Reference `tab:baseline-decomposition' on page 26 undefined on i
nput line 1638.


LaTeX Warning: Reference `tab:ugi-common-benchmark' on page 26 undefined on inp
ut line 1647.


LaTeX Warning: Reference `tab:ugi-common-benchmark' on page 26 undefined on inp
ut line 1647.

(./generated/common_ugi_seed_rows.tex)
(./generated/common_ugi_decomposition_rows.tex)

LaTeX Warning: Reference `tab:catalogue-comparison' on page 26 undefined on inp
ut line 1690.

[26] (./generated/catalogue_comparison_transposed_rows.tex)
(./generated/lipid_realism_rows.tex)

LaTeX Warning: Reference `tab:lipid-realism' on page 27 undefined on input line
 1798.

[27]

Package natbib Warning: Citation `chen2023muscle' on page 28 undefined on input
 line 1814.


Package natbib Warning: Citation `miao2019heterocyclic' on page 28 undefined on
 input line 1815.


LaTeX Warning: Reference `fig:in-vivo' on page 28 undefined on input line 1819.



LaTeX Warning: Reference `tab:hela-property-guidance' on page 28 undefined on i
nput line 1839.

[28]

LaTeX Warning: Reference `sec:mathematical-objects' on page 29 undefined on inp
ut line 1893.


LaTeX Warning: Reference `def:sparse-state' on page 29 undefined on input line 
1922.


LaTeX Warning: Reference `lem:tree-closure' on page 29 undefined on input line 
1937.


LaTeX Warning: Reference `def:sparse-state' on page 29 undefined on input line 
1940.


LaTeX Warning: Reference `def:exact-assembly' on page 29 undefined on input lin
e 1961.

[29]

LaTeX Warning: Reference `thm:ideal-terminal-law' on page 30 undefined on input
 line 2021.


LaTeX Warning: Reference `eq:primary-loss' on page 30 undefined on input line 2
022.


Package natbib Warning: Citation `qin2025defog' on page 30 undefined on input l
ine 2043.

[30]

LaTeX Warning: Reference `eq:posterior-rate' on page 31 undefined on input line
 2062.


LaTeX Warning: Reference `eq:conditional-path' on page 31 undefined on input li
ne 2069.


LaTeX Warning: Reference `eq:numerical-sampling' on page 31 undefined on input 
line 2071.


LaTeX Warning: Reference `eq:primary-loss' on page 31 undefined on input line 2
086.


LaTeX Warning: Reference `prop:masked-bayes' on page 31 undefined on input line
 2104.


LaTeX Warning: Reference `eq:posterior-rate' on page 31 undefined on input line
 2110.


LaTeX Warning: Reference `thm:ideal-terminal-law' on page 31 undefined on input
 line 2114.


LaTeX Warning: Reference `eq:ideal-conditional-rate' on page 31 undefined on in
put line 2117.

[31]

LaTeX Warning: Reference `cor:local-rate-recovery' on page 32 undefined on inpu
t line 2135.


LaTeX Warning: Reference `thm:ideal-terminal-law' on page 32 undefined on input
 line 2154.

[32]

LaTeX Warning: Reference `alg:forge-inference' on page 33 undefined on input li
ne 2243.


LaTeX Warning: Reference `app:route-assessment' on page 33 undefined on input l
ine 2248.

[33]

LaTeX Warning: Reference `sec:reaction-background' on page 34 undefined on inpu
t line 2258.


LaTeX Warning: Reference `tab:reaction-family-background' on page 34 undefined 
on input line 2264.


Package natbib Warning: Citation `xu2024agile' on page 34 undefined on input li
ne 2278.


Package natbib Warning: Citation `li2023combinatorial' on page 34 undefined on 
input line 2282.


Package natbib Warning: Citation `xue2024barcoding' on page 34 undefined on inp
ut line 2286.


LaTeX Warning: Reference `fig:reaction-schemes' on page 34 undefined on input l
ine 2292.


LaTeX Warning: Reference `sec:lipid-background' on page 34 undefined on input l
ine 2294.

(./figures/forge_reaction_schemes/schemes_body.tex) [34] [35]

LaTeX Warning: Reference `fig:forge-generated-samples' on page 36 undefined on 
input line 2324.


LaTeX Warning: Reference `sec:results' on page 36 undefined on input line 2326.



LaTeX Warning: Reference `tab:forge-generated-atlas' on page 36 undefined on in
put line 2369.


LaTeX Warning: Reference `fig:forge-generated-samples' on page 36 undefined on 
input line 2370.


Underfull \hbox (badness 10000) in alignment at lines 2384--2397
[] [] []

LaTeX Warning: Reference `tab:forge-generated-atlas' on page 36 undefined on in
put line 2398.


Underfull \hbox (badness 10000) in alignment at lines 2397--2404
[] [] []

Underfull \hbox (badness 10000) in alignment at lines 2404--2407
[] [] []

Underfull \hbox (badness 10000) in alignment at lines 2407--2410
[] [] []
(./figures/forge_generated_sample_atlas_core_saturation_v1/atlas_rows.tex)
Underfull \hbox (badness 10000) in alignment at lines 2410--2412
[] [] []
[36 <./figures/chemical_drawings/sample_01_product.pdf> <./figures/chemical_dra
wings/sample_01_precursors.pdf

pdfTeX warning: pdflatex (file ./figures/chemical_drawings/sample_01_precursors
.pdf): PDF inclusion: multiple pdfs with page group included in a single page
> <./figures/chemical_drawings/sample_02_product.pdf

pdfTeX warning: pdflatex (file ./figures/chemical_drawings/sample_02_product.pd
f): PDF inclusion: multiple pdfs with page group included in a single page
> <./figures/chemical_drawings/sample_02_precursors.pdf

pdfTeX warning: pdflatex (file ./figures/chemical_drawings/sample_02_precursors
.pdf): PDF inclusion: multiple pdfs with page group included in a single page
>]

Package longtable Warning: Column widths have changed
(longtable)                in table 13 on input line 2412.

 [37 <./figures/chemical_drawings/atlas_01_2d.pdf> <./figures/chemical_drawings
/atlas_01_precursors.pdf

pdfTeX warning: pdflatex (file ./figures/chemical_drawings/atlas_01_precursors.
pdf): PDF inclusion: multiple pdfs with page group included in a single page
> <./figures/chemical_drawings/atlas_02_2d.pdf

pdfTeX warning: pdflatex (file ./figures/chemical_drawings/atlas_02_2d.pdf): PD
F inclusion: multiple pdfs with page group included in a single page
> <./figures/chemical_drawings/atlas_02_precursors.pdf

pdfTeX warning: pdflatex (file ./figures/chemical_drawings/atlas_02_precursors.
pdf): PDF inclusion: multiple pdfs with page group included in a single page
> <./figures/chemical_drawings/atlas_03_2d.pdf

pdfTeX warning: pdflatex (file ./figures/chemical_drawings/atlas_03_2d.pdf): PD
F inclusion: multiple pdfs with page group included in a single page
> <./figures/chemical_drawings/atlas_03_precursors.pdf

pdfTeX warning: pdflatex (file ./figures/chemical_drawings/atlas_03_precursors.
pdf): PDF inclusion: multiple pdfs with page group included in a single page
> <./figures/chemical_drawings/atlas_04_2d.pdf

pdfTeX warning: pdflatex (file ./figures/chemical_drawings/atlas_04_2d.pdf): PD
F inclusion: multiple pdfs with page group included in a single page
> <./figures/chemical_drawings/atlas_04_precursors.pdf

pdfTeX warning: pdflatex (file ./figures/chemical_drawings/atlas_04_precursors.
pdf): PDF inclusion: multiple pdfs with page group included in a single page
>] [38 <./figures/chemical_drawings/atlas_05_2d.pdf> <./figures/chemical_drawin
gs/atlas_05_precursors.pdf

pdfTeX warning: pdflatex (file ./figures/chemical_drawings/atlas_05_precursors.
pdf): PDF inclusion: multiple pdfs with page group included in a single page
> <./figures/chemical_drawings/atlas_06_2d.pdf

pdfTeX warning: pdflatex (file ./figures/chemical_drawings/atlas_06_2d.pdf): PD
F inclusion: multiple pdfs with page group included in a single page
> <./figures/chemical_drawings/atlas_06_precursors.pdf

pdfTeX warning: pdflatex (file ./figures/chemical_drawings/atlas_06_precursors.
pdf): PDF inclusion: multiple pdfs with page group included in a single page
> <./figures/chemical_drawings/atlas_07_2d.pdf

pdfTeX warning: pdflatex (file ./figures/chemical_drawings/atlas_07_2d.pdf): PD
F inclusion: multiple pdfs with page group included in a single page
> <./figures/chemical_drawings/atlas_07_precursors.pdf

pdfTeX warning: pdflatex (file ./figures/chemical_drawings/atlas_07_precursors.
pdf): PDF inclusion: multiple pdfs with page group included in a single page
> <./figures/chemical_drawings/atlas_08_2d.pdf

pdfTeX warning: pdflatex (file ./figures/chemical_drawings/atlas_08_2d.pdf): PD
F inclusion: multiple pdfs with page group included in a single page
> <./figures/chemical_drawings/atlas_08_precursors.pdf

pdfTeX warning: pdflatex (file ./figures/chemical_drawings/atlas_08_precursors.
pdf): PDF inclusion: multiple pdfs with page group included in a single page
> <./figures/chemical_drawings/atlas_09_2d.pdf

pdfTeX warning: pdflatex (file ./figures/chemical_drawings/atlas_09_2d.pdf): PD
F inclusion: multiple pdfs with page group included in a single page
> <./figures/chemical_drawings/atlas_09_precursors.pdf

pdfTeX warning: pdflatex (file ./figures/chemical_drawings/atlas_09_precursors.
pdf): PDF inclusion: multiple pdfs with page group included in a single page
>]

Package natbib Warning: There were undefined citations.

[39 <./figures/chemical_drawings/atlas_10_2d.pdf> <./figures/chemical_drawings/
atlas_10_precursors.pdf

pdfTeX warning: pdflatex (file ./figures/chemical_drawings/atlas_10_precursors.
pdf): PDF inclusion: multiple pdfs with page group included in a single page
> <./figures/chemical_drawings/atlas_11_2d.pdf

pdfTeX warning: pdflatex (file ./figures/chemical_drawings/atlas_11_2d.pdf): PD
F inclusion: multiple pdfs with page group included in a single page
> <./figures/chemical_drawings/atlas_11_precursors.pdf

pdfTeX warning: pdflatex (file ./figures/chemical_drawings/atlas_11_precursors.
pdf): PDF inclusion: multiple pdfs with page group included in a single page
> <./figures/chemical_drawings/atlas_12_2d.pdf

pdfTeX warning: pdflatex (file ./figures/chemical_drawings/atlas_12_2d.pdf): PD
F inclusion: multiple pdfs with page group included in a single page
> <./figures/chemical_drawings/atlas_12_precursors.pdf

pdfTeX warning: pdflatex (file ./figures/chemical_drawings/atlas_12_precursors.
pdf): PDF inclusion: multiple pdfs with page group included in a single page
>]

Package longtable Warning: Table widths have changed. Rerun LaTeX.

(/private/tmp/v1_iclr-commit-build-5s4q9n8t/FORGE_ICLR2027_paper.aux

Package natbib Warning: Citation(s) may have changed.
(natbib)                Rerun to get citations correct.

)

LaTeX Warning: There were undefined references.


LaTeX Warning: Label(s) may have changed. Rerun to get cross-references right.

 )
(see the transcript file for additional information)</usr/local/texlive/2026/te
xmf-dist/fonts/type1/public/amsfonts/cm/cmbx10.pfb></usr/local/texlive/2026/tex
mf-dist/fonts/type1/public/amsfonts/cm/cmbx6.pfb></usr/local/texlive/2026/texmf
-dist/fonts/type1/public/amsfonts/cm/cmbx7.pfb></usr/local/texlive/2026/texmf-d
ist/fonts/type1/public/amsfonts/cm/cmbx9.pfb></usr/local/texlive/2026/texmf-dis
t/fonts/type1/public/amsfonts/cm/cmex10.pfb></usr/local/texlive/2026/texmf-dist
/fonts/type1/public/amsfonts/cmextra/cmex9.pfb></usr/local/texlive/2026/texmf-d
ist/fonts/type1/public/amsfonts/cm/cmmi10.pfb></usr/local/texlive/2026/texmf-di
st/fonts/type1/public/amsfonts/cm/cmmi5.pfb></usr/local/texlive/2026/texmf-dist
/fonts/type1/public/amsfonts/cm/cmmi6.pfb></usr/local/texlive/2026/texmf-dist/f
onts/type1/public/amsfonts/cm/cmmi7.pfb></usr/local/texlive/2026/texmf-dist/fon
ts/type1/public/amsfonts/cm/cmmi9.pfb></usr/local/texlive/2026/texmf-dist/fonts
/type1/public/amsfonts/cm/cmmib10.pfb></usr/local/texlive/2026/texmf-dist/fonts
/type1/public/amsfonts/cmextra/cmmib6.pfb></usr/local/texlive/2026/texmf-dist/f
onts/type1/public/amsfonts/cm/cmr10.pfb></usr/local/texlive/2026/texmf-dist/fon
ts/type1/public/amsfonts/cm/cmr5.pfb></usr/local/texlive/2026/texmf-dist/fonts/
type1/public/amsfonts/cm/cmr6.pfb></usr/local/texlive/2026/texmf-dist/fonts/typ
e1/public/amsfonts/cm/cmr7.pfb></usr/local/texlive/2026/texmf-dist/fonts/type1/
public/amsfonts/cm/cmr9.pfb></usr/local/texlive/2026/texmf-dist/fonts/type1/pub
lic/amsfonts/cm/cmss10.pfb></usr/local/texlive/2026/texmf-dist/fonts/type1/publ
ic/amsfonts/cm/cmsy10.pfb></usr/local/texlive/2026/texmf-dist/fonts/type1/publi
c/amsfonts/cm/cmsy5.pfb></usr/local/texlive/2026/texmf-dist/fonts/type1/public/
amsfonts/cm/cmsy7.pfb></usr/local/texlive/2026/texmf-dist/fonts/type1/public/am
sfonts/cm/cmsy9.pfb></usr/local/texlive/2026/texmf-dist/fonts/type1/public/amsf
onts/euler/eufm10.pfb></usr/local/texlive/2026/texmf-dist/fonts/type1/public/am
sfonts/euler/eufm7.pfb></usr/local/texlive/2026/texmf-dist/fonts/type1/public/a
msfonts/symbols/msbm10.pfb></usr/local/texlive/2026/texmf-dist/fonts/type1/publ
ic/rsfs/rsfs10.pfb></usr/local/texlive/2026/texmf-dist/fonts/type1/urw/courier/
ucrr8a.pfb></usr/local/texlive/2026/texmf-dist/fonts/type1/urw/helvetic/uhvb8a.
pfb></usr/local/texlive/2026/texmf-dist/fonts/type1/urw/times/utmb8a.pfb></usr/
local/texlive/2026/texmf-dist/fonts/type1/urw/times/utmr8a.pfb></usr/local/texl
ive/2026/texmf-dist/fonts/type1/urw/times/utmri8a.pfb>
Output written on /private/tmp/v1_iclr-commit-build-5s4q9n8t/FORGE_ICLR2027_pap
er.pdf (39 pages, 26457856 bytes).
Transcript written on /private/tmp/v1_iclr-commit-build-5s4q9n8t/FORGE_ICLR2027
_paper.log.
Latexmk: Getting log file '/private/tmp/v1_iclr-commit-build-5s4q9n8t/FORGE_ICLR2027_paper.log'
Latexmk: Examining '/private/tmp/v1_iclr-commit-build-5s4q9n8t/FORGE_ICLR2027_paper.fls'
Latexmk: Examining '/private/tmp/v1_iclr-commit-build-5s4q9n8t/FORGE_ICLR2027_paper.log'
Latexmk: Found input bbl file 'FORGE_ICLR2027_paper.bbl'
Latexmk: References changed.
Latexmk: References changed.
Latexmk: Log file says output to '/private/tmp/v1_iclr-commit-build-5s4q9n8t/FORGE_ICLR2027_paper.pdf'
Latexmk: Using bibtex to make bibliography file(s).
  ===Source file '/private/tmp/v1_iclr-commit-build-5s4q9n8t/FORGE_ICLR2027_paper.bbl' for 'pdflatex'
Create bibtex /private/tmp/v1_iclr-commit-build-5s4q9n8t/FORGE_ICLR2027_paper
Latexmk: Found bibliography file(s):
  ./forge.bib
  ./references.bib
Latexmk: applying rule 'bibtex /private/tmp/v1_iclr-commit-build-5s4q9n8t/FORGE_ICLR2027_paper'...
Rule 'bibtex /private/tmp/v1_iclr-commit-build-5s4q9n8t/FORGE_ICLR2027_paper':  Reasons for rerun
Category 'other':
  Rerun of 'bibtex /private/tmp/v1_iclr-commit-build-5s4q9n8t/FORGE_ICLR2027_paper' forced or previously required:
    Reason or flag: 'Initial set up of rule'

------------
Run number 1 of rule 'bibtex /private/tmp/v1_iclr-commit-build-5s4q9n8t/FORGE_ICLR2027_paper'
------------
Latexmk: Change directory to '/private/tmp/v1_iclr-commit-build-5s4q9n8t/'.
To assist finding of files in document directory, I set
  BIBINPUTS='/Users/rahulmaganti/Kosha/forge_new/paper/v1_iclr:/private/tmp/v1_iclr-commit-build-5s4q9n8t:'
  BSTINPUTS='/Users/rahulmaganti/Kosha/forge_new/paper/v1_iclr:'.
------------
Running 'bibtex  "FORGE_ICLR2027_paper.aux"'
------------
This is BibTeX, Version 0.99e (TeX Live 2026)
The top-level auxiliary file: FORGE_ICLR2027_paper.aux
The style file: iclr2027_conference.bst
Database file #1: forge.bib
Database file #2: references.bib
Latexmk: Change directory back to '/Users/rahulmaganti/Kosha/forge_new/paper/v1_iclr'
Latexmk: applying rule 'pdflatex'...
Rule 'pdflatex':  Reasons for rerun
Changed files or newly in use/created:
  /private/tmp/v1_iclr-commit-build-5s4q9n8t/FORGE_ICLR2027_paper.aux
  /private/tmp/v1_iclr-commit-build-5s4q9n8t/FORGE_ICLR2027_paper.bbl
  /private/tmp/v1_iclr-commit-build-5s4q9n8t/FORGE_ICLR2027_paper.out

------------
Run number 2 of rule 'pdflatex'
------------
------------
Running 'pdflatex  -interaction=nonstopmode -halt-on-error -recorder -output-directory="/private/tmp/v1_iclr-commit-build-5s4q9n8t"  "FORGE_ICLR2027_paper.tex"'
------------
This is pdfTeX, Version 3.141592653-2.6-1.40.29 (TeX Live 2026) (preloaded format=pdflatex)
 restricted \write18 enabled.
entering extended mode
(./FORGE_ICLR2027_paper.tex
LaTeX2e <2025-11-01>
L3 programming layer <2026-01-19>
(/usr/local/texlive/2026/texmf-dist/tex/latex/base/article.cls
Document Class: article 2025/01/22 v1.4n Standard LaTeX document class
(/usr/local/texlive/2026/texmf-dist/tex/latex/base/size10.clo))
(./iclr2027_conference.sty
(/usr/local/texlive/2026/texmf-dist/tex/latex/eso-pic/eso-pic.sty
(/usr/local/texlive/2026/texmf-dist/tex/latex/graphics/keyval.sty)
(/usr/local/texlive/2026/texmf-dist/tex/latex/xcolor/xcolor.sty
(/usr/local/texlive/2026/texmf-dist/tex/latex/graphics-cfg/color.cfg)
(/usr/local/texlive/2026/texmf-dist/tex/latex/graphics-def/pdftex.def)
(/usr/local/texlive/2026/texmf-dist/tex/latex/graphics/mathcolor.ltx)))
(./fancyhdr.sty) (./natbib.sty))
(/usr/local/texlive/2026/texmf-dist/tex/latex/psnfss/times.sty)
(/usr/local/texlive/2026/texmf-dist/tex/latex/base/inputenc.sty)
(/usr/local/texlive/2026/texmf-dist/tex/latex/base/fontenc.sty
(/usr/local/texlive/2026/texmf-dist/tex/latex/psnfss/t1ptm.fd))
(/usr/local/texlive/2026/texmf-dist/tex/latex/units/nicefrac.sty
(/usr/local/texlive/2026/texmf-dist/tex/latex/base/ifthen.sty))
(/usr/local/texlive/2026/texmf-dist/tex/latex/microtype/microtype.sty
(/usr/local/texlive/2026/texmf-dist/tex/latex/etoolbox/etoolbox.sty)
(/usr/local/texlive/2026/texmf-dist/tex/latex/microtype/microtype-pdftex.def)
(/usr/local/texlive/2026/texmf-dist/tex/latex/microtype/microtype.cfg))
(/usr/local/texlive/2026/texmf-dist/tex/latex/amsmath/amsmath.sty
For additional information on amsmath, use the `?' option.
(/usr/local/texlive/2026/texmf-dist/tex/latex/amsmath/amstext.sty
(/usr/local/texlive/2026/texmf-dist/tex/latex/amsmath/amsgen.sty))
(/usr/local/texlive/2026/texmf-dist/tex/latex/amsmath/amsbsy.sty)
(/usr/local/texlive/2026/texmf-dist/tex/latex/amsmath/amsopn.sty))
(/usr/local/texlive/2026/texmf-dist/tex/latex/amsfonts/amssymb.sty
(/usr/local/texlive/2026/texmf-dist/tex/latex/amsfonts/amsfonts.sty))
(/usr/local/texlive/2026/texmf-dist/tex/latex/amscls/amsthm.sty)
(/usr/local/texlive/2026/texmf-dist/tex/latex/jknapltx/mathrsfs.sty)
(/usr/local/texlive/2026/texmf-dist/tex/latex/algorithms/algorithm.sty
(/usr/local/texlive/2026/texmf-dist/tex/latex/float/float.sty))
(/usr/local/texlive/2026/texmf-dist/tex/latex/algorithmicx/algpseudocode.sty
(/usr/local/texlive/2026/texmf-dist/tex/latex/algorithmicx/algorithmicx.sty
Document Style algorithmicx 1.2 - a greatly improved `algorithmic' style
)
Document Style - pseudocode environments for use with the `algorithmicx' style
) (/usr/local/texlive/2026/texmf-dist/tex/latex/graphics/graphicx.sty
(/usr/local/texlive/2026/texmf-dist/tex/latex/graphics/graphics.sty
(/usr/local/texlive/2026/texmf-dist/tex/latex/graphics/trig.sty)
(/usr/local/texlive/2026/texmf-dist/tex/latex/graphics-cfg/graphics.cfg)))
(/usr/local/texlive/2026/texmf-dist/tex/latex/pgfplots/pgfplots.sty
(/usr/local/texlive/2026/texmf-dist/tex/generic/pgfplots/pgfplots.revision.tex)
(/usr/local/texlive/2026/texmf-dist/tex/latex/pgf/frontendlayer/tikz.sty
(/usr/local/texlive/2026/texmf-dist/tex/latex/pgf/basiclayer/pgf.sty
(/usr/local/texlive/2026/texmf-dist/tex/latex/pgf/utilities/pgfrcs.sty
(/usr/local/texlive/2026/texmf-dist/tex/generic/pgf/utilities/pgfutil-common.te
x)
(/usr/local/texlive/2026/texmf-dist/tex/generic/pgf/utilities/pgfutil-latex.def
) (/usr/local/texlive/2026/texmf-dist/tex/generic/pgf/utilities/pgfrcs.code.tex
(/usr/local/texlive/2026/texmf-dist/tex/generic/pgf/pgf.revision.tex)))
(/usr/local/texlive/2026/texmf-dist/tex/latex/pgf/basiclayer/pgfcore.sty
(/usr/local/texlive/2026/texmf-dist/tex/latex/pgf/systemlayer/pgfsys.sty
(/usr/local/texlive/2026/texmf-dist/tex/generic/pgf/systemlayer/pgfsys.code.tex
(/usr/local/texlive/2026/texmf-dist/tex/generic/pgf/utilities/pgfkeys.code.tex
(/usr/local/texlive/2026/texmf-dist/tex/generic/pgf/utilities/pgfkeyslibraryfil
tered.code.tex))
(/usr/local/texlive/2026/texmf-dist/tex/generic/pgf/systemlayer/pgf.cfg)
(/usr/local/texlive/2026/texmf-dist/tex/generic/pgf/systemlayer/pgfsys-pdftex.d
ef
(/usr/local/texlive/2026/texmf-dist/tex/generic/pgf/systemlayer/pgfsys-common-p
df.def)))
(/usr/local/texlive/2026/texmf-dist/tex/generic/pgf/systemlayer/pgfsyssoftpath.
code.tex)
(/usr/local/texlive/2026/texmf-dist/tex/generic/pgf/systemlayer/pgfsysprotocol.
code.tex))
(/usr/local/texlive/2026/texmf-dist/tex/generic/pgf/basiclayer/pgfcore.code.tex
(/usr/local/texlive/2026/texmf-dist/tex/generic/pgf/math/pgfmath.code.tex
(/usr/local/texlive/2026/texmf-dist/tex/generic/pgf/math/pgfmathutil.code.tex)
(/usr/local/texlive/2026/texmf-dist/tex/generic/pgf/math/pgfmathparser.code.tex
)
(/usr/local/texlive/2026/texmf-dist/tex/generic/pgf/math/pgfmathfunctions.code.
tex)
(/usr/local/texlive/2026/texmf-dist/tex/generic/pgf/math/pgfmathfunctions.basic
.code.tex)
(/usr/local/texlive/2026/texmf-dist/tex/generic/pgf/math/pgfmathfunctions.trigo
nometric.code.tex)
(/usr/local/texlive/2026/texmf-dist/tex/generic/pgf/math/pgfmathfunctions.rando
m.code.tex)
(/usr/local/texlive/2026/texmf-dist/tex/generic/pgf/math/pgfmathfunctions.compa
rison.code.tex)
(/usr/local/texlive/2026/texmf-dist/tex/generic/pgf/math/pgfmathfunctions.base.
code.tex)
(/usr/local/texlive/2026/texmf-dist/tex/generic/pgf/math/pgfmathfunctions.round
.code.tex)
(/usr/local/texlive/2026/texmf-dist/tex/generic/pgf/math/pgfmathfunctions.misc.
code.tex)
(/usr/local/texlive/2026/texmf-dist/tex/generic/pgf/math/pgfmathfunctions.integ
erarithmetics.code.tex)
(/usr/local/texlive/2026/texmf-dist/tex/generic/pgf/math/pgfmathcalc.code.tex)
(/usr/local/texlive/2026/texmf-dist/tex/generic/pgf/math/pgfmathfloat.code.tex)
) (/usr/local/texlive/2026/texmf-dist/tex/generic/pgf/math/pgfint.code.tex)
(/usr/local/texlive/2026/texmf-dist/tex/generic/pgf/basiclayer/pgfcorepoints.co
de.tex)
(/usr/local/texlive/2026/texmf-dist/tex/generic/pgf/basiclayer/pgfcorepathconst
ruct.code.tex)
(/usr/local/texlive/2026/texmf-dist/tex/generic/pgf/basiclayer/pgfcorepathusage
.code.tex)
(/usr/local/texlive/2026/texmf-dist/tex/generic/pgf/basiclayer/pgfcorescopes.co
de.tex)
(/usr/local/texlive/2026/texmf-dist/tex/generic/pgf/basiclayer/pgfcoregraphicst
ate.code.tex)
(/usr/local/texlive/2026/texmf-dist/tex/generic/pgf/basiclayer/pgfcoretransform
ations.code.tex)
(/usr/local/texlive/2026/texmf-dist/tex/generic/pgf/basiclayer/pgfcorequick.cod
e.tex)
(/usr/local/texlive/2026/texmf-dist/tex/generic/pgf/basiclayer/pgfcoreobjects.c
ode.tex)
(/usr/local/texlive/2026/texmf-dist/tex/generic/pgf/basiclayer/pgfcorepathproce
ssing.code.tex)
(/usr/local/texlive/2026/texmf-dist/tex/generic/pgf/basiclayer/pgfcorearrows.co
de.tex)
(/usr/local/texlive/2026/texmf-dist/tex/generic/pgf/basiclayer/pgfcoreshade.cod
e.tex)
(/usr/local/texlive/2026/texmf-dist/tex/generic/pgf/basiclayer/pgfcoreimage.cod
e.tex)
(/usr/local/texlive/2026/texmf-dist/tex/generic/pgf/basiclayer/pgfcoreexternal.
code.tex)
(/usr/local/texlive/2026/texmf-dist/tex/generic/pgf/basiclayer/pgfcorelayers.co
de.tex)
(/usr/local/texlive/2026/texmf-dist/tex/generic/pgf/basiclayer/pgfcoretranspare
ncy.code.tex)
(/usr/local/texlive/2026/texmf-dist/tex/generic/pgf/basiclayer/pgfcorepatterns.
code.tex)
(/usr/local/texlive/2026/texmf-dist/tex/generic/pgf/basiclayer/pgfcorerdf.code.
tex)))
(/usr/local/texlive/2026/texmf-dist/tex/generic/pgf/modules/pgfmoduleshapes.cod
e.tex)
(/usr/local/texlive/2026/texmf-dist/tex/generic/pgf/modules/pgfmoduleplot.code.
tex)
(/usr/local/texlive/2026/texmf-dist/tex/latex/pgf/compatibility/pgfcomp-version
-0-65.sty)
(/usr/local/texlive/2026/texmf-dist/tex/latex/pgf/compatibility/pgfcomp-version
-1-18.sty))
(/usr/local/texlive/2026/texmf-dist/tex/latex/pgf/utilities/pgffor.sty
(/usr/local/texlive/2026/texmf-dist/tex/latex/pgf/utilities/pgfkeys.sty
(/usr/local/texlive/2026/texmf-dist/tex/generic/pgf/utilities/pgfkeys.code.tex)
) (/usr/local/texlive/2026/texmf-dist/tex/latex/pgf/math/pgfmath.sty
(/usr/local/texlive/2026/texmf-dist/tex/generic/pgf/math/pgfmath.code.tex))
(/usr/local/texlive/2026/texmf-dist/tex/generic/pgf/utilities/pgffor.code.tex))

(/usr/local/texlive/2026/texmf-dist/tex/generic/pgf/frontendlayer/tikz/tikz.cod
e.tex
(/usr/local/texlive/2026/texmf-dist/tex/generic/pgf/libraries/pgflibraryplothan
dlers.code.tex)
(/usr/local/texlive/2026/texmf-dist/tex/generic/pgf/modules/pgfmodulematrix.cod
e.tex)
(/usr/local/texlive/2026/texmf-dist/tex/generic/pgf/frontendlayer/tikz/librarie
s/tikzlibrarytopaths.code.tex)))
(/usr/local/texlive/2026/texmf-dist/tex/generic/pgfplots/pgfplots.code.tex
(/usr/local/texlive/2026/texmf-dist/tex/generic/pgfplots/pgfplotscore.code.tex
(/usr/local/texlive/2026/texmf-dist/tex/generic/pgfplots/sys/pgfplotssysgeneric
.code.tex))
(/usr/local/texlive/2026/texmf-dist/tex/generic/pgfplots/libs/pgfplotslibrary.c
ode.tex)
(/usr/local/texlive/2026/texmf-dist/tex/generic/pgfplots/oldpgfcompatib/pgfplot
soldpgfsupp_loader.code.tex
(/usr/local/texlive/2026/texmf-dist/tex/generic/pgf/libraries/pgflibraryfpu.cod
e.tex)
(/usr/local/texlive/2026/texmf-dist/tex/generic/pgfplots/oldpgfcompatib/pgfplot
soldpgfsupp_pgfutil-common-lists.tex))
(/usr/local/texlive/2026/texmf-dist/tex/generic/pgfplots/util/pgfplotsutil.code
.tex
(/usr/local/texlive/2026/texmf-dist/tex/generic/pgfplots/liststructure/pgfplots
liststructure.code.tex)
(/usr/local/texlive/2026/texmf-dist/tex/generic/pgfplots/liststructure/pgfplots
liststructureext.code.tex)
(/usr/local/texlive/2026/texmf-dist/tex/generic/pgfplots/liststructure/pgfplots
array.code.tex)
(/usr/local/texlive/2026/texmf-dist/tex/generic/pgfplots/liststructure/pgfplots
matrix.code.tex)
(/usr/local/texlive/2026/texmf-dist/tex/generic/pgfplots/numtable/pgfplotstable
shared.code.tex)
(/usr/local/texlive/2026/texmf-dist/tex/generic/pgfplots/liststructure/pgfplots
deque.code.tex)
(/usr/local/texlive/2026/texmf-dist/tex/generic/pgfplots/util/pgfplotsbinary.co
de.tex
(/usr/local/texlive/2026/texmf-dist/tex/generic/pgfplots/util/pgfplotsbinary.da
ta.code.tex))
(/usr/local/texlive/2026/texmf-dist/tex/generic/pgfplots/util/pgfplotsutil.verb
.code.tex)
(/usr/local/texlive/2026/texmf-dist/tex/generic/pgfplots/libs/pgflibrarypgfplot
s.surfshading.code.tex
(/usr/local/texlive/2026/texmf-dist/tex/generic/pgfplots/sys/pgflibrarypgfplots
.surfshading.pgfsys-pdftex.def)))
(/usr/local/texlive/2026/texmf-dist/tex/generic/pgfplots/util/pgfplotscolormap.
code.tex
(/usr/local/texlive/2026/texmf-dist/tex/generic/pgfplots/util/pgfplotscolor.cod
e.tex))
(/usr/local/texlive/2026/texmf-dist/tex/generic/pgfplots/pgfplotsstackedplots.c
ode.tex)
(/usr/local/texlive/2026/texmf-dist/tex/generic/pgfplots/pgfplotsplothandlers.c
ode.tex
(/usr/local/texlive/2026/texmf-dist/tex/generic/pgfplots/pgfplotsmeshplothandle
r.code.tex
(/usr/local/texlive/2026/texmf-dist/tex/generic/pgfplots/pgfplotsmeshplotimage.
code.tex)))
(/usr/local/texlive/2026/texmf-dist/tex/generic/pgfplots/pgfplots.scaling.code.
tex)
(/usr/local/texlive/2026/texmf-dist/tex/generic/pgfplots/pgfplotscoordprocessin
g.code.tex)
(/usr/local/texlive/2026/texmf-dist/tex/generic/pgfplots/pgfplots.errorbars.cod
e.tex)
(/usr/local/texlive/2026/texmf-dist/tex/generic/pgfplots/pgfplots.markers.code.
tex)
(/usr/local/texlive/2026/texmf-dist/tex/generic/pgfplots/pgfplotsticks.code.tex
)
(/usr/local/texlive/2026/texmf-dist/tex/generic/pgfplots/pgfplots.paths.code.te
x)
(/usr/local/texlive/2026/texmf-dist/tex/generic/pgf/frontendlayer/tikz/librarie
s/tikzlibrarydecorations.code.tex
(/usr/local/texlive/2026/texmf-dist/tex/generic/pgf/modules/pgfmoduledecoration
s.code.tex))
(/usr/local/texlive/2026/texmf-dist/tex/generic/pgf/frontendlayer/tikz/librarie
s/tikzlibrarydecorations.pathmorphing.code.tex
(/usr/local/texlive/2026/texmf-dist/tex/generic/pgf/libraries/decorations/pgfli
brarydecorations.pathmorphing.code.tex))
(/usr/local/texlive/2026/texmf-dist/tex/generic/pgf/frontendlayer/tikz/librarie
s/tikzlibrarydecorations.pathreplacing.code.tex
(/usr/local/texlive/2026/texmf-dist/tex/generic/pgf/libraries/decorations/pgfli
brarydecorations.pathreplacing.code.tex))
(/usr/local/texlive/2026/texmf-dist/tex/generic/pgfplots/libs/tikzlibrarypgfplo
ts.contourlua.code.tex))
(/usr/local/texlive/2026/texmf-dist/tex/generic/pgf/frontendlayer/tikz/librarie
s/tikzlibraryplotmarks.code.tex
(/usr/local/texlive/2026/texmf-dist/tex/generic/pgf/libraries/pgflibraryplotmar
ks.code.tex)))
(/usr/local/texlive/2026/texmf-dist/tex/latex/pgfplots/pgfplotstable.sty
(/usr/local/texlive/2026/texmf-dist/tex/generic/pgfplots/pgfplots.revision.tex)

(/usr/local/texlive/2026/texmf-dist/tex/generic/pgfplots/numtable/pgfplotstable
.code.tex
(/usr/local/texlive/2026/texmf-dist/tex/generic/pgfplots/numtable/pgfplotstable
.coltype.code.tex))
(/usr/local/texlive/2026/texmf-dist/tex/latex/tools/array.sty))
(/usr/local/texlive/2026/texmf-dist/tex/generic/pgf/libraries/pgflibraryarrows.
meta.code.tex)
(/usr/local/texlive/2026/texmf-dist/tex/generic/pgf/frontendlayer/tikz/librarie
s/tikzlibrarycalc.code.tex)
(/usr/local/texlive/2026/texmf-dist/tex/generic/pgf/frontendlayer/tikz/librarie
s/tikzlibrarypositioning.code.tex)
(/usr/local/texlive/2026/texmf-dist/tex/generic/pgf/frontendlayer/tikz/librarie
s/tikzlibrarypatterns.code.tex
(/usr/local/texlive/2026/texmf-dist/tex/generic/pgf/libraries/pgflibrarypattern
s.code.tex))
(/usr/local/texlive/2026/texmf-dist/tex/generic/pgf/frontendlayer/tikz/librarie
s/tikzlibraryshapes.arrows.code.tex
(/usr/local/texlive/2026/texmf-dist/tex/generic/pgf/libraries/shapes/pgflibrary
shapes.arrows.code.tex))
(/usr/local/texlive/2026/texmf-dist/tex/generic/pgf/frontendlayer/tikz/librarie
s/tikzlibraryfit.code.tex)
(/usr/local/texlive/2026/texmf-dist/tex/generic/pgf/frontendlayer/tikz/librarie
s/tikzlibrarybackgrounds.code.tex)
(/usr/local/texlive/2026/texmf-dist/tex/latex/booktabs/booktabs.sty)
(/usr/local/texlive/2026/texmf-dist/tex/latex/colortbl/colortbl.sty)
(/usr/local/texlive/2026/texmf-dist/tex/latex/tools/longtable.sty)
(/usr/local/texlive/2026/texmf-dist/tex/latex/tcolorbox/tcolorbox.sty
(/usr/local/texlive/2026/texmf-dist/tex/latex/tools/verbatim.sty)
(/usr/local/texlive/2026/texmf-dist/tex/latex/environ/environ.sty
(/usr/local/texlive/2026/texmf-dist/tex/latex/trimspaces/trimspaces.sty))
(/usr/local/texlive/2026/texmf-dist/tex/latex/tcolorbox/tcbraster.code.tex
Library (tcolorbox): 'tcbraster.code.tex' version '6.9.0'
) (/usr/local/texlive/2026/texmf-dist/tex/latex/tcolorbox/tcbskins.code.tex
Library (tcolorbox): 'tcbskins.code.tex' version '6.9.0'
(/usr/local/texlive/2026/texmf-dist/tex/latex/tikzfill/tikzfill.image.sty
(/usr/local/texlive/2026/texmf-dist/tex/latex/tikzfill/tikzfill-common.sty)
(/usr/local/texlive/2026/texmf-dist/tex/latex/tikzfill/tikzlibraryfill.image.co
de.tex))
(/usr/local/texlive/2026/texmf-dist/tex/latex/tcolorbox/tcbskinsjigsaw.code.tex
Library (tcolorbox): 'tcbskinsjigsaw.code.tex' version '6.9.0'
))
(/usr/local/texlive/2026/texmf-dist/tex/latex/tcolorbox/tcbbreakable.code.tex
Library (tcolorbox): 'tcbbreakable.code.tex' version '6.9.0'
(/usr/local/texlive/2026/texmf-dist/tex/latex/pdfcol/pdfcol.sty
(/usr/local/texlive/2026/texmf-dist/tex/generic/ltxcmds/ltxcmds.sty)
(/usr/local/texlive/2026/texmf-dist/tex/generic/infwarerr/infwarerr.sty)
(/usr/local/texlive/2026/texmf-dist/tex/generic/iftex/iftex.sty)))
(/usr/local/texlive/2026/texmf-dist/tex/latex/tcolorbox/tcbhooks.code.tex
Library (tcolorbox): 'tcbhooks.code.tex' version '6.9.0'
) (/usr/local/texlive/2026/texmf-dist/tex/latex/tcolorbox/tcbtheorems.code.tex
Library (tcolorbox): 'tcbtheorems.code.tex' version '6.9.0'
) (/usr/local/texlive/2026/texmf-dist/tex/latex/tcolorbox/tcbfitting.code.tex
Library (tcolorbox): 'tcbfitting.code.tex' version '6.9.0'
)
(/usr/local/texlive/2026/texmf-dist/tex/latex/tcolorbox/tcblistingsutf8.code.te
x
Library (tcolorbox): 'tcblistingsutf8.code.tex' version '6.9.0'
(/usr/local/texlive/2026/texmf-dist/tex/latex/tcolorbox/tcblistings.code.tex
Library (tcolorbox): 'tcblistings.code.tex' version '6.9.0'
(/usr/local/texlive/2026/texmf-dist/tex/latex/listings/listings.sty
(/usr/local/texlive/2026/texmf-dist/tex/latex/listings/lstpatch.sty)
(/usr/local/texlive/2026/texmf-dist/tex/latex/listings/lstmisc.sty)
(/usr/local/texlive/2026/texmf-dist/tex/latex/listings/listings.cfg))
==> First Aid for listings.sty no longer applied!
    Expected:
        2024/09/23 1.10c (Carsten Heinz)
    but found:
        2025/11/14 1.11b (Carsten Heinz)
    so I'm assuming it got fixed.

(/usr/local/texlive/2026/texmf-dist/tex/latex/tcolorbox/tcblistingscore.code.te
x
Library (tcolorbox): 'tcblistingscore.code.tex' version '6.9.0'
(/usr/local/texlive/2026/texmf-dist/tex/latex/tcolorbox/tcbprocessing.code.tex
Library (tcolorbox): 'tcbprocessing.code.tex' version '6.9.0'
))) (/usr/local/texlive/2026/texmf-dist/tex/latex/listingsutf8/listingsutf8.sty
(/usr/local/texlive/2026/texmf-dist/tex/generic/pdftexcmds/pdftexcmds.sty)
(/usr/local/texlive/2026/texmf-dist/tex/generic/stringenc/stringenc.sty
(/usr/local/texlive/2026/texmf-dist/tex/generic/pdfescape/pdfescape.sty))))
(/usr/local/texlive/2026/texmf-dist/tex/latex/tcolorbox/tcbexternal.code.tex
Library (tcolorbox): 'tcbexternal.code.tex' version '6.9.0'
) (/usr/local/texlive/2026/texmf-dist/tex/latex/tcolorbox/tcbmagazine.code.tex
Library (tcolorbox): 'tcbmagazine.code.tex' version '6.9.0'
) (/usr/local/texlive/2026/texmf-dist/tex/latex/tcolorbox/tcbvignette.code.tex
Library (tcolorbox): 'tcbvignette.code.tex' version '6.9.0'

(/usr/local/texlive/2026/texmf-dist/tex/generic/pgf/frontendlayer/tikz/librarie
s/tikzlibraryfadings.code.tex
(/usr/local/texlive/2026/texmf-dist/tex/generic/pgf/libraries/pgflibraryfadings
.code.tex)))
(/usr/local/texlive/2026/texmf-dist/tex/latex/tcolorbox/tcbposter.code.tex
Library (tcolorbox): 'tcbposter.code.tex' version '6.9.0'
)) (/usr/local/texlive/2026/texmf-dist/tex/latex/placeins/placeins.sty)
(/usr/local/texlive/2026/texmf-dist/tex/generic/chemfig/chemfig.sty
(/usr/local/texlive/2026/texmf-dist/tex/generic/chemfig/chemfig.tex
(/usr/local/texlive/2026/texmf-dist/tex/generic/simplekv/simplekv.tex)))
(/usr/local/texlive/2026/texmf-dist/tex/latex/url/url.sty)
(/usr/local/texlive/2026/texmf-dist/tex/latex/hyperref/hyperref.sty
(/usr/local/texlive/2026/texmf-dist/tex/latex/kvsetkeys/kvsetkeys.sty)
(/usr/local/texlive/2026/texmf-dist/tex/generic/kvdefinekeys/kvdefinekeys.sty)
(/usr/local/texlive/2026/texmf-dist/tex/latex/hycolor/hycolor.sty)
(/usr/local/texlive/2026/texmf-dist/tex/latex/hyperref/nameref.sty
(/usr/local/texlive/2026/texmf-dist/tex/latex/refcount/refcount.sty)
(/usr/local/texlive/2026/texmf-dist/tex/generic/gettitlestring/gettitlestring.s
ty (/usr/local/texlive/2026/texmf-dist/tex/latex/kvoptions/kvoptions.sty)))
(/usr/local/texlive/2026/texmf-dist/tex/latex/hyperref/pd1enc.def)
(/usr/local/texlive/2026/texmf-dist/tex/generic/intcalc/intcalc.sty)
(/usr/local/texlive/2026/texmf-dist/tex/latex/hyperref/puenc.def)
(/usr/local/texlive/2026/texmf-dist/tex/generic/bitset/bitset.sty
(/usr/local/texlive/2026/texmf-dist/tex/generic/bigintcalc/bigintcalc.sty)))
(/usr/local/texlive/2026/texmf-dist/tex/latex/hyperref/hpdftex.def
(/usr/local/texlive/2026/texmf-dist/tex/latex/rerunfilecheck/rerunfilecheck.sty

(/usr/local/texlive/2026/texmf-dist/tex/generic/uniquecounter/uniquecounter.sty
))) (./generated/completed_evidence_macros.tex)
(./generated/iclr_table1_macros.tex) (./generated/iclr_table3_route_macros.tex)
(./generated/iclr_table10_macros.tex)
(./generated/iclr_prose_results_macros.tex)
(/usr/local/texlive/2026/texmf-dist/tex/latex/l3backend/l3backend-pdftex.def)
(/private/tmp/v1_iclr-commit-build-5s4q9n8t/FORGE_ICLR2027_paper.aux)
(/usr/local/texlive/2026/texmf-dist/tex/context/base/mkii/supp-pdf.mkii
[Loading MPS to PDF converter (version 2006.09.02).]
) (/usr/local/texlive/2026/texmf-dist/tex/latex/epstopdf-pkg/epstopdf-base.sty
(/usr/local/texlive/2026/texmf-dist/tex/latex/latexconfig/epstopdf-sys.cfg))
(/usr/local/texlive/2026/texmf-dist/tex/latex/microtype/mt-ptm.cfg)
Package pgfplots notification 'compat/show suggested version=true': document ha
s been generated with the most recent feature set (\pgfplotsset{compat=1.18}).

(/private/tmp/v1_iclr-commit-build-5s4q9n8t/FORGE_ICLR2027_paper.out)
(/private/tmp/v1_iclr-commit-build-5s4q9n8t/FORGE_ICLR2027_paper.out)
(/usr/local/texlive/2026/texmf-dist/tex/latex/microtype/mt-cmr.cfg)
(/usr/local/texlive/2026/texmf-dist/tex/latex/amsfonts/umsa.fd)
(/usr/local/texlive/2026/texmf-dist/tex/latex/microtype/mt-msa.cfg)
(/usr/local/texlive/2026/texmf-dist/tex/latex/amsfonts/umsb.fd)
(/usr/local/texlive/2026/texmf-dist/tex/latex/microtype/mt-msb.cfg)
(/usr/local/texlive/2026/texmf-dist/tex/latex/jknapltx/ursfs.fd) [1{/usr/local/
texlive/2026/texmf-var/fonts/map/pdftex/updmap/pdftex.map}{/usr/local/texlive/2
026/texmf-dist/fonts/enc/dvips/base/8r.enc}]
(/usr/local/texlive/2026/texmf-dist/tex/latex/amsfonts/ueuf.fd)
(/usr/local/texlive/2026/texmf-dist/tex/latex/microtype/mt-euf.cfg) [2]
(./figures/forge_algorithm_schematic/schematic_body.tex) [3] [4] [5]
(./generated/shared_program_figure_rows.tex) [6]
(./generated/common_ugi_benchmark_completed_rows.tex) [7] [8] [9 <./experimenta
l/in_vivo/forge_1_structure_supplied.png> <./experimental/in_vivo/forge_2_struc
ture_supplied.png> <./experimental/in_vivo/forge_3_structure_supplied.png> <./e
xperimental/in_vivo/mouse_imaging_supplied.png>]
(/private/tmp/v1_iclr-commit-build-5s4q9n8t/FORGE_ICLR2027_paper.bbl
(/usr/local/texlive/2026/texmf-dist/tex/latex/psnfss/t1pcr.fd) [10] [11]
[12]) [13] [14] [15] [16] [17] [18] [19] [20]
Underfull \vbox (badness 1048) has occurred while \output is active [21]
[22]
Underfull \hbox (badness 1184) in paragraph at lines 1402--1409
[]\T1/ptm/m/n/10 (+20) For a paired con-trast, $\OML/cmm/m/it/10 D[] \OT1/cmr/m
/n/10 = [] \OMS/cmsy/m/n/10 ^^@ []$\T1/ptm/m/n/10 (+20) . We re-port $\OT1/cmr/
m/n/10 (\OML/cmm/m/it/10 D[]; D[]; D[]\OT1/cmr/m/n/10 )$\T1/ptm/m/n/10 (+20) , 
$[]$, and
(./generated/production_comparison_transposed_rows.tex)
(./generated/production_seed_exact_counts_rows.tex) [23]
(./generated/decoder_source_ablation_rows.tex) [24]
(./generated/architecture_ablation_rows.tex)
(./generated/common_ugi_seed_rows.tex) [25]
(./generated/common_ugi_decomposition_rows.tex) [26]
(./generated/catalogue_comparison_transposed_rows.tex)
(./generated/lipid_realism_rows.tex) [27] [28] [29] [30] [31] [32] [33]
(./figures/forge_reaction_schemes/schemes_body.tex) [34] [35]
Underfull \hbox (badness 10000) in alignment at lines 2384--2397
[] [] []

Underfull \hbox (badness 10000) in alignment at lines 2397--2404
[] [] []

Underfull \hbox (badness 10000) in alignment at lines 2404--2407
[] [] []

Underfull \hbox (badness 10000) in alignment at lines 2407--2410
[] [] []
(./figures/forge_generated_sample_atlas_core_saturation_v1/atlas_rows.tex)
Underfull \hbox (badness 10000) in alignment at lines 2410--2412
[] [] []
[36 <./figures/chemical_drawings/sample_01_product.pdf> <./figures/chemical_dra
wings/sample_01_precursors.pdf

pdfTeX warning: pdflatex (file ./figures/chemical_drawings/sample_01_precursors
.pdf): PDF inclusion: multiple pdfs with page group included in a single page
> <./figures/chemical_drawings/sample_02_product.pdf

pdfTeX warning: pdflatex (file ./figures/chemical_drawings/sample_02_product.pd
f): PDF inclusion: multiple pdfs with page group included in a single page
> <./figures/chemical_drawings/sample_02_precursors.pdf

pdfTeX warning: pdflatex (file ./figures/chemical_drawings/sample_02_precursors
.pdf): PDF inclusion: multiple pdfs with page group included in a single page
>] [37 <./figures/chemical_drawings/atlas_01_2d.pdf> <./figures/chemical_drawin
gs/atlas_01_precursors.pdf

pdfTeX warning: pdflatex (file ./figures/chemical_drawings/atlas_01_precursors.
pdf): PDF inclusion: multiple pdfs with page group included in a single page
> <./figures/chemical_drawings/atlas_02_2d.pdf

pdfTeX warning: pdflatex (file ./figures/chemical_drawings/atlas_02_2d.pdf): PD
F inclusion: multiple pdfs with page group included in a single page
> <./figures/chemical_drawings/atlas_02_precursors.pdf

pdfTeX warning: pdflatex (file ./figures/chemical_drawings/atlas_02_precursors.
pdf): PDF inclusion: multiple pdfs with page group included in a single page
> <./figures/chemical_drawings/atlas_03_2d.pdf

pdfTeX warning: pdflatex (file ./figures/chemical_drawings/atlas_03_2d.pdf): PD
F inclusion: multiple pdfs with page group included in a single page
> <./figures/chemical_drawings/atlas_03_precursors.pdf

pdfTeX warning: pdflatex (file ./figures/chemical_drawings/atlas_03_precursors.
pdf): PDF inclusion: multiple pdfs with page group included in a single page
> <./figures/chemical_drawings/atlas_04_2d.pdf

pdfTeX warning: pdflatex (file ./figures/chemical_drawings/atlas_04_2d.pdf): PD
F inclusion: multiple pdfs with page group included in a single page
> <./figures/chemical_drawings/atlas_04_precursors.pdf

pdfTeX warning: pdflatex (file ./figures/chemical_drawings/atlas_04_precursors.
pdf): PDF inclusion: multiple pdfs with page group included in a single page
>] [38 <./figures/chemical_drawings/atlas_05_2d.pdf> <./figures/chemical_drawin
gs/atlas_05_precursors.pdf

pdfTeX warning: pdflatex (file ./figures/chemical_drawings/atlas_05_precursors.
pdf): PDF inclusion: multiple pdfs with page group included in a single page
> <./figures/chemical_drawings/atlas_06_2d.pdf

pdfTeX warning: pdflatex (file ./figures/chemical_drawings/atlas_06_2d.pdf): PD
F inclusion: multiple pdfs with page group included in a single page
> <./figures/chemical_drawings/atlas_06_precursors.pdf

pdfTeX warning: pdflatex (file ./figures/chemical_drawings/atlas_06_precursors.
pdf): PDF inclusion: multiple pdfs with page group included in a single page
> <./figures/chemical_drawings/atlas_07_2d.pdf

pdfTeX warning: pdflatex (file ./figures/chemical_drawings/atlas_07_2d.pdf): PD
F inclusion: multiple pdfs with page group included in a single page
> <./figures/chemical_drawings/atlas_07_precursors.pdf

pdfTeX warning: pdflatex (file ./figures/chemical_drawings/atlas_07_precursors.
pdf): PDF inclusion: multiple pdfs with page group included in a single page
> <./figures/chemical_drawings/atlas_08_2d.pdf

pdfTeX warning: pdflatex (file ./figures/chemical_drawings/atlas_08_2d.pdf): PD
F inclusion: multiple pdfs with page group included in a single page
> <./figures/chemical_drawings/atlas_08_precursors.pdf

pdfTeX warning: pdflatex (file ./figures/chemical_drawings/atlas_08_precursors.
pdf): PDF inclusion: multiple pdfs with page group included in a single page
> <./figures/chemical_drawings/atlas_09_2d.pdf

pdfTeX warning: pdflatex (file ./figures/chemical_drawings/atlas_09_2d.pdf): PD
F inclusion: multiple pdfs with page group included in a single page
> <./figures/chemical_drawings/atlas_09_precursors.pdf

pdfTeX warning: pdflatex (file ./figures/chemical_drawings/atlas_09_precursors.
pdf): PDF inclusion: multiple pdfs with page group included in a single page
>] [39 <./figures/chemical_drawings/atlas_10_2d.pdf> <./figures/chemical_drawin
gs/atlas_10_precursors.pdf

pdfTeX warning: pdflatex (file ./figures/chemical_drawings/atlas_10_precursors.
pdf): PDF inclusion: multiple pdfs with page group included in a single page
> <./figures/chemical_drawings/atlas_11_2d.pdf

pdfTeX warning: pdflatex (file ./figures/chemical_drawings/atlas_11_2d.pdf): PD
F inclusion: multiple pdfs with page group included in a single page
> <./figures/chemical_drawings/atlas_11_precursors.pdf

pdfTeX warning: pdflatex (file ./figures/chemical_drawings/atlas_11_precursors.
pdf): PDF inclusion: multiple pdfs with page group included in a single page
> <./figures/chemical_drawings/atlas_12_2d.pdf

pdfTeX warning: pdflatex (file ./figures/chemical_drawings/atlas_12_2d.pdf): PD
F inclusion: multiple pdfs with page group included in a single page
> <./figures/chemical_drawings/atlas_12_precursors.pdf

pdfTeX warning: pdflatex (file ./figures/chemical_drawings/atlas_12_precursors.
pdf): PDF inclusion: multiple pdfs with page group included in a single page
>] (/private/tmp/v1_iclr-commit-build-5s4q9n8t/FORGE_ICLR2027_paper.aux)

LaTeX Warning: Label(s) may have changed. Rerun to get cross-references right.

 )
(see the transcript file for additional information)</usr/local/texlive/2026/te
xmf-dist/fonts/type1/public/amsfonts/cm/cmbx10.pfb></usr/local/texlive/2026/tex
mf-dist/fonts/type1/public/amsfonts/cm/cmbx6.pfb></usr/local/texlive/2026/texmf
-dist/fonts/type1/public/amsfonts/cm/cmbx7.pfb></usr/local/texlive/2026/texmf-d
ist/fonts/type1/public/amsfonts/cm/cmbx9.pfb></usr/local/texlive/2026/texmf-dis
t/fonts/type1/public/amsfonts/cm/cmex10.pfb></usr/local/texlive/2026/texmf-dist
/fonts/type1/public/amsfonts/cmextra/cmex9.pfb></usr/local/texlive/2026/texmf-d
ist/fonts/type1/public/amsfonts/cm/cmmi10.pfb></usr/local/texlive/2026/texmf-di
st/fonts/type1/public/amsfonts/cm/cmmi5.pfb></usr/local/texlive/2026/texmf-dist
/fonts/type1/public/amsfonts/cm/cmmi6.pfb></usr/local/texlive/2026/texmf-dist/f
onts/type1/public/amsfonts/cm/cmmi7.pfb></usr/local/texlive/2026/texmf-dist/fon
ts/type1/public/amsfonts/cm/cmmi9.pfb></usr/local/texlive/2026/texmf-dist/fonts
/type1/public/amsfonts/cm/cmmib10.pfb></usr/local/texlive/2026/texmf-dist/fonts
/type1/public/amsfonts/cmextra/cmmib6.pfb></usr/local/texlive/2026/texmf-dist/f
onts/type1/public/amsfonts/cm/cmr10.pfb></usr/local/texlive/2026/texmf-dist/fon
ts/type1/public/amsfonts/cm/cmr5.pfb></usr/local/texlive/2026/texmf-dist/fonts/
type1/public/amsfonts/cm/cmr6.pfb></usr/local/texlive/2026/texmf-dist/fonts/typ
e1/public/amsfonts/cm/cmr7.pfb></usr/local/texlive/2026/texmf-dist/fonts/type1/
public/amsfonts/cm/cmr9.pfb></usr/local/texlive/2026/texmf-dist/fonts/type1/pub
lic/amsfonts/cm/cmss10.pfb></usr/local/texlive/2026/texmf-dist/fonts/type1/publ
ic/amsfonts/cm/cmsy10.pfb></usr/local/texlive/2026/texmf-dist/fonts/type1/publi
c/amsfonts/cm/cmsy5.pfb></usr/local/texlive/2026/texmf-dist/fonts/type1/public/
amsfonts/cm/cmsy7.pfb></usr/local/texlive/2026/texmf-dist/fonts/type1/public/am
sfonts/cm/cmsy9.pfb></usr/local/texlive/2026/texmf-dist/fonts/type1/public/amsf
onts/euler/eufm10.pfb></usr/local/texlive/2026/texmf-dist/fonts/type1/public/am
sfonts/euler/eufm7.pfb></usr/local/texlive/2026/texmf-dist/fonts/type1/public/a
msfonts/symbols/msbm10.pfb></usr/local/texlive/2026/texmf-dist/fonts/type1/publ
ic/rsfs/rsfs10.pfb></usr/local/texlive/2026/texmf-dist/fonts/type1/urw/courier/
ucrr8a.pfb></usr/local/texlive/2026/texmf-dist/fonts/type1/urw/helvetic/uhvb8a.
pfb></usr/local/texlive/2026/texmf-dist/fonts/type1/urw/times/utmb8a.pfb></usr/
local/texlive/2026/texmf-dist/fonts/type1/urw/times/utmr8a.pfb></usr/local/texl
ive/2026/texmf-dist/fonts/type1/urw/times/utmri8a.pfb>
Output written on /private/tmp/v1_iclr-commit-build-5s4q9n8t/FORGE_ICLR2027_pap
er.pdf (39 pages, 26465332 bytes).
Transcript written on /private/tmp/v1_iclr-commit-build-5s4q9n8t/FORGE_ICLR2027
_paper.log.
Latexmk: Getting log file '/private/tmp/v1_iclr-commit-build-5s4q9n8t/FORGE_ICLR2027_paper.log'
Latexmk: Examining '/private/tmp/v1_iclr-commit-build-5s4q9n8t/FORGE_ICLR2027_paper.fls'
Latexmk: Examining '/private/tmp/v1_iclr-commit-build-5s4q9n8t/FORGE_ICLR2027_paper.log'
Latexmk: Found input bbl file '/private/tmp/v1_iclr-commit-build-5s4q9n8t/FORGE_ICLR2027_paper.bbl'
Latexmk: References changed.
Latexmk: Log file says output to '/private/tmp/v1_iclr-commit-build-5s4q9n8t/FORGE_ICLR2027_paper.pdf'
Latexmk: Using bibtex to make bibliography file(s).
  ===Source file '/private/tmp/v1_iclr-commit-build-5s4q9n8t/FORGE_ICLR2027_paper.bbl' for 'pdflatex'
Latexmk: Found bibliography file(s):
  ./forge.bib
  ./references.bib
Latexmk: applying rule 'bibtex /private/tmp/v1_iclr-commit-build-5s4q9n8t/FORGE_ICLR2027_paper'...
Rule 'bibtex /private/tmp/v1_iclr-commit-build-5s4q9n8t/FORGE_ICLR2027_paper':  Reasons for rerun
Changed files or newly in use/created:
  /private/tmp/v1_iclr-commit-build-5s4q9n8t/FORGE_ICLR2027_paper.aux

------------
Run number 2 of rule 'bibtex /private/tmp/v1_iclr-commit-build-5s4q9n8t/FORGE_ICLR2027_paper'
------------
Latexmk: Change directory to '/private/tmp/v1_iclr-commit-build-5s4q9n8t/'.
To assist finding of files in document directory, I set
  BIBINPUTS='/Users/rahulmaganti/Kosha/forge_new/paper/v1_iclr:/private/tmp/v1_iclr-commit-build-5s4q9n8t:'
  BSTINPUTS='/Users/rahulmaganti/Kosha/forge_new/paper/v1_iclr:'.
------------
Running 'bibtex  "FORGE_ICLR2027_paper.aux"'
------------
This is BibTeX, Version 0.99e (TeX Live 2026)
The top-level auxiliary file: FORGE_ICLR2027_paper.aux
The style file: iclr2027_conference.bst
Database file #1: forge.bib
Database file #2: references.bib
Latexmk: Change directory back to '/Users/rahulmaganti/Kosha/forge_new/paper/v1_iclr'
Latexmk: applying rule 'pdflatex'...
Rule 'pdflatex':  Reasons for rerun
Changed files or newly in use/created:
  /private/tmp/v1_iclr-commit-build-5s4q9n8t/FORGE_ICLR2027_paper.aux

------------
Run number 3 of rule 'pdflatex'
------------
------------
Running 'pdflatex  -interaction=nonstopmode -halt-on-error -recorder -output-directory="/private/tmp/v1_iclr-commit-build-5s4q9n8t"  "FORGE_ICLR2027_paper.tex"'
------------
This is pdfTeX, Version 3.141592653-2.6-1.40.29 (TeX Live 2026) (preloaded format=pdflatex)
 restricted \write18 enabled.
entering extended mode
(./FORGE_ICLR2027_paper.tex
LaTeX2e <2025-11-01>
L3 programming layer <2026-01-19>
(/usr/local/texlive/2026/texmf-dist/tex/latex/base/article.cls
Document Class: article 2025/01/22 v1.4n Standard LaTeX document class
(/usr/local/texlive/2026/texmf-dist/tex/latex/base/size10.clo))
(./iclr2027_conference.sty
(/usr/local/texlive/2026/texmf-dist/tex/latex/eso-pic/eso-pic.sty
(/usr/local/texlive/2026/texmf-dist/tex/latex/graphics/keyval.sty)
(/usr/local/texlive/2026/texmf-dist/tex/latex/xcolor/xcolor.sty
(/usr/local/texlive/2026/texmf-dist/tex/latex/graphics-cfg/color.cfg)
(/usr/local/texlive/2026/texmf-dist/tex/latex/graphics-def/pdftex.def)
(/usr/local/texlive/2026/texmf-dist/tex/latex/graphics/mathcolor.ltx)))
(./fancyhdr.sty) (./natbib.sty))
(/usr/local/texlive/2026/texmf-dist/tex/latex/psnfss/times.sty)
(/usr/local/texlive/2026/texmf-dist/tex/latex/base/inputenc.sty)
(/usr/local/texlive/2026/texmf-dist/tex/latex/base/fontenc.sty
(/usr/local/texlive/2026/texmf-dist/tex/latex/psnfss/t1ptm.fd))
(/usr/local/texlive/2026/texmf-dist/tex/latex/units/nicefrac.sty
(/usr/local/texlive/2026/texmf-dist/tex/latex/base/ifthen.sty))
(/usr/local/texlive/2026/texmf-dist/tex/latex/microtype/microtype.sty
(/usr/local/texlive/2026/texmf-dist/tex/latex/etoolbox/etoolbox.sty)
(/usr/local/texlive/2026/texmf-dist/tex/latex/microtype/microtype-pdftex.def)
(/usr/local/texlive/2026/texmf-dist/tex/latex/microtype/microtype.cfg))
(/usr/local/texlive/2026/texmf-dist/tex/latex/amsmath/amsmath.sty
For additional information on amsmath, use the `?' option.
(/usr/local/texlive/2026/texmf-dist/tex/latex/amsmath/amstext.sty
(/usr/local/texlive/2026/texmf-dist/tex/latex/amsmath/amsgen.sty))
(/usr/local/texlive/2026/texmf-dist/tex/latex/amsmath/amsbsy.sty)
(/usr/local/texlive/2026/texmf-dist/tex/latex/amsmath/amsopn.sty))
(/usr/local/texlive/2026/texmf-dist/tex/latex/amsfonts/amssymb.sty
(/usr/local/texlive/2026/texmf-dist/tex/latex/amsfonts/amsfonts.sty))
(/usr/local/texlive/2026/texmf-dist/tex/latex/amscls/amsthm.sty)
(/usr/local/texlive/2026/texmf-dist/tex/latex/jknapltx/mathrsfs.sty)
(/usr/local/texlive/2026/texmf-dist/tex/latex/algorithms/algorithm.sty
(/usr/local/texlive/2026/texmf-dist/tex/latex/float/float.sty))
(/usr/local/texlive/2026/texmf-dist/tex/latex/algorithmicx/algpseudocode.sty
(/usr/local/texlive/2026/texmf-dist/tex/latex/algorithmicx/algorithmicx.sty
Document Style algorithmicx 1.2 - a greatly improved `algorithmic' style
)
Document Style - pseudocode environments for use with the `algorithmicx' style
) (/usr/local/texlive/2026/texmf-dist/tex/latex/graphics/graphicx.sty
(/usr/local/texlive/2026/texmf-dist/tex/latex/graphics/graphics.sty
(/usr/local/texlive/2026/texmf-dist/tex/latex/graphics/trig.sty)
(/usr/local/texlive/2026/texmf-dist/tex/latex/graphics-cfg/graphics.cfg)))
(/usr/local/texlive/2026/texmf-dist/tex/latex/pgfplots/pgfplots.sty
(/usr/local/texlive/2026/texmf-dist/tex/generic/pgfplots/pgfplots.revision.tex)
(/usr/local/texlive/2026/texmf-dist/tex/latex/pgf/frontendlayer/tikz.sty
(/usr/local/texlive/2026/texmf-dist/tex/latex/pgf/basiclayer/pgf.sty
(/usr/local/texlive/2026/texmf-dist/tex/latex/pgf/utilities/pgfrcs.sty
(/usr/local/texlive/2026/texmf-dist/tex/generic/pgf/utilities/pgfutil-common.te
x)
(/usr/local/texlive/2026/texmf-dist/tex/generic/pgf/utilities/pgfutil-latex.def
) (/usr/local/texlive/2026/texmf-dist/tex/generic/pgf/utilities/pgfrcs.code.tex
(/usr/local/texlive/2026/texmf-dist/tex/generic/pgf/pgf.revision.tex)))
(/usr/local/texlive/2026/texmf-dist/tex/latex/pgf/basiclayer/pgfcore.sty
(/usr/local/texlive/2026/texmf-dist/tex/latex/pgf/systemlayer/pgfsys.sty
(/usr/local/texlive/2026/texmf-dist/tex/generic/pgf/systemlayer/pgfsys.code.tex
(/usr/local/texlive/2026/texmf-dist/tex/generic/pgf/utilities/pgfkeys.code.tex
(/usr/local/texlive/2026/texmf-dist/tex/generic/pgf/utilities/pgfkeyslibraryfil
tered.code.tex))
(/usr/local/texlive/2026/texmf-dist/tex/generic/pgf/systemlayer/pgf.cfg)
(/usr/local/texlive/2026/texmf-dist/tex/generic/pgf/systemlayer/pgfsys-pdftex.d
ef
(/usr/local/texlive/2026/texmf-dist/tex/generic/pgf/systemlayer/pgfsys-common-p
df.def)))
(/usr/local/texlive/2026/texmf-dist/tex/generic/pgf/systemlayer/pgfsyssoftpath.
code.tex)
(/usr/local/texlive/2026/texmf-dist/tex/generic/pgf/systemlayer/pgfsysprotocol.
code.tex))
(/usr/local/texlive/2026/texmf-dist/tex/generic/pgf/basiclayer/pgfcore.code.tex
(/usr/local/texlive/2026/texmf-dist/tex/generic/pgf/math/pgfmath.code.tex
(/usr/local/texlive/2026/texmf-dist/tex/generic/pgf/math/pgfmathutil.code.tex)
(/usr/local/texlive/2026/texmf-dist/tex/generic/pgf/math/pgfmathparser.code.tex
)
(/usr/local/texlive/2026/texmf-dist/tex/generic/pgf/math/pgfmathfunctions.code.
tex)
(/usr/local/texlive/2026/texmf-dist/tex/generic/pgf/math/pgfmathfunctions.basic
.code.tex)
(/usr/local/texlive/2026/texmf-dist/tex/generic/pgf/math/pgfmathfunctions.trigo
nometric.code.tex)
(/usr/local/texlive/2026/texmf-dist/tex/generic/pgf/math/pgfmathfunctions.rando
m.code.tex)
(/usr/local/texlive/2026/texmf-dist/tex/generic/pgf/math/pgfmathfunctions.compa
rison.code.tex)
(/usr/local/texlive/2026/texmf-dist/tex/generic/pgf/math/pgfmathfunctions.base.
code.tex)
(/usr/local/texlive/2026/texmf-dist/tex/generic/pgf/math/pgfmathfunctions.round
.code.tex)
(/usr/local/texlive/2026/texmf-dist/tex/generic/pgf/math/pgfmathfunctions.misc.
code.tex)
(/usr/local/texlive/2026/texmf-dist/tex/generic/pgf/math/pgfmathfunctions.integ
erarithmetics.code.tex)
(/usr/local/texlive/2026/texmf-dist/tex/generic/pgf/math/pgfmathcalc.code.tex)
(/usr/local/texlive/2026/texmf-dist/tex/generic/pgf/math/pgfmathfloat.code.tex)
) (/usr/local/texlive/2026/texmf-dist/tex/generic/pgf/math/pgfint.code.tex)
(/usr/local/texlive/2026/texmf-dist/tex/generic/pgf/basiclayer/pgfcorepoints.co
de.tex)
(/usr/local/texlive/2026/texmf-dist/tex/generic/pgf/basiclayer/pgfcorepathconst
ruct.code.tex)
(/usr/local/texlive/2026/texmf-dist/tex/generic/pgf/basiclayer/pgfcorepathusage
.code.tex)
(/usr/local/texlive/2026/texmf-dist/tex/generic/pgf/basiclayer/pgfcorescopes.co
de.tex)
(/usr/local/texlive/2026/texmf-dist/tex/generic/pgf/basiclayer/pgfcoregraphicst
ate.code.tex)
(/usr/local/texlive/2026/texmf-dist/tex/generic/pgf/basiclayer/pgfcoretransform
ations.code.tex)
(/usr/local/texlive/2026/texmf-dist/tex/generic/pgf/basiclayer/pgfcorequick.cod
e.tex)
(/usr/local/texlive/2026/texmf-dist/tex/generic/pgf/basiclayer/pgfcoreobjects.c
ode.tex)
(/usr/local/texlive/2026/texmf-dist/tex/generic/pgf/basiclayer/pgfcorepathproce
ssing.code.tex)
(/usr/local/texlive/2026/texmf-dist/tex/generic/pgf/basiclayer/pgfcorearrows.co
de.tex)
(/usr/local/texlive/2026/texmf-dist/tex/generic/pgf/basiclayer/pgfcoreshade.cod
e.tex)
(/usr/local/texlive/2026/texmf-dist/tex/generic/pgf/basiclayer/pgfcoreimage.cod
e.tex)
(/usr/local/texlive/2026/texmf-dist/tex/generic/pgf/basiclayer/pgfcoreexternal.
code.tex)
(/usr/local/texlive/2026/texmf-dist/tex/generic/pgf/basiclayer/pgfcorelayers.co
de.tex)
(/usr/local/texlive/2026/texmf-dist/tex/generic/pgf/basiclayer/pgfcoretranspare
ncy.code.tex)
(/usr/local/texlive/2026/texmf-dist/tex/generic/pgf/basiclayer/pgfcorepatterns.
code.tex)
(/usr/local/texlive/2026/texmf-dist/tex/generic/pgf/basiclayer/pgfcorerdf.code.
tex)))
(/usr/local/texlive/2026/texmf-dist/tex/generic/pgf/modules/pgfmoduleshapes.cod
e.tex)
(/usr/local/texlive/2026/texmf-dist/tex/generic/pgf/modules/pgfmoduleplot.code.
tex)
(/usr/local/texlive/2026/texmf-dist/tex/latex/pgf/compatibility/pgfcomp-version
-0-65.sty)
(/usr/local/texlive/2026/texmf-dist/tex/latex/pgf/compatibility/pgfcomp-version
-1-18.sty))
(/usr/local/texlive/2026/texmf-dist/tex/latex/pgf/utilities/pgffor.sty
(/usr/local/texlive/2026/texmf-dist/tex/latex/pgf/utilities/pgfkeys.sty
(/usr/local/texlive/2026/texmf-dist/tex/generic/pgf/utilities/pgfkeys.code.tex)
) (/usr/local/texlive/2026/texmf-dist/tex/latex/pgf/math/pgfmath.sty
(/usr/local/texlive/2026/texmf-dist/tex/generic/pgf/math/pgfmath.code.tex))
(/usr/local/texlive/2026/texmf-dist/tex/generic/pgf/utilities/pgffor.code.tex))

(/usr/local/texlive/2026/texmf-dist/tex/generic/pgf/frontendlayer/tikz/tikz.cod
e.tex
(/usr/local/texlive/2026/texmf-dist/tex/generic/pgf/libraries/pgflibraryplothan
dlers.code.tex)
(/usr/local/texlive/2026/texmf-dist/tex/generic/pgf/modules/pgfmodulematrix.cod
e.tex)
(/usr/local/texlive/2026/texmf-dist/tex/generic/pgf/frontendlayer/tikz/librarie
s/tikzlibrarytopaths.code.tex)))
(/usr/local/texlive/2026/texmf-dist/tex/generic/pgfplots/pgfplots.code.tex
(/usr/local/texlive/2026/texmf-dist/tex/generic/pgfplots/pgfplotscore.code.tex
(/usr/local/texlive/2026/texmf-dist/tex/generic/pgfplots/sys/pgfplotssysgeneric
.code.tex))
(/usr/local/texlive/2026/texmf-dist/tex/generic/pgfplots/libs/pgfplotslibrary.c
ode.tex)
(/usr/local/texlive/2026/texmf-dist/tex/generic/pgfplots/oldpgfcompatib/pgfplot
soldpgfsupp_loader.code.tex
(/usr/local/texlive/2026/texmf-dist/tex/generic/pgf/libraries/pgflibraryfpu.cod
e.tex)
(/usr/local/texlive/2026/texmf-dist/tex/generic/pgfplots/oldpgfcompatib/pgfplot
soldpgfsupp_pgfutil-common-lists.tex))
(/usr/local/texlive/2026/texmf-dist/tex/generic/pgfplots/util/pgfplotsutil.code
.tex
(/usr/local/texlive/2026/texmf-dist/tex/generic/pgfplots/liststructure/pgfplots
liststructure.code.tex)
(/usr/local/texlive/2026/texmf-dist/tex/generic/pgfplots/liststructure/pgfplots
liststructureext.code.tex)
(/usr/local/texlive/2026/texmf-dist/tex/generic/pgfplots/liststructure/pgfplots
array.code.tex)
(/usr/local/texlive/2026/texmf-dist/tex/generic/pgfplots/liststructure/pgfplots
matrix.code.tex)
(/usr/local/texlive/2026/texmf-dist/tex/generic/pgfplots/numtable/pgfplotstable
shared.code.tex)
(/usr/local/texlive/2026/texmf-dist/tex/generic/pgfplots/liststructure/pgfplots
deque.code.tex)
(/usr/local/texlive/2026/texmf-dist/tex/generic/pgfplots/util/pgfplotsbinary.co
de.tex
(/usr/local/texlive/2026/texmf-dist/tex/generic/pgfplots/util/pgfplotsbinary.da
ta.code.tex))
(/usr/local/texlive/2026/texmf-dist/tex/generic/pgfplots/util/pgfplotsutil.verb
.code.tex)
(/usr/local/texlive/2026/texmf-dist/tex/generic/pgfplots/libs/pgflibrarypgfplot
s.surfshading.code.tex
(/usr/local/texlive/2026/texmf-dist/tex/generic/pgfplots/sys/pgflibrarypgfplots
.surfshading.pgfsys-pdftex.def)))
(/usr/local/texlive/2026/texmf-dist/tex/generic/pgfplots/util/pgfplotscolormap.
code.tex
(/usr/local/texlive/2026/texmf-dist/tex/generic/pgfplots/util/pgfplotscolor.cod
e.tex))
(/usr/local/texlive/2026/texmf-dist/tex/generic/pgfplots/pgfplotsstackedplots.c
ode.tex)
(/usr/local/texlive/2026/texmf-dist/tex/generic/pgfplots/pgfplotsplothandlers.c
ode.tex
(/usr/local/texlive/2026/texmf-dist/tex/generic/pgfplots/pgfplotsmeshplothandle
r.code.tex
(/usr/local/texlive/2026/texmf-dist/tex/generic/pgfplots/pgfplotsmeshplotimage.
code.tex)))
(/usr/local/texlive/2026/texmf-dist/tex/generic/pgfplots/pgfplots.scaling.code.
tex)
(/usr/local/texlive/2026/texmf-dist/tex/generic/pgfplots/pgfplotscoordprocessin
g.code.tex)
(/usr/local/texlive/2026/texmf-dist/tex/generic/pgfplots/pgfplots.errorbars.cod
e.tex)
(/usr/local/texlive/2026/texmf-dist/tex/generic/pgfplots/pgfplots.markers.code.
tex)
(/usr/local/texlive/2026/texmf-dist/tex/generic/pgfplots/pgfplotsticks.code.tex
)
(/usr/local/texlive/2026/texmf-dist/tex/generic/pgfplots/pgfplots.paths.code.te
x)
(/usr/local/texlive/2026/texmf-dist/tex/generic/pgf/frontendlayer/tikz/librarie
s/tikzlibrarydecorations.code.tex
(/usr/local/texlive/2026/texmf-dist/tex/generic/pgf/modules/pgfmoduledecoration
s.code.tex))
(/usr/local/texlive/2026/texmf-dist/tex/generic/pgf/frontendlayer/tikz/librarie
s/tikzlibrarydecorations.pathmorphing.code.tex
(/usr/local/texlive/2026/texmf-dist/tex/generic/pgf/libraries/decorations/pgfli
brarydecorations.pathmorphing.code.tex))
(/usr/local/texlive/2026/texmf-dist/tex/generic/pgf/frontendlayer/tikz/librarie
s/tikzlibrarydecorations.pathreplacing.code.tex
(/usr/local/texlive/2026/texmf-dist/tex/generic/pgf/libraries/decorations/pgfli
brarydecorations.pathreplacing.code.tex))
(/usr/local/texlive/2026/texmf-dist/tex/generic/pgfplots/libs/tikzlibrarypgfplo
ts.contourlua.code.tex))
(/usr/local/texlive/2026/texmf-dist/tex/generic/pgf/frontendlayer/tikz/librarie
s/tikzlibraryplotmarks.code.tex
(/usr/local/texlive/2026/texmf-dist/tex/generic/pgf/libraries/pgflibraryplotmar
ks.code.tex)))
(/usr/local/texlive/2026/texmf-dist/tex/latex/pgfplots/pgfplotstable.sty
(/usr/local/texlive/2026/texmf-dist/tex/generic/pgfplots/pgfplots.revision.tex)

(/usr/local/texlive/2026/texmf-dist/tex/generic/pgfplots/numtable/pgfplotstable
.code.tex
(/usr/local/texlive/2026/texmf-dist/tex/generic/pgfplots/numtable/pgfplotstable
.coltype.code.tex))
(/usr/local/texlive/2026/texmf-dist/tex/latex/tools/array.sty))
(/usr/local/texlive/2026/texmf-dist/tex/generic/pgf/libraries/pgflibraryarrows.
meta.code.tex)
(/usr/local/texlive/2026/texmf-dist/tex/generic/pgf/frontendlayer/tikz/librarie
s/tikzlibrarycalc.code.tex)
(/usr/local/texlive/2026/texmf-dist/tex/generic/pgf/frontendlayer/tikz/librarie
s/tikzlibrarypositioning.code.tex)
(/usr/local/texlive/2026/texmf-dist/tex/generic/pgf/frontendlayer/tikz/librarie
s/tikzlibrarypatterns.code.tex
(/usr/local/texlive/2026/texmf-dist/tex/generic/pgf/libraries/pgflibrarypattern
s.code.tex))
(/usr/local/texlive/2026/texmf-dist/tex/generic/pgf/frontendlayer/tikz/librarie
s/tikzlibraryshapes.arrows.code.tex
(/usr/local/texlive/2026/texmf-dist/tex/generic/pgf/libraries/shapes/pgflibrary
shapes.arrows.code.tex))
(/usr/local/texlive/2026/texmf-dist/tex/generic/pgf/frontendlayer/tikz/librarie
s/tikzlibraryfit.code.tex)
(/usr/local/texlive/2026/texmf-dist/tex/generic/pgf/frontendlayer/tikz/librarie
s/tikzlibrarybackgrounds.code.tex)
(/usr/local/texlive/2026/texmf-dist/tex/latex/booktabs/booktabs.sty)
(/usr/local/texlive/2026/texmf-dist/tex/latex/colortbl/colortbl.sty)
(/usr/local/texlive/2026/texmf-dist/tex/latex/tools/longtable.sty)
(/usr/local/texlive/2026/texmf-dist/tex/latex/tcolorbox/tcolorbox.sty
(/usr/local/texlive/2026/texmf-dist/tex/latex/tools/verbatim.sty)
(/usr/local/texlive/2026/texmf-dist/tex/latex/environ/environ.sty
(/usr/local/texlive/2026/texmf-dist/tex/latex/trimspaces/trimspaces.sty))
(/usr/local/texlive/2026/texmf-dist/tex/latex/tcolorbox/tcbraster.code.tex
Library (tcolorbox): 'tcbraster.code.tex' version '6.9.0'
) (/usr/local/texlive/2026/texmf-dist/tex/latex/tcolorbox/tcbskins.code.tex
Library (tcolorbox): 'tcbskins.code.tex' version '6.9.0'
(/usr/local/texlive/2026/texmf-dist/tex/latex/tikzfill/tikzfill.image.sty
(/usr/local/texlive/2026/texmf-dist/tex/latex/tikzfill/tikzfill-common.sty)
(/usr/local/texlive/2026/texmf-dist/tex/latex/tikzfill/tikzlibraryfill.image.co
de.tex))
(/usr/local/texlive/2026/texmf-dist/tex/latex/tcolorbox/tcbskinsjigsaw.code.tex
Library (tcolorbox): 'tcbskinsjigsaw.code.tex' version '6.9.0'
))
(/usr/local/texlive/2026/texmf-dist/tex/latex/tcolorbox/tcbbreakable.code.tex
Library (tcolorbox): 'tcbbreakable.code.tex' version '6.9.0'
(/usr/local/texlive/2026/texmf-dist/tex/latex/pdfcol/pdfcol.sty
(/usr/local/texlive/2026/texmf-dist/tex/generic/ltxcmds/ltxcmds.sty)
(/usr/local/texlive/2026/texmf-dist/tex/generic/infwarerr/infwarerr.sty)
(/usr/local/texlive/2026/texmf-dist/tex/generic/iftex/iftex.sty)))
(/usr/local/texlive/2026/texmf-dist/tex/latex/tcolorbox/tcbhooks.code.tex
Library (tcolorbox): 'tcbhooks.code.tex' version '6.9.0'
) (/usr/local/texlive/2026/texmf-dist/tex/latex/tcolorbox/tcbtheorems.code.tex
Library (tcolorbox): 'tcbtheorems.code.tex' version '6.9.0'
) (/usr/local/texlive/2026/texmf-dist/tex/latex/tcolorbox/tcbfitting.code.tex
Library (tcolorbox): 'tcbfitting.code.tex' version '6.9.0'
)
(/usr/local/texlive/2026/texmf-dist/tex/latex/tcolorbox/tcblistingsutf8.code.te
x
Library (tcolorbox): 'tcblistingsutf8.code.tex' version '6.9.0'
(/usr/local/texlive/2026/texmf-dist/tex/latex/tcolorbox/tcblistings.code.tex
Library (tcolorbox): 'tcblistings.code.tex' version '6.9.0'
(/usr/local/texlive/2026/texmf-dist/tex/latex/listings/listings.sty
(/usr/local/texlive/2026/texmf-dist/tex/latex/listings/lstpatch.sty)
(/usr/local/texlive/2026/texmf-dist/tex/latex/listings/lstmisc.sty)
(/usr/local/texlive/2026/texmf-dist/tex/latex/listings/listings.cfg))
==> First Aid for listings.sty no longer applied!
    Expected:
        2024/09/23 1.10c (Carsten Heinz)
    but found:
        2025/11/14 1.11b (Carsten Heinz)
    so I'm assuming it got fixed.

(/usr/local/texlive/2026/texmf-dist/tex/latex/tcolorbox/tcblistingscore.code.te
x
Library (tcolorbox): 'tcblistingscore.code.tex' version '6.9.0'
(/usr/local/texlive/2026/texmf-dist/tex/latex/tcolorbox/tcbprocessing.code.tex
Library (tcolorbox): 'tcbprocessing.code.tex' version '6.9.0'
))) (/usr/local/texlive/2026/texmf-dist/tex/latex/listingsutf8/listingsutf8.sty
(/usr/local/texlive/2026/texmf-dist/tex/generic/pdftexcmds/pdftexcmds.sty)
(/usr/local/texlive/2026/texmf-dist/tex/generic/stringenc/stringenc.sty
(/usr/local/texlive/2026/texmf-dist/tex/generic/pdfescape/pdfescape.sty))))
(/usr/local/texlive/2026/texmf-dist/tex/latex/tcolorbox/tcbexternal.code.tex
Library (tcolorbox): 'tcbexternal.code.tex' version '6.9.0'
) (/usr/local/texlive/2026/texmf-dist/tex/latex/tcolorbox/tcbmagazine.code.tex
Library (tcolorbox): 'tcbmagazine.code.tex' version '6.9.0'
) (/usr/local/texlive/2026/texmf-dist/tex/latex/tcolorbox/tcbvignette.code.tex
Library (tcolorbox): 'tcbvignette.code.tex' version '6.9.0'

(/usr/local/texlive/2026/texmf-dist/tex/generic/pgf/frontendlayer/tikz/librarie
s/tikzlibraryfadings.code.tex
(/usr/local/texlive/2026/texmf-dist/tex/generic/pgf/libraries/pgflibraryfadings
.code.tex)))
(/usr/local/texlive/2026/texmf-dist/tex/latex/tcolorbox/tcbposter.code.tex
Library (tcolorbox): 'tcbposter.code.tex' version '6.9.0'
)) (/usr/local/texlive/2026/texmf-dist/tex/latex/placeins/placeins.sty)
(/usr/local/texlive/2026/texmf-dist/tex/generic/chemfig/chemfig.sty
(/usr/local/texlive/2026/texmf-dist/tex/generic/chemfig/chemfig.tex
(/usr/local/texlive/2026/texmf-dist/tex/generic/simplekv/simplekv.tex)))
(/usr/local/texlive/2026/texmf-dist/tex/latex/url/url.sty)
(/usr/local/texlive/2026/texmf-dist/tex/latex/hyperref/hyperref.sty
(/usr/local/texlive/2026/texmf-dist/tex/latex/kvsetkeys/kvsetkeys.sty)
(/usr/local/texlive/2026/texmf-dist/tex/generic/kvdefinekeys/kvdefinekeys.sty)
(/usr/local/texlive/2026/texmf-dist/tex/latex/hycolor/hycolor.sty)
(/usr/local/texlive/2026/texmf-dist/tex/latex/hyperref/nameref.sty
(/usr/local/texlive/2026/texmf-dist/tex/latex/refcount/refcount.sty)
(/usr/local/texlive/2026/texmf-dist/tex/generic/gettitlestring/gettitlestring.s
ty (/usr/local/texlive/2026/texmf-dist/tex/latex/kvoptions/kvoptions.sty)))
(/usr/local/texlive/2026/texmf-dist/tex/latex/hyperref/pd1enc.def)
(/usr/local/texlive/2026/texmf-dist/tex/generic/intcalc/intcalc.sty)
(/usr/local/texlive/2026/texmf-dist/tex/latex/hyperref/puenc.def)
(/usr/local/texlive/2026/texmf-dist/tex/generic/bitset/bitset.sty
(/usr/local/texlive/2026/texmf-dist/tex/generic/bigintcalc/bigintcalc.sty)))
(/usr/local/texlive/2026/texmf-dist/tex/latex/hyperref/hpdftex.def
(/usr/local/texlive/2026/texmf-dist/tex/latex/rerunfilecheck/rerunfilecheck.sty

(/usr/local/texlive/2026/texmf-dist/tex/generic/uniquecounter/uniquecounter.sty
))) (./generated/completed_evidence_macros.tex)
(./generated/iclr_table1_macros.tex) (./generated/iclr_table3_route_macros.tex)
(./generated/iclr_table10_macros.tex)
(./generated/iclr_prose_results_macros.tex)
(/usr/local/texlive/2026/texmf-dist/tex/latex/l3backend/l3backend-pdftex.def)
(/private/tmp/v1_iclr-commit-build-5s4q9n8t/FORGE_ICLR2027_paper.aux)
(/usr/local/texlive/2026/texmf-dist/tex/context/base/mkii/supp-pdf.mkii
[Loading MPS to PDF converter (version 2006.09.02).]
) (/usr/local/texlive/2026/texmf-dist/tex/latex/epstopdf-pkg/epstopdf-base.sty
(/usr/local/texlive/2026/texmf-dist/tex/latex/latexconfig/epstopdf-sys.cfg))
(/usr/local/texlive/2026/texmf-dist/tex/latex/microtype/mt-ptm.cfg)
Package pgfplots notification 'compat/show suggested version=true': document ha
s been generated with the most recent feature set (\pgfplotsset{compat=1.18}).

(/private/tmp/v1_iclr-commit-build-5s4q9n8t/FORGE_ICLR2027_paper.out)
(/private/tmp/v1_iclr-commit-build-5s4q9n8t/FORGE_ICLR2027_paper.out)
(/usr/local/texlive/2026/texmf-dist/tex/latex/microtype/mt-cmr.cfg)
(/usr/local/texlive/2026/texmf-dist/tex/latex/amsfonts/umsa.fd)
(/usr/local/texlive/2026/texmf-dist/tex/latex/microtype/mt-msa.cfg)
(/usr/local/texlive/2026/texmf-dist/tex/latex/amsfonts/umsb.fd)
(/usr/local/texlive/2026/texmf-dist/tex/latex/microtype/mt-msb.cfg)
(/usr/local/texlive/2026/texmf-dist/tex/latex/jknapltx/ursfs.fd) [1{/usr/local/
texlive/2026/texmf-var/fonts/map/pdftex/updmap/pdftex.map}{/usr/local/texlive/2
026/texmf-dist/fonts/enc/dvips/base/8r.enc}]
(/usr/local/texlive/2026/texmf-dist/tex/latex/amsfonts/ueuf.fd)
(/usr/local/texlive/2026/texmf-dist/tex/latex/microtype/mt-euf.cfg) [2]
(./figures/forge_algorithm_schematic/schematic_body.tex) [3] [4] [5]
(./generated/shared_program_figure_rows.tex) [6]
(./generated/common_ugi_benchmark_completed_rows.tex) [7] [8] [9 <./experimenta
l/in_vivo/forge_1_structure_supplied.png> <./experimental/in_vivo/forge_2_struc
ture_supplied.png> <./experimental/in_vivo/forge_3_structure_supplied.png> <./e
xperimental/in_vivo/mouse_imaging_supplied.png>]
(/private/tmp/v1_iclr-commit-build-5s4q9n8t/FORGE_ICLR2027_paper.bbl
(/usr/local/texlive/2026/texmf-dist/tex/latex/psnfss/t1pcr.fd) [10] [11]
[12]) [13] [14] [15] [16] [17] [18] [19] [20]
Underfull \vbox (badness 1048) has occurred while \output is active [21]
[22]
Underfull \hbox (badness 1184) in paragraph at lines 1402--1409
[]\T1/ptm/m/n/10 (+20) For a paired con-trast, $\OML/cmm/m/it/10 D[] \OT1/cmr/m
/n/10 = [] \OMS/cmsy/m/n/10 ^^@ []$\T1/ptm/m/n/10 (+20) . We re-port $\OT1/cmr/
m/n/10 (\OML/cmm/m/it/10 D[]; D[]; D[]\OT1/cmr/m/n/10 )$\T1/ptm/m/n/10 (+20) , 
$[]$, and
(./generated/production_comparison_transposed_rows.tex)
(./generated/production_seed_exact_counts_rows.tex) [23]
(./generated/decoder_source_ablation_rows.tex) [24]
(./generated/architecture_ablation_rows.tex)
(./generated/common_ugi_seed_rows.tex) [25]
(./generated/common_ugi_decomposition_rows.tex) [26]
(./generated/catalogue_comparison_transposed_rows.tex)
(./generated/lipid_realism_rows.tex) [27] [28] [29] [30] [31] [32] [33]
(./figures/forge_reaction_schemes/schemes_body.tex) [34] [35]
Underfull \hbox (badness 10000) in alignment at lines 2384--2397
[] [] []

Underfull \hbox (badness 10000) in alignment at lines 2397--2404
[] [] []

Underfull \hbox (badness 10000) in alignment at lines 2404--2407
[] [] []

Underfull \hbox (badness 10000) in alignment at lines 2407--2410
[] [] []
(./figures/forge_generated_sample_atlas_core_saturation_v1/atlas_rows.tex)
Underfull \hbox (badness 10000) in alignment at lines 2410--2412
[] [] []
[36 <./figures/chemical_drawings/sample_01_product.pdf> <./figures/chemical_dra
wings/sample_01_precursors.pdf

pdfTeX warning: pdflatex (file ./figures/chemical_drawings/sample_01_precursors
.pdf): PDF inclusion: multiple pdfs with page group included in a single page
> <./figures/chemical_drawings/sample_02_product.pdf

pdfTeX warning: pdflatex (file ./figures/chemical_drawings/sample_02_product.pd
f): PDF inclusion: multiple pdfs with page group included in a single page
> <./figures/chemical_drawings/sample_02_precursors.pdf

pdfTeX warning: pdflatex (file ./figures/chemical_drawings/sample_02_precursors
.pdf): PDF inclusion: multiple pdfs with page group included in a single page
>] [37 <./figures/chemical_drawings/atlas_01_2d.pdf> <./figures/chemical_drawin
gs/atlas_01_precursors.pdf

pdfTeX warning: pdflatex (file ./figures/chemical_drawings/atlas_01_precursors.
pdf): PDF inclusion: multiple pdfs with page group included in a single page
> <./figures/chemical_drawings/atlas_02_2d.pdf

pdfTeX warning: pdflatex (file ./figures/chemical_drawings/atlas_02_2d.pdf): PD
F inclusion: multiple pdfs with page group included in a single page
> <./figures/chemical_drawings/atlas_02_precursors.pdf

pdfTeX warning: pdflatex (file ./figures/chemical_drawings/atlas_02_precursors.
pdf): PDF inclusion: multiple pdfs with page group included in a single page
> <./figures/chemical_drawings/atlas_03_2d.pdf

pdfTeX warning: pdflatex (file ./figures/chemical_drawings/atlas_03_2d.pdf): PD
F inclusion: multiple pdfs with page group included in a single page
> <./figures/chemical_drawings/atlas_03_precursors.pdf

pdfTeX warning: pdflatex (file ./figures/chemical_drawings/atlas_03_precursors.
pdf): PDF inclusion: multiple pdfs with page group included in a single page
> <./figures/chemical_drawings/atlas_04_2d.pdf

pdfTeX warning: pdflatex (file ./figures/chemical_drawings/atlas_04_2d.pdf): PD
F inclusion: multiple pdfs with page group included in a single page
> <./figures/chemical_drawings/atlas_04_precursors.pdf

pdfTeX warning: pdflatex (file ./figures/chemical_drawings/atlas_04_precursors.
pdf): PDF inclusion: multiple pdfs with page group included in a single page
>] [38 <./figures/chemical_drawings/atlas_05_2d.pdf> <./figures/chemical_drawin
gs/atlas_05_precursors.pdf

pdfTeX warning: pdflatex (file ./figures/chemical_drawings/atlas_05_precursors.
pdf): PDF inclusion: multiple pdfs with page group included in a single page
> <./figures/chemical_drawings/atlas_06_2d.pdf

pdfTeX warning: pdflatex (file ./figures/chemical_drawings/atlas_06_2d.pdf): PD
F inclusion: multiple pdfs with page group included in a single page
> <./figures/chemical_drawings/atlas_06_precursors.pdf

pdfTeX warning: pdflatex (file ./figures/chemical_drawings/atlas_06_precursors.
pdf): PDF inclusion: multiple pdfs with page group included in a single page
> <./figures/chemical_drawings/atlas_07_2d.pdf

pdfTeX warning: pdflatex (file ./figures/chemical_drawings/atlas_07_2d.pdf): PD
F inclusion: multiple pdfs with page group included in a single page
> <./figures/chemical_drawings/atlas_07_precursors.pdf

pdfTeX warning: pdflatex (file ./figures/chemical_drawings/atlas_07_precursors.
pdf): PDF inclusion: multiple pdfs with page group included in a single page
> <./figures/chemical_drawings/atlas_08_2d.pdf

pdfTeX warning: pdflatex (file ./figures/chemical_drawings/atlas_08_2d.pdf): PD
F inclusion: multiple pdfs with page group included in a single page
> <./figures/chemical_drawings/atlas_08_precursors.pdf

pdfTeX warning: pdflatex (file ./figures/chemical_drawings/atlas_08_precursors.
pdf): PDF inclusion: multiple pdfs with page group included in a single page
> <./figures/chemical_drawings/atlas_09_2d.pdf

pdfTeX warning: pdflatex (file ./figures/chemical_drawings/atlas_09_2d.pdf): PD
F inclusion: multiple pdfs with page group included in a single page
> <./figures/chemical_drawings/atlas_09_precursors.pdf

pdfTeX warning: pdflatex (file ./figures/chemical_drawings/atlas_09_precursors.
pdf): PDF inclusion: multiple pdfs with page group included in a single page
>] [39 <./figures/chemical_drawings/atlas_10_2d.pdf> <./figures/chemical_drawin
gs/atlas_10_precursors.pdf

pdfTeX warning: pdflatex (file ./figures/chemical_drawings/atlas_10_precursors.
pdf): PDF inclusion: multiple pdfs with page group included in a single page
> <./figures/chemical_drawings/atlas_11_2d.pdf

pdfTeX warning: pdflatex (file ./figures/chemical_drawings/atlas_11_2d.pdf): PD
F inclusion: multiple pdfs with page group included in a single page
> <./figures/chemical_drawings/atlas_11_precursors.pdf

pdfTeX warning: pdflatex (file ./figures/chemical_drawings/atlas_11_precursors.
pdf): PDF inclusion: multiple pdfs with page group included in a single page
> <./figures/chemical_drawings/atlas_12_2d.pdf

pdfTeX warning: pdflatex (file ./figures/chemical_drawings/atlas_12_2d.pdf): PD
F inclusion: multiple pdfs with page group included in a single page
> <./figures/chemical_drawings/atlas_12_precursors.pdf

pdfTeX warning: pdflatex (file ./figures/chemical_drawings/atlas_12_precursors.
pdf): PDF inclusion: multiple pdfs with page group included in a single page
>] (/private/tmp/v1_iclr-commit-build-5s4q9n8t/FORGE_ICLR2027_paper.aux) )
(see the transcript file for additional information)</usr/local/texlive/2026/te
xmf-dist/fonts/type1/public/amsfonts/cm/cmbx10.pfb></usr/local/texlive/2026/tex
mf-dist/fonts/type1/public/amsfonts/cm/cmbx6.pfb></usr/local/texlive/2026/texmf
-dist/fonts/type1/public/amsfonts/cm/cmbx7.pfb></usr/local/texlive/2026/texmf-d
ist/fonts/type1/public/amsfonts/cm/cmbx9.pfb></usr/local/texlive/2026/texmf-dis
t/fonts/type1/public/amsfonts/cm/cmex10.pfb></usr/local/texlive/2026/texmf-dist
/fonts/type1/public/amsfonts/cmextra/cmex9.pfb></usr/local/texlive/2026/texmf-d
ist/fonts/type1/public/amsfonts/cm/cmmi10.pfb></usr/local/texlive/2026/texmf-di
st/fonts/type1/public/amsfonts/cm/cmmi5.pfb></usr/local/texlive/2026/texmf-dist
/fonts/type1/public/amsfonts/cm/cmmi6.pfb></usr/local/texlive/2026/texmf-dist/f
onts/type1/public/amsfonts/cm/cmmi7.pfb></usr/local/texlive/2026/texmf-dist/fon
ts/type1/public/amsfonts/cm/cmmi9.pfb></usr/local/texlive/2026/texmf-dist/fonts
/type1/public/amsfonts/cm/cmmib10.pfb></usr/local/texlive/2026/texmf-dist/fonts
/type1/public/amsfonts/cmextra/cmmib6.pfb></usr/local/texlive/2026/texmf-dist/f
onts/type1/public/amsfonts/cm/cmr10.pfb></usr/local/texlive/2026/texmf-dist/fon
ts/type1/public/amsfonts/cm/cmr5.pfb></usr/local/texlive/2026/texmf-dist/fonts/
type1/public/amsfonts/cm/cmr6.pfb></usr/local/texlive/2026/texmf-dist/fonts/typ
e1/public/amsfonts/cm/cmr7.pfb></usr/local/texlive/2026/texmf-dist/fonts/type1/
public/amsfonts/cm/cmr9.pfb></usr/local/texlive/2026/texmf-dist/fonts/type1/pub
lic/amsfonts/cm/cmss10.pfb></usr/local/texlive/2026/texmf-dist/fonts/type1/publ
ic/amsfonts/cm/cmsy10.pfb></usr/local/texlive/2026/texmf-dist/fonts/type1/publi
c/amsfonts/cm/cmsy5.pfb></usr/local/texlive/2026/texmf-dist/fonts/type1/public/
amsfonts/cm/cmsy7.pfb></usr/local/texlive/2026/texmf-dist/fonts/type1/public/am
sfonts/cm/cmsy9.pfb></usr/local/texlive/2026/texmf-dist/fonts/type1/public/amsf
onts/euler/eufm10.pfb></usr/local/texlive/2026/texmf-dist/fonts/type1/public/am
sfonts/euler/eufm7.pfb></usr/local/texlive/2026/texmf-dist/fonts/type1/public/a
msfonts/symbols/msbm10.pfb></usr/local/texlive/2026/texmf-dist/fonts/type1/publ
ic/rsfs/rsfs10.pfb></usr/local/texlive/2026/texmf-dist/fonts/type1/urw/courier/
ucrr8a.pfb></usr/local/texlive/2026/texmf-dist/fonts/type1/urw/helvetic/uhvb8a.
pfb></usr/local/texlive/2026/texmf-dist/fonts/type1/urw/times/utmb8a.pfb></usr/
local/texlive/2026/texmf-dist/fonts/type1/urw/times/utmr8a.pfb></usr/local/texl
ive/2026/texmf-dist/fonts/type1/urw/times/utmri8a.pfb>
Output written on /private/tmp/v1_iclr-commit-build-5s4q9n8t/FORGE_ICLR2027_pap
er.pdf (39 pages, 26465332 bytes).
Transcript written on /private/tmp/v1_iclr-commit-build-5s4q9n8t/FORGE_ICLR2027
_paper.log.
Latexmk: Getting log file '/private/tmp/v1_iclr-commit-build-5s4q9n8t/FORGE_ICLR2027_paper.log'
Latexmk: Examining '/private/tmp/v1_iclr-commit-build-5s4q9n8t/FORGE_ICLR2027_paper.fls'
Latexmk: Examining '/private/tmp/v1_iclr-commit-build-5s4q9n8t/FORGE_ICLR2027_paper.log'
Latexmk: Found input bbl file '/private/tmp/v1_iclr-commit-build-5s4q9n8t/FORGE_ICLR2027_paper.bbl'
Latexmk: Log file says output to '/private/tmp/v1_iclr-commit-build-5s4q9n8t/FORGE_ICLR2027_paper.pdf'
Latexmk: Using bibtex to make bibliography file(s).
  ===Source file '/private/tmp/v1_iclr-commit-build-5s4q9n8t/FORGE_ICLR2027_paper.bbl' for 'pdflatex'
Latexmk: Found bibliography file(s):
  ./forge.bib
  ./references.bib
Latexmk: All targets (/private/tmp/v1_iclr-commit-build-5s4q9n8t/FORGE_ICLR2027_paper.pdf) are up-to-date

