scheme,r0_structure_id,is_agile,max_tanimoto_similarity,nearest_reachable_distance
component_family,R0-000001,True,0.875,0.125
component_family,R0-000002,True,0.8620689655172413,0.13793103448275867
component_family,R0-000003,True,0.8620689655172413,0.13793103448275867
component_family,R0-000004,True,0.8620689655172413,0.13793103448275867
component_family,R0-000005,True,0.8620689655172413,0.13793103448275867
component_family,R0-000006,True,0.873015873015873,0.12698412698412698
component_family,R0-000007,True,0.8596491228070176,0.14035087719298245
component_family,R0-000008,True,0.8596491228070176,0.14035087719298245
component_family,R0-000009,True,0.8596491228070176,0.14035087719298245
component_family,R0-000010,True,0.8596491228070176,0.14035087719298245
component_family,R0-000011,True,0.8840579710144928,0.1159420289855072
component_family,R0-000012,True,0.873015873015873,0.12698412698412698
component_family,R0-000013,True,0.873015873015873,0.12698412698412698
component_family,R0-000014,True,0.873015873015873,0.12698412698412698
component_family,R0-000015,True,0.873015873015873,0.12698412698412698
component_family,R0-000016,True,0.8666666666666667,0.1333333333333333
component_family,R0-000017,True,0.8518518518518519,0.14814814814814814
component_family,R0-000018,True,0.8518518518518519,0.14814814814814814
component_family,R0-000019,True,0.8518518518518519,0.14814814814814814
component_family,R0-000020,True,0.8518518518518519,0.14814814814814814
component_family,R0-000021,True,0.875,0.125
component_family,R0-000022,True,0.8620689655172413,0.13793103448275867
component_family,R0-000023,True,0.8620689655172413,0.13793103448275867
component_family,R0-000024,True,0.8620689655172413,0.13793103448275867
component_family,R0-000025,True,0.8620689655172413,0.13793103448275867
component_family,R0-000026,True,0.8688524590163934,0.1311475409836066
component_family,R0-000027,True,0.8545454545454545,0.1454545454545455
component_family,R0-000028,True,0.8545454545454545,0.1454545454545455
component_family,R0-000029,True,0.8545454545454545,0.1454545454545455
component_family,R0-000030,True,0.8545454545454545,0.1454545454545455
component_family,R0-000031,True,0.8666666666666667,0.1333333333333333
component_family,R0-000032,True,0.8518518518518519,0.14814814814814814
component_family,R0-000033,True,0.8518518518518519,0.14814814814814814
component_family,R0-000034,True,0.8518518518518519,0.14814814814814814
component_family,R0-000035,True,0.8518518518518519,0.14814814814814814
component_family,R0-000036,True,0.875,0.125
component_family,R0-000037,True,0.8620689655172413,0.13793103448275867
component_family,R0-000038,True,0.8620689655172413,0.13793103448275867
component_family,R0-000039,True,0.8620689655172413,0.13793103448275867
component_family,R0-000040,True,0.8620689655172413,0.13793103448275867
component_family,R0-000041,True,0.8805970149253731,0.11940298507462688
component_family,R0-000042,True,0.8688524590163934,0.1311475409836066
component_family,R0-000043,True,0.8688524590163934,0.1311475409836066
component_family,R0-000044,True,0.8688524590163934,0.1311475409836066
component_family,R0-000045,True,0.8688524590163934,0.1311475409836066
component_family,R0-000046,True,0.8688524590163934,0.1311475409836066
component_family,R0-000047,True,0.8545454545454545,0.1454545454545455
component_family,R0-000048,True,0.8545454545454545,0.1454545454545455
component_family,R0-000049,True,0.8545454545454545,0.1454545454545455
component_family,R0-000050,True,0.8545454545454545,0.1454545454545455
component_family,R0-000051,True,0.864406779661017,0.13559322033898302
component_family,R0-000052,True,0.8490566037735849,0.15094339622641506
component_family,R0-000053,True,0.8490566037735849,0.15094339622641506
component_family,R0-000054,True,0.8490566037735849,0.15094339622641506
component_family,R0-000055,True,0.8490566037735849,0.15094339622641506
component_family,R0-000056,True,0.8666666666666667,0.1333333333333333
component_family,R0-000057,True,0.8518518518518519,0.14814814814814814
component_family,R0-000058,True,0.8518518518518519,0.14814814814814814
component_family,R0-000059,True,0.8518518518518519,0.14814814814814814
component_family,R0-000060,True,0.8518518518518519,0.14814814814814814
component_family,R0-000061,True,0.873015873015873,0.12698412698412698
component_family,R0-000062,True,0.8596491228070176,0.14035087719298245
component_family,R0-000063,True,0.8596491228070176,0.14035087719298245
component_family,R0-000064,True,0.8596491228070176,0.14035087719298245
component_family,R0-000065,True,0.8596491228070176,0.14035087719298245
component_family,R0-000066,True,0.873015873015873,0.12698412698412698
component_family,R0-000067,True,0.8596491228070176,0.14035087719298245
component_family,R0-000068,True,0.8596491228070176,0.14035087719298245
component_family,R0-000069,True,0.8596491228070176,0.14035087719298245
component_family,R0-000070,True,0.8596491228070176,0.14035087719298245
component_family,R0-000071,True,0.875,0.125
component_family,R0-000072,True,0.8620689655172413,0.13793103448275867
component_family,R0-000073,True,0.8620689655172413,0.13793103448275867
component_family,R0-000074,True,0.8620689655172413,0.13793103448275867
component_family,R0-000075,True,0.8620689655172413,0.13793103448275867
component_family,R0-000076,True,0.8787878787878788,0.12121212121212122
component_family,R0-000077,True,0.8666666666666667,0.1333333333333333
component_family,R0-000078,True,0.8666666666666667,0.1333333333333333
component_family,R0-000079,True,0.8666666666666667,0.1333333333333333
component_family,R0-000080,True,0.8666666666666667,0.1333333333333333
component_family,R0-000081,True,0.8688524590163934,0.1311475409836066
component_family,R0-000082,True,0.8545454545454545,0.1454545454545455
component_family,R0-000083,True,0.8545454545454545,0.1454545454545455
component_family,R0-000084,True,0.8545454545454545,0.1454545454545455
component_family,R0-000085,True,0.8545454545454545,0.1454545454545455
component_family,R0-000086,True,0.873015873015873,0.12698412698412698
component_family,R0-000087,True,0.8596491228070176,0.14035087719298245
component_family,R0-000088,True,0.8596491228070176,0.14035087719298245
component_family,R0-000089,True,0.8596491228070176,0.14035087719298245
component_family,R0-000090,True,0.8596491228070176,0.14035087719298245
component_family,R0-000091,True,0.8823529411764706,0.11764705882352944
component_family,R0-000092,True,0.8709677419354839,0.12903225806451613
component_family,R0-000093,True,0.8709677419354839,0.12903225806451613
component_family,R0-000094,True,0.8709677419354839,0.12903225806451613
component_family,R0-000095,True,0.8709677419354839,0.12903225806451613
component_family,R0-000096,True,0.875,0.125
component_family,R0-000097,True,0.864406779661017,0.13559322033898302
component_family,R0-000098,True,0.864406779661017,0.13559322033898302
component_family,R0-000099,True,0.864406779661017,0.13559322033898302
component_family,R0-000100,True,0.864406779661017,0.13559322033898302
component_family,R0-000230,True,0.9180327868852459,0.08196721311475408
component_family,R0-000231,True,0.8688524590163934,0.1311475409836066
component_family,R0-000232,True,0.8688524590163934,0.1311475409836066
component_family,R0-000233,True,0.8688524590163934,0.1311475409836066
component_family,R0-000234,True,0.8688524590163934,0.1311475409836066
component_family,R0-000235,True,0.9166666666666666,0.08333333333333337
component_family,R0-000236,True,0.8666666666666667,0.1333333333333333
component_family,R0-000237,True,0.8666666666666667,0.1333333333333333
component_family,R0-000238,True,0.8666666666666667,0.1333333333333333
component_family,R0-000239,True,0.8666666666666667,0.1333333333333333
component_family,R0-000240,True,0.9242424242424242,0.0757575757575758
component_family,R0-000241,True,0.8787878787878788,0.12121212121212122
component_family,R0-000242,True,0.8787878787878788,0.12121212121212122
component_family,R0-000243,True,0.8787878787878788,0.12121212121212122
component_family,R0-000244,True,0.8787878787878788,0.12121212121212122
component_family,R0-000245,True,0.9122807017543859,0.08771929824561409
component_family,R0-000246,True,0.8596491228070176,0.14035087719298245
component_family,R0-000247,True,0.8596491228070176,0.14035087719298245
component_family,R0-000248,True,0.8596491228070176,0.14035087719298245
component_family,R0-000249,True,0.8596491228070176,0.14035087719298245
component_family,R0-000250,True,0.9180327868852459,0.08196721311475408
component_family,R0-000251,True,0.8688524590163934,0.1311475409836066
component_family,R0-000252,True,0.8688524590163934,0.1311475409836066
component_family,R0-000253,True,0.8688524590163934,0.1311475409836066
component_family,R0-000254,True,0.8688524590163934,0.1311475409836066
component_family,R0-000255,True,0.9137931034482759,0.08620689655172409
component_family,R0-000256,True,0.8620689655172413,0.13793103448275867
component_family,R0-000257,True,0.8620689655172413,0.13793103448275867
component_family,R0-000258,True,0.8620689655172413,0.13793103448275867
component_family,R0-000259,True,0.8620689655172413,0.13793103448275867
component_family,R0-000260,True,0.9122807017543859,0.08771929824561409
component_family,R0-000261,True,0.8596491228070176,0.14035087719298245
component_family,R0-000262,True,0.8596491228070176,0.14035087719298245
component_family,R0-000263,True,0.8596491228070176,0.14035087719298245
component_family,R0-000264,True,0.8596491228070176,0.14035087719298245
component_family,R0-000265,True,0.9180327868852459,0.08196721311475408
component_family,R0-000266,True,0.8688524590163934,0.1311475409836066
component_family,R0-000267,True,0.8688524590163934,0.1311475409836066
component_family,R0-000268,True,0.8688524590163934,0.1311475409836066
component_family,R0-000269,True,0.8688524590163934,0.1311475409836066
component_family,R0-000270,True,0.921875,0.078125
component_family,R0-000271,True,0.875,0.125
component_family,R0-000272,True,0.875,0.125
component_family,R0-000273,True,0.875,0.125
component_family,R0-000274,True,0.875,0.125
component_family,R0-000275,True,0.9137931034482759,0.08620689655172409
component_family,R0-000276,True,0.8620689655172413,0.13793103448275867
component_family,R0-000277,True,0.8620689655172413,0.13793103448275867
component_family,R0-000278,True,0.8620689655172413,0.13793103448275867
component_family,R0-000279,True,0.8620689655172413,0.13793103448275867
component_family,R0-000280,True,0.9107142857142857,0.0892857142857143
component_family,R0-000281,True,0.8571428571428571,0.1428571428571429
component_family,R0-000282,True,0.8571428571428571,0.1428571428571429
component_family,R0-000283,True,0.8571428571428571,0.1428571428571429
component_family,R0-000284,True,0.8571428571428571,0.1428571428571429
component_family,R0-000285,True,0.9122807017543859,0.08771929824561409
component_family,R0-000286,True,0.8596491228070176,0.14035087719298245
component_family,R0-000287,True,0.8596491228070176,0.14035087719298245
component_family,R0-000288,True,0.8596491228070176,0.14035087719298245
component_family,R0-000289,True,0.8596491228070176,0.14035087719298245
component_family,R0-000290,True,0.9166666666666666,0.08333333333333337
component_family,R0-000291,True,0.8666666666666667,0.1333333333333333
component_family,R0-000292,True,0.8666666666666667,0.1333333333333333
component_family,R0-000293,True,0.8666666666666667,0.1333333333333333
component_family,R0-000294,True,0.8666666666666667,0.1333333333333333
component_family,R0-000295,True,0.9166666666666666,0.08333333333333337
component_family,R0-000296,True,0.8666666666666667,0.1333333333333333
component_family,R0-000297,True,0.8666666666666667,0.1333333333333333
component_family,R0-000298,True,0.8666666666666667,0.1333333333333333
component_family,R0-000299,True,0.8666666666666667,0.1333333333333333
component_family,R0-000300,True,0.9180327868852459,0.08196721311475408
component_family,R0-000301,True,0.8688524590163934,0.1311475409836066
component_family,R0-000302,True,0.8688524590163934,0.1311475409836066
component_family,R0-000303,True,0.8688524590163934,0.1311475409836066
component_family,R0-000304,True,0.8688524590163934,0.1311475409836066
component_family,R0-000305,True,0.9206349206349206,0.07936507936507942
component_family,R0-000306,True,0.873015873015873,0.12698412698412698
component_family,R0-000307,True,0.873015873015873,0.12698412698412698
component_family,R0-000308,True,0.873015873015873,0.12698412698412698
component_family,R0-000309,True,0.873015873015873,0.12698412698412698
component_family,R0-000310,True,0.9137931034482759,0.08620689655172409
component_family,R0-000311,True,0.8620689655172413,0.13793103448275867
component_family,R0-000312,True,0.8620689655172413,0.13793103448275867
component_family,R0-000313,True,0.8620689655172413,0.13793103448275867
component_family,R0-000314,True,0.8620689655172413,0.13793103448275867
component_family,R0-000315,True,0.9166666666666666,0.08333333333333337
component_family,R0-000316,True,0.8666666666666667,0.1333333333333333
component_family,R0-000317,True,0.8666666666666667,0.1333333333333333
component_family,R0-000318,True,0.8666666666666667,0.1333333333333333
component_family,R0-000319,True,0.8666666666666667,0.1333333333333333
component_family,R0-000320,True,0.9230769230769231,0.07692307692307687
component_family,R0-000321,True,0.8769230769230769,0.12307692307692308
component_family,R0-000322,True,0.8769230769230769,0.12307692307692308
component_family,R0-000323,True,0.8769230769230769,0.12307692307692308
component_family,R0-000324,True,0.8769230769230769,0.12307692307692308
component_family,R0-000325,True,0.9180327868852459,0.08196721311475408
component_family,R0-000326,True,0.8852459016393442,0.11475409836065575
component_family,R0-000327,True,0.8852459016393442,0.11475409836065575
component_family,R0-000328,True,0.8852459016393442,0.11475409836065575
component_family,R0-000329,True,0.8852459016393442,0.11475409836065575
component_family,R0-003240,True,0.9491525423728814,0.05084745762711862
component_family,R0-003241,True,0.9491525423728814,0.05084745762711862
component_family,R0-003242,True,0.9491525423728814,0.05084745762711862
component_family,R0-003243,True,0.9491525423728814,0.05084745762711862
component_family,R0-003244,True,0.9491525423728814,0.05084745762711862
component_family,R0-003245,True,0.9482758620689655,0.051724137931034475
component_family,R0-003246,True,0.9482758620689655,0.051724137931034475
component_family,R0-003247,True,0.9482758620689655,0.051724137931034475
component_family,R0-003248,True,0.9482758620689655,0.051724137931034475
component_family,R0-003249,True,0.9482758620689655,0.051724137931034475
component_family,R0-003250,True,0.953125,0.046875
component_family,R0-003251,True,0.953125,0.046875
component_family,R0-003252,True,0.953125,0.046875
component_family,R0-003253,True,0.953125,0.046875
component_family,R0-003254,True,0.953125,0.046875
component_family,R0-003255,True,0.9454545454545454,0.054545454545454564
component_family,R0-003256,True,0.9454545454545454,0.054545454545454564
component_family,R0-003257,True,0.9454545454545454,0.054545454545454564
component_family,R0-003258,True,0.9454545454545454,0.054545454545454564
component_family,R0-003259,True,0.9454545454545454,0.054545454545454564
component_family,R0-003260,True,0.9491525423728814,0.05084745762711862
component_family,R0-003261,True,0.9491525423728814,0.05084745762711862
component_family,R0-003262,True,0.9491525423728814,0.05084745762711862
component_family,R0-003263,True,0.9491525423728814,0.05084745762711862
component_family,R0-003264,True,0.9491525423728814,0.05084745762711862
component_family,R0-003265,True,0.9464285714285714,0.0535714285714286
component_family,R0-003266,True,0.9464285714285714,0.0535714285714286
component_family,R0-003267,True,0.9464285714285714,0.0535714285714286
component_family,R0-003268,True,0.9464285714285714,0.0535714285714286
component_family,R0-003269,True,0.9464285714285714,0.0535714285714286
component_family,R0-003270,True,0.9454545454545454,0.054545454545454564
component_family,R0-003271,True,0.9454545454545454,0.054545454545454564
component_family,R0-003272,True,0.9454545454545454,0.054545454545454564
component_family,R0-003273,True,0.9454545454545454,0.054545454545454564
component_family,R0-003274,True,0.9454545454545454,0.054545454545454564
component_family,R0-003275,True,0.9491525423728814,0.05084745762711862
component_family,R0-003276,True,0.9491525423728814,0.05084745762711862
component_family,R0-003277,True,0.9491525423728814,0.05084745762711862
component_family,R0-003278,True,0.9491525423728814,0.05084745762711862
component_family,R0-003279,True,0.9491525423728814,0.05084745762711862
component_family,R0-003280,True,0.9516129032258065,0.048387096774193505
component_family,R0-003281,True,0.9516129032258065,0.048387096774193505
component_family,R0-003282,True,0.9516129032258065,0.048387096774193505
component_family,R0-003283,True,0.9516129032258065,0.048387096774193505
component_family,R0-003284,True,0.9516129032258065,0.048387096774193505
component_family,R0-003285,True,0.9464285714285714,0.0535714285714286
component_family,R0-003286,True,0.9464285714285714,0.0535714285714286
component_family,R0-003287,True,0.9464285714285714,0.0535714285714286
component_family,R0-003288,True,0.9464285714285714,0.0535714285714286
component_family,R0-003289,True,0.9464285714285714,0.0535714285714286
component_family,R0-003290,True,0.9444444444444444,0.05555555555555558
component_family,R0-003291,True,0.9444444444444444,0.05555555555555558
component_family,R0-003292,True,0.9444444444444444,0.05555555555555558
component_family,R0-003293,True,0.9444444444444444,0.05555555555555558
component_family,R0-003294,True,0.9444444444444444,0.05555555555555558
component_family,R0-003295,True,0.9454545454545454,0.054545454545454564
component_family,R0-003296,True,0.9454545454545454,0.054545454545454564
component_family,R0-003297,True,0.9454545454545454,0.054545454545454564
component_family,R0-003298,True,0.9454545454545454,0.054545454545454564
component_family,R0-003299,True,0.9454545454545454,0.054545454545454564
component_family,R0-003300,True,0.9482758620689655,0.051724137931034475
component_family,R0-003301,True,0.9482758620689655,0.051724137931034475
component_family,R0-003302,True,0.9482758620689655,0.051724137931034475
component_family,R0-003303,True,0.9482758620689655,0.051724137931034475
component_family,R0-003304,True,0.9482758620689655,0.051724137931034475
component_family,R0-003305,True,0.9482758620689655,0.051724137931034475
component_family,R0-003306,True,0.9482758620689655,0.051724137931034475
component_family,R0-003307,True,0.9482758620689655,0.051724137931034475
component_family,R0-003308,True,0.9482758620689655,0.051724137931034475
component_family,R0-003309,True,0.9482758620689655,0.051724137931034475
component_family,R0-003310,True,0.9491525423728814,0.05084745762711862
component_family,R0-003311,True,0.9491525423728814,0.05084745762711862
component_family,R0-003312,True,0.9491525423728814,0.05084745762711862
component_family,R0-003313,True,0.9491525423728814,0.05084745762711862
component_family,R0-003314,True,0.9491525423728814,0.05084745762711862
component_family,R0-003315,True,0.9508196721311475,0.049180327868852514
component_family,R0-003316,True,0.9508196721311475,0.049180327868852514
component_family,R0-003317,True,0.9508196721311475,0.049180327868852514
component_family,R0-003318,True,0.9508196721311475,0.049180327868852514
component_family,R0-003319,True,0.9508196721311475,0.049180327868852514
component_family,R0-003320,True,0.9464285714285714,0.0535714285714286
component_family,R0-003321,True,0.9464285714285714,0.0535714285714286
component_family,R0-003322,True,0.9464285714285714,0.0535714285714286
component_family,R0-003323,True,0.9464285714285714,0.0535714285714286
component_family,R0-003324,True,0.9464285714285714,0.0535714285714286
component_family,R0-003325,True,0.9482758620689655,0.051724137931034475
component_family,R0-003326,True,0.9482758620689655,0.051724137931034475
component_family,R0-003327,True,0.9482758620689655,0.051724137931034475
component_family,R0-003328,True,0.9482758620689655,0.051724137931034475
component_family,R0-003329,True,0.9482758620689655,0.051724137931034475
component_family,R0-003330,True,0.967741935483871,0.032258064516129004
component_family,R0-003331,True,0.967741935483871,0.032258064516129004
component_family,R0-003332,True,0.967741935483871,0.032258064516129004
component_family,R0-003333,True,0.967741935483871,0.032258064516129004
component_family,R0-003334,True,0.967741935483871,0.032258064516129004
component_family,R0-003335,True,0.9655172413793104,0.03448275862068961
component_family,R0-003336,True,0.9655172413793104,0.03448275862068961
component_family,R0-003337,True,0.9655172413793104,0.03448275862068961
component_family,R0-003338,True,0.9655172413793104,0.03448275862068961
component_family,R0-003339,True,0.9655172413793104,0.03448275862068961
component_family,R0-004879,True,0.8387096774193549,0.16129032258064513
component_family,R0-004880,True,0.8225806451612904,0.17741935483870963
component_family,R0-004881,True,0.8225806451612904,0.17741935483870963
component_family,R0-004882,True,0.8225806451612904,0.17741935483870963
component_family,R0-004883,True,0.8225806451612904,0.17741935483870963
component_family,R0-004884,True,0.8360655737704918,0.16393442622950816
component_family,R0-004885,True,0.819672131147541,0.180327868852459
component_family,R0-004886,True,0.819672131147541,0.180327868852459
component_family,R0-004887,True,0.819672131147541,0.180327868852459
component_family,R0-004888,True,0.819672131147541,0.180327868852459
component_family,R0-004889,True,0.8507462686567164,0.14925373134328357
component_family,R0-004890,True,0.835820895522388,0.16417910447761197
component_family,R0-004891,True,0.835820895522388,0.16417910447761197
component_family,R0-004892,True,0.835820895522388,0.16417910447761197
component_family,R0-004893,True,0.835820895522388,0.16417910447761197
component_family,R0-004894,True,0.8275862068965517,0.1724137931034483
component_family,R0-004895,True,0.8103448275862069,0.18965517241379315
component_family,R0-004896,True,0.8103448275862069,0.18965517241379315
component_family,R0-004897,True,0.8103448275862069,0.18965517241379315
component_family,R0-004898,True,0.8103448275862069,0.18965517241379315
component_family,R0-004899,True,0.8412698412698413,0.15873015873015872
component_family,R0-004900,True,0.8253968253968254,0.17460317460317465
component_family,R0-004901,True,0.8253968253968254,0.17460317460317465
component_family,R0-004902,True,0.8253968253968254,0.17460317460317465
component_family,R0-004903,True,0.8253968253968254,0.17460317460317465
component_family,R0-004904,True,0.8305084745762712,0.1694915254237288
component_family,R0-004905,True,0.8135593220338984,0.18644067796610164
component_family,R0-004906,True,0.8135593220338984,0.18644067796610164
component_family,R0-004907,True,0.8135593220338984,0.18644067796610164
component_family,R0-004908,True,0.8135593220338984,0.18644067796610164
component_family,R0-004909,True,0.8275862068965517,0.1724137931034483
component_family,R0-004910,True,0.8103448275862069,0.18965517241379315
component_family,R0-004911,True,0.8103448275862069,0.18965517241379315
component_family,R0-004912,True,0.8103448275862069,0.18965517241379315
component_family,R0-004913,True,0.8103448275862069,0.18965517241379315
component_family,R0-004914,True,0.8387096774193549,0.16129032258064513
component_family,R0-004915,True,0.8225806451612904,0.17741935483870963
component_family,R0-004916,True,0.8225806451612904,0.17741935483870963
component_family,R0-004917,True,0.8225806451612904,0.17741935483870963
component_family,R0-004918,True,0.8225806451612904,0.17741935483870963
component_family,R0-004919,True,0.8461538461538461,0.15384615384615385
component_family,R0-004920,True,0.8307692307692308,0.16923076923076918
component_family,R0-004921,True,0.8307692307692308,0.16923076923076918
component_family,R0-004922,True,0.8307692307692308,0.16923076923076918
component_family,R0-004923,True,0.8307692307692308,0.16923076923076918
component_family,R0-004924,True,0.8305084745762712,0.1694915254237288
component_family,R0-004925,True,0.8135593220338984,0.18644067796610164
component_family,R0-004926,True,0.8135593220338984,0.18644067796610164
component_family,R0-004927,True,0.8135593220338984,0.18644067796610164
component_family,R0-004928,True,0.8135593220338984,0.18644067796610164
component_family,R0-004929,True,0.8245614035087719,0.17543859649122806
component_family,R0-004930,True,0.8070175438596491,0.19298245614035092
component_family,R0-004931,True,0.8070175438596491,0.19298245614035092
component_family,R0-004932,True,0.8070175438596491,0.19298245614035092
component_family,R0-004933,True,0.8070175438596491,0.19298245614035092
component_family,R0-004934,True,0.8275862068965517,0.1724137931034483
component_family,R0-004935,True,0.8103448275862069,0.18965517241379315
component_family,R0-004936,True,0.8103448275862069,0.18965517241379315
component_family,R0-004937,True,0.8103448275862069,0.18965517241379315
component_family,R0-004938,True,0.8103448275862069,0.18965517241379315
component_family,R0-004939,True,0.8360655737704918,0.16393442622950816
component_family,R0-004940,True,0.819672131147541,0.180327868852459
component_family,R0-004941,True,0.819672131147541,0.180327868852459
component_family,R0-004942,True,0.819672131147541,0.180327868852459
component_family,R0-004943,True,0.819672131147541,0.180327868852459
component_family,R0-004944,True,0.8360655737704918,0.16393442622950816
component_family,R0-004945,True,0.819672131147541,0.180327868852459
component_family,R0-004946,True,0.819672131147541,0.180327868852459
component_family,R0-004947,True,0.819672131147541,0.180327868852459
component_family,R0-004948,True,0.819672131147541,0.180327868852459
component_family,R0-004949,True,0.8387096774193549,0.16129032258064513
component_family,R0-004950,True,0.8225806451612904,0.17741935483870963
component_family,R0-004951,True,0.8225806451612904,0.17741935483870963
component_family,R0-004952,True,0.8225806451612904,0.17741935483870963
component_family,R0-004953,True,0.8225806451612904,0.17741935483870963
component_family,R0-004954,True,0.84375,0.15625
component_family,R0-004955,True,0.828125,0.171875
component_family,R0-004956,True,0.828125,0.171875
component_family,R0-004957,True,0.828125,0.171875
component_family,R0-004958,True,0.828125,0.171875
component_family,R0-004959,True,0.8305084745762712,0.1694915254237288
component_family,R0-004960,True,0.8135593220338984,0.18644067796610164
component_family,R0-004961,True,0.8135593220338984,0.18644067796610164
component_family,R0-004962,True,0.8135593220338984,0.18644067796610164
component_family,R0-004963,True,0.8135593220338984,0.18644067796610164
component_family,R0-004964,True,0.8360655737704918,0.16393442622950816
component_family,R0-004965,True,0.819672131147541,0.180327868852459
component_family,R0-004966,True,0.819672131147541,0.180327868852459
component_family,R0-004967,True,0.819672131147541,0.180327868852459
component_family,R0-004968,True,0.819672131147541,0.180327868852459
component_family,R0-004969,True,0.8484848484848485,0.1515151515151515
component_family,R0-004970,True,0.8333333333333334,0.16666666666666663
component_family,R0-004971,True,0.8333333333333334,0.16666666666666663
component_family,R0-004972,True,0.8333333333333334,0.16666666666666663
component_family,R0-004973,True,0.8333333333333334,0.16666666666666663
component_family,R0-004974,True,0.8387096774193549,0.16129032258064513
component_family,R0-004975,True,0.8225806451612904,0.17741935483870963
component_family,R0-004976,True,0.8225806451612904,0.17741935483870963
component_family,R0-004977,True,0.8225806451612904,0.17741935483870963
component_family,R0-004978,True,0.8225806451612904,0.17741935483870963
component_family,R0-006012,True,1.0,0.0
component_family,R0-006013,True,1.0,0.0
component_family,R0-006014,True,1.0,0.0
component_family,R0-006015,True,1.0,0.0
component_family,R0-006016,True,1.0,0.0
component_family,R0-006017,True,1.0,0.0
component_family,R0-006018,True,1.0,0.0
component_family,R0-006019,True,1.0,0.0
component_family,R0-006020,True,1.0,0.0
component_family,R0-006021,True,1.0,0.0
component_family,R0-006022,True,1.0,0.0
component_family,R0-006023,True,1.0,0.0
component_family,R0-006024,True,1.0,0.0
component_family,R0-006025,True,1.0,0.0
component_family,R0-006026,True,1.0,0.0
component_family,R0-006027,True,1.0,0.0
component_family,R0-006028,True,1.0,0.0
component_family,R0-006029,True,1.0,0.0
component_family,R0-006030,True,1.0,0.0
component_family,R0-006031,True,1.0,0.0
component_family,R0-006032,True,1.0,0.0
component_family,R0-006033,True,1.0,0.0
component_family,R0-006034,True,1.0,0.0
component_family,R0-006035,True,1.0,0.0
component_family,R0-006036,True,1.0,0.0
component_family,R0-006037,True,1.0,0.0
component_family,R0-006038,True,1.0,0.0
component_family,R0-006039,True,1.0,0.0
component_family,R0-006040,True,1.0,0.0
component_family,R0-006041,True,1.0,0.0
component_family,R0-006042,True,1.0,0.0
component_family,R0-006043,True,1.0,0.0
component_family,R0-006044,True,1.0,0.0
component_family,R0-006045,True,1.0,0.0
component_family,R0-006046,True,1.0,0.0
component_family,R0-006047,True,1.0,0.0
component_family,R0-006048,True,1.0,0.0
component_family,R0-006049,True,1.0,0.0
component_family,R0-006050,True,1.0,0.0
component_family,R0-006051,True,1.0,0.0
component_family,R0-006052,True,1.0,0.0
component_family,R0-006053,True,1.0,0.0
component_family,R0-006054,True,1.0,0.0
component_family,R0-006055,True,1.0,0.0
component_family,R0-006056,True,1.0,0.0
component_family,R0-006057,True,1.0,0.0
component_family,R0-006058,True,1.0,0.0
component_family,R0-006059,True,1.0,0.0
component_family,R0-006060,True,1.0,0.0
component_family,R0-006061,True,1.0,0.0
component_family,R0-006062,True,1.0,0.0
component_family,R0-006063,True,1.0,0.0
component_family,R0-006064,True,1.0,0.0
component_family,R0-006065,True,1.0,0.0
component_family,R0-006066,True,1.0,0.0
component_family,R0-006067,True,1.0,0.0
component_family,R0-006068,True,1.0,0.0
component_family,R0-006069,True,1.0,0.0
component_family,R0-006070,True,1.0,0.0
component_family,R0-006071,True,1.0,0.0
component_family,R0-006072,True,1.0,0.0
component_family,R0-006073,True,1.0,0.0
component_family,R0-006074,True,1.0,0.0
component_family,R0-006075,True,1.0,0.0
component_family,R0-006076,True,1.0,0.0
component_family,R0-006077,True,1.0,0.0
component_family,R0-006078,True,1.0,0.0
component_family,R0-006079,True,1.0,0.0
component_family,R0-006080,True,1.0,0.0
component_family,R0-006081,True,1.0,0.0
component_family,R0-006082,True,1.0,0.0
component_family,R0-006083,True,1.0,0.0
component_family,R0-006084,True,1.0,0.0
component_family,R0-006085,True,1.0,0.0
component_family,R0-006086,True,1.0,0.0
component_family,R0-006087,True,1.0,0.0
component_family,R0-006088,True,1.0,0.0
component_family,R0-006089,True,1.0,0.0
component_family,R0-006090,True,1.0,0.0
component_family,R0-006091,True,1.0,0.0
component_family,R0-006476,True,1.0,0.0
component_family,R0-006477,True,1.0,0.0
component_family,R0-006478,True,1.0,0.0
component_family,R0-006479,True,1.0,0.0
component_family,R0-006480,True,1.0,0.0
component_family,R0-006481,True,1.0,0.0
component_family,R0-006482,True,1.0,0.0
component_family,R0-006483,True,1.0,0.0
component_family,R0-006484,True,1.0,0.0
component_family,R0-006485,True,1.0,0.0
component_family,R0-006486,True,1.0,0.0
component_family,R0-006487,True,1.0,0.0
component_family,R0-006488,True,1.0,0.0
component_family,R0-006489,True,1.0,0.0
component_family,R0-006490,True,1.0,0.0
component_family,R0-006491,True,1.0,0.0
component_family,R0-006492,True,1.0,0.0
component_family,R0-006493,True,1.0,0.0
component_family,R0-006494,True,1.0,0.0
component_family,R0-006495,True,1.0,0.0
component_family,R0-006496,True,1.0,0.0
component_family,R0-006497,True,1.0,0.0
component_family,R0-006498,True,1.0,0.0
component_family,R0-006499,True,1.0,0.0
component_family,R0-006500,True,1.0,0.0
component_family,R0-006501,True,1.0,0.0
component_family,R0-006502,True,1.0,0.0
component_family,R0-006503,True,1.0,0.0
component_family,R0-006504,True,1.0,0.0
component_family,R0-006505,True,1.0,0.0
component_family,R0-006506,True,1.0,0.0
component_family,R0-006507,True,1.0,0.0
component_family,R0-006508,True,1.0,0.0
component_family,R0-006509,True,1.0,0.0
component_family,R0-006510,True,1.0,0.0
component_family,R0-006511,True,1.0,0.0
component_family,R0-006512,True,1.0,0.0
component_family,R0-006513,True,1.0,0.0
component_family,R0-006514,True,1.0,0.0
component_family,R0-006515,True,1.0,0.0
component_family,R0-006516,True,1.0,0.0
component_family,R0-006517,True,1.0,0.0
component_family,R0-006518,True,1.0,0.0
component_family,R0-006519,True,1.0,0.0
component_family,R0-006520,True,1.0,0.0
component_family,R0-006521,True,1.0,0.0
component_family,R0-006522,True,1.0,0.0
component_family,R0-006523,True,1.0,0.0
component_family,R0-006524,True,1.0,0.0
component_family,R0-006525,True,1.0,0.0
component_family,R0-006526,True,1.0,0.0
component_family,R0-006527,True,1.0,0.0
component_family,R0-006528,True,1.0,0.0
component_family,R0-006529,True,1.0,0.0
component_family,R0-006530,True,1.0,0.0
component_family,R0-006531,True,1.0,0.0
component_family,R0-006532,True,1.0,0.0
component_family,R0-006533,True,1.0,0.0
component_family,R0-006534,True,1.0,0.0
component_family,R0-006535,True,1.0,0.0
component_family,R0-006536,True,1.0,0.0
component_family,R0-006537,True,1.0,0.0
component_family,R0-006538,True,1.0,0.0
component_family,R0-006539,True,1.0,0.0
component_family,R0-006540,True,1.0,0.0
component_family,R0-006541,True,1.0,0.0
component_family,R0-006542,True,1.0,0.0
component_family,R0-006543,True,1.0,0.0
component_family,R0-006544,True,1.0,0.0
component_family,R0-006545,True,1.0,0.0
component_family,R0-006546,True,1.0,0.0
component_family,R0-006547,True,1.0,0.0
component_family,R0-006548,True,1.0,0.0
component_family,R0-006549,True,1.0,0.0
component_family,R0-006550,True,1.0,0.0
component_family,R0-006551,True,1.0,0.0
component_family,R0-006552,True,1.0,0.0
component_family,R0-006553,True,1.0,0.0
component_family,R0-006554,True,1.0,0.0
component_family,R0-006555,True,1.0,0.0
component_family,R0-006577,True,1.0,0.0
component_family,R0-006578,True,1.0,0.0
component_family,R0-006579,True,1.0,0.0
component_family,R0-006580,True,1.0,0.0
component_family,R0-006581,True,1.0,0.0
component_family,R0-006582,True,1.0,0.0
component_family,R0-006583,True,1.0,0.0
component_family,R0-006584,True,1.0,0.0
component_family,R0-006585,True,1.0,0.0
component_family,R0-006586,True,1.0,0.0
component_family,R0-006587,True,1.0,0.0
component_family,R0-006588,True,1.0,0.0
component_family,R0-006589,True,1.0,0.0
component_family,R0-006590,True,1.0,0.0
component_family,R0-006591,True,1.0,0.0
component_family,R0-006592,True,1.0,0.0
component_family,R0-006593,True,1.0,0.0
component_family,R0-006594,True,1.0,0.0
component_family,R0-006595,True,1.0,0.0
component_family,R0-006596,True,1.0,0.0
component_family,R0-006597,True,1.0,0.0
component_family,R0-006598,True,1.0,0.0
component_family,R0-006599,True,1.0,0.0
component_family,R0-006600,True,1.0,0.0
component_family,R0-006601,True,1.0,0.0
component_family,R0-006602,True,1.0,0.0
component_family,R0-006603,True,1.0,0.0
component_family,R0-006604,True,1.0,0.0
component_family,R0-006605,True,1.0,0.0
component_family,R0-006606,True,1.0,0.0
component_family,R0-006607,True,1.0,0.0
component_family,R0-006608,True,1.0,0.0
component_family,R0-006609,True,1.0,0.0
component_family,R0-006610,True,1.0,0.0
component_family,R0-006611,True,1.0,0.0
component_family,R0-006612,True,1.0,0.0
component_family,R0-006613,True,1.0,0.0
component_family,R0-006614,True,1.0,0.0
component_family,R0-006615,True,1.0,0.0
component_family,R0-006616,True,1.0,0.0
component_family,R0-009325,True,1.0,0.0
component_family,R0-009326,True,1.0,0.0
component_family,R0-009327,True,1.0,0.0
component_family,R0-009328,True,1.0,0.0
component_family,R0-009329,True,1.0,0.0
component_family,R0-009330,True,1.0,0.0
component_family,R0-009331,True,1.0,0.0
component_family,R0-009332,True,1.0,0.0
component_family,R0-009333,True,1.0,0.0
component_family,R0-009334,True,1.0,0.0
component_family,R0-009335,True,1.0,0.0
component_family,R0-009336,True,1.0,0.0
component_family,R0-009337,True,1.0,0.0
component_family,R0-009338,True,1.0,0.0
component_family,R0-009339,True,1.0,0.0
component_family,R0-009340,True,1.0,0.0
component_family,R0-009341,True,1.0,0.0
component_family,R0-009342,True,1.0,0.0
component_family,R0-009343,True,1.0,0.0
component_family,R0-009344,True,1.0,0.0
component_family,R0-009345,True,1.0,0.0
component_family,R0-009346,True,1.0,0.0
component_family,R0-009347,True,1.0,0.0
component_family,R0-009348,True,1.0,0.0
component_family,R0-009349,True,1.0,0.0
component_family,R0-009350,True,1.0,0.0
component_family,R0-009351,True,1.0,0.0
component_family,R0-009352,True,1.0,0.0
component_family,R0-009353,True,1.0,0.0
component_family,R0-009354,True,1.0,0.0
component_family,R0-009355,True,1.0,0.0
component_family,R0-009356,True,1.0,0.0
component_family,R0-009357,True,1.0,0.0
component_family,R0-009358,True,1.0,0.0
component_family,R0-009359,True,1.0,0.0
component_family,R0-009360,True,1.0,0.0
component_family,R0-009361,True,1.0,0.0
component_family,R0-009362,True,1.0,0.0
component_family,R0-009363,True,1.0,0.0
component_family,R0-009364,True,1.0,0.0
component_family,R0-009971,True,1.0,0.0
component_family,R0-009972,True,1.0,0.0
component_family,R0-009973,True,1.0,0.0
component_family,R0-009974,True,1.0,0.0
component_family,R0-009975,True,1.0,0.0
component_family,R0-009976,True,1.0,0.0
component_family,R0-009977,True,1.0,0.0
component_family,R0-009978,True,1.0,0.0
component_family,R0-009979,True,1.0,0.0
component_family,R0-009980,True,1.0,0.0
component_family,R0-009981,True,1.0,0.0
component_family,R0-009982,True,1.0,0.0
component_family,R0-009983,True,1.0,0.0
component_family,R0-009984,True,1.0,0.0
component_family,R0-009985,True,1.0,0.0
component_family,R0-009986,True,1.0,0.0
component_family,R0-009987,True,1.0,0.0
component_family,R0-009988,True,1.0,0.0
component_family,R0-009989,True,1.0,0.0
component_family,R0-009990,True,1.0,0.0
component_family,R0-009991,True,1.0,0.0
component_family,R0-009992,True,1.0,0.0
component_family,R0-009993,True,1.0,0.0
component_family,R0-009994,True,1.0,0.0
component_family,R0-009995,True,1.0,0.0
component_family,R0-009996,True,1.0,0.0
component_family,R0-009997,True,1.0,0.0
component_family,R0-009998,True,1.0,0.0
component_family,R0-009999,True,1.0,0.0
component_family,R0-010000,True,1.0,0.0
component_family,R0-010001,True,1.0,0.0
component_family,R0-010002,True,1.0,0.0
component_family,R0-010003,True,1.0,0.0
component_family,R0-010004,True,1.0,0.0
component_family,R0-010005,True,1.0,0.0
component_family,R0-010006,True,1.0,0.0
component_family,R0-010007,True,1.0,0.0
component_family,R0-010008,True,1.0,0.0
component_family,R0-010009,True,1.0,0.0
component_family,R0-010010,True,1.0,0.0
component_family,R0-010011,True,1.0,0.0
component_family,R0-010012,True,1.0,0.0
component_family,R0-010013,True,1.0,0.0
component_family,R0-010014,True,1.0,0.0
component_family,R0-010015,True,1.0,0.0
component_family,R0-010016,True,1.0,0.0
component_family,R0-010017,True,1.0,0.0
component_family,R0-010018,True,1.0,0.0
component_family,R0-010019,True,1.0,0.0
component_family,R0-010020,True,1.0,0.0
component_family,R0-010021,True,1.0,0.0
component_family,R0-010022,True,1.0,0.0
component_family,R0-010023,True,1.0,0.0
component_family,R0-010024,True,1.0,0.0
component_family,R0-010025,True,1.0,0.0
component_family,R0-010026,True,1.0,0.0
component_family,R0-010027,True,1.0,0.0
component_family,R0-010028,True,1.0,0.0
component_family,R0-010029,True,1.0,0.0
component_family,R0-010030,True,1.0,0.0
component_family,R0-010258,True,1.0,0.0
component_family,R0-010259,True,1.0,0.0
component_family,R0-010260,True,1.0,0.0
component_family,R0-010261,True,1.0,0.0
component_family,R0-010262,True,1.0,0.0
component_family,R0-010263,True,1.0,0.0
component_family,R0-010264,True,1.0,0.0
component_family,R0-010265,True,1.0,0.0
component_family,R0-010266,True,1.0,0.0
component_family,R0-010267,True,1.0,0.0
component_family,R0-010268,True,1.0,0.0
component_family,R0-010269,True,1.0,0.0
component_family,R0-010270,True,1.0,0.0
component_family,R0-010271,True,1.0,0.0
component_family,R0-010272,True,1.0,0.0
component_family,R0-010273,True,1.0,0.0
component_family,R0-010274,True,1.0,0.0
component_family,R0-010275,True,1.0,0.0
component_family,R0-010276,True,1.0,0.0
component_family,R0-010277,True,1.0,0.0
component_family,R0-010278,True,1.0,0.0
component_family,R0-010279,True,1.0,0.0
component_family,R0-010280,True,1.0,0.0
component_family,R0-010281,True,1.0,0.0
component_family,R0-010282,True,1.0,0.0
component_family,R0-010283,True,1.0,0.0
component_family,R0-010284,True,1.0,0.0
component_family,R0-010285,True,1.0,0.0
component_family,R0-010286,True,1.0,0.0
component_family,R0-010287,True,1.0,0.0
component_family,R0-010288,True,1.0,0.0
component_family,R0-010289,True,1.0,0.0
component_family,R0-010290,True,1.0,0.0
component_family,R0-010291,True,1.0,0.0
component_family,R0-010292,True,1.0,0.0
component_family,R0-010293,True,1.0,0.0
component_family,R0-010294,True,1.0,0.0
component_family,R0-010295,True,1.0,0.0
component_family,R0-010296,True,1.0,0.0
component_family,R0-010297,True,1.0,0.0
component_family,R0-010298,True,1.0,0.0
component_family,R0-010299,True,1.0,0.0
component_family,R0-010300,True,1.0,0.0
component_family,R0-010301,True,1.0,0.0
component_family,R0-010302,True,1.0,0.0
component_family,R0-010303,True,1.0,0.0
component_family,R0-010304,True,1.0,0.0
component_family,R0-010305,True,1.0,0.0
component_family,R0-010306,True,1.0,0.0
component_family,R0-010307,True,1.0,0.0
component_family,R0-010308,True,1.0,0.0
component_family,R0-010309,True,1.0,0.0
component_family,R0-010310,True,1.0,0.0
component_family,R0-010311,True,1.0,0.0
component_family,R0-010312,True,1.0,0.0
component_family,R0-010313,True,1.0,0.0
component_family,R0-010314,True,1.0,0.0
component_family,R0-010315,True,1.0,0.0
component_family,R0-010316,True,1.0,0.0
component_family,R0-010317,True,1.0,0.0
component_family,R0-010339,True,1.0,0.0
component_family,R0-010340,True,1.0,0.0
component_family,R0-010341,True,1.0,0.0
component_family,R0-010342,True,1.0,0.0
component_family,R0-010343,True,1.0,0.0
component_family,R0-010344,True,1.0,0.0
component_family,R0-010345,True,1.0,0.0
component_family,R0-010346,True,1.0,0.0
component_family,R0-010347,True,1.0,0.0
component_family,R0-010348,True,1.0,0.0
component_family,R0-010349,True,1.0,0.0
component_family,R0-010350,True,1.0,0.0
component_family,R0-010351,True,1.0,0.0
component_family,R0-010352,True,1.0,0.0
component_family,R0-010353,True,1.0,0.0
component_family,R0-010354,True,1.0,0.0
component_family,R0-010355,True,1.0,0.0
component_family,R0-010356,True,1.0,0.0
component_family,R0-010357,True,1.0,0.0
component_family,R0-010358,True,1.0,0.0
component_family,R0-010359,True,1.0,0.0
component_family,R0-010360,True,1.0,0.0
component_family,R0-010361,True,1.0,0.0
component_family,R0-010362,True,1.0,0.0
component_family,R0-010363,True,1.0,0.0
component_family,R0-010364,True,1.0,0.0
component_family,R0-010365,True,1.0,0.0
component_family,R0-010366,True,1.0,0.0
component_family,R0-010367,True,1.0,0.0
component_family,R0-010368,True,1.0,0.0
component_family,R0-010369,True,1.0,0.0
component_family,R0-010370,True,1.0,0.0
component_family,R0-010371,True,1.0,0.0
component_family,R0-010372,True,1.0,0.0
component_family,R0-010373,True,1.0,0.0
component_family,R0-010374,True,1.0,0.0
component_family,R0-010375,True,1.0,0.0
component_family,R0-010376,True,1.0,0.0
component_family,R0-010377,True,1.0,0.0
component_family,R0-010378,True,1.0,0.0
component_family,R0-010715,True,1.0,0.0
component_family,R0-010716,True,1.0,0.0
component_family,R0-010717,True,1.0,0.0
component_family,R0-010718,True,1.0,0.0
component_family,R0-010719,True,1.0,0.0
component_family,R0-010720,True,1.0,0.0
component_family,R0-010721,True,1.0,0.0
component_family,R0-010722,True,1.0,0.0
component_family,R0-010723,True,1.0,0.0
component_family,R0-010724,True,1.0,0.0
component_family,R0-010725,True,1.0,0.0
component_family,R0-010726,True,1.0,0.0
component_family,R0-010727,True,1.0,0.0
component_family,R0-010728,True,1.0,0.0
component_family,R0-010729,True,1.0,0.0
component_family,R0-010730,True,1.0,0.0
component_family,R0-010731,True,1.0,0.0
component_family,R0-010732,True,1.0,0.0
component_family,R0-010733,True,1.0,0.0
component_family,R0-010734,True,1.0,0.0
component_family,R0-010735,True,1.0,0.0
component_family,R0-010736,True,1.0,0.0
component_family,R0-010737,True,1.0,0.0
component_family,R0-010738,True,1.0,0.0
component_family,R0-010739,True,1.0,0.0
component_family,R0-010740,True,1.0,0.0
component_family,R0-010741,True,1.0,0.0
component_family,R0-010742,True,1.0,0.0
component_family,R0-010743,True,1.0,0.0
component_family,R0-010744,True,1.0,0.0
component_family,R0-010745,True,1.0,0.0
component_family,R0-010746,True,1.0,0.0
component_family,R0-010747,True,1.0,0.0
component_family,R0-010748,True,1.0,0.0
component_family,R0-010749,True,1.0,0.0
component_family,R0-010750,True,1.0,0.0
component_family,R0-010751,True,1.0,0.0
component_family,R0-010752,True,1.0,0.0
component_family,R0-010753,True,1.0,0.0
component_family,R0-010754,True,1.0,0.0
component_family,R0-010755,True,1.0,0.0
component_family,R0-010756,True,1.0,0.0
component_family,R0-010757,True,1.0,0.0
component_family,R0-010758,True,1.0,0.0
component_family,R0-010759,True,1.0,0.0
component_family,R0-010760,True,1.0,0.0
component_family,R0-010761,True,1.0,0.0
component_family,R0-010762,True,1.0,0.0
component_family,R0-010763,True,1.0,0.0
component_family,R0-010764,True,1.0,0.0
component_family,R0-010765,True,1.0,0.0
component_family,R0-010766,True,1.0,0.0
component_family,R0-010767,True,1.0,0.0
component_family,R0-010768,True,1.0,0.0
component_family,R0-010769,True,1.0,0.0
component_family,R0-010770,True,1.0,0.0
component_family,R0-010771,True,1.0,0.0
component_family,R0-010772,True,1.0,0.0
component_family,R0-010773,True,1.0,0.0
component_family,R0-010774,True,1.0,0.0
component_family,R0-010795,True,1.0,0.0
component_family,R0-010796,True,1.0,0.0
component_family,R0-010797,True,1.0,0.0
component_family,R0-010798,True,1.0,0.0
component_family,R0-010799,True,1.0,0.0
component_family,R0-010800,True,1.0,0.0
component_family,R0-010801,True,1.0,0.0
component_family,R0-010802,True,1.0,0.0
component_family,R0-010803,True,1.0,0.0
component_family,R0-010804,True,1.0,0.0
component_family,R0-010805,True,1.0,0.0
component_family,R0-010806,True,1.0,0.0
component_family,R0-010807,True,1.0,0.0
component_family,R0-010808,True,1.0,0.0
component_family,R0-010809,True,1.0,0.0
component_family,R0-010810,True,1.0,0.0
component_family,R0-010811,True,1.0,0.0
component_family,R0-010812,True,1.0,0.0
component_family,R0-010813,True,1.0,0.0
component_family,R0-010814,True,1.0,0.0
component_family,R0-011223,True,1.0,0.0
component_family,R0-011224,True,1.0,0.0
component_family,R0-011225,True,1.0,0.0
component_family,R0-011226,True,1.0,0.0
component_family,R0-011227,True,1.0,0.0
component_family,R0-011228,True,1.0,0.0
component_family,R0-011229,True,1.0,0.0
component_family,R0-011230,True,1.0,0.0
component_family,R0-011231,True,1.0,0.0
component_family,R0-011232,True,1.0,0.0
component_family,R0-011233,True,1.0,0.0
component_family,R0-011234,True,1.0,0.0
component_family,R0-011235,True,1.0,0.0
component_family,R0-011236,True,1.0,0.0
component_family,R0-011237,True,1.0,0.0
component_family,R0-011238,True,1.0,0.0
component_family,R0-011239,True,1.0,0.0
component_family,R0-011240,True,1.0,0.0
component_family,R0-011241,True,1.0,0.0
component_family,R0-011242,True,1.0,0.0
component_family,R0-011243,True,1.0,0.0
component_family,R0-011244,True,1.0,0.0
component_family,R0-011245,True,1.0,0.0
component_family,R0-011246,True,1.0,0.0
component_family,R0-011247,True,1.0,0.0
component_family,R0-011248,True,1.0,0.0
component_family,R0-011249,True,1.0,0.0
component_family,R0-011250,True,1.0,0.0
component_family,R0-011251,True,1.0,0.0
component_family,R0-011252,True,1.0,0.0
component_family,R0-011253,True,1.0,0.0
component_family,R0-011254,True,1.0,0.0
component_family,R0-011255,True,1.0,0.0
component_family,R0-011256,True,1.0,0.0
component_family,R0-011257,True,1.0,0.0
component_family,R0-011258,True,1.0,0.0
component_family,R0-011259,True,1.0,0.0
component_family,R0-011260,True,1.0,0.0
component_family,R0-011261,True,1.0,0.0
component_family,R0-011262,True,1.0,0.0
component_family,R0-011263,True,1.0,0.0
component_family,R0-011264,True,1.0,0.0
component_family,R0-011265,True,1.0,0.0
component_family,R0-011266,True,1.0,0.0
component_family,R0-011267,True,1.0,0.0
component_family,R0-011268,True,1.0,0.0
component_family,R0-011269,True,1.0,0.0
component_family,R0-011270,True,1.0,0.0
component_family,R0-011271,True,1.0,0.0
component_family,R0-011272,True,1.0,0.0
component_family,R0-011273,True,1.0,0.0
component_family,R0-011274,True,1.0,0.0
component_family,R0-011275,True,1.0,0.0
component_family,R0-011276,True,1.0,0.0
component_family,R0-011277,True,1.0,0.0
component_family,R0-011278,True,1.0,0.0
component_family,R0-011279,True,1.0,0.0
component_family,R0-011280,True,1.0,0.0
component_family,R0-011281,True,1.0,0.0
component_family,R0-011282,True,1.0,0.0
component_family,R0-012249,True,1.0,0.0
component_family,R0-012250,True,1.0,0.0
component_family,R0-012251,True,1.0,0.0
component_family,R0-012252,True,1.0,0.0
component_family,R0-012253,True,1.0,0.0
component_family,R0-012254,True,1.0,0.0
component_family,R0-012255,True,1.0,0.0
component_family,R0-012256,True,1.0,0.0
component_family,R0-012257,True,1.0,0.0
component_family,R0-012258,True,1.0,0.0
component_family,R0-012259,True,1.0,0.0
component_family,R0-012260,True,1.0,0.0
component_family,R0-012261,True,1.0,0.0
component_family,R0-012262,True,1.0,0.0
component_family,R0-012263,True,1.0,0.0
component_family,R0-012264,True,1.0,0.0
component_family,R0-012265,True,1.0,0.0
component_family,R0-012266,True,1.0,0.0
component_family,R0-012267,True,1.0,0.0
component_family,R0-012268,True,1.0,0.0
component_family,R0-012269,True,1.0,0.0
component_family,R0-012270,True,1.0,0.0
component_family,R0-012271,True,1.0,0.0
component_family,R0-012272,True,1.0,0.0
component_family,R0-012273,True,1.0,0.0
component_family,R0-012274,True,1.0,0.0
component_family,R0-012275,True,1.0,0.0
component_family,R0-012276,True,1.0,0.0
component_family,R0-012277,True,1.0,0.0
component_family,R0-012278,True,1.0,0.0
component_family,R0-012279,True,1.0,0.0
component_family,R0-012280,True,1.0,0.0
component_family,R0-012281,True,1.0,0.0
component_family,R0-012282,True,1.0,0.0
component_family,R0-012283,True,1.0,0.0
component_family,R0-012284,True,1.0,0.0
component_family,R0-012285,True,1.0,0.0
component_family,R0-012286,True,1.0,0.0
component_family,R0-012287,True,1.0,0.0
component_family,R0-012288,True,1.0,0.0
component_family,R0-012289,True,1.0,0.0
component_family,R0-012290,True,1.0,0.0
component_family,R0-012291,True,1.0,0.0
component_family,R0-012292,True,1.0,0.0
component_family,R0-012293,True,1.0,0.0
component_family,R0-012294,True,1.0,0.0
component_family,R0-012295,True,1.0,0.0
component_family,R0-012296,True,1.0,0.0
component_family,R0-012297,True,1.0,0.0
component_family,R0-012298,True,1.0,0.0
component_family,R0-012299,True,1.0,0.0
component_family,R0-012300,True,1.0,0.0
component_family,R0-012301,True,1.0,0.0
component_family,R0-012302,True,1.0,0.0
component_family,R0-012303,True,1.0,0.0
component_family,R0-012304,True,1.0,0.0
component_family,R0-012305,True,1.0,0.0
component_family,R0-012306,True,1.0,0.0
component_family,R0-012307,True,1.0,0.0
component_family,R0-012308,True,1.0,0.0
headgroup,R0-000061,True,0.8636363636363636,0.13636363636363635
headgroup,R0-000062,True,0.85,0.15000000000000002
headgroup,R0-000063,True,0.85,0.15000000000000002
headgroup,R0-000064,True,0.85,0.15000000000000002
headgroup,R0-000065,True,0.85,0.15000000000000002
headgroup,R0-000091,True,0.684931506849315,0.31506849315068497
headgroup,R0-000092,True,0.6567164179104478,0.34328358208955223
headgroup,R0-000093,True,0.6567164179104478,0.34328358208955223
headgroup,R0-000094,True,0.6567164179104478,0.34328358208955223
headgroup,R0-000095,True,0.6567164179104478,0.34328358208955223
headgroup,R0-000101,False,0.847457627118644,0.15254237288135597
headgroup,R0-000103,False,0.64,0.36
headgroup,R0-000110,False,0.6428571428571429,0.3571428571428571
headgroup,R0-000116,False,0.85,0.15000000000000002
headgroup,R0-000132,False,0.2777777777777778,0.7222222222222222
headgroup,R0-000134,False,0.4074074074074074,0.5925925925925926
headgroup,R0-000140,False,0.35,0.65
headgroup,R0-000142,False,0.3469387755102041,0.653061224489796
headgroup,R0-000146,False,0.30158730158730157,0.6984126984126984
headgroup,R0-000148,False,0.4444444444444444,0.5555555555555556
headgroup,R0-000154,False,0.4,0.6
headgroup,R0-000156,False,0.3877551020408163,0.6122448979591837
headgroup,R0-000160,False,0.3387096774193548,0.6612903225806452
headgroup,R0-000162,False,0.46296296296296297,0.537037037037037
headgroup,R0-000168,False,0.4523809523809524,0.5476190476190477
headgroup,R0-000170,False,0.40816326530612246,0.5918367346938775
headgroup,R0-000174,False,0.3387096774193548,0.6612903225806452
headgroup,R0-000176,False,0.48148148148148145,0.5185185185185186
headgroup,R0-000182,False,0.47619047619047616,0.5238095238095238
headgroup,R0-000184,False,0.42857142857142855,0.5714285714285714
headgroup,R0-000188,False,0.3387096774193548,0.6612903225806452
headgroup,R0-000190,False,0.48148148148148145,0.5185185185185186
headgroup,R0-000203,False,0.47619047619047616,0.5238095238095238
headgroup,R0-000205,False,0.42857142857142855,0.5714285714285714
headgroup,R0-000207,False,0.5714285714285714,0.4285714285714286
headgroup,R0-000212,False,0.6338028169014085,0.3661971830985915
headgroup,R0-000218,False,0.3387096774193548,0.6612903225806452
headgroup,R0-000220,False,0.48148148148148145,0.5185185185185186
headgroup,R0-000226,False,0.47619047619047616,0.5238095238095238
headgroup,R0-000228,False,0.42857142857142855,0.5714285714285714
headgroup,R0-000290,True,0.8571428571428571,0.1428571428571429
headgroup,R0-000291,True,0.85,0.15000000000000002
headgroup,R0-000292,True,0.85,0.15000000000000002
headgroup,R0-000293,True,0.85,0.15000000000000002
headgroup,R0-000294,True,0.85,0.15000000000000002
headgroup,R0-000320,True,0.6714285714285714,0.3285714285714286
headgroup,R0-000321,True,0.6567164179104478,0.34328358208955223
headgroup,R0-000322,True,0.6567164179104478,0.34328358208955223
headgroup,R0-000323,True,0.6567164179104478,0.34328358208955223
headgroup,R0-000324,True,0.6567164179104478,0.34328358208955223
headgroup,R0-000332,False,0.3387096774193548,0.6612903225806452
headgroup,R0-000334,False,0.48148148148148145,0.5185185185185186
headgroup,R0-000340,False,0.47619047619047616,0.5238095238095238
headgroup,R0-000342,False,0.42857142857142855,0.5714285714285714
headgroup,R0-000346,False,0.3387096774193548,0.6612903225806452
headgroup,R0-000348,False,0.48148148148148145,0.5185185185185186
headgroup,R0-000354,False,0.47619047619047616,0.5238095238095238
headgroup,R0-000356,False,0.42857142857142855,0.5714285714285714
headgroup,R0-000360,False,0.3387096774193548,0.6612903225806452
headgroup,R0-000362,False,0.48148148148148145,0.5185185185185186
headgroup,R0-000368,False,0.47619047619047616,0.5238095238095238
headgroup,R0-000370,False,0.42857142857142855,0.5714285714285714
headgroup,R0-000374,False,0.3387096774193548,0.6612903225806452
headgroup,R0-000376,False,0.48148148148148145,0.5185185185185186
headgroup,R0-000382,False,0.47619047619047616,0.5238095238095238
headgroup,R0-000384,False,0.42857142857142855,0.5714285714285714
headgroup,R0-000388,False,0.3387096774193548,0.6612903225806452
headgroup,R0-000390,False,0.48148148148148145,0.5185185185185186
headgroup,R0-000396,False,0.47619047619047616,0.5238095238095238
headgroup,R0-000398,False,0.42857142857142855,0.5714285714285714
headgroup,R0-000402,False,0.3387096774193548,0.6612903225806452
headgroup,R0-000404,False,0.48148148148148145,0.5185185185185186
headgroup,R0-000410,False,0.47619047619047616,0.5238095238095238
headgroup,R0-000412,False,0.42857142857142855,0.5714285714285714
headgroup,R0-000416,False,0.3387096774193548,0.6612903225806452
headgroup,R0-000418,False,0.48148148148148145,0.5185185185185186
headgroup,R0-000424,False,0.47619047619047616,0.5238095238095238
headgroup,R0-000426,False,0.42857142857142855,0.5714285714285714
headgroup,R0-000449,False,0.5625,0.4375
headgroup,R0-000459,False,0.5967741935483871,0.4032258064516129
headgroup,R0-000470,False,0.609375,0.390625
headgroup,R0-000494,False,0.582089552238806,0.417910447761194
headgroup,R0-000503,False,0.609375,0.390625
headgroup,R0-000504,False,0.609375,0.390625
headgroup,R0-000506,False,0.373134328358209,0.6268656716417911
headgroup,R0-000511,False,0.410958904109589,0.589041095890411
headgroup,R0-000516,False,0.4153846153846154,0.5846153846153845
headgroup,R0-000525,False,0.45714285714285713,0.5428571428571429
headgroup,R0-000531,False,0.43283582089552236,0.5671641791044777
headgroup,R0-000532,False,0.43283582089552236,0.5671641791044777
headgroup,R0-000535,False,0.6415094339622641,0.3584905660377359
headgroup,R0-000551,False,0.4074074074074074,0.5925925925925926
headgroup,R0-000552,False,0.4074074074074074,0.5925925925925926
headgroup,R0-000553,False,0.4074074074074074,0.5925925925925926
headgroup,R0-000554,False,0.4074074074074074,0.5925925925925926
headgroup,R0-000556,False,0.5084745762711864,0.4915254237288136
headgroup,R0-000570,False,0.3333333333333333,0.6666666666666667
headgroup,R0-000578,False,0.5263157894736842,0.4736842105263158
headgroup,R0-000593,False,0.47368421052631576,0.5263157894736843
headgroup,R0-000594,False,0.45,0.55
headgroup,R0-000604,False,0.47368421052631576,0.5263157894736843
headgroup,R0-000605,False,0.45,0.55
headgroup,R0-000607,False,0.5818181818181818,0.4181818181818182
headgroup,R0-000613,False,0.58,0.42000000000000004
headgroup,R0-000622,False,0.6041666666666666,0.39583333333333337
headgroup,R0-000623,False,0.5686274509803921,0.43137254901960786
headgroup,R0-000632,False,0.6041666666666666,0.39583333333333337
headgroup,R0-000633,False,0.5686274509803921,0.43137254901960786
headgroup,R0-000642,False,0.4696969696969697,0.5303030303030303
headgroup,R0-000652,False,0.6037735849056604,0.39622641509433965
headgroup,R0-000653,False,0.5961538461538461,0.40384615384615385
headgroup,R0-000655,False,0.5283018867924528,0.4716981132075472
headgroup,R0-000660,False,0.671875,0.328125
headgroup,R0-000668,False,0.6206896551724138,0.3793103448275862
headgroup,R0-000681,False,0.7619047619047619,0.23809523809523814
headgroup,R0-000682,False,0.7111111111111111,0.28888888888888886
headgroup,R0-000691,False,0.7619047619047619,0.23809523809523814
headgroup,R0-000692,False,0.7111111111111111,0.28888888888888886
headgroup,R0-000701,False,0.5833333333333334,0.41666666666666663
headgroup,R0-000716,False,1.0,0.0
headgroup,R0-000747,False,0.9428571428571428,0.05714285714285716
headgroup,R0-000760,False,0.6428571428571429,0.3571428571428571
headgroup,R0-000767,False,1.0,0.0
headgroup,R0-000794,False,0.8,0.19999999999999996
headgroup,R0-000807,False,0.8688524590163934,0.1311475409836066
headgroup,R0-000808,False,0.8695652173913043,0.13043478260869568
headgroup,R0-000809,False,0.851063829787234,0.14893617021276595
headgroup,R0-000816,False,0.8163265306122449,0.18367346938775508
headgroup,R0-000826,False,0.7857142857142857,0.2142857142857143
headgroup,R0-000839,False,0.8620689655172413,0.13793103448275867
headgroup,R0-000840,False,0.8604651162790697,0.13953488372093026
headgroup,R0-000841,False,0.8409090909090909,0.15909090909090906
headgroup,R0-000848,False,0.8043478260869565,0.19565217391304346
headgroup,R0-000860,False,0.8043478260869565,0.19565217391304346
headgroup,R0-000873,False,0.8709677419354839,0.12903225806451613
headgroup,R0-000874,False,0.8723404255319149,0.12765957446808507
headgroup,R0-000875,False,0.8541666666666666,0.14583333333333337
headgroup,R0-000882,False,0.82,0.18000000000000005
headgroup,R0-000892,False,0.9024390243902439,0.09756097560975607
headgroup,R0-000905,False,0.8688524590163934,0.1311475409836066
headgroup,R0-000906,False,0.8695652173913043,0.13043478260869568
headgroup,R0-000907,False,0.851063829787234,0.14893617021276595
headgroup,R0-000914,False,0.8163265306122449,0.18367346938775508
headgroup,R0-000924,False,0.8490566037735849,0.15094339622641506
headgroup,R0-000937,False,0.8840579710144928,0.1159420289855072
headgroup,R0-000938,False,0.9090909090909091,0.09090909090909094
headgroup,R0-000939,False,0.8928571428571429,0.1071428571428571
headgroup,R0-000946,False,0.864406779661017,0.13559322033898302
headgroup,R0-000956,False,0.8666666666666667,0.1333333333333333
headgroup,R0-000969,False,0.8918918918918919,0.10810810810810811
headgroup,R0-000970,False,0.9180327868852459,0.08196721311475408
headgroup,R0-000971,False,0.9032258064516129,0.09677419354838712
headgroup,R0-000978,False,0.875,0.125
headgroup,R0-000988,False,0.8793103448275862,0.12068965517241381
headgroup,R0-001001,False,0.9027777777777778,0.09722222222222221
headgroup,R0-001002,False,0.9482758620689655,0.051724137931034475
headgroup,R0-001003,False,0.9322033898305084,0.06779661016949157
headgroup,R0-001010,False,0.9016393442622951,0.09836065573770492
headgroup,R0-001020,False,0.8333333333333334,0.16666666666666663
headgroup,R0-001033,False,0.875,0.125
headgroup,R0-001034,False,0.8979591836734694,0.10204081632653061
headgroup,R0-001035,False,0.88,0.12
headgroup,R0-001042,False,0.8461538461538461,0.15384615384615385
headgroup,R0-001052,False,0.8333333333333334,0.16666666666666663
headgroup,R0-001065,False,0.875,0.125
headgroup,R0-001066,False,0.8979591836734694,0.10204081632653061
headgroup,R0-001067,False,0.88,0.12
headgroup,R0-001074,False,0.8461538461538461,0.15384615384615385
headgroup,R0-001084,False,0.8478260869565217,0.15217391304347827
headgroup,R0-001097,False,0.8870967741935484,0.11290322580645162
headgroup,R0-001098,False,0.9148936170212766,0.08510638297872342
headgroup,R0-001099,False,0.8958333333333334,0.10416666666666663
headgroup,R0-001106,False,0.86,0.14
headgroup,R0-001116,False,0.8478260869565217,0.15217391304347827
headgroup,R0-001129,False,0.8870967741935484,0.11290322580645162
headgroup,R0-001130,False,0.9148936170212766,0.08510638297872342
headgroup,R0-001131,False,0.8958333333333334,0.10416666666666663
headgroup,R0-001138,False,0.86,0.14
headgroup,R0-001148,False,0.8444444444444444,0.15555555555555556
headgroup,R0-001161,False,0.8852459016393442,0.11475409836065575
headgroup,R0-001162,False,0.9130434782608695,0.08695652173913049
headgroup,R0-001163,False,0.8936170212765957,0.1063829787234043
headgroup,R0-001170,False,0.8571428571428571,0.1428571428571429
headgroup,R0-001180,False,0.8409090909090909,0.15909090909090906
headgroup,R0-001193,False,0.8833333333333333,0.1166666666666667
headgroup,R0-001194,False,0.9111111111111111,0.0888888888888889
headgroup,R0-001195,False,0.8913043478260869,0.10869565217391308
headgroup,R0-001202,False,0.8541666666666666,0.14583333333333337
headgroup,R0-001212,False,0.813953488372093,0.18604651162790697
headgroup,R0-001225,False,0.8688524590163934,0.1311475409836066
headgroup,R0-001226,False,0.8723404255319149,0.12765957446808507
headgroup,R0-001227,False,0.8541666666666666,0.14583333333333337
headgroup,R0-001234,False,0.8235294117647058,0.17647058823529416
headgroup,R0-001244,False,0.8235294117647058,0.17647058823529416
headgroup,R0-001257,False,0.8769230769230769,0.12307692307692308
headgroup,R0-001258,False,0.8846153846153846,0.11538461538461542
headgroup,R0-001259,False,0.8679245283018868,0.13207547169811318
headgroup,R0-001266,False,0.8363636363636363,0.1636363636363637
headgroup,R0-001276,False,0.8269230769230769,0.17307692307692313
headgroup,R0-001289,False,0.8787878787878788,0.12121212121212122
headgroup,R0-001290,False,0.8867924528301887,0.1132075471698113
headgroup,R0-001291,False,0.8703703703703703,0.12962962962962965
headgroup,R0-001298,False,0.8392857142857143,0.1607142857142857
headgroup,R0-001308,False,0.8269230769230769,0.17307692307692313
headgroup,R0-001321,False,0.8787878787878788,0.12121212121212122
headgroup,R0-001322,False,0.8867924528301887,0.1132075471698113
headgroup,R0-001323,False,0.8703703703703703,0.12962962962962965
headgroup,R0-001330,False,0.8392857142857143,0.1607142857142857
headgroup,R0-001340,False,0.813953488372093,0.18604651162790697
headgroup,R0-001353,False,0.8813559322033898,0.11864406779661019
headgroup,R0-001354,False,0.8863636363636364,0.11363636363636365
headgroup,R0-001355,False,0.8666666666666667,0.1333333333333333
headgroup,R0-001362,False,0.8297872340425532,0.17021276595744683
headgroup,R0-001372,False,0.82,0.18000000000000005
headgroup,R0-001385,False,0.8769230769230769,0.12307692307692308
headgroup,R0-001386,False,0.8823529411764706,0.11764705882352944
headgroup,R0-001387,False,0.8653846153846154,0.13461538461538458
headgroup,R0-001394,False,0.8333333333333334,0.16666666666666663
headgroup,R0-001403,False,0.3870967741935484,0.6129032258064516
headgroup,R0-001406,False,0.64,0.36
headgroup,R0-001428,False,0.6056338028169014,0.3943661971830986
headgroup,R0-001429,False,0.6111111111111112,0.38888888888888884
headgroup,R0-001431,False,0.6075949367088608,0.3924050632911392
headgroup,R0-001453,False,0.6506024096385542,0.3493975903614458
headgroup,R0-001458,False,0.6419753086419753,0.3580246913580247
headgroup,R0-001460,False,0.6285714285714286,0.37142857142857144
headgroup,R0-001465,False,0.6153846153846154,0.3846153846153846
headgroup,R0-001466,False,0.6075949367088608,0.3924050632911392
headgroup,R0-001488,False,0.6707317073170732,0.3292682926829268
headgroup,R0-001493,False,0.6625,0.3375
headgroup,R0-001495,False,0.6285714285714286,0.37142857142857144
headgroup,R0-001554,False,0.640625,0.359375
headgroup,R0-001563,False,0.6323529411764706,0.36764705882352944
headgroup,R0-001564,False,0.6835443037974683,0.31645569620253167
headgroup,R0-001567,False,0.8734177215189873,0.12658227848101267
headgroup,R0-001568,False,0.8873239436619719,0.11267605633802813
headgroup,R0-001570,False,0.5660377358490566,0.4339622641509434
headgroup,R0-001577,False,0.5921052631578947,0.4078947368421053
headgroup,R0-001593,False,0.6216216216216216,0.3783783783783784
headgroup,R0-001597,False,0.6329113924050633,0.36708860759493667
headgroup,R0-001599,False,0.6119402985074627,0.3880597014925373
headgroup,R0-001605,False,0.4857142857142857,0.5142857142857142
headgroup,R0-001606,False,0.5925925925925926,0.40740740740740744
headgroup,R0-001609,False,0.6545454545454545,0.34545454545454546
headgroup,R0-001622,False,0.75,0.25
headgroup,R0-001629,False,0.7307692307692307,0.2692307692307693
headgroup,R0-001638,False,0.7297297297297297,0.2702702702702703
headgroup,R0-001639,False,0.7272727272727273,0.2727272727272727
headgroup,R0-001658,False,0.7105263157894737,0.2894736842105263
headgroup,R0-001664,False,0.6463414634146342,0.35365853658536583
headgroup,R0-001666,False,0.7681159420289855,0.23188405797101452
headgroup,R0-001667,False,0.6219512195121951,0.3780487804878049
headgroup,R0-001672,False,0.5882352941176471,0.4117647058823529
headgroup,R0-001673,False,0.5952380952380952,0.40476190476190477
headgroup,R0-001677,False,0.6097560975609756,0.3902439024390244
headgroup,R0-001735,False,1.0,0.0
headgroup,R0-001739,False,0.9811320754716981,0.018867924528301883
headgroup,R0-001742,False,0.6101694915254238,0.38983050847457623
headgroup,R0-001754,False,0.625,0.375
headgroup,R0-001768,False,0.75,0.25
headgroup,R0-001775,False,0.7307692307692307,0.2692307692307693
headgroup,R0-001784,False,0.7297297297297297,0.2702702702702703
headgroup,R0-001785,False,0.7272727272727273,0.2727272727272727
headgroup,R0-001804,False,0.7105263157894737,0.2894736842105263
headgroup,R0-001810,False,0.6463414634146342,0.35365853658536583
headgroup,R0-001812,False,0.7681159420289855,0.23188405797101452
headgroup,R0-001813,False,0.6219512195121951,0.3780487804878049
headgroup,R0-001818,False,0.5882352941176471,0.4117647058823529
headgroup,R0-001819,False,0.5952380952380952,0.40476190476190477
headgroup,R0-001823,False,0.6097560975609756,0.3902439024390244
headgroup,R0-001843,False,0.21875,0.78125
headgroup,R0-001845,False,0.3275862068965517,0.6724137931034483
headgroup,R0-001858,False,0.24,0.76
headgroup,R0-001861,False,0.18947368421052632,0.8105263157894737
headgroup,R0-001874,False,0.75,0.25
headgroup,R0-001881,False,0.7307692307692307,0.2692307692307693
headgroup,R0-001890,False,0.7297297297297297,0.2702702702702703
headgroup,R0-001891,False,0.7272727272727273,0.2727272727272727
headgroup,R0-001910,False,0.7105263157894737,0.2894736842105263
headgroup,R0-001916,False,0.6463414634146342,0.35365853658536583
headgroup,R0-001918,False,0.7681159420289855,0.23188405797101452
headgroup,R0-001919,False,0.6219512195121951,0.3780487804878049
headgroup,R0-001924,False,0.5882352941176471,0.4117647058823529
headgroup,R0-001925,False,0.5952380952380952,0.40476190476190477
headgroup,R0-001929,False,0.6172839506172839,0.3827160493827161
headgroup,R0-001945,False,0.7536231884057971,0.24637681159420288
headgroup,R0-001952,False,0.7341772151898734,0.26582278481012656
headgroup,R0-001961,False,0.7333333333333333,0.2666666666666667
headgroup,R0-001962,False,0.7307692307692307,0.2692307692307693
headgroup,R0-001981,False,0.7142857142857143,0.2857142857142857
headgroup,R0-001987,False,0.6506024096385542,0.3493975903614458
headgroup,R0-001989,False,0.7714285714285715,0.22857142857142854
headgroup,R0-001990,False,0.6265060240963856,0.37349397590361444
headgroup,R0-001995,False,0.5930232558139535,0.40697674418604646
headgroup,R0-001996,False,0.6,0.4
headgroup,R0-002000,False,0.6144578313253012,0.3855421686746988
headgroup,R0-002014,False,0.4146341463414634,0.5853658536585367
headgroup,R0-002037,False,0.9111111111111111,0.0888888888888889
headgroup,R0-002049,False,0.9130434782608695,0.08695652173913049
headgroup,R0-002055,False,0.4915254237288136,0.5084745762711864
headgroup,R0-002064,False,0.5161290322580645,0.4838709677419355
headgroup,R0-002068,False,0.475,0.525
headgroup,R0-002079,False,0.9166666666666666,0.08333333333333337
headgroup,R0-002091,False,0.9166666666666666,0.08333333333333337
headgroup,R0-002103,False,0.5151515151515151,0.48484848484848486
headgroup,R0-002108,False,0.4666666666666667,0.5333333333333333
headgroup,R0-002121,False,0.9130434782608695,0.08695652173913049
headgroup,R0-002133,False,0.9148936170212766,0.08510638297872342
headgroup,R0-002149,False,0.5161290322580645,0.4838709677419355
headgroup,R0-002152,False,0.48717948717948717,0.5128205128205128
headgroup,R0-002163,False,0.9183673469387755,0.08163265306122447
headgroup,R0-002175,False,0.9183673469387755,0.08163265306122447
headgroup,R0-002181,False,0.64,0.36
headgroup,R0-002194,False,0.4696969696969697,0.5303030303030303
headgroup,R0-002201,False,0.9736842105263158,0.02631578947368418
headgroup,R0-002207,False,0.9090909090909091,0.09090909090909094
headgroup,R0-002224,False,0.9090909090909091,0.09090909090909094
headgroup,R0-002239,False,0.6458333333333334,0.35416666666666663
headgroup,R0-002240,False,0.6296296296296297,0.37037037037037035
headgroup,R0-002252,False,0.6458333333333334,0.35416666666666663
headgroup,R0-002253,False,0.6296296296296297,0.37037037037037035
headgroup,R0-002257,False,0.3442622950819672,0.6557377049180328
headgroup,R0-002259,False,0.421875,0.578125
headgroup,R0-002267,False,0.5254237288135594,0.47457627118644063
headgroup,R0-002272,False,0.45454545454545453,0.5454545454545454
headgroup,R0-002274,False,0.4444444444444444,0.5555555555555556
headgroup,R0-002282,False,0.9387755102040817,0.061224489795918324
headgroup,R0-002291,False,0.734375,0.265625
headgroup,R0-002292,False,0.8571428571428571,0.1428571428571429
headgroup,R0-002296,False,0.42,0.5800000000000001
headgroup,R0-002298,False,0.5319148936170213,0.46808510638297873
headgroup,R0-002312,False,0.6060606060606061,0.3939393939393939
headgroup,R0-002314,False,0.5714285714285714,0.4285714285714286
headgroup,R0-002328,False,1.0,0.0
headgroup,R0-002346,False,0.5283018867924528,0.4716981132075472
headgroup,R0-002354,False,0.4594594594594595,0.5405405405405406
headgroup,R0-002358,False,0.6451612903225806,0.3548387096774194
headgroup,R0-002359,False,0.631578947368421,0.368421052631579
headgroup,R0-002377,False,0.6962025316455697,0.30379746835443033
headgroup,R0-002381,False,0.6883116883116883,0.3116883116883117
headgroup,R0-002383,False,0.6567164179104478,0.34328358208955223
headgroup,R0-002386,False,0.6721311475409836,0.3278688524590164
headgroup,R0-002398,False,0.7105263157894737,0.2894736842105263
headgroup,R0-002480,False,0.6805555555555556,0.3194444444444444
headgroup,R0-002481,False,0.6756756756756757,0.32432432432432434
headgroup,R0-002482,False,0.6891891891891891,0.31081081081081086
headgroup,R0-002483,False,0.6956521739130435,0.30434782608695654
headgroup,R0-002484,False,0.6944444444444444,0.3055555555555556
headgroup,R0-002485,False,0.7763157894736842,0.22368421052631582
headgroup,R0-002522,False,0.8181818181818182,0.18181818181818177
headgroup,R0-002523,False,0.8305084745762712,0.1694915254237288
headgroup,R0-002524,False,0.8360655737704918,0.16393442622950816
headgroup,R0-002525,False,0.8305084745762712,0.1694915254237288
headgroup,R0-002526,False,0.8214285714285714,0.1785714285714286
headgroup,R0-002527,False,0.8461538461538461,0.15384615384615385
headgroup,R0-002546,False,0.9821428571428571,0.017857142857142905
headgroup,R0-002547,False,0.9833333333333333,0.01666666666666672
headgroup,R0-002548,False,0.9836065573770492,0.016393442622950838
headgroup,R0-002549,False,1.0,0.0
headgroup,R0-002550,False,0.9824561403508771,0.01754385964912286
headgroup,R0-002551,False,0.9833333333333333,0.01666666666666672
headgroup,R0-002601,False,0.6805555555555556,0.3194444444444444
headgroup,R0-002602,False,0.6756756756756757,0.32432432432432434
headgroup,R0-002603,False,0.6891891891891891,0.31081081081081086
headgroup,R0-002604,False,0.6956521739130435,0.30434782608695654
headgroup,R0-002605,False,0.6944444444444444,0.3055555555555556
headgroup,R0-002606,False,0.7763157894736842,0.22368421052631582
headgroup,R0-002643,False,0.8181818181818182,0.18181818181818177
headgroup,R0-002644,False,0.8305084745762712,0.1694915254237288
headgroup,R0-002645,False,0.8360655737704918,0.16393442622950816
headgroup,R0-002646,False,0.8305084745762712,0.1694915254237288
headgroup,R0-002647,False,0.8214285714285714,0.1785714285714286
headgroup,R0-002648,False,0.8461538461538461,0.15384615384615385
headgroup,R0-002667,False,0.9821428571428571,0.017857142857142905
headgroup,R0-002668,False,0.9833333333333333,0.01666666666666672
headgroup,R0-002669,False,0.9836065573770492,0.016393442622950838
headgroup,R0-002670,False,1.0,0.0
headgroup,R0-002671,False,0.9824561403508771,0.01754385964912286
headgroup,R0-002672,False,0.9833333333333333,0.01666666666666672
headgroup,R0-002685,False,1.0,0.0
headgroup,R0-002722,False,0.7439024390243902,0.25609756097560976
headgroup,R0-002723,False,0.7261904761904762,0.27380952380952384
headgroup,R0-002724,False,0.7411764705882353,0.2588235294117647
headgroup,R0-002725,False,0.75,0.25
headgroup,R0-002726,False,0.7560975609756098,0.24390243902439024
headgroup,R0-002727,False,0.8160919540229885,0.1839080459770115
headgroup,R0-002764,False,0.8461538461538461,0.15384615384615385
headgroup,R0-002765,False,0.855072463768116,0.14492753623188404
headgroup,R0-002766,False,0.8611111111111112,0.13888888888888884
headgroup,R0-002767,False,0.8571428571428571,0.1428571428571429
headgroup,R0-002768,False,0.8484848484848485,0.1515151515151515
headgroup,R0-002769,False,0.868421052631579,0.13157894736842102
headgroup,R0-002788,False,0.9848484848484849,0.015151515151515138
headgroup,R0-002789,False,0.9857142857142858,0.014285714285714235
headgroup,R0-002790,False,0.9861111111111112,0.01388888888888884
headgroup,R0-002791,False,1.0,0.0
headgroup,R0-002792,False,0.9850746268656716,0.014925373134328401
headgroup,R0-002793,False,0.9859154929577465,0.014084507042253502
headgroup,R0-002842,False,0.7317073170731707,0.2682926829268293
headgroup,R0-002843,False,0.7441860465116279,0.2558139534883721
headgroup,R0-002844,False,0.7441860465116279,0.2558139534883721
headgroup,R0-002845,False,0.7407407407407407,0.2592592592592593
headgroup,R0-002846,False,0.7468354430379747,0.25316455696202533
headgroup,R0-002847,False,0.8,0.19999999999999996
headgroup,R0-002884,False,0.84375,0.15625
headgroup,R0-002885,False,0.8529411764705882,0.1470588235294118
headgroup,R0-002886,False,0.8571428571428571,0.1428571428571429
headgroup,R0-002887,False,0.8529411764705882,0.1470588235294118
headgroup,R0-002888,False,0.8412698412698413,0.15873015873015872
headgroup,R0-002889,False,0.8648648648648649,0.1351351351351351
headgroup,R0-002908,False,0.9846153846153847,0.01538461538461533
headgroup,R0-002909,False,0.9855072463768116,0.01449275362318836
headgroup,R0-002910,False,0.9857142857142858,0.014285714285714235
headgroup,R0-002911,False,1.0,0.0
headgroup,R0-002912,False,0.984375,0.015625
headgroup,R0-002913,False,0.9855072463768116,0.01449275362318836
headgroup,R0-003009,False,0.9848484848484849,0.015151515151515138
headgroup,R0-003010,False,0.9852941176470589,0.014705882352941124
headgroup,R0-003011,False,0.984375,0.015625
headgroup,R0-003034,False,0.7721518987341772,0.22784810126582278
headgroup,R0-003035,False,0.775,0.22499999999999998
headgroup,R0-003036,False,0.8904109589041096,0.1095890410958904
headgroup,R0-003098,False,0.8591549295774648,0.14084507042253525
headgroup,R0-003099,False,0.863013698630137,0.136986301369863
headgroup,R0-003100,False,0.9014084507042254,0.09859154929577463
headgroup,R0-003101,False,0.8070175438596491,0.19298245614035092
headgroup,R0-003102,False,0.819672131147541,0.180327868852459
headgroup,R0-003103,False,0.8166666666666667,0.18333333333333335
headgroup,R0-003104,False,0.8253968253968254,0.17460317460317465
headgroup,R0-003105,False,0.8070175438596491,0.19298245614035092
headgroup,R0-003110,False,0.7468354430379747,0.25316455696202533
headgroup,R0-003111,False,0.75,0.25
headgroup,R0-003112,False,0.863013698630137,0.136986301369863
headgroup,R0-003118,False,0.6721311475409836,0.3278688524590164
headgroup,R0-003119,False,0.631578947368421,0.368421052631579
headgroup,R0-003136,False,0.717948717948718,0.28205128205128205
headgroup,R0-003140,False,0.7105263157894737,0.2894736842105263
headgroup,R0-003142,False,0.6619718309859155,0.3380281690140845
headgroup,R0-003145,False,0.7971014492753623,0.2028985507246377
headgroup,R0-003146,False,0.576271186440678,0.423728813559322
headgroup,R0-003183,False,0.9864864864864865,0.013513513513513487
headgroup,R0-003191,False,0.7906976744186046,0.2093023255813954
headgroup,R0-003203,False,0.8734177215189873,0.12658227848101267
headgroup,R0-003204,False,0.7674418604651163,0.2325581395348837
headgroup,R0-003217,False,0.9857142857142858,0.014285714285714235
headgroup,R0-003225,False,0.8987341772151899,0.10126582278481011
headgroup,R0-003237,False,0.9090909090909091,0.09090909090909094
headgroup,R0-003238,False,0.8734177215189873,0.12658227848101267
headgroup,R0-003300,True,0.8524590163934426,0.14754098360655743
headgroup,R0-003301,True,0.8524590163934426,0.14754098360655743
headgroup,R0-003302,True,0.8524590163934426,0.14754098360655743
headgroup,R0-003303,True,0.8524590163934426,0.14754098360655743
headgroup,R0-003304,True,0.8524590163934426,0.14754098360655743
headgroup,R0-003330,True,0.6716417910447762,0.32835820895522383
headgroup,R0-003331,True,0.6716417910447762,0.32835820895522383
headgroup,R0-003332,True,0.6716417910447762,0.32835820895522383
headgroup,R0-003333,True,0.6716417910447762,0.32835820895522383
headgroup,R0-003334,True,0.6716417910447762,0.32835820895522383
headgroup,R0-003344,False,0.8,0.19999999999999996
headgroup,R0-003345,False,0.7424242424242424,0.25757575757575757
headgroup,R0-003364,False,0.717391304347826,0.28260869565217395
headgroup,R0-003374,False,0.9722222222222222,0.02777777777777779
headgroup,R0-003380,False,0.5535714285714286,0.4464285714285714
headgroup,R0-003383,False,0.6379310344827587,0.3620689655172413
headgroup,R0-003388,False,0.4642857142857143,0.5357142857142857
headgroup,R0-003393,False,0.4666666666666667,0.5333333333333333
headgroup,R0-003402,False,0.7384615384615385,0.2615384615384615
headgroup,R0-003407,False,0.7121212121212122,0.28787878787878785
headgroup,R0-003415,False,0.7014925373134329,0.29850746268656714
headgroup,R0-003426,False,0.9821428571428571,0.017857142857142905
headgroup,R0-003442,False,0.9814814814814815,0.01851851851851849
headgroup,R0-003487,False,0.5301204819277109,0.4698795180722891
headgroup,R0-003490,False,0.5465116279069767,0.4534883720930233
headgroup,R0-003497,False,0.5428571428571428,0.4571428571428572
headgroup,R0-003500,False,0.5694444444444444,0.4305555555555556
headgroup,R0-003507,False,0.5285714285714286,0.4714285714285714
headgroup,R0-003510,False,0.5555555555555556,0.4444444444444444
headgroup,R0-003519,False,0.7301587301587301,0.2698412698412699
headgroup,R0-003526,False,0.7123287671232876,0.28767123287671237
headgroup,R0-003535,False,0.7101449275362319,0.28985507246376807
headgroup,R0-003536,False,0.7083333333333334,0.29166666666666663
headgroup,R0-003555,False,0.6901408450704225,0.3098591549295775
headgroup,R0-003561,False,0.6582278481012658,0.3417721518987342
headgroup,R0-003563,False,0.75,0.25
headgroup,R0-003564,False,0.5974025974025974,0.4025974025974026
headgroup,R0-003569,False,0.569620253164557,0.430379746835443
headgroup,R0-003570,False,0.569620253164557,0.430379746835443
headgroup,R0-003574,False,0.5844155844155844,0.4155844155844156
headgroup,R0-003588,False,0.6206896551724138,0.3793103448275862
headgroup,R0-003590,False,0.6164383561643836,0.3835616438356164
headgroup,R0-003598,False,0.6507936507936508,0.3492063492063492
headgroup,R0-003612,False,0.647887323943662,0.352112676056338
headgroup,R0-003616,False,0.6578947368421053,0.3421052631578947
headgroup,R0-003618,False,0.640625,0.359375
headgroup,R0-003626,False,0.5373134328358209,0.4626865671641791
headgroup,R0-003629,False,0.5,0.5
headgroup,R0-003635,False,0.5084745762711864,0.4915254237288136
headgroup,R0-003638,False,0.5084745762711864,0.4915254237288136
headgroup,R0-003639,False,0.49295774647887325,0.5070422535211268
headgroup,R0-003640,False,0.5333333333333333,0.4666666666666667
headgroup,R0-003644,False,0.5614035087719298,0.4385964912280702
headgroup,R0-003647,False,0.5614035087719298,0.4385964912280702
headgroup,R0-003658,False,0.7536231884057971,0.24637681159420288
headgroup,R0-003665,False,0.7341772151898734,0.26582278481012656
headgroup,R0-003674,False,0.7333333333333333,0.2666666666666667
headgroup,R0-003675,False,0.7307692307692307,0.2692307692307693
headgroup,R0-003694,False,0.7142857142857143,0.2857142857142857
headgroup,R0-003700,False,0.6506024096385542,0.3493975903614458
headgroup,R0-003702,False,0.7714285714285715,0.22857142857142854
headgroup,R0-003703,False,0.6265060240963856,0.37349397590361444
headgroup,R0-003708,False,0.5930232558139535,0.40697674418604646
headgroup,R0-003709,False,0.6,0.4
headgroup,R0-003713,False,0.6144578313253012,0.3855421686746988
headgroup,R0-003740,False,0.5161290322580645,0.4838709677419355
headgroup,R0-003753,False,0.7435897435897436,0.2564102564102564
headgroup,R0-003754,False,0.6904761904761905,0.30952380952380953
headgroup,R0-003766,False,0.7435897435897436,0.2564102564102564
headgroup,R0-003767,False,0.6904761904761905,0.30952380952380953
headgroup,R0-003775,False,0.6829268292682927,0.31707317073170727
headgroup,R0-003776,False,0.7105263157894737,0.2894736842105263
headgroup,R0-003781,False,0.4915254237288136,0.5084745762711864
headgroup,R0-003785,False,0.4166666666666667,0.5833333333333333
headgroup,R0-003808,False,0.9130434782608695,0.08695652173913049
headgroup,R0-003820,False,0.9148936170212766,0.08510638297872342
headgroup,R0-003836,False,0.5238095238095238,0.47619047619047616
headgroup,R0-003838,False,0.6029411764705882,0.3970588235294118
headgroup,R0-003850,False,0.9183673469387755,0.08163265306122447
headgroup,R0-003870,False,0.515625,0.484375
headgroup,R0-003874,False,0.94,0.06000000000000005
headgroup,R0-003883,False,0.7384615384615385,0.2615384615384615
headgroup,R0-003884,False,0.873015873015873,0.12698412698412698
headgroup,R0-003888,False,0.7435897435897436,0.2564102564102564
headgroup,R0-003896,False,0.7916666666666666,0.20833333333333337
headgroup,R0-003904,False,0.7777777777777778,0.2222222222222222
headgroup,R0-003912,False,0.7777777777777778,0.2222222222222222
headgroup,R0-003920,False,0.7619047619047619,0.23809523809523814
headgroup,R0-003928,False,0.7727272727272727,0.2272727272727273
headgroup,R0-003936,False,0.7872340425531915,0.21276595744680848
headgroup,R0-003944,False,0.8,0.19999999999999996
headgroup,R0-003952,False,0.8076923076923077,0.1923076923076923
headgroup,R0-003976,False,0.46938775510204084,0.5306122448979591
headgroup,R0-003978,False,0.5869565217391305,0.4130434782608695
headgroup,R0-003984,False,0.6875,0.3125
headgroup,R0-003986,False,0.6111111111111112,0.38888888888888884
headgroup,R0-004001,False,0.6274509803921569,0.37254901960784315
headgroup,R0-004003,False,0.6666666666666666,0.33333333333333337
headgroup,R0-004006,False,0.5441176470588235,0.4558823529411765
headgroup,R0-004016,False,0.6578947368421053,0.3421052631578947
headgroup,R0-004021,False,0.6351351351351351,0.3648648648648649
headgroup,R0-004022,False,0.618421052631579,0.381578947368421
headgroup,R0-004028,False,0.4444444444444444,0.5555555555555556
headgroup,R0-004031,False,0.42857142857142855,0.5714285714285714
headgroup,R0-004034,False,0.42857142857142855,0.5714285714285714
headgroup,R0-004038,False,0.42857142857142855,0.5714285714285714
headgroup,R0-004046,False,0.42857142857142855,0.5714285714285714
headgroup,R0-004052,False,0.38596491228070173,0.6140350877192983
headgroup,R0-004056,False,0.38596491228070173,0.6140350877192983
headgroup,R0-004060,False,0.3793103448275862,0.6206896551724138
headgroup,R0-004064,False,0.3939393939393939,0.6060606060606061
headgroup,R0-004068,False,0.39285714285714285,0.6071428571428572
headgroup,R0-004074,False,0.9841269841269841,0.015873015873015928
headgroup,R0-004076,False,0.7692307692307693,0.23076923076923073
headgroup,R0-004078,False,0.7681159420289855,0.23188405797101452
headgroup,R0-004178,False,0.4634146341463415,0.5365853658536586
headgroup,R0-004181,False,0.4880952380952381,0.5119047619047619
headgroup,R0-004188,False,0.4634146341463415,0.5365853658536586
headgroup,R0-004191,False,0.4878048780487805,0.5121951219512195
headgroup,R0-004198,False,0.45121951219512196,0.5487804878048781
headgroup,R0-004201,False,0.47560975609756095,0.524390243902439
headgroup,R0-004208,False,0.5168539325842697,0.4831460674157303
headgroup,R0-004211,False,0.5384615384615384,0.46153846153846156
headgroup,R0-004218,False,0.5172413793103449,0.48275862068965514
headgroup,R0-004221,False,0.5393258426966292,0.4606741573033708
headgroup,R0-004228,False,0.5057471264367817,0.49425287356321834
headgroup,R0-004231,False,0.5280898876404494,0.4719101123595506
headgroup,R0-004242,False,0.75,0.25
headgroup,R0-004249,False,0.7307692307692307,0.2692307692307693
headgroup,R0-004258,False,0.7297297297297297,0.2702702702702703
headgroup,R0-004259,False,0.7272727272727273,0.2727272727272727
headgroup,R0-004278,False,0.7105263157894737,0.2894736842105263
headgroup,R0-004284,False,0.6463414634146342,0.35365853658536583
headgroup,R0-004286,False,0.7681159420289855,0.23188405797101452
headgroup,R0-004287,False,0.6219512195121951,0.3780487804878049
headgroup,R0-004292,False,0.5882352941176471,0.4117647058823529
headgroup,R0-004293,False,0.5952380952380952,0.40476190476190477
headgroup,R0-004297,False,0.6172839506172839,0.3827160493827161
headgroup,R0-004315,False,0.7536231884057971,0.24637681159420288
headgroup,R0-004322,False,0.7341772151898734,0.26582278481012656
headgroup,R0-004331,False,0.7333333333333333,0.2666666666666667
headgroup,R0-004332,False,0.7307692307692307,0.2692307692307693
headgroup,R0-004351,False,0.7142857142857143,0.2857142857142857
headgroup,R0-004357,False,0.6506024096385542,0.3493975903614458
headgroup,R0-004359,False,0.7714285714285715,0.22857142857142854
headgroup,R0-004360,False,0.6265060240963856,0.37349397590361444
headgroup,R0-004365,False,0.5930232558139535,0.40697674418604646
headgroup,R0-004366,False,0.6,0.4
headgroup,R0-004370,False,0.6144578313253012,0.3855421686746988
headgroup,R0-004382,False,0.6551724137931034,0.3448275862068966
headgroup,R0-004383,False,0.6164383561643836,0.3835616438356164
headgroup,R0-004399,False,0.6811594202898551,0.3188405797101449
headgroup,R0-004403,False,0.7027027027027027,0.29729729729729726
headgroup,R0-004405,False,0.6470588235294118,0.3529411764705882
headgroup,R0-004417,False,0.45454545454545453,0.5454545454545454
headgroup,R0-004419,False,0.58,0.42000000000000004
headgroup,R0-004435,False,0.7435897435897436,0.2564102564102564
headgroup,R0-004436,False,0.6904761904761905,0.30952380952380953
headgroup,R0-004448,False,0.7435897435897436,0.2564102564102564
headgroup,R0-004449,False,0.6904761904761905,0.30952380952380953
headgroup,R0-004457,False,0.7073170731707317,0.29268292682926833
headgroup,R0-004458,False,0.7368421052631579,0.26315789473684215
headgroup,R0-004472,False,0.9069767441860465,0.09302325581395354
headgroup,R0-004476,False,0.5970149253731343,0.4029850746268657
headgroup,R0-004477,False,0.6101694915254238,0.38983050847457623
headgroup,R0-004489,False,0.6164383561643836,0.3835616438356164
headgroup,R0-004515,False,0.6811594202898551,0.3188405797101449
headgroup,R0-004520,False,0.6329113924050633,0.36708860759493667
headgroup,R0-004521,False,0.7027027027027027,0.29729729729729726
headgroup,R0-004523,False,0.6470588235294118,0.3529411764705882
headgroup,R0-004525,False,0.7391304347826086,0.26086956521739135
headgroup,R0-004527,False,0.8032786885245902,0.19672131147540983
headgroup,R0-004531,False,0.7323943661971831,0.2676056338028169
headgroup,R0-004535,False,0.6923076923076923,0.3076923076923077
headgroup,R0-004537,False,0.7966101694915254,0.2033898305084746
headgroup,R0-004552,False,1.0,0.0
headgroup,R0-004567,False,0.7555555555555555,0.24444444444444446
headgroup,R0-004568,False,0.7254901960784313,0.27450980392156865
headgroup,R0-004580,False,0.7555555555555555,0.24444444444444446
headgroup,R0-004581,False,0.7254901960784313,0.27450980392156865
headgroup,R0-004590,False,0.7446808510638298,0.25531914893617025
headgroup,R0-004592,False,0.7272727272727273,0.2727272727272727
headgroup,R0-004595,False,0.6166666666666667,0.3833333333333333
headgroup,R0-004603,False,0.94,0.06000000000000005
headgroup,R0-004612,False,0.7384615384615385,0.2615384615384615
headgroup,R0-004613,False,0.8870967741935484,0.11290322580645162
headgroup,R0-004616,False,0.75,0.25
headgroup,R0-004624,False,0.7959183673469388,0.20408163265306123
headgroup,R0-004632,False,0.782608695652174,0.21739130434782605
headgroup,R0-004640,False,0.782608695652174,0.21739130434782605
headgroup,R0-004648,False,0.7674418604651163,0.2325581395348837
headgroup,R0-004656,False,0.7777777777777778,0.2222222222222222
headgroup,R0-004664,False,0.7916666666666666,0.20833333333333337
headgroup,R0-004672,False,0.8048780487804879,0.19512195121951215
headgroup,R0-004680,False,0.8048780487804879,0.19512195121951215
headgroup,R0-004688,False,0.8113207547169812,0.18867924528301883
headgroup,R0-004715,False,0.6545454545454545,0.34545454545454546
headgroup,R0-004719,False,0.46938775510204084,0.5306122448979591
headgroup,R0-004722,False,0.9122807017543859,0.08771929824561409
headgroup,R0-004723,False,0.6086956521739131,0.3913043478260869
headgroup,R0-004737,False,0.64,0.36
headgroup,R0-004739,False,0.71875,0.28125
headgroup,R0-004742,False,0.6388888888888888,0.36111111111111116
headgroup,R0-004749,False,1.0,0.0
headgroup,R0-004756,False,1.0,0.0
headgroup,R0-004831,False,0.8448275862068966,0.15517241379310343
headgroup,R0-004832,True,0.85,0.15000000000000002
headgroup,R0-004833,True,0.8421052631578947,0.1578947368421053
headgroup,R0-004834,True,0.8421052631578947,0.1578947368421053
headgroup,R0-004835,True,0.8421052631578947,0.1578947368421053
headgroup,R0-004836,True,0.8421052631578947,0.1578947368421053
headgroup,R0-004867,False,0.640625,0.359375
headgroup,R0-004868,True,0.6515151515151515,0.3484848484848485
headgroup,R0-004869,True,0.6349206349206349,0.3650793650793651
headgroup,R0-004870,True,0.6349206349206349,0.3650793650793651
headgroup,R0-004871,True,0.6349206349206349,0.3650793650793651
headgroup,R0-004872,True,0.6349206349206349,0.3650793650793651
headgroup,R0-004939,True,0.8448275862068966,0.15517241379310343
headgroup,R0-004940,True,0.8421052631578947,0.1578947368421053
headgroup,R0-004941,True,0.8421052631578947,0.1578947368421053
headgroup,R0-004942,True,0.8421052631578947,0.1578947368421053
headgroup,R0-004943,True,0.8421052631578947,0.1578947368421053
headgroup,R0-004969,True,0.640625,0.359375
headgroup,R0-004970,True,0.6349206349206349,0.3650793650793651
headgroup,R0-004971,True,0.6349206349206349,0.3650793650793651
headgroup,R0-004972,True,0.6349206349206349,0.3650793650793651
headgroup,R0-004973,True,0.6349206349206349,0.3650793650793651
headgroup,R0-004984,False,1.0,0.0
headgroup,R0-005006,False,0.7962962962962963,0.20370370370370372
headgroup,R0-005007,False,0.8103448275862069,0.18965517241379315
headgroup,R0-005008,False,0.8070175438596491,0.19298245614035092
headgroup,R0-005009,False,0.8166666666666667,0.18333333333333335
headgroup,R0-005016,False,0.391304347826087,0.6086956521739131
headgroup,R0-005020,False,0.40350877192982454,0.5964912280701755
headgroup,R0-005024,False,0.39655172413793105,0.603448275862069
headgroup,R0-005028,False,0.4090909090909091,0.5909090909090908
headgroup,R0-005032,False,0.4032258064516129,0.5967741935483871
headgroup,R0-005038,False,0.6190476190476191,0.38095238095238093
headgroup,R0-005044,False,0.7708333333333334,0.22916666666666663
headgroup,R0-005047,False,0.6164383561643836,0.3835616438356164
headgroup,R0-005063,False,0.6811594202898551,0.3188405797101449
headgroup,R0-005067,False,0.7027027027027027,0.29729729729729726
headgroup,R0-005069,False,0.6470588235294118,0.3529411764705882
headgroup,R0-005088,False,0.532258064516129,0.467741935483871
headgroup,R0-005089,False,0.5208333333333334,0.47916666666666663
headgroup,R0-005092,False,0.5,0.5
headgroup,R0-005105,False,0.7435897435897436,0.2564102564102564
headgroup,R0-005106,False,0.6904761904761905,0.30952380952380953
headgroup,R0-005118,False,0.7435897435897436,0.2564102564102564
headgroup,R0-005119,False,0.6904761904761905,0.30952380952380953
headgroup,R0-005122,False,0.6857142857142857,0.3142857142857143
headgroup,R0-005132,False,0.7073170731707317,0.29268292682926833
headgroup,R0-005133,False,0.7368421052631579,0.26315789473684215
headgroup,R0-005145,False,0.9629629629629629,0.03703703703703709
headgroup,R0-005157,False,0.9069767441860465,0.09302325581395354
headgroup,R0-005164,False,0.75,0.25
headgroup,R0-005172,False,0.7959183673469388,0.20408163265306123
headgroup,R0-005180,False,0.782608695652174,0.21739130434782605
headgroup,R0-005188,False,0.782608695652174,0.21739130434782605
headgroup,R0-005196,False,0.7674418604651163,0.2325581395348837
headgroup,R0-005204,False,0.7777777777777778,0.2222222222222222
headgroup,R0-005212,False,0.7916666666666666,0.20833333333333337
headgroup,R0-005220,False,0.8048780487804879,0.19512195121951215
headgroup,R0-005228,False,0.8048780487804879,0.19512195121951215
headgroup,R0-005236,False,0.8113207547169812,0.18867924528301883
headgroup,R0-005265,False,0.46938775510204084,0.5306122448979591
headgroup,R0-005267,False,0.6086956521739131,0.3913043478260869
headgroup,R0-005273,False,0.71875,0.28125
headgroup,R0-005275,False,0.6388888888888888,0.36111111111111116
headgroup,R0-005277,False,0.5961538461538461,0.40384615384615385
headgroup,R0-005287,False,0.4523809523809524,0.5476190476190477
headgroup,R0-005290,False,0.4166666666666667,0.5833333333333333
headgroup,R0-005291,False,0.3709677419354839,0.6290322580645161
headgroup,R0-005358,False,0.6666666666666666,0.33333333333333337
headgroup,R0-005359,False,0.6619718309859155,0.3380281690140845
headgroup,R0-005360,False,0.676056338028169,0.323943661971831
headgroup,R0-005361,False,0.6818181818181818,0.31818181818181823
headgroup,R0-005362,False,0.6811594202898551,0.3188405797101449
headgroup,R0-005363,False,0.7671232876712328,0.23287671232876717
headgroup,R0-005400,False,0.8076923076923077,0.1923076923076923
headgroup,R0-005401,False,0.8214285714285714,0.1785714285714286
headgroup,R0-005402,False,0.8275862068965517,0.1724137931034483
headgroup,R0-005403,False,0.8214285714285714,0.1785714285714286
headgroup,R0-005404,False,0.8113207547169812,0.18867924528301883
headgroup,R0-005405,False,0.8387096774193549,0.16129032258064513
headgroup,R0-005424,False,0.9811320754716981,0.018867924528301883
headgroup,R0-005425,False,0.9824561403508771,0.01754385964912286
headgroup,R0-005426,False,0.9827586206896551,0.017241379310344862
headgroup,R0-005427,False,1.0,0.0
headgroup,R0-005428,False,0.9814814814814815,0.01851851851851849
headgroup,R0-005429,False,0.9824561403508771,0.01754385964912286
headgroup,R0-005478,False,0.6666666666666666,0.33333333333333337
headgroup,R0-005479,False,0.6619718309859155,0.3380281690140845
headgroup,R0-005480,False,0.676056338028169,0.323943661971831
headgroup,R0-005481,False,0.6818181818181818,0.31818181818181823
headgroup,R0-005482,False,0.6811594202898551,0.3188405797101449
headgroup,R0-005483,False,0.7671232876712328,0.23287671232876717
headgroup,R0-005520,False,0.8076923076923077,0.1923076923076923
headgroup,R0-005521,False,0.8214285714285714,0.1785714285714286
headgroup,R0-005522,False,0.8275862068965517,0.1724137931034483
headgroup,R0-005523,False,0.8214285714285714,0.1785714285714286
headgroup,R0-005524,False,0.8113207547169812,0.18867924528301883
headgroup,R0-005525,False,0.8387096774193549,0.16129032258064513
headgroup,R0-005544,False,0.9811320754716981,0.018867924528301883
headgroup,R0-005545,False,0.9824561403508771,0.01754385964912286
headgroup,R0-005546,False,0.9827586206896551,0.017241379310344862
headgroup,R0-005547,False,1.0,0.0
headgroup,R0-005548,False,0.9814814814814815,0.01851851851851849
headgroup,R0-005549,False,0.9824561403508771,0.01754385964912286
headgroup,R0-005598,False,0.7341772151898734,0.26582278481012656
headgroup,R0-005599,False,0.7160493827160493,0.28395061728395066
headgroup,R0-005600,False,0.7317073170731707,0.2682926829268293
headgroup,R0-005601,False,0.7402597402597403,0.2597402597402597
headgroup,R0-005602,False,0.7468354430379747,0.25316455696202533
headgroup,R0-005603,False,0.8095238095238095,0.19047619047619047
headgroup,R0-005640,False,0.8387096774193549,0.16129032258064513
headgroup,R0-005641,False,0.8484848484848485,0.1515151515151515
headgroup,R0-005642,False,0.855072463768116,0.14492753623188404
headgroup,R0-005643,False,0.8507462686567164,0.14925373134328357
headgroup,R0-005644,False,0.8412698412698413,0.15873015873015872
headgroup,R0-005645,False,0.863013698630137,0.136986301369863
headgroup,R0-005664,False,0.9841269841269841,0.015873015873015928
headgroup,R0-005665,False,0.9850746268656716,0.014925373134328401
headgroup,R0-005666,False,0.9855072463768116,0.01449275362318836
headgroup,R0-005667,False,1.0,0.0
headgroup,R0-005668,False,0.984375,0.015625
headgroup,R0-005669,False,0.9852941176470589,0.014705882352941124
headgroup,R0-005718,False,0.7215189873417721,0.2784810126582279
headgroup,R0-005719,False,0.7349397590361446,0.2650602409638554
headgroup,R0-005720,False,0.7349397590361446,0.2650602409638554
headgroup,R0-005721,False,0.7307692307692307,0.2692307692307693
headgroup,R0-005722,False,0.7368421052631579,0.26315789473684215
headgroup,R0-005723,False,0.7926829268292683,0.20731707317073167
headgroup,R0-005760,False,0.8360655737704918,0.16393442622950816
headgroup,R0-005761,False,0.8461538461538461,0.15384615384615385
headgroup,R0-005762,False,0.8507462686567164,0.14925373134328357
headgroup,R0-005763,False,0.8461538461538461,0.15384615384615385
headgroup,R0-005764,False,0.8333333333333334,0.16666666666666663
headgroup,R0-005765,False,0.8591549295774648,0.14084507042253525
headgroup,R0-005784,False,0.9838709677419355,0.016129032258064502
headgroup,R0-005785,False,0.9848484848484849,0.015151515151515138
headgroup,R0-005786,False,0.9850746268656716,0.014925373134328401
headgroup,R0-005787,False,1.0,0.0
headgroup,R0-005788,False,0.9836065573770492,0.016393442622950838
headgroup,R0-005789,False,0.9848484848484849,0.015151515151515138
headgroup,R0-005854,False,1.0,0.0
headgroup,R0-005855,False,0.9846153846153847,0.01538461538461533
headgroup,R0-005870,False,0.7682926829268293,0.23170731707317072
headgroup,R0-005871,False,0.7692307692307693,0.23076923076923073
headgroup,R0-005910,False,0.8714285714285714,0.12857142857142856
headgroup,R0-005911,False,0.8571428571428571,0.1428571428571429
headgroup,R0-005912,False,0.75,0.25
headgroup,R0-005913,False,0.7435897435897436,0.2564102564102564
headgroup,R0-005924,False,0.6551724137931034,0.3448275862068966
headgroup,R0-005925,False,0.6164383561643836,0.3835616438356164
headgroup,R0-005944,False,0.6811594202898551,0.3188405797101449
headgroup,R0-005948,False,0.7027027027027027,0.29729729729729726
headgroup,R0-005950,False,0.6470588235294118,0.3529411764705882
headgroup,R0-005952,False,0.5535714285714286,0.4464285714285714
headgroup,R0-005981,False,0.9846153846153847,0.01538461538461533
headgroup,R0-005989,False,0.7692307692307693,0.23076923076923073
headgroup,R0-006000,False,0.8571428571428571,0.1428571428571429
headgroup,R0-006001,False,0.7435897435897436,0.2564102564102564
headgroup,R0-006060,True,0.8448275862068966,0.15517241379310343
headgroup,R0-006061,True,0.8448275862068966,0.15517241379310343
headgroup,R0-006062,True,0.8448275862068966,0.15517241379310343
headgroup,R0-006063,True,0.8448275862068966,0.15517241379310343
headgroup,R0-006084,True,0.6493506493506493,0.35064935064935066
headgroup,R0-006085,True,0.6493506493506493,0.35064935064935066
headgroup,R0-006086,True,0.6493506493506493,0.35064935064935066
headgroup,R0-006087,True,0.6493506493506493,0.35064935064935066
headgroup,R0-006095,False,0.7945205479452054,0.20547945205479456
headgroup,R0-006096,False,0.9090909090909091,0.09090909090909094
headgroup,R0-006098,False,0.7301587301587301,0.2698412698412699
headgroup,R0-006122,False,0.6976744186046512,0.3023255813953488
headgroup,R0-006132,False,0.9696969696969697,0.030303030303030276
headgroup,R0-006167,False,0.782608695652174,0.21739130434782605
headgroup,R0-006175,False,0.8181818181818182,0.18181818181818177
headgroup,R0-006183,False,0.8076923076923077,0.1923076923076923
headgroup,R0-006191,False,0.803921568627451,0.196078431372549
headgroup,R0-006199,False,0.7916666666666666,0.20833333333333337
headgroup,R0-006207,False,0.8,0.19999999999999996
headgroup,R0-006215,False,0.8148148148148148,0.18518518518518523
headgroup,R0-006223,False,0.8297872340425532,0.17021276595744683
headgroup,R0-006231,False,0.8297872340425532,0.17021276595744683
headgroup,R0-006239,False,0.8305084745762712,0.1694915254237288
headgroup,R0-006299,False,0.44,0.56
headgroup,R0-006305,False,0.4444444444444444,0.5555555555555556
headgroup,R0-006308,False,0.4666666666666667,0.5333333333333333
headgroup,R0-006313,False,0.45161290322580644,0.5483870967741935
headgroup,R0-006319,False,0.4426229508196721,0.5573770491803278
headgroup,R0-006322,False,0.47619047619047616,0.5238095238095238
headgroup,R0-006327,False,0.4492753623188406,0.5507246376811594
headgroup,R0-006333,False,0.4444444444444444,0.5555555555555556
headgroup,R0-006336,False,0.4714285714285714,0.5285714285714286
headgroup,R0-006340,False,0.4647887323943662,0.5352112676056338
headgroup,R0-006344,False,0.45714285714285713,0.5428571428571429
headgroup,R0-006359,False,0.5849056603773585,0.41509433962264153
headgroup,R0-006364,False,0.5967741935483871,0.4032258064516129
headgroup,R0-006369,False,0.48936170212765956,0.5106382978723405
headgroup,R0-006374,False,0.46938775510204084,0.5306122448979591
headgroup,R0-006376,False,0.46938775510204084,0.5306122448979591
headgroup,R0-006386,False,1.0,0.0
headgroup,R0-006468,True,0.8548387096774194,0.14516129032258063
headgroup,R0-006474,True,0.6716417910447762,0.32835820895522383
headgroup,R0-006488,True,0.8448275862068966,0.15517241379310343
headgroup,R0-006494,True,0.6493506493506493,0.35064935064935066
headgroup,R0-006508,True,0.8448275862068966,0.15517241379310343
headgroup,R0-006514,True,0.6493506493506493,0.35064935064935066
headgroup,R0-006528,True,0.8448275862068966,0.15517241379310343
headgroup,R0-006534,True,0.6493506493506493,0.35064935064935066
headgroup,R0-006548,True,0.8448275862068966,0.15517241379310343
headgroup,R0-006554,True,0.6493506493506493,0.35064935064935066
headgroup,R0-006569,False,0.8448275862068966,0.15517241379310343
headgroup,R0-006575,False,0.6493506493506493,0.35064935064935066
headgroup,R0-006589,True,0.8448275862068966,0.15517241379310343
headgroup,R0-006595,True,0.6493506493506493,0.35064935064935066
headgroup,R0-006609,True,0.8448275862068966,0.15517241379310343
headgroup,R0-006615,True,0.6493506493506493,0.35064935064935066
headgroup,R0-006682,False,0.5543478260869565,0.44565217391304346
headgroup,R0-006685,False,0.5638297872340425,0.43617021276595747
headgroup,R0-006692,False,0.5393258426966292,0.4606741573033708
headgroup,R0-006695,False,0.5494505494505495,0.4505494505494505
headgroup,R0-006702,False,0.5454545454545454,0.4545454545454546
headgroup,R0-006705,False,0.5555555555555556,0.4444444444444444
headgroup,R0-006712,False,0.5061728395061729,0.49382716049382713
headgroup,R0-006715,False,0.5238095238095238,0.47619047619047616
headgroup,R0-006722,False,0.5147058823529411,0.4852941176470589
headgroup,R0-006725,False,0.5428571428571428,0.4571428571428572
headgroup,R0-006732,False,0.5,0.5
headgroup,R0-006735,False,0.5285714285714286,0.4714285714285714
headgroup,R0-006757,False,0.7166666666666667,0.2833333333333333
headgroup,R0-006764,False,0.7,0.30000000000000004
headgroup,R0-006773,False,0.696969696969697,0.303030303030303
headgroup,R0-006774,False,0.6956521739130435,0.30434782608695654
headgroup,R0-006793,False,0.6764705882352942,0.32352941176470584
headgroup,R0-006799,False,0.6493506493506493,0.35064935064935066
headgroup,R0-006801,False,0.7377049180327869,0.2622950819672131
headgroup,R0-006802,False,0.581081081081081,0.41891891891891897
headgroup,R0-006807,False,0.5454545454545454,0.4545454545454546
headgroup,R0-006808,False,0.5526315789473685,0.4473684210526315
headgroup,R0-006812,False,0.5675675675675675,0.43243243243243246
headgroup,R0-006857,False,0.6956521739130435,0.30434782608695654
headgroup,R0-006858,False,0.676056338028169,0.323943661971831
headgroup,R0-006859,False,0.6986301369863014,0.3013698630136986
headgroup,R0-006860,False,0.7014925373134329,0.29850746268656714
headgroup,R0-006861,False,0.7,0.30000000000000004
headgroup,R0-006862,False,0.7837837837837838,0.21621621621621623
headgroup,R0-006899,False,0.8076923076923077,0.1923076923076923
headgroup,R0-006900,False,0.8214285714285714,0.1785714285714286
headgroup,R0-006901,False,0.8333333333333334,0.16666666666666663
headgroup,R0-006902,False,0.8245614035087719,0.17543859649122806
headgroup,R0-006903,False,0.8148148148148148,0.18518518518518523
headgroup,R0-006904,False,0.8412698412698413,0.15873015873015872
headgroup,R0-006923,False,0.9811320754716981,0.018867924528301883
headgroup,R0-006924,False,0.9824561403508771,0.01754385964912286
headgroup,R0-006925,False,0.9833333333333333,0.01666666666666672
headgroup,R0-006926,False,1.0,0.0
headgroup,R0-006927,False,0.9818181818181818,0.018181818181818188
headgroup,R0-006928,False,0.9827586206896551,0.017241379310344862
headgroup,R0-006977,False,0.6666666666666666,0.33333333333333337
headgroup,R0-006978,False,0.6619718309859155,0.3380281690140845
headgroup,R0-006979,False,0.676056338028169,0.323943661971831
headgroup,R0-006980,False,0.6818181818181818,0.31818181818181823
headgroup,R0-006981,False,0.6811594202898551,0.3188405797101449
headgroup,R0-006982,False,0.7671232876712328,0.23287671232876717
headgroup,R0-007019,False,0.8076923076923077,0.1923076923076923
headgroup,R0-007020,False,0.8214285714285714,0.1785714285714286
headgroup,R0-007021,False,0.8275862068965517,0.1724137931034483
headgroup,R0-007022,False,0.8214285714285714,0.1785714285714286
headgroup,R0-007023,False,0.8113207547169812,0.18867924528301883
headgroup,R0-007024,False,0.8387096774193549,0.16129032258064513
headgroup,R0-007043,False,0.9811320754716981,0.018867924528301883
headgroup,R0-007044,False,0.9824561403508771,0.01754385964912286
headgroup,R0-007045,False,0.9827586206896551,0.017241379310344862
headgroup,R0-007046,False,1.0,0.0
headgroup,R0-007047,False,0.9814814814814815,0.01851851851851849
headgroup,R0-007048,False,0.9824561403508771,0.01754385964912286
headgroup,R0-007069,False,0.6078431372549019,0.3921568627450981
headgroup,R0-007071,False,0.5957446808510638,0.4042553191489362
headgroup,R0-007074,False,0.5,0.5
headgroup,R0-007082,False,0.391304347826087,0.6086956521739131
headgroup,R0-007086,False,0.40350877192982454,0.5964912280701755
headgroup,R0-007090,False,0.39655172413793105,0.603448275862069
headgroup,R0-007094,False,0.4090909090909091,0.5909090909090908
headgroup,R0-007098,False,0.4032258064516129,0.5967741935483871
headgroup,R0-007103,False,0.5102040816326531,0.4897959183673469
headgroup,R0-007106,False,0.4444444444444444,0.5555555555555556
headgroup,R0-007146,False,0.7435897435897436,0.2564102564102564
headgroup,R0-007147,False,0.6904761904761905,0.30952380952380953
headgroup,R0-007160,False,0.7435897435897436,0.2564102564102564
headgroup,R0-007161,False,0.6904761904761905,0.30952380952380953
headgroup,R0-007170,False,0.7073170731707317,0.29268292682926833
headgroup,R0-007171,False,0.7368421052631579,0.26315789473684215
headgroup,R0-007185,False,0.9069767441860465,0.09302325581395354
headgroup,R0-007198,False,0.703125,0.296875
headgroup,R0-007199,False,0.7246376811594203,0.2753623188405797
headgroup,R0-007232,False,0.9824561403508771,0.01754385964912286
headgroup,R0-007233,False,0.9772727272727273,0.022727272727272707
headgroup,R0-007236,False,0.6724137931034483,0.3275862068965517
headgroup,R0-007244,False,0.6,0.4
headgroup,R0-007245,False,0.5964912280701754,0.4035087719298246
headgroup,R0-007283,False,0.9428571428571428,0.05714285714285716
headgroup,R0-007287,False,0.6060606060606061,0.3939393939393939
headgroup,R0-007288,False,0.6,0.4
headgroup,R0-007306,False,0.6164383561643836,0.3835616438356164
headgroup,R0-007310,False,0.6410256410256411,0.3589743589743589
headgroup,R0-007312,False,0.6212121212121212,0.3787878787878788
headgroup,R0-007313,False,0.5230769230769231,0.4769230769230769
headgroup,R0-007324,False,0.6491228070175439,0.3508771929824561
headgroup,R0-007327,False,0.717391304347826,0.28260869565217395
headgroup,R0-007328,False,0.7555555555555555,0.24444444444444446
headgroup,R0-007329,False,0.7391304347826086,0.26086956521739135
headgroup,R0-007332,False,0.7555555555555555,0.24444444444444446
headgroup,R0-007333,False,0.7391304347826086,0.26086956521739135
headgroup,R0-007373,False,0.704225352112676,0.295774647887324
headgroup,R0-007374,False,0.684931506849315,0.31506849315068497
headgroup,R0-007375,False,0.7066666666666667,0.29333333333333333
headgroup,R0-007376,False,0.7101449275362319,0.28985507246376807
headgroup,R0-007377,False,0.7083333333333334,0.29166666666666663
headgroup,R0-007378,False,0.7894736842105263,0.21052631578947367
headgroup,R0-007415,False,0.8148148148148148,0.18518518518518523
headgroup,R0-007416,False,0.8275862068965517,0.1724137931034483
headgroup,R0-007417,False,0.8387096774193549,0.16129032258064513
headgroup,R0-007418,False,0.8305084745762712,0.1694915254237288
headgroup,R0-007419,False,0.8214285714285714,0.1785714285714286
headgroup,R0-007420,False,0.8461538461538461,0.15384615384615385
headgroup,R0-007439,False,0.9818181818181818,0.018181818181818188
headgroup,R0-007440,False,0.9830508474576272,0.016949152542372836
headgroup,R0-007441,False,0.9838709677419355,0.016129032258064502
headgroup,R0-007442,False,1.0,0.0
headgroup,R0-007443,False,0.9824561403508771,0.01754385964912286
headgroup,R0-007444,False,0.9833333333333333,0.01666666666666672
headgroup,R0-007459,False,0.6153846153846154,0.3846153846153846
headgroup,R0-007462,False,0.5535714285714286,0.4464285714285714
headgroup,R0-007465,False,0.5344827586206896,0.4655172413793104
headgroup,R0-007482,False,0.9642857142857143,0.0357142857142857
headgroup,R0-007493,False,0.7391304347826086,0.26086956521739135
headgroup,R0-007495,False,0.7380952380952381,0.26190476190476186
headgroup,R0-007498,False,0.6271186440677966,0.3728813559322034
headgroup,R0-007509,False,0.75,0.25
headgroup,R0-007517,False,0.7959183673469388,0.20408163265306123
headgroup,R0-007525,False,0.782608695652174,0.21739130434782605
headgroup,R0-007533,False,0.782608695652174,0.21739130434782605
headgroup,R0-007541,False,0.7674418604651163,0.2325581395348837
headgroup,R0-007549,False,0.7777777777777778,0.2222222222222222
headgroup,R0-007557,False,0.7916666666666666,0.20833333333333337
headgroup,R0-007565,False,0.8048780487804879,0.19512195121951215
headgroup,R0-007573,False,0.8048780487804879,0.19512195121951215
headgroup,R0-007581,False,0.8113207547169812,0.18867924528301883
headgroup,R0-007607,False,0.6666666666666666,0.33333333333333337
headgroup,R0-007618,False,0.7205882352941176,0.27941176470588236
headgroup,R0-007631,False,1.0,0.0
headgroup,R0-007648,False,0.9649122807017544,0.03508771929824561
headgroup,R0-007651,False,1.0,0.0
headgroup,R0-007721,False,0.4782608695652174,0.5217391304347826
headgroup,R0-007724,False,0.49295774647887325,0.5070422535211268
headgroup,R0-007731,False,0.5230769230769231,0.4769230769230769
headgroup,R0-007734,False,0.5373134328358209,0.4626865671641791
headgroup,R0-007741,False,0.4925373134328358,0.5074626865671642
headgroup,R0-007744,False,0.5072463768115942,0.49275362318840576
headgroup,R0-007765,False,0.7727272727272727,0.2272727272727273
headgroup,R0-007770,False,0.7450980392156863,0.2549019607843137
headgroup,R0-007771,False,0.7906976744186046,0.2093023255813954
headgroup,R0-007778,False,0.7450980392156863,0.2549019607843137
headgroup,R0-007780,False,0.6153846153846154,0.3846153846153846
headgroup,R0-007785,False,0.7450980392156863,0.2549019607843137
headgroup,R0-007790,False,0.43661971830985913,0.5633802816901409
headgroup,R0-007805,False,0.46938775510204084,0.5306122448979591
headgroup,R0-007808,False,0.9122807017543859,0.08771929824561409
headgroup,R0-007809,False,0.6086956521739131,0.3913043478260869
headgroup,R0-007828,False,0.64,0.36
headgroup,R0-007830,False,0.71875,0.28125
headgroup,R0-007833,False,0.6388888888888888,0.36111111111111116
headgroup,R0-007835,False,0.7272727272727273,0.2727272727272727
headgroup,R0-007840,False,1.0,0.0
headgroup,R0-007852,False,0.391304347826087,0.6086956521739131
headgroup,R0-007856,False,0.40350877192982454,0.5964912280701755
headgroup,R0-007860,False,0.39655172413793105,0.603448275862069
headgroup,R0-007864,False,0.4090909090909091,0.5909090909090908
headgroup,R0-007868,False,0.4032258064516129,0.5967741935483871
headgroup,R0-007871,False,0.45614035087719296,0.543859649122807
headgroup,R0-007874,False,0.5357142857142857,0.4642857142857143
headgroup,R0-007875,False,0.54,0.45999999999999996
headgroup,R0-007880,False,0.5740740740740741,0.42592592592592593
headgroup,R0-007896,False,0.5873015873015873,0.4126984126984127
headgroup,R0-007901,False,0.36363636363636365,0.6363636363636364
headgroup,R0-007903,False,0.7708333333333334,0.22916666666666663
headgroup,R0-007905,False,0.6551724137931034,0.3448275862068966
headgroup,R0-007914,False,0.5102040816326531,0.4897959183673469
headgroup,R0-007916,False,0.5416666666666666,0.45833333333333337
headgroup,R0-007917,False,0.4444444444444444,0.5555555555555556
headgroup,R0-007918,False,0.6451612903225806,0.3548387096774194
headgroup,R0-007919,False,0.5,0.5
headgroup,R0-007923,False,0.6379310344827587,0.3620689655172413
headgroup,R0-007931,False,0.5,0.5
headgroup,R0-007933,False,0.47126436781609193,0.5287356321839081
headgroup,R0-007940,False,0.6857142857142857,0.3142857142857143
headgroup,R0-007950,False,0.9629629629629629,0.03703703703703709
headgroup,R0-007962,False,0.9069767441860465,0.09302325581395354
headgroup,R0-007967,False,0.75,0.25
headgroup,R0-007975,False,0.7959183673469388,0.20408163265306123
headgroup,R0-007983,False,0.782608695652174,0.21739130434782605
headgroup,R0-007991,False,0.782608695652174,0.21739130434782605
headgroup,R0-007999,False,0.7674418604651163,0.2325581395348837
headgroup,R0-008007,False,0.7777777777777778,0.2222222222222222
headgroup,R0-008015,False,0.7916666666666666,0.20833333333333337
headgroup,R0-008023,False,0.8048780487804879,0.19512195121951215
headgroup,R0-008031,False,0.8048780487804879,0.19512195121951215
headgroup,R0-008039,False,0.8113207547169812,0.18867924528301883
headgroup,R0-008067,False,0.46938775510204084,0.5306122448979591
headgroup,R0-008069,False,0.6086956521739131,0.3913043478260869
headgroup,R0-008075,False,0.71875,0.28125
headgroup,R0-008077,False,0.6388888888888888,0.36111111111111116
headgroup,R0-008080,False,0.391304347826087,0.6086956521739131
headgroup,R0-008084,False,0.40350877192982454,0.5964912280701755
headgroup,R0-008088,False,0.39655172413793105,0.603448275862069
headgroup,R0-008092,False,0.4090909090909091,0.5909090909090908
headgroup,R0-008096,False,0.4032258064516129,0.5967741935483871
headgroup,R0-008103,False,0.46938775510204084,0.5306122448979591
headgroup,R0-008106,False,0.425531914893617,0.574468085106383
headgroup,R0-008108,False,0.41304347826086957,0.5869565217391304
headgroup,R0-008112,False,0.41304347826086957,0.5869565217391304
headgroup,R0-008120,False,0.4857142857142857,0.5142857142857142
headgroup,R0-008121,False,0.4857142857142857,0.5142857142857142
headgroup,R0-008125,False,0.6551724137931034,0.3448275862068966
headgroup,R0-008126,False,0.6164383561643836,0.3835616438356164
headgroup,R0-008142,False,0.6811594202898551,0.3188405797101449
headgroup,R0-008146,False,0.7027027027027027,0.29729729729729726
headgroup,R0-008148,False,0.6470588235294118,0.3529411764705882
headgroup,R0-008149,False,0.5319148936170213,0.46808510638297873
headgroup,R0-008161,False,0.5686274509803921,0.43137254901960786
headgroup,R0-008192,False,0.7241379310344828,0.27586206896551724
headgroup,R0-008195,False,0.5375,0.4625
headgroup,R0-008199,False,0.6307692307692307,0.36923076923076925
headgroup,R0-008200,False,0.6721311475409836,0.3278688524590164
headgroup,R0-008201,False,0.6233766233766234,0.37662337662337664
headgroup,R0-008211,False,0.98,0.020000000000000018
headgroup,R0-008214,False,0.9629629629629629,0.03703703703703709
headgroup,R0-008219,False,0.9285714285714286,0.0714285714285714
headgroup,R0-008224,False,0.9655172413793104,0.03448275862068961
headgroup,R0-008241,False,0.6551724137931034,0.3448275862068966
headgroup,R0-008244,False,0.6721311475409836,0.3278688524590164
headgroup,R0-008249,False,0.6779661016949152,0.3220338983050848
headgroup,R0-008252,False,0.7058823529411765,0.2941176470588235
headgroup,R0-008261,False,0.6379310344827587,0.3620689655172413
headgroup,R0-008269,False,0.9152542372881356,0.0847457627118644
headgroup,R0-008283,False,1.0,0.0
headgroup,R0-008287,False,0.6363636363636364,0.36363636363636365
headgroup,R0-008298,False,0.7391304347826086,0.26086956521739135
headgroup,R0-008300,False,0.7380952380952381,0.26190476190476186
headgroup,R0-008303,False,0.6271186440677966,0.3728813559322034
headgroup,R0-008314,False,0.75,0.25
headgroup,R0-008322,False,0.7959183673469388,0.20408163265306123
headgroup,R0-008330,False,0.782608695652174,0.21739130434782605
headgroup,R0-008338,False,0.782608695652174,0.21739130434782605
headgroup,R0-008346,False,0.7674418604651163,0.2325581395348837
headgroup,R0-008354,False,0.7777777777777778,0.2222222222222222
headgroup,R0-008362,False,0.7916666666666666,0.20833333333333337
headgroup,R0-008370,False,0.8048780487804879,0.19512195121951215
headgroup,R0-008378,False,0.8048780487804879,0.19512195121951215
headgroup,R0-008386,False,0.8113207547169812,0.18867924528301883
headgroup,R0-008415,False,0.6842105263157895,0.3157894736842105
headgroup,R0-008419,False,0.7037037037037037,0.2962962962962963
headgroup,R0-008425,False,0.8214285714285714,0.1785714285714286
headgroup,R0-008426,False,0.532258064516129,0.467741935483871
headgroup,R0-008476,False,0.46938775510204084,0.5306122448979591
headgroup,R0-008479,False,0.9122807017543859,0.08771929824561409
headgroup,R0-008480,False,0.6086956521739131,0.3913043478260869
headgroup,R0-008510,False,0.64,0.36
headgroup,R0-008512,False,0.71875,0.28125
headgroup,R0-008517,False,0.6388888888888888,0.36111111111111116
headgroup,R0-008518,False,0.6923076923076923,0.3076923076923077
headgroup,R0-008524,False,0.7704918032786885,0.2295081967213115
headgroup,R0-008526,False,1.0,0.0
headgroup,R0-008530,False,1.0,0.0
headgroup,R0-008536,False,0.391304347826087,0.6086956521739131
headgroup,R0-008540,False,0.40350877192982454,0.5964912280701755
headgroup,R0-008544,False,0.39655172413793105,0.603448275862069
headgroup,R0-008548,False,0.4090909090909091,0.5909090909090908
headgroup,R0-008552,False,0.4032258064516129,0.5967741935483871
headgroup,R0-008588,False,0.4857142857142857,0.5142857142857142
headgroup,R0-008592,False,0.7708333333333334,0.22916666666666663
headgroup,R0-008595,False,0.6551724137931034,0.3448275862068966
headgroup,R0-008596,False,0.6164383561643836,0.3835616438356164
headgroup,R0-008612,False,0.6811594202898551,0.3188405797101449
headgroup,R0-008616,False,0.7027027027027027,0.29729729729729726
headgroup,R0-008618,False,0.6470588235294118,0.3529411764705882
headgroup,R0-008629,False,0.5,0.5
headgroup,R0-008630,False,0.5714285714285714,0.4285714285714286
headgroup,R0-008657,False,0.5,0.5
headgroup,R0-008697,False,0.7162162162162162,0.28378378378378377
headgroup,R0-008698,False,0.6973684210526315,0.3026315789473685
headgroup,R0-008699,False,0.7142857142857143,0.2857142857142857
headgroup,R0-008700,False,0.7222222222222222,0.2777777777777778
headgroup,R0-008701,False,0.7297297297297297,0.2702702702702703
headgroup,R0-008702,False,0.7974683544303798,0.20253164556962022
headgroup,R0-008739,False,0.8245614035087719,0.17543859649122806
headgroup,R0-008740,False,0.8360655737704918,0.16393442622950816
headgroup,R0-008741,False,0.84375,0.15625
headgroup,R0-008742,False,0.8387096774193549,0.16129032258064513
headgroup,R0-008743,False,0.8275862068965517,0.1724137931034483
headgroup,R0-008744,False,0.8529411764705882,0.1470588235294118
headgroup,R0-008763,False,0.9827586206896551,0.017241379310344862
headgroup,R0-008764,False,0.9838709677419355,0.016129032258064502
headgroup,R0-008765,False,0.984375,0.015625
headgroup,R0-008766,False,1.0,0.0
headgroup,R0-008767,False,0.9830508474576272,0.016949152542372836
headgroup,R0-008768,False,0.9841269841269841,0.015873015873015928
headgroup,R0-008783,False,0.6857142857142857,0.3142857142857143
headgroup,R0-008793,False,0.9629629629629629,0.03703703703703709
headgroup,R0-008798,False,0.46938775510204084,0.5306122448979591
headgroup,R0-008800,False,0.6086956521739131,0.3913043478260869
headgroup,R0-008806,False,0.71875,0.28125
headgroup,R0-008808,False,0.6388888888888888,0.36111111111111116
headgroup,R0-008813,False,0.35135135135135137,0.6486486486486487
headgroup,R0-008817,False,0.46938775510204084,0.5306122448979591
headgroup,R0-008820,False,0.41304347826086957,0.5869565217391304
headgroup,R0-008828,False,0.42592592592592593,0.5740740740740741
headgroup,R0-008832,False,0.4857142857142857,0.5142857142857142
headgroup,R0-008834,False,0.4857142857142857,0.5142857142857142
headgroup,R0-008853,False,0.5714285714285714,0.4285714285714286
headgroup,R0-008858,False,0.4264705882352941,0.5735294117647058
headgroup,R0-008859,False,0.3698630136986301,0.6301369863013699
headgroup,R0-008886,False,0.46938775510204084,0.5306122448979591
headgroup,R0-008889,False,0.9122807017543859,0.08771929824561409
headgroup,R0-008890,False,0.6086956521739131,0.3913043478260869
headgroup,R0-008919,False,0.7142857142857143,0.2857142857142857
headgroup,R0-008922,False,0.72,0.28
headgroup,R0-008924,False,0.7142857142857143,0.2857142857142857
headgroup,R0-008929,False,0.71875,0.28125
headgroup,R0-008933,False,0.6388888888888888,0.36111111111111116
headgroup,R0-008937,False,0.7169811320754716,0.28301886792452835
headgroup,R0-008942,False,1.0,0.0
headgroup,R0-008953,False,0.35135135135135137,0.6486486486486487
headgroup,R0-008964,False,0.41304347826086957,0.5869565217391304
headgroup,R0-008968,False,0.42592592592592593,0.5740740740740741
headgroup,R0-008975,False,0.4857142857142857,0.5142857142857142
headgroup,R0-008977,False,0.7708333333333334,0.22916666666666663
headgroup,R0-008980,False,0.6551724137931034,0.3448275862068966
headgroup,R0-008981,False,0.6164383561643836,0.3835616438356164
headgroup,R0-008997,False,0.6811594202898551,0.3188405797101449
headgroup,R0-009001,False,0.7027027027027027,0.29729729729729726
headgroup,R0-009003,False,0.6470588235294118,0.3529411764705882
headgroup,R0-009038,False,0.5,0.5
headgroup,R0-009045,False,0.6857142857142857,0.3142857142857143
headgroup,R0-009055,False,0.9629629629629629,0.03703703703703709
headgroup,R0-009060,False,0.46938775510204084,0.5306122448979591
headgroup,R0-009062,False,0.6086956521739131,0.3913043478260869
headgroup,R0-009069,False,0.71875,0.28125
headgroup,R0-009071,False,0.6388888888888888,0.36111111111111116
headgroup,R0-009076,False,0.46938775510204084,0.5306122448979591
headgroup,R0-009077,False,0.46938775510204084,0.5306122448979591
headgroup,R0-009090,False,0.4857142857142857,0.5142857142857142
headgroup,R0-009091,False,0.4857142857142857,0.5142857142857142
headgroup,R0-009127,False,0.46938775510204084,0.5306122448979591
headgroup,R0-009130,False,0.9122807017543859,0.08771929824561409
headgroup,R0-009131,False,0.6086956521739131,0.3913043478260869
headgroup,R0-009141,False,0.7142857142857143,0.2857142857142857
headgroup,R0-009146,False,0.71875,0.28125
headgroup,R0-009149,False,0.6388888888888888,0.36111111111111116
headgroup,R0-009168,False,0.46938775510204084,0.5306122448979591
headgroup,R0-009171,False,0.46938775510204084,0.5306122448979591
headgroup,R0-009176,False,0.41304347826086957,0.5869565217391304
headgroup,R0-009177,False,0.41304347826086957,0.5869565217391304
headgroup,R0-009179,False,0.41304347826086957,0.5869565217391304
headgroup,R0-009187,False,0.4857142857142857,0.5142857142857142
headgroup,R0-009239,False,0.7708333333333334,0.22916666666666663
headgroup,R0-009242,False,0.6551724137931034,0.3448275862068966
headgroup,R0-009243,False,0.6164383561643836,0.3835616438356164
headgroup,R0-009259,False,0.6811594202898551,0.3188405797101449
headgroup,R0-009263,False,0.7027027027027027,0.29729729729729726
headgroup,R0-009265,False,0.6470588235294118,0.3529411764705882
headgroup,R0-009299,False,0.5,0.5
headgroup,R0-009349,True,0.8269230769230769,0.17307692307692313
headgroup,R0-009350,True,0.8269230769230769,0.17307692307692313
headgroup,R0-009361,True,0.6111111111111112,0.38888888888888884
headgroup,R0-009362,True,0.6111111111111112,0.38888888888888884
headgroup,R0-009367,False,0.7301587301587301,0.2698412698412699
headgroup,R0-009373,False,0.6857142857142857,0.3142857142857143
headgroup,R0-009383,False,0.9629629629629629,0.03703703703703709
headgroup,R0-009404,False,0.46938775510204084,0.5306122448979591
headgroup,R0-009406,False,0.6086956521739131,0.3913043478260869
headgroup,R0-009412,False,0.71875,0.28125
headgroup,R0-009414,False,0.6388888888888888,0.36111111111111116
headgroup,R0-009416,False,0.35135135135135137,0.6486486486486487
headgroup,R0-009419,False,0.46938775510204084,0.5306122448979591
headgroup,R0-009421,False,0.46938775510204084,0.5306122448979591
headgroup,R0-009422,False,0.46938775510204084,0.5306122448979591
headgroup,R0-009424,False,0.41304347826086957,0.5869565217391304
headgroup,R0-009427,False,0.41304347826086957,0.5869565217391304
headgroup,R0-009454,False,0.46938775510204084,0.5306122448979591
headgroup,R0-009457,False,0.9122807017543859,0.08771929824561409
headgroup,R0-009458,False,0.6086956521739131,0.3913043478260869
headgroup,R0-009463,False,0.7142857142857143,0.2857142857142857
headgroup,R0-009464,False,0.7021276595744681,0.2978723404255319
headgroup,R0-009466,False,0.72,0.28
headgroup,R0-009467,False,0.7142857142857143,0.2857142857142857
headgroup,R0-009468,False,0.7142857142857143,0.2857142857142857
headgroup,R0-009473,False,0.71875,0.28125
headgroup,R0-009476,False,0.6388888888888888,0.36111111111111116
headgroup,R0-009480,False,0.7037037037037037,0.2962962962962963
headgroup,R0-009481,False,0.7037037037037037,0.2962962962962963
headgroup,R0-009483,False,1.0,0.0
headgroup,R0-009533,False,0.6349206349206349,0.3650793650793651
headgroup,R0-009534,False,0.6307692307692307,0.36923076923076925
headgroup,R0-009535,False,0.6461538461538462,0.3538461538461538
headgroup,R0-009536,False,0.65,0.35
headgroup,R0-009537,False,0.640625,0.359375
headgroup,R0-009538,False,0.746268656716418,0.25373134328358204
headgroup,R0-009575,False,0.782608695652174,0.21739130434782605
headgroup,R0-009576,False,0.8,0.19999999999999996
headgroup,R0-009577,False,0.8076923076923077,0.1923076923076923
headgroup,R0-009578,False,0.8,0.19999999999999996
headgroup,R0-009579,False,0.7916666666666666,0.20833333333333337
headgroup,R0-009580,False,0.8214285714285714,0.1785714285714286
headgroup,R0-009599,False,0.9787234042553191,0.021276595744680882
headgroup,R0-009600,False,0.9803921568627451,0.019607843137254943
headgroup,R0-009601,False,0.9807692307692307,0.019230769230769273
headgroup,R0-009602,False,1.0,0.0
headgroup,R0-009603,False,0.9795918367346939,0.020408163265306145
headgroup,R0-009604,False,0.9803921568627451,0.019607843137254943
headgroup,R0-009653,False,0.7123287671232876,0.28767123287671237
headgroup,R0-009654,False,0.6933333333333334,0.30666666666666664
headgroup,R0-009655,False,0.7105263157894737,0.2894736842105263
headgroup,R0-009656,False,0.7183098591549296,0.2816901408450704
headgroup,R0-009657,False,0.7162162162162162,0.28378378378378377
headgroup,R0-009658,False,0.7948717948717948,0.20512820512820518
headgroup,R0-009695,False,0.8214285714285714,0.1785714285714286
headgroup,R0-009696,False,0.8333333333333334,0.16666666666666663
headgroup,R0-009697,False,0.8412698412698413,0.15873015873015872
headgroup,R0-009698,False,0.8360655737704918,0.16393442622950816
headgroup,R0-009699,False,0.8275862068965517,0.1724137931034483
headgroup,R0-009700,False,0.8507462686567164,0.14925373134328357
headgroup,R0-009719,False,0.9824561403508771,0.01754385964912286
headgroup,R0-009720,False,0.9836065573770492,0.016393442622950838
headgroup,R0-009721,False,0.9841269841269841,0.015873015873015928
headgroup,R0-009722,False,1.0,0.0
headgroup,R0-009723,False,0.9830508474576272,0.016949152542372836
headgroup,R0-009724,False,0.9838709677419355,0.016129032258064502
headgroup,R0-009773,False,0.6805555555555556,0.3194444444444444
headgroup,R0-009774,False,0.6756756756756757,0.32432432432432434
headgroup,R0-009775,False,0.6891891891891891,0.31081081081081086
headgroup,R0-009776,False,0.6956521739130435,0.30434782608695654
headgroup,R0-009777,False,0.704225352112676,0.295774647887324
headgroup,R0-009778,False,0.7763157894736842,0.22368421052631582
headgroup,R0-009815,False,0.8181818181818182,0.18181818181818177
headgroup,R0-009816,False,0.8305084745762712,0.1694915254237288
headgroup,R0-009817,False,0.8360655737704918,0.16393442622950816
headgroup,R0-009818,False,0.8305084745762712,0.1694915254237288
headgroup,R0-009819,False,0.8181818181818182,0.18181818181818177
headgroup,R0-009820,False,0.8461538461538461,0.15384615384615385
headgroup,R0-009839,False,0.9821428571428571,0.017857142857142905
headgroup,R0-009840,False,0.9833333333333333,0.01666666666666672
headgroup,R0-009841,False,0.9836065573770492,0.016393442622950838
headgroup,R0-009842,False,1.0,0.0
headgroup,R0-009843,False,0.9821428571428571,0.017857142857142905
headgroup,R0-009844,False,0.9833333333333333,0.01666666666666672
headgroup,R0-009865,False,0.7708333333333334,0.22916666666666663
headgroup,R0-009866,False,0.7884615384615384,0.21153846153846156
headgroup,R0-009867,False,0.7843137254901961,0.21568627450980393
headgroup,R0-009868,False,0.7962962962962963,0.20370370370370372
headgroup,R0-009869,False,0.7708333333333334,0.22916666666666663
headgroup,R0-009882,False,0.6164383561643836,0.3835616438356164
headgroup,R0-009898,False,0.6811594202898551,0.3188405797101449
headgroup,R0-009902,False,0.7027027027027027,0.29729729729729726
headgroup,R0-009904,False,0.6470588235294118,0.3529411764705882
headgroup,R0-009945,False,0.5,0.5
headgroup,R0-010007,True,0.8269230769230769,0.17307692307692313
headgroup,R0-010008,True,0.8269230769230769,0.17307692307692313
headgroup,R0-010009,True,0.8269230769230769,0.17307692307692313
headgroup,R0-010025,True,0.6111111111111112,0.38888888888888884
headgroup,R0-010026,True,0.6111111111111112,0.38888888888888884
headgroup,R0-010027,True,0.6111111111111112,0.38888888888888884
headgroup,R0-010037,False,0.6857142857142857,0.3142857142857143
headgroup,R0-010047,False,0.9629629629629629,0.03703703703703709
headgroup,R0-010069,False,0.5535714285714286,0.4464285714285714
headgroup,R0-010072,False,0.3968253968253968,0.6031746031746033
headgroup,R0-010074,False,0.43333333333333335,0.5666666666666667
headgroup,R0-010078,False,0.5227272727272727,0.4772727272727273
headgroup,R0-010085,False,0.5106382978723404,0.4893617021276596
headgroup,R0-010090,False,0.5,0.5
headgroup,R0-010098,False,0.725,0.275
headgroup,R0-010099,False,0.725,0.275
headgroup,R0-010109,False,0.7547169811320755,0.24528301886792447
headgroup,R0-010115,False,0.6,0.4
headgroup,R0-010137,False,0.3968253968253968,0.6031746031746033
headgroup,R0-010142,False,0.8333333333333334,0.16666666666666663
headgroup,R0-010143,False,0.8461538461538461,0.15384615384615385
headgroup,R0-010144,False,1.0,0.0
headgroup,R0-010145,False,0.8461538461538461,0.15384615384615385
headgroup,R0-010146,False,0.8666666666666667,0.1333333333333333
headgroup,R0-010147,False,0.8805970149253731,0.11940298507462688
headgroup,R0-010148,False,0.8923076923076924,0.10769230769230764
headgroup,R0-010149,False,0.8666666666666667,0.1333333333333333
headgroup,R0-010150,False,0.8666666666666667,0.1333333333333333
headgroup,R0-010151,False,0.875,0.125
headgroup,R0-010152,False,0.8666666666666667,0.1333333333333333
headgroup,R0-010153,False,0.8666666666666667,0.1333333333333333
headgroup,R0-010154,False,0.8666666666666667,0.1333333333333333
headgroup,R0-010155,False,0.8666666666666667,0.1333333333333333
headgroup,R0-010156,False,0.8666666666666667,0.1333333333333333
headgroup,R0-010157,False,0.875,0.125
headgroup,R0-010158,False,0.8666666666666667,0.1333333333333333
headgroup,R0-010159,False,0.8666666666666667,0.1333333333333333
headgroup,R0-010160,False,0.8666666666666667,0.1333333333333333
headgroup,R0-010161,False,0.8666666666666667,0.1333333333333333
headgroup,R0-010162,False,0.88,0.12
headgroup,R0-010163,False,0.88,0.12
headgroup,R0-010164,False,0.88,0.12
headgroup,R0-010165,False,0.8627450980392157,0.13725490196078427
headgroup,R0-010166,False,0.8461538461538461,0.15384615384615385
headgroup,R0-010167,False,0.8627450980392157,0.13725490196078427
headgroup,R0-010168,False,0.86,0.14
headgroup,R0-010169,False,0.8936170212765957,0.1063829787234043
headgroup,R0-010170,False,0.8620689655172413,0.13793103448275867
headgroup,R0-010171,False,0.864406779661017,0.13559322033898302
headgroup,R0-010172,False,0.864406779661017,0.13559322033898302
headgroup,R0-010173,False,1.0,0.0
headgroup,R0-010174,False,0.86,0.14
headgroup,R0-010175,False,0.8596491228070176,0.14035087719298245
headgroup,R0-010250,True,0.8392857142857143,0.1607142857142857
headgroup,R0-010256,True,0.639344262295082,0.360655737704918
headgroup,R0-010270,True,0.8269230769230769,0.17307692307692313
headgroup,R0-010276,True,0.6111111111111112,0.38888888888888884
headgroup,R0-010290,True,0.8269230769230769,0.17307692307692313
headgroup,R0-010296,True,0.6111111111111112,0.38888888888888884
headgroup,R0-010310,True,0.8269230769230769,0.17307692307692313
headgroup,R0-010316,True,0.6111111111111112,0.38888888888888884
headgroup,R0-010331,False,0.8269230769230769,0.17307692307692313
headgroup,R0-010337,False,0.6111111111111112,0.38888888888888884
headgroup,R0-010351,True,0.8269230769230769,0.17307692307692313
headgroup,R0-010357,True,0.6111111111111112,0.38888888888888884
headgroup,R0-010371,True,0.8269230769230769,0.17307692307692313
headgroup,R0-010377,True,0.6111111111111112,0.38888888888888884
headgroup,R0-010381,False,0.9,0.09999999999999998
headgroup,R0-010382,False,0.8571428571428571,0.1428571428571429
headgroup,R0-010388,False,0.575,0.42500000000000004
headgroup,R0-010415,False,0.9333333333333333,0.06666666666666665
headgroup,R0-010418,False,1.0,0.0
headgroup,R0-010420,False,0.7948717948717948,0.20512820512820518
headgroup,R0-010424,False,0.7297297297297297,0.2702702702702703
headgroup,R0-010425,False,0.7894736842105263,0.21052631578947367
headgroup,R0-010430,False,0.9444444444444444,0.05555555555555558
headgroup,R0-010434,False,0.5283018867924528,0.4716981132075472
headgroup,R0-010445,False,0.7659574468085106,0.23404255319148937
headgroup,R0-010464,False,0.8085106382978723,0.19148936170212771
headgroup,R0-010467,False,0.8125,0.1875
headgroup,R0-010470,False,0.75,0.25
headgroup,R0-010474,False,0.7560975609756098,0.24390243902439024
headgroup,R0-010476,False,0.6190476190476191,0.38095238095238093
headgroup,R0-010486,False,1.0,0.0
headgroup,R0-010488,False,1.0,0.0
headgroup,R0-010510,False,0.7166666666666667,0.2833333333333333
headgroup,R0-010517,False,0.7,0.30000000000000004
headgroup,R0-010526,False,0.696969696969697,0.303030303030303
headgroup,R0-010527,False,0.6956521739130435,0.30434782608695654
headgroup,R0-010546,False,0.6764705882352942,0.32352941176470584
headgroup,R0-010552,False,0.6493506493506493,0.35064935064935066
headgroup,R0-010554,False,0.7377049180327869,0.2622950819672131
headgroup,R0-010555,False,0.581081081081081,0.41891891891891897
headgroup,R0-010560,False,0.5454545454545454,0.4545454545454546
headgroup,R0-010561,False,0.5526315789473685,0.4473684210526315
headgroup,R0-010565,False,0.5675675675675675,0.43243243243243246
headgroup,R0-010586,False,0.8297872340425532,0.17021276595744683
headgroup,R0-010598,False,0.8666666666666667,0.1333333333333333
headgroup,R0-010599,False,0.8666666666666667,0.1333333333333333
headgroup,R0-010607,False,0.873015873015873,0.12698412698412698
headgroup,R0-010608,False,0.8958333333333334,0.10416666666666663
headgroup,R0-010609,False,0.8775510204081632,0.12244897959183676
headgroup,R0-010616,False,0.8490566037735849,0.15094339622641506
headgroup,R0-010633,False,0.4489795918367347,0.5510204081632653
headgroup,R0-010643,False,0.5416666666666666,0.45833333333333337
headgroup,R0-010646,False,0.5416666666666666,0.45833333333333337
headgroup,R0-010660,False,0.4489795918367347,0.5510204081632653
headgroup,R0-010662,False,0.8333333333333334,0.16666666666666663
headgroup,R0-010663,False,0.8461538461538461,0.15384615384615385
headgroup,R0-010664,False,1.0,0.0
headgroup,R0-010665,False,0.8461538461538461,0.15384615384615385
headgroup,R0-010666,False,0.8666666666666667,0.1333333333333333
headgroup,R0-010667,False,0.8805970149253731,0.11940298507462688
headgroup,R0-010668,False,0.8923076923076924,0.10769230769230764
headgroup,R0-010669,False,0.8666666666666667,0.1333333333333333
headgroup,R0-010670,False,0.8666666666666667,0.1333333333333333
headgroup,R0-010671,False,0.875,0.125
headgroup,R0-010672,False,0.8666666666666667,0.1333333333333333
headgroup,R0-010673,False,0.8666666666666667,0.1333333333333333
headgroup,R0-010674,False,0.8666666666666667,0.1333333333333333
headgroup,R0-010675,False,0.8666666666666667,0.1333333333333333
headgroup,R0-010676,False,0.8666666666666667,0.1333333333333333
headgroup,R0-010677,False,0.875,0.125
headgroup,R0-010678,False,0.8666666666666667,0.1333333333333333
headgroup,R0-010679,False,0.8666666666666667,0.1333333333333333
headgroup,R0-010680,False,0.8666666666666667,0.1333333333333333
headgroup,R0-010681,False,0.88,0.12
headgroup,R0-010682,False,0.88,0.12
headgroup,R0-010683,False,0.88,0.12
headgroup,R0-010684,False,0.8627450980392157,0.13725490196078427
headgroup,R0-010685,False,0.8461538461538461,0.15384615384615385
headgroup,R0-010686,False,0.8627450980392157,0.13725490196078427
headgroup,R0-010687,False,0.86,0.14
headgroup,R0-010688,False,0.8936170212765957,0.1063829787234043
headgroup,R0-010689,False,0.8620689655172413,0.13793103448275867
headgroup,R0-010690,False,0.864406779661017,0.13559322033898302
headgroup,R0-010691,False,0.864406779661017,0.13559322033898302
headgroup,R0-010692,False,1.0,0.0
headgroup,R0-010693,False,0.86,0.14
headgroup,R0-010694,False,0.8596491228070176,0.14035087719298245
headgroup,R0-010707,True,0.8392857142857143,0.1607142857142857
headgroup,R0-010713,True,0.639344262295082,0.360655737704918
headgroup,R0-010727,True,0.8269230769230769,0.17307692307692313
headgroup,R0-010733,True,0.6111111111111112,0.38888888888888884
headgroup,R0-010747,True,0.8269230769230769,0.17307692307692313
headgroup,R0-010753,True,0.6111111111111112,0.38888888888888884
headgroup,R0-010767,True,0.8269230769230769,0.17307692307692313
headgroup,R0-010773,True,0.6111111111111112,0.38888888888888884
headgroup,R0-010787,False,0.8269230769230769,0.17307692307692313
headgroup,R0-010793,False,0.6111111111111112,0.38888888888888884
headgroup,R0-010807,True,0.8269230769230769,0.17307692307692313
headgroup,R0-010813,True,0.6111111111111112,0.38888888888888884
headgroup,R0-010817,False,0.9,0.09999999999999998
headgroup,R0-010818,False,0.8571428571428571,0.1428571428571429
headgroup,R0-010825,False,0.575,0.42500000000000004
headgroup,R0-010854,False,1.0,0.0
headgroup,R0-010855,False,1.0,0.0
headgroup,R0-010860,False,0.9333333333333333,0.06666666666666665
headgroup,R0-010863,False,1.0,0.0
headgroup,R0-010865,False,0.7948717948717948,0.20512820512820518
headgroup,R0-010875,False,0.9444444444444444,0.05555555555555558
headgroup,R0-010879,False,0.8085106382978723,0.19148936170212771
headgroup,R0-010881,False,0.8125,0.1875
headgroup,R0-010888,False,0.7924528301886793,0.2075471698113207
headgroup,R0-010891,False,1.0,0.0
headgroup,R0-010892,False,1.0,0.0
headgroup,R0-010897,False,1.0,0.0
headgroup,R0-010898,False,1.0,0.0
headgroup,R0-010928,False,0.95,0.050000000000000044
headgroup,R0-010929,False,1.0,0.0
headgroup,R0-010930,False,0.9428571428571428,0.05714285714285716
headgroup,R0-010932,False,1.0,0.0
headgroup,R0-010956,False,0.8297872340425532,0.17021276595744683
headgroup,R0-010968,False,0.8666666666666667,0.1333333333333333
headgroup,R0-010976,False,0.873015873015873,0.12698412698412698
headgroup,R0-010977,False,0.8958333333333334,0.10416666666666663
headgroup,R0-010978,False,0.8775510204081632,0.12244897959183676
headgroup,R0-010985,False,0.8490566037735849,0.15094339622641506
headgroup,R0-011000,False,0.5652173913043478,0.4347826086956522
headgroup,R0-011005,False,0.5416666666666666,0.45833333333333337
headgroup,R0-011006,False,0.5531914893617021,0.44680851063829785
headgroup,R0-011020,False,0.9,0.09999999999999998
headgroup,R0-011021,False,0.8571428571428571,0.1428571428571429
headgroup,R0-011028,False,0.575,0.42500000000000004
headgroup,R0-011056,False,0.9333333333333333,0.06666666666666665
headgroup,R0-011059,False,1.0,0.0
headgroup,R0-011061,False,0.7948717948717948,0.20512820512820518
headgroup,R0-011066,False,0.7297297297297297,0.2702702702702703
headgroup,R0-011094,False,0.75,0.25
headgroup,R0-011098,False,0.6190476190476191,0.38095238095238093
headgroup,R0-011127,False,0.95,0.050000000000000044
headgroup,R0-011128,False,1.0,0.0
headgroup,R0-011129,False,0.9428571428571428,0.05714285714285716
headgroup,R0-011131,False,1.0,0.0
headgroup,R0-011156,False,0.5882352941176471,0.4117647058823529
headgroup,R0-011157,False,0.5531914893617021,0.44680851063829785
headgroup,R0-011165,False,0.4264705882352941,0.5735294117647058
headgroup,R0-011215,True,0.8392857142857143,0.1607142857142857
headgroup,R0-011221,True,0.639344262295082,0.360655737704918
headgroup,R0-011235,True,0.8269230769230769,0.17307692307692313
headgroup,R0-011241,True,0.6111111111111112,0.38888888888888884
headgroup,R0-011255,True,0.8269230769230769,0.17307692307692313
headgroup,R0-011261,True,0.6111111111111112,0.38888888888888884
headgroup,R0-011275,True,0.8269230769230769,0.17307692307692313
headgroup,R0-011281,True,0.6111111111111112,0.38888888888888884
headgroup,R0-011295,False,0.8269230769230769,0.17307692307692313
headgroup,R0-011301,False,0.6111111111111112,0.38888888888888884
headgroup,R0-011305,False,0.9,0.09999999999999998
headgroup,R0-011306,False,0.8571428571428571,0.1428571428571429
headgroup,R0-011313,False,0.575,0.42500000000000004
headgroup,R0-011343,False,1.0,0.0
headgroup,R0-011348,False,0.9333333333333333,0.06666666666666665
headgroup,R0-011351,False,1.0,0.0
headgroup,R0-011353,False,0.7948717948717948,0.20512820512820518
headgroup,R0-011357,False,1.0,0.0
headgroup,R0-011376,False,0.7297297297297297,0.2702702702702703
headgroup,R0-011377,False,0.7894736842105263,0.21052631578947367
headgroup,R0-011388,False,0.9444444444444444,0.05555555555555558
headgroup,R0-011391,False,0.5531914893617021,0.44680851063829785
headgroup,R0-011399,False,0.5625,0.4375
headgroup,R0-011410,False,0.54,0.45999999999999996
headgroup,R0-011413,False,0.5283018867924528,0.4716981132075472
headgroup,R0-011416,False,0.6326530612244898,0.36734693877551017
headgroup,R0-011419,False,0.42857142857142855,0.5714285714285714
headgroup,R0-011421,False,0.5094339622641509,0.49056603773584906
headgroup,R0-011446,False,0.5416666666666666,0.45833333333333337
headgroup,R0-011459,False,0.7317073170731707,0.2682926829268293
headgroup,R0-011462,False,0.7297297297297297,0.2702702702702703
headgroup,R0-011464,False,0.717391304347826,0.28260869565217395
headgroup,R0-011465,False,0.7659574468085106,0.23404255319148937
headgroup,R0-011468,False,0.717948717948718,0.28205128205128205
headgroup,R0-011470,False,0.7297297297297297,0.2702702702702703
headgroup,R0-011489,False,0.5925925925925926,0.40740740740740744
headgroup,R0-011492,False,0.5084745762711864,0.4915254237288136
headgroup,R0-011494,False,0.49230769230769234,0.5076923076923077
headgroup,R0-011495,False,0.46774193548387094,0.532258064516129
headgroup,R0-011497,False,0.6122448979591837,0.3877551020408163
headgroup,R0-011498,False,0.5185185185185185,0.4814814814814815
headgroup,R0-011500,False,0.47368421052631576,0.5263157894736843
headgroup,R0-011504,False,0.5,0.5
headgroup,R0-011519,False,0.4528301886792453,0.5471698113207547
headgroup,R0-011520,False,0.47058823529411764,0.5294117647058824
headgroup,R0-011535,False,0.4897959183673469,0.5102040816326531
headgroup,R0-011537,False,0.484375,0.515625
headgroup,R0-011545,False,0.4444444444444444,0.5555555555555556
headgroup,R0-011560,False,0.5263157894736842,0.4736842105263158
headgroup,R0-011562,False,0.7,0.30000000000000004
headgroup,R0-011569,False,0.7567567567567568,0.2432432432432432
headgroup,R0-011572,False,0.5901639344262295,0.4098360655737705
headgroup,R0-011600,False,0.8125,0.1875
headgroup,R0-011604,False,0.75,0.25
headgroup,R0-011609,False,0.7368421052631579,0.26315789473684215
headgroup,R0-011611,False,0.7560975609756098,0.24390243902439024
headgroup,R0-011613,False,0.6190476190476191,0.38095238095238093
headgroup,R0-011624,False,0.5555555555555556,0.4444444444444444
headgroup,R0-011638,False,0.5517241379310345,0.4482758620689655
headgroup,R0-011688,False,0.95,0.050000000000000044
headgroup,R0-011689,False,1.0,0.0
headgroup,R0-011690,False,0.9428571428571428,0.05714285714285716
headgroup,R0-011692,False,1.0,0.0
headgroup,R0-011716,False,0.8297872340425532,0.17021276595744683
headgroup,R0-011735,False,0.873015873015873,0.12698412698412698
headgroup,R0-011736,False,0.8958333333333334,0.10416666666666663
headgroup,R0-011737,False,0.8775510204081632,0.12244897959183676
headgroup,R0-011744,False,0.8490566037735849,0.15094339622641506
headgroup,R0-011746,False,0.9333333333333333,0.06666666666666665
headgroup,R0-011755,False,0.8059701492537313,0.19402985074626866
headgroup,R0-011756,False,0.8928571428571429,0.1071428571428571
headgroup,R0-011758,False,0.625,0.375
headgroup,R0-011765,False,0.5531914893617021,0.44680851063829785
headgroup,R0-011767,False,0.5531914893617021,0.44680851063829785
headgroup,R0-011774,False,0.3924050632911392,0.6075949367088608
headgroup,R0-011790,False,0.7297297297297297,0.2702702702702703
headgroup,R0-011791,False,0.7894736842105263,0.21052631578947367
headgroup,R0-011797,False,0.6470588235294118,0.3529411764705882
headgroup,R0-011803,False,0.5531914893617021,0.44680851063829785
headgroup,R0-011811,False,0.5625,0.4375
headgroup,R0-011822,False,0.54,0.45999999999999996
headgroup,R0-011825,False,0.5283018867924528,0.4716981132075472
headgroup,R0-011828,False,0.6326530612244898,0.36734693877551017
headgroup,R0-011831,False,0.42857142857142855,0.5714285714285714
headgroup,R0-011833,False,0.5094339622641509,0.49056603773584906
headgroup,R0-011858,False,0.5416666666666666,0.45833333333333337
headgroup,R0-011877,False,0.7317073170731707,0.2682926829268293
headgroup,R0-011880,False,0.7297297297297297,0.2702702702702703
headgroup,R0-011882,False,0.717391304347826,0.28260869565217395
headgroup,R0-011885,False,0.6923076923076923,0.3076923076923077
headgroup,R0-011886,False,0.717948717948718,0.28205128205128205
headgroup,R0-011888,False,0.7297297297297297,0.2702702702702703
headgroup,R0-011908,False,0.5925925925925926,0.40740740740740744
headgroup,R0-011911,False,0.5084745762711864,0.4915254237288136
headgroup,R0-011913,False,0.49230769230769234,0.5076923076923077
headgroup,R0-011914,False,0.46774193548387094,0.532258064516129
headgroup,R0-011916,False,0.6122448979591837,0.3877551020408163
headgroup,R0-011917,False,0.5185185185185185,0.4814814814814815
headgroup,R0-011919,False,0.47368421052631576,0.5263157894736843
headgroup,R0-011923,False,0.5,0.5
headgroup,R0-011938,False,0.4528301886792453,0.5471698113207547
headgroup,R0-011939,False,0.47058823529411764,0.5294117647058824
headgroup,R0-011954,False,0.4897959183673469,0.5102040816326531
headgroup,R0-011956,False,0.484375,0.515625
headgroup,R0-011964,False,0.4444444444444444,0.5555555555555556
headgroup,R0-011979,False,0.5263157894736842,0.4736842105263158
headgroup,R0-011981,False,0.7,0.30000000000000004
headgroup,R0-011988,False,0.7567567567567568,0.2432432432432432
headgroup,R0-011991,False,0.5901639344262295,0.4098360655737705
headgroup,R0-012015,False,0.75,0.25
headgroup,R0-012019,False,0.7368421052631579,0.26315789473684215
headgroup,R0-012021,False,0.7560975609756098,0.24390243902439024
headgroup,R0-012023,False,0.6190476190476191,0.38095238095238093
headgroup,R0-012029,False,0.5555555555555556,0.4444444444444444
headgroup,R0-012043,False,0.5517241379310345,0.4482758620689655
headgroup,R0-012070,False,0.95,0.050000000000000044
headgroup,R0-012071,False,1.0,0.0
headgroup,R0-012072,False,0.9428571428571428,0.05714285714285716
headgroup,R0-012074,False,1.0,0.0
headgroup,R0-012093,False,0.5106382978723404,0.4893617021276596
headgroup,R0-012098,False,0.5,0.5
headgroup,R0-012105,False,0.725,0.275
headgroup,R0-012106,False,0.725,0.275
headgroup,R0-012116,False,0.7547169811320755,0.24528301886792447
headgroup,R0-012162,False,0.5882352941176471,0.4117647058823529
headgroup,R0-012164,False,0.5416666666666666,0.45833333333333337
headgroup,R0-012169,False,0.4489795918367347,0.5510204081632653
headgroup,R0-012204,False,0.5333333333333333,0.4666666666666667
headgroup,R0-012209,False,0.5217391304347826,0.4782608695652174
headgroup,R0-012227,False,0.7346938775510204,0.26530612244897955
headgroup,R0-012228,False,0.6470588235294118,0.3529411764705882
headgroup,R0-012241,True,0.8392857142857143,0.1607142857142857
headgroup,R0-012247,True,0.639344262295082,0.360655737704918
headgroup,R0-012261,True,0.8269230769230769,0.17307692307692313
headgroup,R0-012267,True,0.6111111111111112,0.38888888888888884
headgroup,R0-012281,True,0.8269230769230769,0.17307692307692313
headgroup,R0-012287,True,0.6111111111111112,0.38888888888888884
headgroup,R0-012301,True,0.8269230769230769,0.17307692307692313
headgroup,R0-012307,True,0.6111111111111112,0.38888888888888884
headgroup,R0-012321,False,0.8269230769230769,0.17307692307692313
headgroup,R0-012327,False,0.6111111111111112,0.38888888888888884
headgroup,R0-012331,False,0.9,0.09999999999999998
headgroup,R0-012332,False,0.8571428571428571,0.1428571428571429
headgroup,R0-012338,False,0.575,0.42500000000000004
headgroup,R0-012350,False,1.0,0.0
headgroup,R0-012366,False,1.0,0.0
headgroup,R0-012372,False,0.9333333333333333,0.06666666666666665
headgroup,R0-012376,False,1.0,0.0
headgroup,R0-012378,False,0.7948717948717948,0.20512820512820518
headgroup,R0-012381,False,1.0,0.0
headgroup,R0-012429,False,0.4605263157894737,0.5394736842105263
headgroup,R0-012432,False,0.4810126582278481,0.5189873417721519
headgroup,R0-012439,False,0.4918032786885246,0.5081967213114754
headgroup,R0-012442,False,0.5238095238095238,0.47619047619047616
headgroup,R0-012449,False,0.47540983606557374,0.5245901639344263
headgroup,R0-012452,False,0.5079365079365079,0.4920634920634921
headgroup,R0-012458,False,0.5535714285714286,0.4464285714285714
headgroup,R0-012459,False,0.5303030303030303,0.4696969696969697
headgroup,R0-012468,False,0.7297297297297297,0.2702702702702703
headgroup,R0-012469,False,0.7894736842105263,0.21052631578947367
headgroup,R0-012476,False,0.6470588235294118,0.3529411764705882
headgroup,R0-012481,False,0.9444444444444444,0.05555555555555558
headgroup,R0-012484,False,0.5531914893617021,0.44680851063829785
headgroup,R0-012492,False,0.5625,0.4375
headgroup,R0-012503,False,0.54,0.45999999999999996
headgroup,R0-012506,False,0.5283018867924528,0.4716981132075472
headgroup,R0-012509,False,0.6326530612244898,0.36734693877551017
headgroup,R0-012512,False,0.42857142857142855,0.5714285714285714
headgroup,R0-012514,False,0.5094339622641509,0.49056603773584906
headgroup,R0-012539,False,0.5416666666666666,0.45833333333333337
headgroup,R0-012553,False,0.7317073170731707,0.2682926829268293
headgroup,R0-012556,False,0.7297297297297297,0.2702702702702703
headgroup,R0-012558,False,0.717391304347826,0.28260869565217395
headgroup,R0-012562,False,0.717948717948718,0.28205128205128205
headgroup,R0-012564,False,0.7297297297297297,0.2702702702702703
headgroup,R0-012583,False,0.5925925925925926,0.40740740740740744
headgroup,R0-012586,False,0.5084745762711864,0.4915254237288136
headgroup,R0-012588,False,0.49230769230769234,0.5076923076923077
headgroup,R0-012589,False,0.46774193548387094,0.532258064516129
headgroup,R0-012591,False,0.6122448979591837,0.3877551020408163
headgroup,R0-012592,False,0.5185185185185185,0.4814814814814815
headgroup,R0-012594,False,0.47368421052631576,0.5263157894736843
headgroup,R0-012598,False,0.5,0.5
headgroup,R0-012613,False,0.4528301886792453,0.5471698113207547
headgroup,R0-012614,False,0.47058823529411764,0.5294117647058824
headgroup,R0-012629,False,0.4897959183673469,0.5102040816326531
headgroup,R0-012631,False,0.484375,0.515625
headgroup,R0-012639,False,0.4444444444444444,0.5555555555555556
headgroup,R0-012654,False,0.5263157894736842,0.4736842105263158
headgroup,R0-012656,False,0.7,0.30000000000000004
headgroup,R0-012669,False,0.7567567567567568,0.2432432432432432
headgroup,R0-012672,False,0.5901639344262295,0.4098360655737705
headgroup,R0-012699,False,0.8125,0.1875
headgroup,R0-012704,False,0.75,0.25
headgroup,R0-012709,False,0.7368421052631579,0.26315789473684215
headgroup,R0-012711,False,0.7560975609756098,0.24390243902439024
headgroup,R0-012713,False,0.6190476190476191,0.38095238095238093
headgroup,R0-012718,False,0.8113207547169812,0.18867924528301883
headgroup,R0-012721,False,0.7924528301886793,0.2075471698113207
headgroup,R0-012724,False,0.5555555555555556,0.4444444444444444
headgroup,R0-012738,False,0.5517241379310345,0.4482758620689655
headgroup,R0-012784,False,0.95,0.050000000000000044
headgroup,R0-012785,False,1.0,0.0
headgroup,R0-012786,False,0.9428571428571428,0.05714285714285716
headgroup,R0-012788,False,1.0,0.0
headgroup,R0-012812,False,0.8297872340425532,0.17021276595744683
headgroup,R0-012830,False,0.873015873015873,0.12698412698412698
headgroup,R0-012831,False,0.8958333333333334,0.10416666666666663
headgroup,R0-012832,False,0.8775510204081632,0.12244897959183676
headgroup,R0-012839,False,0.8490566037735849,0.15094339622641506
headgroup,R0-012841,False,0.9333333333333333,0.06666666666666665
headgroup,R0-012850,False,0.8059701492537313,0.19402985074626866
headgroup,R0-012851,False,0.8928571428571429,0.1071428571428571
headgroup,R0-012866,False,0.625,0.375
headgroup,R0-012867,False,0.7317073170731707,0.2682926829268293
headgroup,R0-012882,False,0.5333333333333333,0.4666666666666667
headgroup,R0-012887,False,0.5217391304347826,0.4782608695652174
headgroup,R0-012965,False,0.4246575342465753,0.5753424657534247
headgroup,R0-012975,False,0.7450980392156863,0.2549019607843137
headgroup,R0-012981,False,0.7450980392156863,0.2549019607843137
headgroup,R0-012984,False,0.7450980392156863,0.2549019607843137
headgroup,R0-012985,False,0.7450980392156863,0.2549019607843137
headgroup,R0-012988,False,0.7450980392156863,0.2549019607843137
headgroup,R0-012995,False,0.7297297297297297,0.2702702702702703
headgroup,R0-012996,False,0.7894736842105263,0.21052631578947367
headgroup,R0-013007,False,0.5531914893617021,0.44680851063829785
headgroup,R0-013014,False,0.5625,0.4375
headgroup,R0-013023,False,0.54,0.45999999999999996
headgroup,R0-013028,False,0.6326530612244898,0.36734693877551017
headgroup,R0-013031,False,0.42857142857142855,0.5714285714285714
headgroup,R0-013033,False,0.5094339622641509,0.49056603773584906
headgroup,R0-013056,False,0.5416666666666666,0.45833333333333337
headgroup,R0-013068,False,0.7317073170731707,0.2682926829268293
headgroup,R0-013071,False,0.7297297297297297,0.2702702702702703
headgroup,R0-013073,False,0.717391304347826,0.28260869565217395
headgroup,R0-013076,False,0.717948717948718,0.28205128205128205
headgroup,R0-013077,False,0.7297297297297297,0.2702702702702703
headgroup,R0-013095,False,0.5925925925925926,0.40740740740740744
headgroup,R0-013098,False,0.5084745762711864,0.4915254237288136
headgroup,R0-013100,False,0.49230769230769234,0.5076923076923077
headgroup,R0-013101,False,0.46774193548387094,0.532258064516129
headgroup,R0-013103,False,0.6122448979591837,0.3877551020408163
headgroup,R0-013104,False,0.5185185185185185,0.4814814814814815
headgroup,R0-013106,False,0.47368421052631576,0.5263157894736843
headgroup,R0-013110,False,0.5,0.5
headgroup,R0-013125,False,0.4528301886792453,0.5471698113207547
headgroup,R0-013126,False,0.47058823529411764,0.5294117647058824
headgroup,R0-013141,False,0.4897959183673469,0.5102040816326531
headgroup,R0-013143,False,0.484375,0.515625
headgroup,R0-013151,False,0.4444444444444444,0.5555555555555556
headgroup,R0-013166,False,0.5263157894736842,0.4736842105263158
headgroup,R0-013168,False,0.7,0.30000000000000004
headgroup,R0-013175,False,0.7567567567567568,0.2432432432432432
headgroup,R0-013178,False,0.5901639344262295,0.4098360655737705
headgroup,R0-013201,False,0.75,0.25
headgroup,R0-013205,False,0.7368421052631579,0.26315789473684215
headgroup,R0-013207,False,0.7560975609756098,0.24390243902439024
headgroup,R0-013209,False,0.6190476190476191,0.38095238095238093
headgroup,R0-013215,False,0.5555555555555556,0.4444444444444444
headgroup,R0-013228,False,0.5517241379310345,0.4482758620689655
headgroup,R0-013267,False,0.95,0.050000000000000044
headgroup,R0-013268,False,1.0,0.0
headgroup,R0-013269,False,0.9428571428571428,0.05714285714285716
headgroup,R0-013271,False,1.0,0.0
headgroup,R0-013293,False,0.8297872340425532,0.17021276595744683
headgroup,R0-013310,False,0.873015873015873,0.12698412698412698
headgroup,R0-013311,False,0.8958333333333334,0.10416666666666663
headgroup,R0-013312,False,0.8775510204081632,0.12244897959183676
headgroup,R0-013319,False,0.8490566037735849,0.15094339622641506
headgroup,R0-013364,False,0.5333333333333333,0.4666666666666667
headgroup,R0-013369,False,0.5217391304347826,0.4782608695652174
headgroup,R0-013375,False,0.7631578947368421,0.23684210526315785
headgroup,R0-013376,False,0.7631578947368421,0.23684210526315785
headgroup,R0-013386,False,0.7959183673469388,0.20408163265306123
headgroup,R0-013431,False,1.0,0.0
headgroup,R0-013433,False,1.0,0.0
headgroup,R0-013455,False,0.7297297297297297,0.2702702702702703
headgroup,R0-013456,False,0.7894736842105263,0.21052631578947367
headgroup,R0-013467,False,0.9444444444444444,0.05555555555555558
headgroup,R0-013470,False,0.5531914893617021,0.44680851063829785
headgroup,R0-013478,False,0.5625,0.4375
headgroup,R0-013489,False,0.54,0.45999999999999996
headgroup,R0-013492,False,0.5283018867924528,0.4716981132075472
headgroup,R0-013495,False,0.6326530612244898,0.36734693877551017
headgroup,R0-013498,False,0.42857142857142855,0.5714285714285714
headgroup,R0-013500,False,0.5094339622641509,0.49056603773584906
headgroup,R0-013524,False,0.5416666666666666,0.45833333333333337
headgroup,R0-013538,False,0.7317073170731707,0.2682926829268293
headgroup,R0-013541,False,0.7297297297297297,0.2702702702702703
headgroup,R0-013543,False,0.717391304347826,0.28260869565217395
headgroup,R0-013546,False,0.717948717948718,0.28205128205128205
headgroup,R0-013547,False,0.7297297297297297,0.2702702702702703
headgroup,R0-013566,False,0.5925925925925926,0.40740740740740744
headgroup,R0-013569,False,0.5084745762711864,0.4915254237288136
headgroup,R0-013571,False,0.49230769230769234,0.5076923076923077
headgroup,R0-013572,False,0.46774193548387094,0.532258064516129
headgroup,R0-013574,False,0.6122448979591837,0.3877551020408163
headgroup,R0-013575,False,0.5185185185185185,0.4814814814814815
headgroup,R0-013577,False,0.47368421052631576,0.5263157894736843
headgroup,R0-013581,False,0.5,0.5
headgroup,R0-013596,False,0.4528301886792453,0.5471698113207547
headgroup,R0-013597,False,0.47058823529411764,0.5294117647058824
headgroup,R0-013612,False,0.4897959183673469,0.5102040816326531
headgroup,R0-013614,False,0.484375,0.515625
headgroup,R0-013621,False,0.4444444444444444,0.5555555555555556
headgroup,R0-013636,False,0.5263157894736842,0.4736842105263158
headgroup,R0-013638,False,0.7,0.30000000000000004
headgroup,R0-013649,False,0.7567567567567568,0.2432432432432432
headgroup,R0-013652,False,0.5901639344262295,0.4098360655737705
headgroup,R0-013678,False,0.75,0.25
headgroup,R0-013683,False,0.7368421052631579,0.26315789473684215
headgroup,R0-013685,False,0.7560975609756098,0.24390243902439024
headgroup,R0-013687,False,0.6190476190476191,0.38095238095238093
headgroup,R0-013693,False,0.5555555555555556,0.4444444444444444
headgroup,R0-013707,False,0.5517241379310345,0.4482758620689655
headgroup,R0-013712,False,1.0,0.0
headgroup,R0-013714,False,1.0,0.0
headgroup,R0-013716,False,1.0,0.0
headgroup,R0-013739,False,0.95,0.050000000000000044
headgroup,R0-013740,False,1.0,0.0
headgroup,R0-013741,False,0.9428571428571428,0.05714285714285716
headgroup,R0-013743,False,1.0,0.0
headgroup,R0-013765,False,0.8297872340425532,0.17021276595744683
headgroup,R0-013782,False,0.873015873015873,0.12698412698412698
headgroup,R0-013783,False,0.8958333333333334,0.10416666666666663
headgroup,R0-013784,False,0.8775510204081632,0.12244897959183676
headgroup,R0-013791,False,0.8490566037735849,0.15094339622641506
headgroup,R0-013793,False,0.9333333333333333,0.06666666666666665
headgroup,R0-013802,False,0.8059701492537313,0.19402985074626866
headgroup,R0-013803,False,0.8928571428571429,0.1071428571428571
headgroup,R0-013818,False,0.625,0.375
headgroup,R0-013863,False,0.6666666666666666,0.33333333333333337
headgroup,R0-013864,False,0.6461538461538462,0.3538461538461538
headgroup,R0-013865,False,0.6716417910447762,0.32835820895522383
headgroup,R0-013866,False,0.6721311475409836,0.3278688524590164
headgroup,R0-013867,False,0.6615384615384615,0.3384615384615385
headgroup,R0-013868,False,0.7647058823529411,0.23529411764705888
headgroup,R0-013905,False,0.782608695652174,0.21739130434782605
headgroup,R0-013906,False,0.8,0.19999999999999996
headgroup,R0-013907,False,0.8148148148148148,0.18518518518518523
headgroup,R0-013908,False,0.803921568627451,0.196078431372549
headgroup,R0-013909,False,0.7959183673469388,0.20408163265306123
headgroup,R0-013910,False,0.8245614035087719,0.17543859649122806
headgroup,R0-013929,False,0.9787234042553191,0.021276595744680882
headgroup,R0-013930,False,0.9803921568627451,0.019607843137254943
headgroup,R0-013931,False,0.9814814814814815,0.01851851851851849
headgroup,R0-013932,False,1.0,0.0
headgroup,R0-013933,False,0.98,0.020000000000000018
headgroup,R0-013934,False,0.9807692307692307,0.019230769230769273
headgroup,R0-013952,False,1.0,0.0
headgroup,R0-013957,False,0.9830508474576272,0.016949152542372836
headgroup,R0-013966,False,0.8387096774193549,0.16129032258064513
headgroup,R0-013969,False,0.9830508474576272,0.016949152542372836
headgroup,R0-013970,False,0.9272727272727272,0.07272727272727275
headgroup,R0-013974,False,0.8928571428571429,0.1071428571428571
headgroup,R0-013979,False,0.890625,0.109375
headgroup,R0-013984,False,0.7647058823529411,0.23529411764705888
headgroup,R0-013994,False,0.7796610169491526,0.22033898305084743
headgroup,R0-013998,False,0.7384615384615385,0.2615384615384615
headgroup,R0-014000,False,0.9830508474576272,0.016949152542372836
headgroup,R0-014008,False,0.7450980392156863,0.2549019607843137
headgroup,R0-014009,False,0.7192982456140351,0.2807017543859649
headgroup,R0-014010,False,0.7450980392156863,0.2549019607843137
headgroup,R0-014015,False,0.7450980392156863,0.2549019607843137
headgroup,R0-014016,False,0.7435897435897436,0.2564102564102564
headgroup,R0-014024,False,0.7450980392156863,0.2549019607843137
headgroup,R0-014030,False,0.7285714285714285,0.27142857142857146
headgroup,R0-014065,False,0.95,0.050000000000000044
headgroup,R0-014066,False,1.0,0.0
headgroup,R0-014067,False,0.9428571428571428,0.05714285714285716
headgroup,R0-014069,False,1.0,0.0
headgroup,R0-014090,False,0.8297872340425532,0.17021276595744683
headgroup,R0-014105,False,0.873015873015873,0.12698412698412698
headgroup,R0-014106,False,0.8958333333333334,0.10416666666666663
headgroup,R0-014107,False,0.8775510204081632,0.12244897959183676
headgroup,R0-014114,False,0.8490566037735849,0.15094339622641506
headgroup,R0-014129,False,0.5106382978723404,0.4893617021276596
headgroup,R0-014134,False,0.5,0.5
headgroup,R0-014139,False,0.725,0.275
headgroup,R0-014140,False,0.725,0.275
headgroup,R0-014150,False,0.7547169811320755,0.24528301886792447
headgroup,R0-014184,False,0.5333333333333333,0.4666666666666667
headgroup,R0-014189,False,0.5217391304347826,0.4782608695652174
headgroup,R0-014194,False,0.7631578947368421,0.23684210526315785
headgroup,R0-014195,False,0.7631578947368421,0.23684210526315785
headgroup,R0-014205,False,0.7959183673469388,0.20408163265306123
headgroup,R0-014268,False,0.6111111111111112,0.38888888888888884
headgroup,R0-014276,False,0.6363636363636364,0.36363636363636365
headgroup,R0-014280,False,0.44285714285714284,0.5571428571428572
headgroup,R0-014293,False,0.9787234042553191,0.021276595744680882
headgroup,R0-014302,False,0.975609756097561,0.024390243902439046
headgroup,R0-014304,False,0.9777777777777777,0.022222222222222254
headgroup,R0-014313,False,0.6296296296296297,0.37037037037037035
headgroup,R0-014318,False,0.9444444444444444,0.05555555555555558
headgroup,R0-014327,False,1.0,0.0
headgroup,R0-014334,False,1.0,0.0
headgroup,R0-014367,False,0.95,0.050000000000000044
headgroup,R0-014368,False,1.0,0.0
headgroup,R0-014369,False,0.9428571428571428,0.05714285714285716
headgroup,R0-014371,False,1.0,0.0
headgroup,R0-014392,False,0.8297872340425532,0.17021276595744683
headgroup,R0-014408,False,0.873015873015873,0.12698412698412698
headgroup,R0-014409,False,0.8958333333333334,0.10416666666666663
headgroup,R0-014410,False,0.8775510204081632,0.12244897959183676
headgroup,R0-014417,False,0.8490566037735849,0.15094339622641506
headgroup,R0-014419,False,0.9333333333333333,0.06666666666666665
headgroup,R0-014428,False,0.8059701492537313,0.19402985074626866
headgroup,R0-014429,False,0.8928571428571429,0.1071428571428571
headgroup,R0-014444,False,0.625,0.375
headgroup,R0-014471,False,0.95,0.050000000000000044
headgroup,R0-014472,False,1.0,0.0
headgroup,R0-014473,False,0.9428571428571428,0.05714285714285716
headgroup,R0-014475,False,1.0,0.0
headgroup,R0-014495,False,0.8297872340425532,0.17021276595744683
headgroup,R0-014508,False,0.873015873015873,0.12698412698412698
headgroup,R0-014509,False,0.8958333333333334,0.10416666666666663
headgroup,R0-014510,False,0.8775510204081632,0.12244897959183676
headgroup,R0-014517,False,0.8490566037735849,0.15094339622641506
headgroup,R0-014532,False,0.5106382978723404,0.4893617021276596
headgroup,R0-014537,False,0.5,0.5
headgroup,R0-014541,False,0.5333333333333333,0.4666666666666667
headgroup,R0-014546,False,0.5217391304347826,0.4782608695652174
headgroup,R0-014550,False,0.7631578947368421,0.23684210526315785
headgroup,R0-014551,False,0.7631578947368421,0.23684210526315785
headgroup,R0-014561,False,0.7959183673469388,0.20408163265306123
headgroup,R0-014581,False,1.0,0.0
headgroup,R0-014602,False,0.95,0.050000000000000044
headgroup,R0-014603,False,1.0,0.0
headgroup,R0-014604,False,0.9428571428571428,0.05714285714285716
headgroup,R0-014606,False,1.0,0.0
headgroup,R0-014626,False,0.8297872340425532,0.17021276595744683
headgroup,R0-014639,False,0.873015873015873,0.12698412698412698
headgroup,R0-014640,False,0.8958333333333334,0.10416666666666663
headgroup,R0-014641,False,0.8775510204081632,0.12244897959183676
headgroup,R0-014648,False,0.8490566037735849,0.15094339622641506
headgroup,R0-014663,False,0.625,0.375
headgroup,R0-014667,False,0.30434782608695654,0.6956521739130435
headgroup,R0-014672,False,0.3484848484848485,0.6515151515151515
headgroup,R0-014693,False,0.2923076923076923,0.7076923076923076
headgroup,R0-014698,False,0.8,0.19999999999999996
headgroup,R0-014712,False,0.7619047619047619,0.23809523809523814
headgroup,R0-014713,False,0.7619047619047619,0.23809523809523814
headgroup,R0-014748,False,0.9487179487179487,0.05128205128205132
headgroup,R0-014749,False,1.0,0.0
headgroup,R0-014750,False,0.9411764705882353,0.05882352941176472
headgroup,R0-014752,False,1.0,0.0
headgroup,R0-014771,False,0.8260869565217391,0.17391304347826086
headgroup,R0-014784,False,0.8709677419354839,0.12903225806451613
headgroup,R0-014785,False,0.8936170212765957,0.1063829787234043
headgroup,R0-014786,False,0.875,0.125
headgroup,R0-014793,False,0.8461538461538461,0.15384615384615385
headgroup,R0-014794,False,0.4878048780487805,0.5121951219512195
headgroup,R0-014799,False,0.47619047619047616,0.5238095238095238
headgroup,R0-014803,False,0.6923076923076923,0.3076923076923077
headgroup,R0-014804,False,0.6923076923076923,0.3076923076923077
headgroup,R0-014814,False,0.7755102040816326,0.22448979591836737
headgroup,R0-014830,False,0.8478260869565217,0.15217391304347827
headgroup,R0-014843,False,0.873015873015873,0.12698412698412698
headgroup,R0-014844,False,0.9148936170212766,0.08510638297872342
headgroup,R0-014845,False,0.8958333333333334,0.10416666666666663
headgroup,R0-014852,False,0.8653846153846154,0.13461538461538458
headgroup,R0-014853,False,0.40350877192982454,0.5964912280701755
headgroup,R0-014854,False,0.5769230769230769,0.42307692307692313
headgroup,R0-014855,False,0.7441860465116279,0.2558139534883721
headgroup,R0-014861,False,0.7619047619047619,0.23809523809523814
headgroup,R0-014862,False,0.7619047619047619,0.23809523809523814
headgroup,R0-014892,False,0.9347826086956522,0.06521739130434778
headgroup,R0-014905,False,0.9516129032258065,0.048387096774193505
headgroup,R0-014906,False,0.9148936170212766,0.08510638297872342
headgroup,R0-014907,False,0.9,0.09999999999999998
headgroup,R0-014914,False,0.8653846153846154,0.13461538461538458
headgroup,R0-014929,False,0.42857142857142855,0.5714285714285714
headgroup,R0-014932,False,0.423728813559322,0.576271186440678
headgroup,R0-014935,False,0.5789473684210527,0.42105263157894735
headgroup,R0-014936,False,0.5510204081632653,0.44897959183673475
headgroup,R0-014949,False,0.9354838709677419,0.06451612903225812
headgroup,R0-014964,False,0.6153846153846154,0.3846153846153846
headgroup,R0-015023,False,1.0,0.0
headgroup,R0-015046,False,0.9473684210526315,0.052631578947368474
headgroup,R0-015047,False,1.0,0.0
headgroup,R0-015048,False,0.9393939393939394,0.06060606060606055
headgroup,R0-015050,False,1.0,0.0
headgroup,R0-015069,False,0.8222222222222222,0.1777777777777778
headgroup,R0-015082,False,0.8688524590163934,0.1311475409836066
headgroup,R0-015083,False,0.8913043478260869,0.10869565217391308
headgroup,R0-015084,False,0.8723404255319149,0.12765957446808507
headgroup,R0-015091,False,0.8431372549019608,0.1568627450980392
headgroup,R0-015093,False,0.9302325581395349,0.06976744186046513
headgroup,R0-015102,False,0.8,0.19999999999999996
headgroup,R0-015103,False,0.8421052631578947,0.1578947368421053
headgroup,R0-015108,False,0.2835820895522388,0.7164179104477613
headgroup,R0-015114,False,0.4,0.6
headgroup,R0-015131,False,0.26153846153846155,0.7384615384615385
headgroup,R0-015144,False,0.8043478260869565,0.19565217391304346
headgroup,R0-015157,False,0.8709677419354839,0.12903225806451613
headgroup,R0-015158,False,0.8723404255319149,0.12765957446808507
headgroup,R0-015159,False,0.8541666666666666,0.14583333333333337
headgroup,R0-015166,False,0.82,0.18000000000000005
headgroup,R0-015168,False,0.46153846153846156,0.5384615384615384
headgroup,R0-015179,False,0.717948717948718,0.28205128205128205
headgroup,R0-015180,False,0.717948717948718,0.28205128205128205
headgroup,R0-015181,False,0.7708333333333334,0.22916666666666663
headgroup,R0-015182,False,0.7708333333333334,0.22916666666666663
headgroup,R0-015183,False,0.7317073170731707,0.2682926829268293
headgroup,R0-015184,False,0.7317073170731707,0.2682926829268293
headgroup,R0-015185,False,0.7555555555555555,0.24444444444444446
headgroup,R0-015186,False,0.7555555555555555,0.24444444444444446
headgroup,R0-015187,False,0.7380952380952381,0.26190476190476186
headgroup,R0-015188,False,0.7380952380952381,0.26190476190476186
headgroup,R0-015189,False,0.7843137254901961,0.21568627450980393
headgroup,R0-015190,False,0.7843137254901961,0.21568627450980393
headgroup,R0-015191,False,0.3684210526315789,0.631578947368421
headgroup,R0-015192,False,0.5555555555555556,0.4444444444444444
headgroup,R0-015193,False,0.7142857142857143,0.2857142857142857
headgroup,R0-015225,False,0.8043478260869565,0.19565217391304346
headgroup,R0-015238,False,0.8688524590163934,0.1311475409836066
headgroup,R0-015239,False,0.9148936170212766,0.08510638297872342
headgroup,R0-015240,False,0.8958333333333334,0.10416666666666663
headgroup,R0-015247,False,0.86,0.14
headgroup,R0-015317,False,0.38181818181818183,0.6181818181818182
headgroup,R0-015321,False,0.38181818181818183,0.6181818181818182
headgroup,R0-015325,False,0.42592592592592593,0.5740740740740741
headgroup,R0-015329,False,0.42592592592592593,0.5740740740740741
headgroup,R0-015336,False,0.782608695652174,0.21739130434782605
headgroup,R0-015337,False,0.782608695652174,0.21739130434782605
headgroup,R0-015350,False,0.7727272727272727,0.2272727272727273
headgroup,R0-015351,False,0.7727272727272727,0.2272727272727273
headgroup,R0-015401,False,0.3620689655172414,0.6379310344827587
headgroup,R0-015404,False,0.3620689655172414,0.6379310344827587
linker_scaffold,R0-000103,False,0.6551724137931034,0.3448275862068966
linker_scaffold,R0-000110,False,0.6551724137931034,0.3448275862068966
linker_scaffold,R0-000122,False,0.5638297872340425,0.43617021276595747
linker_scaffold,R0-000123,False,0.5368421052631579,0.4631578947368421
linker_scaffold,R0-000128,False,0.7741935483870968,0.22580645161290325
linker_scaffold,R0-000131,False,0.29310344827586204,0.7068965517241379
linker_scaffold,R0-000145,False,0.3333333333333333,0.6666666666666667
linker_scaffold,R0-000159,False,0.3728813559322034,0.6271186440677966
linker_scaffold,R0-000173,False,0.3898305084745763,0.6101694915254237
linker_scaffold,R0-000187,False,0.3898305084745763,0.6101694915254237
linker_scaffold,R0-000194,False,0.4745762711864407,0.5254237288135593
linker_scaffold,R0-000198,False,0.543859649122807,0.45614035087719296
linker_scaffold,R0-000209,False,0.5483870967741935,0.4516129032258065
linker_scaffold,R0-000217,False,0.3898305084745763,0.6101694915254237
linker_scaffold,R0-000331,False,0.3898305084745763,0.6101694915254237
linker_scaffold,R0-000345,False,0.3898305084745763,0.6101694915254237
linker_scaffold,R0-000359,False,0.3898305084745763,0.6101694915254237
linker_scaffold,R0-000373,False,0.3898305084745763,0.6101694915254237
linker_scaffold,R0-000387,False,0.3898305084745763,0.6101694915254237
linker_scaffold,R0-000401,False,0.3898305084745763,0.6101694915254237
linker_scaffold,R0-000415,False,0.3898305084745763,0.6101694915254237
linker_scaffold,R0-000449,False,0.5625,0.4375
linker_scaffold,R0-000450,False,0.5625,0.4375
linker_scaffold,R0-000476,False,0.5625,0.4375
linker_scaffold,R0-000477,False,0.5625,0.4375
linker_scaffold,R0-000535,False,0.6730769230769231,0.32692307692307687
linker_scaffold,R0-000551,False,0.42592592592592593,0.5740740740740741
linker_scaffold,R0-000552,False,0.42592592592592593,0.5740740740740741
linker_scaffold,R0-000553,False,0.42592592592592593,0.5740740740740741
linker_scaffold,R0-000554,False,0.42592592592592593,0.5740740740740741
linker_scaffold,R0-000556,False,0.5344827586206896,0.4655172413793104
linker_scaffold,R0-000566,False,0.38461538461538464,0.6153846153846154
linker_scaffold,R0-000573,False,0.3793103448275862,0.6206896551724138
linker_scaffold,R0-000578,False,0.5454545454545454,0.4545454545454546
linker_scaffold,R0-000584,False,0.4827586206896552,0.5172413793103448
linker_scaffold,R0-000591,False,0.49122807017543857,0.5087719298245614
linker_scaffold,R0-000592,False,0.46551724137931033,0.5344827586206897
linker_scaffold,R0-000599,False,0.46551724137931033,0.5344827586206897
linker_scaffold,R0-000600,False,0.5166666666666667,0.4833333333333333
linker_scaffold,R0-000607,False,0.6296296296296297,0.37037037037037035
linker_scaffold,R0-000613,False,0.4074074074074074,0.5925925925925926
linker_scaffold,R0-000614,False,0.543859649122807,0.45614035087719296
linker_scaffold,R0-000620,False,0.54,0.45999999999999996
linker_scaffold,R0-000621,False,0.54,0.45999999999999996
linker_scaffold,R0-000627,False,0.5094339622641509,0.49056603773584906
linker_scaffold,R0-000628,False,0.5873015873015873,0.4126984126984127
linker_scaffold,R0-000638,False,0.509090909090909,0.49090909090909096
linker_scaffold,R0-000645,False,0.5454545454545454,0.4545454545454546
linker_scaffold,R0-000650,False,0.5185185185185185,0.4814814814814815
linker_scaffold,R0-000654,False,0.5961538461538461,0.40384615384615385
linker_scaffold,R0-000658,False,0.5964912280701754,0.4035087719298246
linker_scaffold,R0-000662,False,0.5185185185185185,0.4814814814814815
linker_scaffold,R0-000666,False,0.5961538461538461,0.40384615384615385
linker_scaffold,R0-000670,False,0.5964912280701754,0.4035087719298246
linker_scaffold,R0-000673,False,0.6666666666666666,0.33333333333333337
linker_scaffold,R0-000679,False,0.6818181818181818,0.31818181818181823
linker_scaffold,R0-000680,False,0.6818181818181818,0.31818181818181823
linker_scaffold,R0-000686,False,0.6363636363636364,0.36363636363636365
linker_scaffold,R0-000687,False,0.7017543859649122,0.29824561403508776
linker_scaffold,R0-000697,False,0.6530612244897959,0.34693877551020413
linker_scaffold,R0-000704,False,0.6938775510204082,0.30612244897959184
linker_scaffold,R0-000719,False,1.0,0.0
linker_scaffold,R0-000729,False,0.6666666666666666,0.33333333333333337
linker_scaffold,R0-000737,False,0.9428571428571428,0.05714285714285716
linker_scaffold,R0-000759,False,0.5918367346938775,0.40816326530612246
linker_scaffold,R0-000760,False,0.6428571428571429,0.3571428571428571
linker_scaffold,R0-000769,False,1.0,0.0
linker_scaffold,R0-000786,False,0.78,0.21999999999999997
linker_scaffold,R0-000790,False,0.8181818181818182,0.18181818181818177
linker_scaffold,R0-000794,False,0.8809523809523809,0.11904761904761907
linker_scaffold,R0-000818,False,0.7441860465116279,0.2558139534883721
linker_scaffold,R0-000822,False,0.7962962962962963,0.20370370370370372
linker_scaffold,R0-000826,False,0.8717948717948718,0.1282051282051282
linker_scaffold,R0-000839,False,0.8947368421052632,0.10526315789473684
linker_scaffold,R0-000853,False,0.803921568627451,0.196078431372549
linker_scaffold,R0-000857,False,0.7605633802816901,0.23943661971830987
linker_scaffold,R0-000858,False,0.7714285714285715,0.22857142857142854
linker_scaffold,R0-000870,False,0.8947368421052632,0.10526315789473684
linker_scaffold,R0-000879,False,0.8113207547169812,0.18867924528301883
linker_scaffold,R0-000887,False,0.8372093023255814,0.16279069767441856
linker_scaffold,R0-000902,False,0.94,0.06000000000000005
linker_scaffold,R0-000910,False,0.8703703703703703,0.12962962962962965
linker_scaffold,R0-000913,False,0.8478260869565217,0.15217391304347827
linker_scaffold,R0-000915,False,0.8035714285714286,0.1964285714285714
linker_scaffold,R0-000923,False,0.9038461538461539,0.09615384615384615
linker_scaffold,R0-000925,False,0.9032258064516129,0.09677419354838712
linker_scaffold,R0-000926,False,0.9047619047619048,0.09523809523809523
linker_scaffold,R0-000946,False,0.9642857142857143,0.0357142857142857
linker_scaffold,R0-000959,False,0.90625,0.09375
linker_scaffold,R0-000963,False,0.875,0.125
linker_scaffold,R0-000976,False,0.8307692307692308,0.16923076923076918
linker_scaffold,R0-000978,False,0.9523809523809523,0.04761904761904767
linker_scaffold,R0-000996,False,0.9137931034482759,0.08620689655172409
linker_scaffold,R0-001001,False,0.9027777777777778,0.09722222222222221
linker_scaffold,R0-001002,False,1.0,0.0
linker_scaffold,R0-001011,False,0.851063829787234,0.14893617021276595
linker_scaffold,R0-001033,False,0.9047619047619048,0.09523809523809523
linker_scaffold,R0-001037,False,0.8297872340425532,0.17021276595744683
linker_scaffold,R0-001045,False,0.8260869565217391,0.17391304347826086
linker_scaffold,R0-001058,False,0.8846153846153846,0.11538461538461542
linker_scaffold,R0-001059,False,0.851063829787234,0.14893617021276595
linker_scaffold,R0-001060,False,0.875,0.125
linker_scaffold,R0-001068,False,0.9019607843137255,0.0980392156862745
linker_scaffold,R0-001070,False,0.75,0.25
linker_scaffold,R0-001071,False,0.8333333333333334,0.16666666666666663
linker_scaffold,R0-001074,False,0.9607843137254902,0.039215686274509776
linker_scaffold,R0-001077,False,0.8431372549019608,0.1568627450980392
linker_scaffold,R0-001090,False,0.9,0.09999999999999998
linker_scaffold,R0-001100,False,0.8958333333333334,0.10416666666666663
linker_scaffold,R0-001103,False,0.8490566037735849,0.15094339622641506
linker_scaffold,R0-001109,False,0.8431372549019608,0.1568627450980392
linker_scaffold,R0-001111,False,0.7678571428571429,0.2321428571428571
linker_scaffold,R0-001114,False,0.8235294117647058,0.17647058823529416
linker_scaffold,R0-001116,False,0.8888888888888888,0.11111111111111116
linker_scaffold,R0-001121,False,0.7833333333333333,0.21666666666666667
linker_scaffold,R0-001132,False,0.8958333333333334,0.10416666666666663
linker_scaffold,R0-001134,False,0.7183098591549296,0.2816901408450704
linker_scaffold,R0-001135,False,0.8490566037735849,0.15094339622641506
linker_scaffold,R0-001143,False,0.75,0.25
linker_scaffold,R0-001145,False,0.8,0.19999999999999996
linker_scaffold,R0-001146,False,0.8208955223880597,0.17910447761194026
linker_scaffold,R0-001152,False,0.7966101694915254,0.2033898305084746
linker_scaffold,R0-001156,False,0.8888888888888888,0.11111111111111116
linker_scaffold,R0-001161,False,0.9016393442622951,0.09836065573770492
linker_scaffold,R0-001171,False,0.7924528301886793,0.2075471698113207
linker_scaffold,R0-001184,False,0.8103448275862069,0.18965517241379315
linker_scaffold,R0-001202,False,0.9583333333333334,0.04166666666666663
linker_scaffold,R0-001204,False,0.8181818181818182,0.18181818181818177
linker_scaffold,R0-001206,False,0.7959183673469388,0.20408163265306123
linker_scaffold,R0-001212,False,0.8604651162790697,0.13953488372093026
linker_scaffold,R0-001225,False,0.8688524590163934,0.1311475409836066
linker_scaffold,R0-001230,False,0.7142857142857143,0.2857142857142857
linker_scaffold,R0-001233,False,0.7454545454545455,0.2545454545454545
linker_scaffold,R0-001236,False,0.8035714285714286,0.1964285714285714
linker_scaffold,R0-001238,False,0.7931034482758621,0.2068965517241379
linker_scaffold,R0-001244,False,0.8775510204081632,0.12244897959183676
linker_scaffold,R0-001262,False,0.7205882352941176,0.27941176470588236
linker_scaffold,R0-001265,False,0.7450980392156863,0.2549019607843137
linker_scaffold,R0-001268,False,0.8070175438596491,0.19298245614035092
linker_scaffold,R0-001270,False,0.7966101694915254,0.2033898305084746
linker_scaffold,R0-001276,False,0.88,0.12
linker_scaffold,R0-001294,False,0.7246376811594203,0.2753623188405797
linker_scaffold,R0-001297,False,0.75,0.25
linker_scaffold,R0-001300,False,0.8070175438596491,0.19298245614035092
linker_scaffold,R0-001302,False,0.7966101694915254,0.2033898305084746
linker_scaffold,R0-001308,False,0.88,0.12
linker_scaffold,R0-001321,False,0.8787878787878788,0.12121212121212122
linker_scaffold,R0-001326,False,0.7246376811594203,0.2753623188405797
linker_scaffold,R0-001329,False,0.75,0.25
linker_scaffold,R0-001333,False,0.8297872340425532,0.17021276595744683
linker_scaffold,R0-001340,False,0.8780487804878049,0.12195121951219512
linker_scaffold,R0-001346,False,0.875,0.125
linker_scaffold,R0-001351,False,0.8518518518518519,0.14814814814814814
linker_scaffold,R0-001353,False,0.8983050847457628,0.10169491525423724
linker_scaffold,R0-001355,False,1.0,0.0
linker_scaffold,R0-001356,False,0.8695652173913043,0.13043478260869568
linker_scaffold,R0-001359,False,0.8367346938775511,0.16326530612244894
linker_scaffold,R0-001364,False,0.8,0.19999999999999996
linker_scaffold,R0-001368,False,0.7971014492753623,0.2028985507246377
linker_scaffold,R0-001372,False,0.8936170212765957,0.1063829787234043
linker_scaffold,R0-001385,False,0.90625,0.09375
linker_scaffold,R0-001395,False,0.6041666666666666,0.39583333333333337
linker_scaffold,R0-001396,False,0.6041666666666666,0.39583333333333337
linker_scaffold,R0-001397,False,0.5869565217391305,0.4130434782608695
linker_scaffold,R0-001398,False,0.5869565217391305,0.4130434782608695
linker_scaffold,R0-001399,False,0.5869565217391305,0.4130434782608695
linker_scaffold,R0-001400,False,0.5869565217391305,0.4130434782608695
linker_scaffold,R0-001401,False,0.627906976744186,0.37209302325581395
linker_scaffold,R0-001402,False,0.627906976744186,0.37209302325581395
linker_scaffold,R0-001404,False,0.46601941747572817,0.5339805825242718
linker_scaffold,R0-001406,False,0.6379310344827587,0.3620689655172413
linker_scaffold,R0-001426,False,0.7164179104477612,0.28358208955223885
linker_scaffold,R0-001430,False,0.704225352112676,0.295774647887324
linker_scaffold,R0-001449,False,0.7611940298507462,0.23880597014925375
linker_scaffold,R0-001456,False,0.7027027027027027,0.29729729729729726
linker_scaffold,R0-001463,False,0.7164179104477612,0.28358208955223885
linker_scaffold,R0-001484,False,0.7611940298507462,0.23880597014925375
linker_scaffold,R0-001491,False,0.7027027027027027,0.29729729729729726
linker_scaffold,R0-001541,False,0.6949152542372882,0.30508474576271183
linker_scaffold,R0-001542,False,0.6774193548387096,0.32258064516129037
linker_scaffold,R0-001543,False,0.7424242424242424,0.25757575757575757
linker_scaffold,R0-001544,False,0.7,0.30000000000000004
linker_scaffold,R0-001545,False,0.6825396825396826,0.31746031746031744
linker_scaffold,R0-001546,False,0.746268656716418,0.25373134328358204
linker_scaffold,R0-001547,False,0.6610169491525424,0.3389830508474576
linker_scaffold,R0-001548,False,0.6451612903225806,0.3548387096774194
linker_scaffold,R0-001549,False,0.7014925373134329,0.29850746268656714
linker_scaffold,R0-001550,False,0.696969696969697,0.303030303030303
linker_scaffold,R0-001551,False,0.6811594202898551,0.3188405797101449
linker_scaffold,R0-001552,False,0.7794117647058824,0.22058823529411764
linker_scaffold,R0-001553,False,0.6911764705882353,0.3088235294117647
linker_scaffold,R0-001559,False,0.7352941176470589,0.2647058823529411
linker_scaffold,R0-001570,False,0.578125,0.421875
linker_scaffold,R0-001576,False,0.703125,0.296875
linker_scaffold,R0-001596,False,0.6901408450704225,0.3098591549295775
linker_scaffold,R0-001601,False,0.9315068493150684,0.06849315068493156
linker_scaffold,R0-001602,False,0.958904109589041,0.04109589041095896
linker_scaffold,R0-001609,False,0.6545454545454545,0.34545454545454546
linker_scaffold,R0-001732,False,1.0,0.0
linker_scaffold,R0-001735,False,1.0,0.0
linker_scaffold,R0-001742,False,0.6271186440677966,0.3728813559322034
linker_scaffold,R0-001748,False,0.56,0.43999999999999995
linker_scaffold,R0-001754,False,0.625,0.375
linker_scaffold,R0-001835,False,0.17857142857142858,0.8214285714285714
linker_scaffold,R0-001839,False,0.2361111111111111,0.7638888888888888
linker_scaffold,R0-001846,False,0.3389830508474576,0.6610169491525424
linker_scaffold,R0-001847,False,0.288135593220339,0.711864406779661
linker_scaffold,R0-001849,False,0.21839080459770116,0.7816091954022988
linker_scaffold,R0-001851,False,0.1956521739130435,0.8043478260869565
linker_scaffold,R0-001853,False,0.234375,0.765625
linker_scaffold,R0-001855,False,0.27692307692307694,0.7230769230769231
linker_scaffold,R0-001856,False,0.2898550724637681,0.7101449275362319
linker_scaffold,R0-001860,False,0.21839080459770116,0.7816091954022988
linker_scaffold,R0-001861,False,0.18947368421052632,0.8105263157894737
linker_scaffold,R0-001862,False,0.1891891891891892,0.8108108108108107
linker_scaffold,R0-001863,False,0.21875,0.78125
linker_scaffold,R0-001864,False,0.2028985507246377,0.7971014492753623
linker_scaffold,R0-002014,False,0.4166666666666667,0.5833333333333333
linker_scaffold,R0-002017,False,0.46875,0.53125
linker_scaffold,R0-002029,False,0.8979591836734694,0.10204081632653061
linker_scaffold,R0-002032,False,0.9387755102040817,0.061224489795918324
linker_scaffold,R0-002044,False,0.94,0.06000000000000005
linker_scaffold,R0-002045,False,0.95,0.050000000000000044
linker_scaffold,R0-002056,False,0.44047619047619047,0.5595238095238095
linker_scaffold,R0-002059,False,0.4838709677419355,0.5161290322580645
linker_scaffold,R0-002071,False,0.9038461538461539,0.09615384615384615
linker_scaffold,R0-002074,False,0.9423076923076923,0.05769230769230771
linker_scaffold,R0-002086,False,0.9423076923076923,0.05769230769230771
linker_scaffold,R0-002087,False,0.9523809523809523,0.04761904761904767
linker_scaffold,R0-002098,False,0.43333333333333335,0.5666666666666667
linker_scaffold,R0-002101,False,0.45588235294117646,0.5441176470588236
linker_scaffold,R0-002113,False,0.9,0.09999999999999998
linker_scaffold,R0-002116,False,0.94,0.06000000000000005
linker_scaffold,R0-002128,False,0.9411764705882353,0.05882352941176472
linker_scaffold,R0-002129,False,0.9512195121951219,0.04878048780487809
linker_scaffold,R0-002140,False,0.4523809523809524,0.5476190476190477
linker_scaffold,R0-002143,False,0.49206349206349204,0.5079365079365079
linker_scaffold,R0-002155,False,0.9056603773584906,0.09433962264150941
linker_scaffold,R0-002158,False,0.9433962264150944,0.05660377358490565
linker_scaffold,R0-002170,False,0.9433962264150944,0.05660377358490565
linker_scaffold,R0-002171,False,0.9534883720930233,0.046511627906976716
linker_scaffold,R0-002189,False,0.68,0.31999999999999995
linker_scaffold,R0-002201,False,0.9736842105263158,0.02631578947368418
linker_scaffold,R0-002225,False,0.6078431372549019,0.3921568627450981
linker_scaffold,R0-002226,False,0.6153846153846154,0.3846153846153846
linker_scaffold,R0-002227,False,0.6551724137931034,0.3448275862068966
linker_scaffold,R0-002228,False,0.6538461538461539,0.34615384615384615
linker_scaffold,R0-002229,False,0.6470588235294118,0.3529411764705882
linker_scaffold,R0-002237,False,0.6666666666666666,0.33333333333333337
linker_scaffold,R0-002238,False,0.6470588235294118,0.3529411764705882
linker_scaffold,R0-002246,False,0.5925925925925926,0.40740740740740744
linker_scaffold,R0-002247,False,0.6458333333333334,0.35416666666666663
linker_scaffold,R0-002248,False,0.6724137931034483,0.3275862068965517
linker_scaffold,R0-002255,False,0.46153846153846156,0.5384615384615384
linker_scaffold,R0-002262,False,0.46774193548387094,0.532258064516129
linker_scaffold,R0-002265,False,0.5423728813559322,0.4576271186440678
linker_scaffold,R0-002267,False,0.5254237288135594,0.47457627118644063
linker_scaffold,R0-002275,False,0.453125,0.546875
linker_scaffold,R0-002295,False,0.4473684210526316,0.5526315789473684
linker_scaffold,R0-002303,False,0.5882352941176471,0.4117647058823529
linker_scaffold,R0-002307,False,0.673469387755102,0.326530612244898
linker_scaffold,R0-002318,False,0.6666666666666666,0.33333333333333337
linker_scaffold,R0-002321,False,0.95,0.050000000000000044
linker_scaffold,R0-002338,False,0.42857142857142855,0.5714285714285714
linker_scaffold,R0-002341,False,0.5166666666666667,0.4833333333333333
linker_scaffold,R0-002352,False,0.5084745762711864,0.4915254237288136
linker_scaffold,R0-002355,False,0.47761194029850745,0.5223880597014925
linker_scaffold,R0-002357,False,0.703125,0.296875
linker_scaffold,R0-002375,False,0.75,0.25
linker_scaffold,R0-002380,False,0.7088607594936709,0.2911392405063291
linker_scaffold,R0-002385,False,0.703125,0.296875
linker_scaffold,R0-002394,False,0.75,0.25
linker_scaffold,R0-002437,False,0.8860759493670886,0.11392405063291144
linker_scaffold,R0-002439,False,0.6101694915254238,0.38983050847457623
linker_scaffold,R0-002440,False,0.5967741935483871,0.4032258064516129
linker_scaffold,R0-002441,False,0.7540983606557377,0.24590163934426235
linker_scaffold,R0-002442,False,0.71875,0.28125
linker_scaffold,R0-002443,False,0.5844155844155844,0.4155844155844156
linker_scaffold,R0-002564,False,0.7413793103448276,0.2586206896551724
linker_scaffold,R0-002685,False,0.7413793103448276,0.2586206896551724
linker_scaffold,R0-002926,False,0.711864406779661,0.288135593220339
linker_scaffold,R0-002927,False,0.711864406779661,0.288135593220339
linker_scaffold,R0-002928,False,0.711864406779661,0.288135593220339
linker_scaffold,R0-002929,False,0.7321428571428571,0.2678571428571429
linker_scaffold,R0-002930,False,0.7068965517241379,0.2931034482758621
linker_scaffold,R0-002931,False,0.6666666666666666,0.33333333333333337
linker_scaffold,R0-002932,False,0.711864406779661,0.288135593220339
linker_scaffold,R0-002933,False,0.7777777777777778,0.2222222222222222
linker_scaffold,R0-002934,False,0.6949152542372882,0.30508474576271183
linker_scaffold,R0-002935,False,0.6779661016949152,0.3220338983050848
linker_scaffold,R0-002936,False,0.6612903225806451,0.33870967741935487
linker_scaffold,R0-002937,False,0.8032786885245902,0.19672131147540983
linker_scaffold,R0-002938,False,0.765625,0.234375
linker_scaffold,R0-002944,False,0.859375,0.140625
linker_scaffold,R0-002948,False,0.859375,0.140625
linker_scaffold,R0-002952,False,0.859375,0.140625
linker_scaffold,R0-002956,False,0.859375,0.140625
linker_scaffold,R0-002960,False,0.859375,0.140625
linker_scaffold,R0-002964,False,0.859375,0.140625
linker_scaffold,R0-002968,False,0.859375,0.140625
linker_scaffold,R0-002970,False,0.6274509803921569,0.37254901960784315
linker_scaffold,R0-002971,False,0.5652173913043478,0.4347826086956522
linker_scaffold,R0-002972,False,0.7368421052631579,0.26315789473684215
linker_scaffold,R0-002973,False,0.7166666666666667,0.2833333333333333
linker_scaffold,R0-002974,False,0.78125,0.21875
linker_scaffold,R0-002976,False,0.8615384615384616,0.1384615384615384
linker_scaffold,R0-002980,False,0.859375,0.140625
linker_scaffold,R0-002984,False,0.859375,0.140625
linker_scaffold,R0-002988,False,0.859375,0.140625
linker_scaffold,R0-002992,False,0.859375,0.140625
linker_scaffold,R0-002996,False,0.859375,0.140625
linker_scaffold,R0-003000,False,0.859375,0.140625
linker_scaffold,R0-003004,False,0.859375,0.140625
linker_scaffold,R0-003007,False,0.8656716417910447,0.13432835820895528
linker_scaffold,R0-003010,False,0.8714285714285714,0.12857142857142856
linker_scaffold,R0-003013,False,0.8732394366197183,0.12676056338028174
linker_scaffold,R0-003016,False,0.8846153846153846,0.11538461538461542
linker_scaffold,R0-003019,False,0.8732394366197183,0.12676056338028174
linker_scaffold,R0-003022,False,0.88,0.12
linker_scaffold,R0-003024,False,0.6857142857142857,0.3142857142857143
linker_scaffold,R0-003026,False,0.8732394366197183,0.12676056338028174
linker_scaffold,R0-003029,False,0.8767123287671232,0.12328767123287676
linker_scaffold,R0-003032,False,0.8767123287671232,0.12328767123287676
linker_scaffold,R0-003035,False,0.8783783783783784,0.1216216216216216
linker_scaffold,R0-003037,False,0.6964285714285714,0.3035714285714286
linker_scaffold,R0-003038,False,0.6779661016949152,0.3220338983050848
linker_scaffold,R0-003039,False,0.734375,0.265625
linker_scaffold,R0-003042,False,0.8571428571428571,0.1428571428571429
linker_scaffold,R0-003046,False,0.8571428571428571,0.1428571428571429
linker_scaffold,R0-003050,False,0.8571428571428571,0.1428571428571429
linker_scaffold,R0-003054,False,0.8571428571428571,0.1428571428571429
linker_scaffold,R0-003058,False,0.8571428571428571,0.1428571428571429
linker_scaffold,R0-003062,False,0.8571428571428571,0.1428571428571429
linker_scaffold,R0-003066,False,0.8571428571428571,0.1428571428571429
linker_scaffold,R0-003069,False,0.8656716417910447,0.13432835820895528
linker_scaffold,R0-003071,False,0.7076923076923077,0.29230769230769227
linker_scaffold,R0-003073,False,0.8695652173913043,0.13043478260869568
linker_scaffold,R0-003075,False,0.7301587301587301,0.2698412698412699
linker_scaffold,R0-003076,False,0.7121212121212122,0.28787878787878785
linker_scaffold,R0-003077,False,0.8153846153846154,0.18461538461538463
linker_scaffold,R0-003079,False,0.8714285714285714,0.12857142857142856
linker_scaffold,R0-003082,False,0.8831168831168831,0.11688311688311692
linker_scaffold,R0-003084,False,0.6666666666666666,0.33333333333333337
linker_scaffold,R0-003085,False,0.6527777777777778,0.3472222222222222
linker_scaffold,R0-003086,False,0.803030303030303,0.19696969696969702
linker_scaffold,R0-003087,False,0.7910447761194029,0.20895522388059706
linker_scaffold,R0-003089,False,0.8714285714285714,0.12857142857142856
linker_scaffold,R0-003092,False,0.8783783783783784,0.1216216216216216
linker_scaffold,R0-003094,False,0.7101449275362319,0.28985507246376807
linker_scaffold,R0-003096,False,0.875,0.125
linker_scaffold,R0-003099,False,0.8767123287671232,0.12328767123287676
linker_scaffold,R0-003101,False,0.6153846153846154,0.3846153846153846
linker_scaffold,R0-003102,False,0.5797101449275363,0.42028985507246375
linker_scaffold,R0-003103,False,0.7419354838709677,0.25806451612903225
linker_scaffold,R0-003104,False,0.7076923076923077,0.29230769230769227
linker_scaffold,R0-003105,False,0.639344262295082,0.360655737704918
linker_scaffold,R0-003106,False,0.5652173913043478,0.4347826086956522
linker_scaffold,R0-003107,False,0.5522388059701493,0.4477611940298507
linker_scaffold,R0-003108,False,0.696969696969697,0.303030303030303
linker_scaffold,R0-003109,False,0.6666666666666666,0.33333333333333337
linker_scaffold,R0-003111,False,0.8767123287671232,0.12328767123287676
linker_scaffold,R0-003114,False,0.8767123287671232,0.12328767123287676
linker_scaffold,R0-003117,False,0.703125,0.296875
linker_scaffold,R0-003131,False,0.6901408450704225,0.3098591549295775
linker_scaffold,R0-003139,False,0.7307692307692307,0.2692307692307693
linker_scaffold,R0-003145,False,0.7971014492753623,0.2028985507246377
linker_scaffold,R0-003172,False,0.8941176470588236,0.10588235294117643
linker_scaffold,R0-003173,False,0.8714285714285714,0.12857142857142856
linker_scaffold,R0-003174,False,0.859375,0.140625
linker_scaffold,R0-003175,False,0.859375,0.140625
linker_scaffold,R0-003176,False,0.859375,0.140625
linker_scaffold,R0-003177,False,0.8732394366197183,0.12676056338028174
linker_scaffold,R0-003178,False,0.8714285714285714,0.12857142857142856
linker_scaffold,R0-003179,False,0.859375,0.140625
linker_scaffold,R0-003180,False,0.859375,0.140625
linker_scaffold,R0-003181,False,0.859375,0.140625
linker_scaffold,R0-003182,False,0.8767123287671232,0.12328767123287676
linker_scaffold,R0-003183,False,0.881578947368421,0.11842105263157898
linker_scaffold,R0-003184,False,0.8831168831168831,0.11688311688311692
linker_scaffold,R0-003185,False,0.8928571428571429,0.1071428571428571
linker_scaffold,R0-003186,False,0.8831168831168831,0.11688311688311692
linker_scaffold,R0-003187,False,0.8888888888888888,0.11111111111111116
linker_scaffold,R0-003188,False,0.8831168831168831,0.11688311688311692
linker_scaffold,R0-003189,False,0.8860759493670886,0.11392405063291144
linker_scaffold,R0-003190,False,0.8846153846153846,0.11538461538461542
linker_scaffold,R0-003191,False,0.8875,0.11250000000000004
linker_scaffold,R0-003192,False,0.8695652173913043,0.13043478260869568
linker_scaffold,R0-003193,False,0.8571428571428571,0.1428571428571429
linker_scaffold,R0-003194,False,0.8571428571428571,0.1428571428571429
linker_scaffold,R0-003195,False,0.8571428571428571,0.1428571428571429
linker_scaffold,R0-003196,False,0.8767123287671232,0.12328767123287676
linker_scaffold,R0-003197,False,0.88,0.12
linker_scaffold,R0-003198,False,0.881578947368421,0.11842105263157898
linker_scaffold,R0-003199,False,0.891566265060241,0.10843373493975905
linker_scaffold,R0-003200,False,0.881578947368421,0.11842105263157898
linker_scaffold,R0-003201,False,0.8875,0.11250000000000004
linker_scaffold,R0-003202,False,0.8831168831168831,0.11688311688311692
linker_scaffold,R0-003203,False,0.8860759493670886,0.11392405063291144
linker_scaffold,R0-003204,False,0.8860759493670886,0.11392405063291144
linker_scaffold,R0-003205,False,0.8860759493670886,0.11392405063291144
linker_scaffold,R0-003342,False,0.7101449275362319,0.28985507246376807
linker_scaffold,R0-003347,False,0.7627118644067796,0.23728813559322037
linker_scaffold,R0-003407,False,0.75,0.25
linker_scaffold,R0-003419,False,1.0,0.0
linker_scaffold,R0-003443,False,0.6923076923076923,0.3076923076923077
linker_scaffold,R0-003444,False,0.696969696969697,0.303030303030303
linker_scaffold,R0-003445,False,0.7222222222222222,0.2777777777777778
linker_scaffold,R0-003584,False,0.6885245901639344,0.3114754098360656
linker_scaffold,R0-003585,False,0.6885245901639344,0.3114754098360656
linker_scaffold,R0-003615,False,0.6764705882352942,0.32352941176470584
linker_scaffold,R0-003620,False,0.5714285714285714,0.4285714285714286
linker_scaffold,R0-003622,False,0.4918032786885246,0.5081967213114754
linker_scaffold,R0-003623,False,0.4918032786885246,0.5081967213114754
linker_scaffold,R0-003728,False,0.43283582089552236,0.5671641791044777
linker_scaffold,R0-003731,False,0.5434782608695652,0.4565217391304348
linker_scaffold,R0-003744,False,0.75,0.25
linker_scaffold,R0-003745,False,0.7959183673469388,0.20408163265306123
linker_scaffold,R0-003746,False,0.5161290322580645,0.4838709677419355
linker_scaffold,R0-003764,False,0.7692307692307693,0.23076923076923073
linker_scaffold,R0-003785,False,0.42857142857142855,0.5714285714285714
linker_scaffold,R0-003788,False,0.484375,0.515625
linker_scaffold,R0-003800,False,0.9,0.09999999999999998
linker_scaffold,R0-003803,False,0.94,0.06000000000000005
linker_scaffold,R0-003815,False,0.9411764705882353,0.05882352941176472
linker_scaffold,R0-003816,False,0.9512195121951219,0.04878048780487809
linker_scaffold,R0-003827,False,0.4523809523809524,0.5476190476190477
linker_scaffold,R0-003830,False,0.5074626865671642,0.4925373134328358
linker_scaffold,R0-003842,False,0.9056603773584906,0.09433962264150941
linker_scaffold,R0-003845,False,0.9433962264150944,0.05660377358490565
linker_scaffold,R0-003857,False,0.4523809523809524,0.5476190476190477
linker_scaffold,R0-003860,False,0.49230769230769234,0.5076923076923077
linker_scaffold,R0-003894,False,0.6086956521739131,0.3913043478260869
linker_scaffold,R0-003895,False,0.5957446808510638,0.4042553191489362
linker_scaffold,R0-003896,False,0.6122448979591837,0.3877551020408163
linker_scaffold,R0-003897,False,0.5957446808510638,0.4042553191489362
linker_scaffold,R0-003898,False,0.6470588235294118,0.3529411764705882
linker_scaffold,R0-003899,False,0.6122448979591837,0.3877551020408163
linker_scaffold,R0-003900,False,0.6041666666666666,0.39583333333333337
linker_scaffold,R0-003901,False,0.6041666666666666,0.39583333333333337
linker_scaffold,R0-003910,False,0.7906976744186046,0.2093023255813954
linker_scaffold,R0-003911,False,0.7857142857142857,0.2142857142857143
linker_scaffold,R0-003912,False,0.7954545454545454,0.20454545454545459
linker_scaffold,R0-003913,False,0.7857142857142857,0.2142857142857143
linker_scaffold,R0-003914,False,0.8085106382978723,0.19148936170212771
linker_scaffold,R0-003915,False,0.7954545454545454,0.20454545454545459
linker_scaffold,R0-003916,False,0.7906976744186046,0.2093023255813954
linker_scaffold,R0-003917,False,0.7906976744186046,0.2093023255813954
linker_scaffold,R0-003926,False,0.8095238095238095,0.19047619047619047
linker_scaffold,R0-003927,False,0.8048780487804879,0.19512195121951215
linker_scaffold,R0-003928,False,0.813953488372093,0.18604651162790697
linker_scaffold,R0-003929,False,0.8048780487804879,0.19512195121951215
linker_scaffold,R0-003930,False,0.8260869565217391,0.17391304347826086
linker_scaffold,R0-003931,False,0.813953488372093,0.18604651162790697
linker_scaffold,R0-003932,False,0.8095238095238095,0.19047619047619047
linker_scaffold,R0-003933,False,0.8095238095238095,0.19047619047619047
linker_scaffold,R0-003975,False,0.5135135135135135,0.4864864864864865
linker_scaffold,R0-003990,False,0.6170212765957447,0.3829787234042553
linker_scaffold,R0-003997,False,0.6666666666666666,0.33333333333333337
linker_scaffold,R0-004000,False,0.6666666666666666,0.33333333333333337
linker_scaffold,R0-004003,False,0.6808510638297872,0.3191489361702128
linker_scaffold,R0-004009,False,0.6326530612244898,0.36734693877551017
linker_scaffold,R0-004020,False,0.7536231884057971,0.24637681159420288
linker_scaffold,R0-004051,False,0.3387096774193548,0.6612903225806452
linker_scaffold,R0-004052,False,0.38596491228070173,0.6140350877192983
linker_scaffold,R0-004053,False,0.3225806451612903,0.6774193548387097
linker_scaffold,R0-004054,False,0.3392857142857143,0.6607142857142857
linker_scaffold,R0-004055,False,0.3333333333333333,0.6666666666666667
linker_scaffold,R0-004056,False,0.38596491228070173,0.6140350877192983
linker_scaffold,R0-004057,False,0.31666666666666665,0.6833333333333333
linker_scaffold,R0-004058,False,0.3225806451612903,0.6774193548387097
linker_scaffold,R0-004059,False,0.3220338983050847,0.6779661016949152
linker_scaffold,R0-004060,False,0.3793103448275862,0.6206896551724138
linker_scaffold,R0-004061,False,0.3108108108108108,0.6891891891891893
linker_scaffold,R0-004062,False,0.3220338983050847,0.6779661016949152
linker_scaffold,R0-004063,False,0.3333333333333333,0.6666666666666667
linker_scaffold,R0-004064,False,0.39285714285714285,0.6071428571428572
linker_scaffold,R0-004065,False,0.3148148148148148,0.6851851851851851
linker_scaffold,R0-004066,False,0.34545454545454546,0.6545454545454545
linker_scaffold,R0-004072,False,0.5074626865671642,0.4925373134328358
linker_scaffold,R0-004076,False,0.7692307692307693,0.23076923076923073
linker_scaffold,R0-004077,False,0.7794117647058824,0.22058823529411764
linker_scaffold,R0-004078,False,0.782608695652174,0.21739130434782605
linker_scaffold,R0-004079,False,0.7761194029850746,0.22388059701492535
linker_scaffold,R0-004085,False,0.6029411764705882,0.3970588235294118
linker_scaffold,R0-004089,False,0.62,0.38
linker_scaffold,R0-004207,False,0.5591397849462365,0.4408602150537635
linker_scaffold,R0-004213,False,0.5425531914893617,0.45744680851063835
linker_scaffold,R0-004381,False,0.6885245901639344,0.3114754098360656
linker_scaffold,R0-004402,False,0.6923076923076923,0.3076923076923077
linker_scaffold,R0-004410,False,0.44776119402985076,0.5522388059701493
linker_scaffold,R0-004413,False,0.5652173913043478,0.4347826086956522
linker_scaffold,R0-004426,False,0.75,0.25
linker_scaffold,R0-004427,False,0.7959183673469388,0.20408163265306123
linker_scaffold,R0-004446,False,0.7692307692307693,0.23076923076923073
linker_scaffold,R0-004464,False,0.8936170212765957,0.1063829787234043
linker_scaffold,R0-004467,False,0.9361702127659575,0.06382978723404253
linker_scaffold,R0-004475,False,0.6885245901639344,0.3114754098360656
linker_scaffold,R0-004509,False,0.734375,0.265625
linker_scaffold,R0-004519,False,0.6923076923076923,0.3076923076923077
linker_scaffold,R0-004521,False,0.7160493827160493,0.28395061728395066
linker_scaffold,R0-004524,False,0.6086956521739131,0.3913043478260869
linker_scaffold,R0-004525,False,0.696969696969697,0.303030303030303
linker_scaffold,R0-004537,False,0.7966101694915254,0.2033898305084746
linker_scaffold,R0-004547,False,0.7878787878787878,0.21212121212121215
linker_scaffold,R0-004548,False,0.7540983606557377,0.24590163934426235
linker_scaffold,R0-004549,False,0.696969696969697,0.303030303030303
linker_scaffold,R0-004555,False,1.0,0.0
linker_scaffold,R0-004556,False,0.7551020408163265,0.24489795918367352
linker_scaffold,R0-004557,False,0.7555555555555555,0.24444444444444446
linker_scaffold,R0-004565,False,0.7708333333333334,0.22916666666666663
linker_scaffold,R0-004566,False,0.75,0.25
linker_scaffold,R0-004574,False,0.6875,0.3125
linker_scaffold,R0-004575,False,0.7555555555555555,0.24444444444444446
linker_scaffold,R0-004576,False,0.7636363636363637,0.23636363636363633
linker_scaffold,R0-004586,False,0.75,0.25
linker_scaffold,R0-004589,False,0.7021276595744681,0.2978723404255319
linker_scaffold,R0-004592,False,0.7209302325581395,0.2790697674418605
linker_scaffold,R0-004598,False,0.7142857142857143,0.2857142857142857
linker_scaffold,R0-004622,False,0.6170212765957447,0.3829787234042553
linker_scaffold,R0-004623,False,0.6041666666666666,0.39583333333333337
linker_scaffold,R0-004624,False,0.62,0.38
linker_scaffold,R0-004625,False,0.6041666666666666,0.39583333333333337
linker_scaffold,R0-004626,False,0.6538461538461539,0.34615384615384615
linker_scaffold,R0-004627,False,0.62,0.38
linker_scaffold,R0-004628,False,0.6122448979591837,0.3877551020408163
linker_scaffold,R0-004629,False,0.6122448979591837,0.3877551020408163
linker_scaffold,R0-004638,False,0.7954545454545454,0.20454545454545459
linker_scaffold,R0-004639,False,0.7906976744186046,0.2093023255813954
linker_scaffold,R0-004640,False,0.8,0.19999999999999996
linker_scaffold,R0-004641,False,0.7906976744186046,0.2093023255813954
linker_scaffold,R0-004642,False,0.8125,0.1875
linker_scaffold,R0-004643,False,0.8,0.19999999999999996
linker_scaffold,R0-004644,False,0.7954545454545454,0.20454545454545459
linker_scaffold,R0-004645,False,0.7954545454545454,0.20454545454545459
linker_scaffold,R0-004654,False,0.813953488372093,0.18604651162790697
linker_scaffold,R0-004655,False,0.8095238095238095,0.19047619047619047
linker_scaffold,R0-004656,False,0.8181818181818182,0.18181818181818177
linker_scaffold,R0-004657,False,0.8095238095238095,0.19047619047619047
linker_scaffold,R0-004658,False,0.8297872340425532,0.17021276595744683
linker_scaffold,R0-004659,False,0.8181818181818182,0.18181818181818177
linker_scaffold,R0-004660,False,0.813953488372093,0.18604651162790697
linker_scaffold,R0-004661,False,0.813953488372093,0.18604651162790697
linker_scaffold,R0-004715,False,0.6440677966101694,0.35593220338983056
linker_scaffold,R0-004718,False,0.5405405405405406,0.45945945945945943
linker_scaffold,R0-004730,False,0.6274509803921569,0.37254901960784315
linker_scaffold,R0-004734,False,0.7142857142857143,0.2857142857142857
linker_scaffold,R0-004746,False,0.7037037037037037,0.2962962962962963
linker_scaffold,R0-004979,False,0.5901639344262295,0.4098360655737705
linker_scaffold,R0-004980,False,0.576271186440678,0.423728813559322
linker_scaffold,R0-004981,False,0.7413793103448276,0.2586206896551724
linker_scaffold,R0-004982,False,0.7049180327868853,0.29508196721311475
linker_scaffold,R0-004983,False,0.7272727272727273,0.2727272727272727
linker_scaffold,R0-004984,False,0.7272727272727273,0.2727272727272727
linker_scaffold,R0-004985,False,0.6964285714285714,0.3035714285714286
linker_scaffold,R0-004986,False,0.7169811320754716,0.28301886792452835
linker_scaffold,R0-004987,False,0.6964285714285714,0.3035714285714286
linker_scaffold,R0-004988,False,0.7666666666666667,0.23333333333333328
linker_scaffold,R0-004989,False,0.6607142857142857,0.3392857142857143
linker_scaffold,R0-004990,False,0.6440677966101694,0.35593220338983056
linker_scaffold,R0-004991,False,0.7931034482758621,0.2068965517241379
linker_scaffold,R0-004992,False,0.7540983606557377,0.24590163934426235
linker_scaffold,R0-004993,False,0.7222222222222222,0.2777777777777778
linker_scaffold,R0-004994,False,0.7017543859649122,0.29824561403508776
linker_scaffold,R0-004995,False,0.7704918032786885,0.2295081967213115
linker_scaffold,R0-004996,False,0.6792452830188679,0.3207547169811321
linker_scaffold,R0-004997,False,0.6607142857142857,0.3392857142857143
linker_scaffold,R0-004998,False,0.7213114754098361,0.2786885245901639
linker_scaffold,R0-004999,False,0.7166666666666667,0.2833333333333333
linker_scaffold,R0-005000,False,0.6984126984126984,0.3015873015873016
linker_scaffold,R0-005001,False,0.8064516129032258,0.19354838709677424
linker_scaffold,R0-005002,False,0.6515151515151515,0.3484848484848485
linker_scaffold,R0-005003,False,0.6376811594202898,0.3623188405797102
linker_scaffold,R0-005004,False,0.7936507936507936,0.2063492063492064
linker_scaffold,R0-005005,False,0.78125,0.21875
linker_scaffold,R0-005006,False,0.5967741935483871,0.4032258064516129
linker_scaffold,R0-005007,False,0.5606060606060606,0.43939393939393945
linker_scaffold,R0-005008,False,0.7288135593220338,0.27118644067796616
linker_scaffold,R0-005009,False,0.6935483870967742,0.30645161290322576
linker_scaffold,R0-005010,False,0.5454545454545454,0.4545454545454546
linker_scaffold,R0-005011,False,0.53125,0.46875
linker_scaffold,R0-005012,False,0.6825396825396826,0.31746031746031744
linker_scaffold,R0-005013,False,0.6515151515151515,0.3484848484848485
linker_scaffold,R0-005015,False,0.3492063492063492,0.6507936507936508
linker_scaffold,R0-005016,False,0.38235294117647056,0.6176470588235294
linker_scaffold,R0-005017,False,0.3333333333333333,0.6666666666666667
linker_scaffold,R0-005018,False,0.3389830508474576,0.6610169491525424
linker_scaffold,R0-005019,False,0.3442622950819672,0.6557377049180328
linker_scaffold,R0-005020,False,0.40350877192982454,0.5964912280701755
linker_scaffold,R0-005021,False,0.32786885245901637,0.6721311475409837
linker_scaffold,R0-005022,False,0.3392857142857143,0.6607142857142857
linker_scaffold,R0-005023,False,0.3389830508474576,0.6610169491525424
linker_scaffold,R0-005024,False,0.39655172413793105,0.603448275862069
linker_scaffold,R0-005025,False,0.3275862068965517,0.6724137931034483
linker_scaffold,R0-005026,False,0.3389830508474576,0.6610169491525424
linker_scaffold,R0-005027,False,0.3333333333333333,0.6666666666666667
linker_scaffold,R0-005028,False,0.38596491228070173,0.6140350877192983
linker_scaffold,R0-005029,False,0.3275862068965517,0.6724137931034483
linker_scaffold,R0-005030,False,0.3448275862068966,0.6551724137931034
linker_scaffold,R0-005035,False,0.7230769230769231,0.27692307692307694
linker_scaffold,R0-005039,False,0.5714285714285714,0.4285714285714286
linker_scaffold,R0-005044,False,0.5769230769230769,0.42307692307692313
linker_scaffold,R0-005046,False,0.6885245901639344,0.3114754098360656
linker_scaffold,R0-005059,False,0.6666666666666666,0.33333333333333337
linker_scaffold,R0-005066,False,0.6923076923076923,0.3076923076923077
linker_scaffold,R0-005076,False,0.44776119402985076,0.5522388059701493
linker_scaffold,R0-005079,False,0.5652173913043478,0.4347826086956522
linker_scaffold,R0-005090,False,0.676923076923077,0.32307692307692304
linker_scaffold,R0-005091,False,0.7377049180327869,0.2622950819672131
linker_scaffold,R0-005096,False,0.75,0.25
linker_scaffold,R0-005097,False,0.7959183673469388,0.20408163265306123
linker_scaffold,R0-005116,False,0.7692307692307693,0.23076923076923073
linker_scaffold,R0-005121,False,0.7777777777777778,0.2222222222222222
linker_scaffold,R0-005149,False,0.8936170212765957,0.1063829787234043
linker_scaffold,R0-005152,False,0.9361702127659575,0.06382978723404253
linker_scaffold,R0-005170,False,0.6170212765957447,0.3829787234042553
linker_scaffold,R0-005171,False,0.6041666666666666,0.39583333333333337
linker_scaffold,R0-005172,False,0.62,0.38
linker_scaffold,R0-005173,False,0.6041666666666666,0.39583333333333337
linker_scaffold,R0-005174,False,0.6538461538461539,0.34615384615384615
linker_scaffold,R0-005175,False,0.62,0.38
linker_scaffold,R0-005176,False,0.6122448979591837,0.3877551020408163
linker_scaffold,R0-005177,False,0.6122448979591837,0.3877551020408163
linker_scaffold,R0-005186,False,0.7954545454545454,0.20454545454545459
linker_scaffold,R0-005187,False,0.7906976744186046,0.2093023255813954
linker_scaffold,R0-005188,False,0.8,0.19999999999999996
linker_scaffold,R0-005189,False,0.7906976744186046,0.2093023255813954
linker_scaffold,R0-005190,False,0.8125,0.1875
linker_scaffold,R0-005191,False,0.8,0.19999999999999996
linker_scaffold,R0-005192,False,0.7954545454545454,0.20454545454545459
linker_scaffold,R0-005193,False,0.7954545454545454,0.20454545454545459
linker_scaffold,R0-005202,False,0.813953488372093,0.18604651162790697
linker_scaffold,R0-005203,False,0.8095238095238095,0.19047619047619047
linker_scaffold,R0-005204,False,0.8181818181818182,0.18181818181818177
linker_scaffold,R0-005205,False,0.8095238095238095,0.19047619047619047
linker_scaffold,R0-005206,False,0.8297872340425532,0.17021276595744683
linker_scaffold,R0-005207,False,0.8181818181818182,0.18181818181818177
linker_scaffold,R0-005208,False,0.813953488372093,0.18604651162790697
linker_scaffold,R0-005209,False,0.813953488372093,0.18604651162790697
linker_scaffold,R0-005264,False,0.5405405405405406,0.45945945945945943
linker_scaffold,R0-005291,False,0.4153846153846154,0.5846153846153845
linker_scaffold,R0-005321,False,0.8831168831168831,0.11688311688311692
linker_scaffold,R0-005804,False,0.8524590163934426,0.14754098360655743
linker_scaffold,R0-005808,False,0.8524590163934426,0.14754098360655743
linker_scaffold,R0-005812,False,0.8524590163934426,0.14754098360655743
linker_scaffold,R0-005816,False,0.8524590163934426,0.14754098360655743
linker_scaffold,R0-005820,False,0.8524590163934426,0.14754098360655743
linker_scaffold,R0-005824,False,0.8524590163934426,0.14754098360655743
linker_scaffold,R0-005827,False,0.8548387096774194,0.14516129032258063
linker_scaffold,R0-005830,False,0.8524590163934426,0.14754098360655743
linker_scaffold,R0-005834,False,0.8524590163934426,0.14754098360655743
linker_scaffold,R0-005838,False,0.8524590163934426,0.14754098360655743
linker_scaffold,R0-005842,False,0.8524590163934426,0.14754098360655743
linker_scaffold,R0-005846,False,0.8524590163934426,0.14754098360655743
linker_scaffold,R0-005850,False,0.8524590163934426,0.14754098360655743
linker_scaffold,R0-005853,False,0.859375,0.140625
linker_scaffold,R0-005855,False,0.8656716417910447,0.13432835820895528
linker_scaffold,R0-005857,False,0.8676470588235294,0.13235294117647056
linker_scaffold,R0-005859,False,0.88,0.12
linker_scaffold,R0-005861,False,0.8676470588235294,0.13235294117647056
linker_scaffold,R0-005863,False,0.875,0.125
linker_scaffold,R0-005865,False,0.8676470588235294,0.13235294117647056
linker_scaffold,R0-005867,False,0.8714285714285714,0.12857142857142856
linker_scaffold,R0-005869,False,0.8714285714285714,0.12857142857142856
linker_scaffold,R0-005871,False,0.875,0.125
linker_scaffold,R0-005874,False,0.85,0.15000000000000002
linker_scaffold,R0-005878,False,0.85,0.15000000000000002
linker_scaffold,R0-005882,False,0.85,0.15000000000000002
linker_scaffold,R0-005886,False,0.85,0.15000000000000002
linker_scaffold,R0-005890,False,0.85,0.15000000000000002
linker_scaffold,R0-005894,False,0.85,0.15000000000000002
linker_scaffold,R0-005897,False,0.859375,0.140625
linker_scaffold,R0-005899,False,0.8636363636363636,0.13636363636363635
linker_scaffold,R0-005901,False,0.8656716417910447,0.13432835820895528
linker_scaffold,R0-005903,False,0.8783783783783784,0.1216216216216216
linker_scaffold,R0-005905,False,0.8656716417910447,0.13432835820895528
linker_scaffold,R0-005907,False,0.8732394366197183,0.12676056338028174
linker_scaffold,R0-005909,False,0.8695652173913043,0.13043478260869568
linker_scaffold,R0-005911,False,0.8714285714285714,0.12857142857142856
linker_scaffold,R0-005913,False,0.8732394366197183,0.12676056338028174
linker_scaffold,R0-005915,False,0.8732394366197183,0.12676056338028174
linker_scaffold,R0-005923,False,0.6885245901639344,0.3114754098360656
linker_scaffold,R0-005938,False,0.6666666666666666,0.33333333333333337
linker_scaffold,R0-005947,False,0.6923076923076923,0.3076923076923077
linker_scaffold,R0-005951,False,0.5970149253731343,0.4029850746268657
linker_scaffold,R0-005972,False,0.8831168831168831,0.11688311688311692
linker_scaffold,R0-005973,False,0.8656716417910447,0.13432835820895528
linker_scaffold,R0-005974,False,0.8524590163934426,0.14754098360655743
linker_scaffold,R0-005975,False,0.8524590163934426,0.14754098360655743
linker_scaffold,R0-005976,False,0.8548387096774194,0.14516129032258063
linker_scaffold,R0-005977,False,0.8656716417910447,0.13432835820895528
linker_scaffold,R0-005978,False,0.8524590163934426,0.14754098360655743
linker_scaffold,R0-005979,False,0.8524590163934426,0.14754098360655743
linker_scaffold,R0-005980,False,0.859375,0.140625
linker_scaffold,R0-005981,False,0.8656716417910447,0.13432835820895528
linker_scaffold,R0-005982,False,0.8676470588235294,0.13235294117647056
linker_scaffold,R0-005983,False,0.88,0.12
linker_scaffold,R0-005984,False,0.8676470588235294,0.13235294117647056
linker_scaffold,R0-005985,False,0.875,0.125
linker_scaffold,R0-005986,False,0.8676470588235294,0.13235294117647056
linker_scaffold,R0-005987,False,0.8714285714285714,0.12857142857142856
linker_scaffold,R0-005988,False,0.8714285714285714,0.12857142857142856
linker_scaffold,R0-005989,False,0.875,0.125
linker_scaffold,R0-005990,False,0.8636363636363636,0.13636363636363635
linker_scaffold,R0-005991,False,0.85,0.15000000000000002
linker_scaffold,R0-005992,False,0.85,0.15000000000000002
linker_scaffold,R0-005993,False,0.859375,0.140625
linker_scaffold,R0-005994,False,0.8636363636363636,0.13636363636363635
linker_scaffold,R0-005995,False,0.8656716417910447,0.13432835820895528
linker_scaffold,R0-005996,False,0.8783783783783784,0.1216216216216216
linker_scaffold,R0-005997,False,0.8656716417910447,0.13432835820895528
linker_scaffold,R0-005998,False,0.8732394366197183,0.12676056338028174
linker_scaffold,R0-005999,False,0.8695652173913043,0.13043478260869568
linker_scaffold,R0-006000,False,0.8714285714285714,0.12857142857142856
linker_scaffold,R0-006001,False,0.8732394366197183,0.12676056338028174
linker_scaffold,R0-006002,False,0.8732394366197183,0.12676056338028174
linker_scaffold,R0-006092,False,0.6811594202898551,0.3188405797101449
linker_scaffold,R0-006101,False,0.75,0.25
linker_scaffold,R0-006102,False,0.654320987654321,0.345679012345679
linker_scaffold,R0-006135,False,0.5074626865671642,0.4925373134328358
linker_scaffold,R0-006145,False,0.5652173913043478,0.4347826086956522
linker_scaffold,R0-006155,False,0.5074626865671642,0.4925373134328358
linker_scaffold,R0-006173,False,0.660377358490566,0.339622641509434
linker_scaffold,R0-006174,False,0.6481481481481481,0.35185185185185186
linker_scaffold,R0-006175,False,0.6607142857142857,0.3392857142857143
linker_scaffold,R0-006176,False,0.6481481481481481,0.35185185185185186
linker_scaffold,R0-006177,False,0.6896551724137931,0.31034482758620685
linker_scaffold,R0-006178,False,0.6607142857142857,0.3392857142857143
linker_scaffold,R0-006179,False,0.6545454545454545,0.34545454545454546
linker_scaffold,R0-006180,False,0.6545454545454545,0.34545454545454546
linker_scaffold,R0-006189,False,0.8163265306122449,0.18367346938775508
linker_scaffold,R0-006190,False,0.8125,0.1875
linker_scaffold,R0-006191,False,0.82,0.18000000000000005
linker_scaffold,R0-006192,False,0.8125,0.1875
linker_scaffold,R0-006193,False,0.8301886792452831,0.16981132075471694
linker_scaffold,R0-006194,False,0.82,0.18000000000000005
linker_scaffold,R0-006195,False,0.8163265306122449,0.18367346938775508
linker_scaffold,R0-006196,False,0.8163265306122449,0.18367346938775508
linker_scaffold,R0-006205,False,0.8333333333333334,0.16666666666666663
linker_scaffold,R0-006206,False,0.8297872340425532,0.17021276595744683
linker_scaffold,R0-006207,False,0.8367346938775511,0.16326530612244894
linker_scaffold,R0-006208,False,0.8297872340425532,0.17021276595744683
linker_scaffold,R0-006209,False,0.8461538461538461,0.15384615384615385
linker_scaffold,R0-006210,False,0.8367346938775511,0.16326530612244894
linker_scaffold,R0-006211,False,0.8333333333333334,0.16666666666666663
linker_scaffold,R0-006212,False,0.8333333333333334,0.16666666666666663
linker_scaffold,R0-006297,False,0.425531914893617,0.574468085106383
linker_scaffold,R0-006298,False,0.4057971014492754,0.5942028985507246
linker_scaffold,R0-006299,False,0.43243243243243246,0.5675675675675675
linker_scaffold,R0-006300,False,0.46835443037974683,0.5316455696202531
linker_scaffold,R0-006301,False,0.43243243243243246,0.5675675675675675
linker_scaffold,R0-006303,False,0.391304347826087,0.6086956521739131
linker_scaffold,R0-006304,False,0.39436619718309857,0.6056338028169015
linker_scaffold,R0-006305,False,0.4246575342465753,0.5753424657534247
linker_scaffold,R0-006306,False,0.43243243243243246,0.5675675675675675
linker_scaffold,R0-006307,False,0.4027777777777778,0.5972222222222222
linker_scaffold,R0-006311,False,0.43956043956043955,0.5604395604395604
linker_scaffold,R0-006312,False,0.40298507462686567,0.5970149253731343
linker_scaffold,R0-006313,False,0.43478260869565216,0.5652173913043479
linker_scaffold,R0-006314,False,0.5076923076923077,0.49230769230769234
linker_scaffold,R0-006315,False,0.4583333333333333,0.5416666666666667
linker_scaffold,R0-006317,False,0.3880597014925373,0.6119402985074627
linker_scaffold,R0-006318,False,0.391304347826087,0.6086956521739131
linker_scaffold,R0-006319,False,0.4264705882352941,0.5735294117647058
linker_scaffold,R0-006320,False,0.43478260869565216,0.5652173913043479
linker_scaffold,R0-006321,False,0.43478260869565216,0.5652173913043479
linker_scaffold,R0-006325,False,0.4659090909090909,0.5340909090909092
linker_scaffold,R0-006326,False,0.40298507462686567,0.5970149253731343
linker_scaffold,R0-006327,False,0.4492753623188406,0.5507246376811594
linker_scaffold,R0-006328,False,0.5135135135135135,0.4864864864864865
linker_scaffold,R0-006329,False,0.4722222222222222,0.5277777777777778
linker_scaffold,R0-006331,False,0.3939393939393939,0.6060606060606061
linker_scaffold,R0-006332,False,0.40298507462686567,0.5970149253731343
linker_scaffold,R0-006333,False,0.4411764705882353,0.5588235294117647
linker_scaffold,R0-006334,False,0.4492753623188406,0.5507246376811594
linker_scaffold,R0-006335,False,0.4492753623188406,0.5507246376811594
linker_scaffold,R0-006339,False,0.3939393939393939,0.6060606060606061
linker_scaffold,R0-006340,False,0.42857142857142855,0.5714285714285714
linker_scaffold,R0-006341,False,0.38333333333333336,0.6166666666666667
linker_scaffold,R0-006342,False,0.38028169014084506,0.619718309859155
linker_scaffold,R0-006350,False,0.7272727272727273,0.2727272727272727
linker_scaffold,R0-006351,False,0.6607142857142857,0.3392857142857143
linker_scaffold,R0-006366,False,0.4883720930232558,0.5116279069767442
linker_scaffold,R0-006368,False,0.4883720930232558,0.5116279069767442
linker_scaffold,R0-006370,False,0.4883720930232558,0.5116279069767442
linker_scaffold,R0-006372,False,0.4883720930232558,0.5116279069767442
linker_scaffold,R0-006374,False,0.4883720930232558,0.5116279069767442
linker_scaffold,R0-006376,False,0.4883720930232558,0.5116279069767442
linker_scaffold,R0-006378,False,0.4883720930232558,0.5116279069767442
linker_scaffold,R0-006385,False,0.6607142857142857,0.3392857142857143
linker_scaffold,R0-006386,False,0.6607142857142857,0.3392857142857143
linker_scaffold,R0-006387,False,0.38461538461538464,0.6153846153846154
linker_scaffold,R0-006388,False,0.6964285714285714,0.3035714285714286
linker_scaffold,R0-006389,False,0.6212121212121212,0.3787878787878788
linker_scaffold,R0-006738,False,0.7846153846153846,0.2153846153846154
linker_scaffold,R0-007065,False,0.5925925925925926,0.40740740740740744
linker_scaffold,R0-007068,False,0.6041666666666666,0.39583333333333337
linker_scaffold,R0-007071,False,0.6086956521739131,0.3913043478260869
linker_scaffold,R0-007077,False,0.62,0.38
linker_scaffold,R0-007081,False,0.3492063492063492,0.6507936507936508
linker_scaffold,R0-007082,False,0.38235294117647056,0.6176470588235294
linker_scaffold,R0-007083,False,0.3333333333333333,0.6666666666666667
linker_scaffold,R0-007084,False,0.3389830508474576,0.6610169491525424
linker_scaffold,R0-007085,False,0.3442622950819672,0.6557377049180328
linker_scaffold,R0-007086,False,0.40350877192982454,0.5964912280701755
linker_scaffold,R0-007087,False,0.32786885245901637,0.6721311475409837
linker_scaffold,R0-007088,False,0.3392857142857143,0.6607142857142857
linker_scaffold,R0-007089,False,0.3389830508474576,0.6610169491525424
linker_scaffold,R0-007090,False,0.39655172413793105,0.603448275862069
linker_scaffold,R0-007091,False,0.3275862068965517,0.6724137931034483
linker_scaffold,R0-007092,False,0.3389830508474576,0.6610169491525424
linker_scaffold,R0-007093,False,0.3333333333333333,0.6666666666666667
linker_scaffold,R0-007094,False,0.38596491228070173,0.6140350877192983
linker_scaffold,R0-007095,False,0.3275862068965517,0.6724137931034483
linker_scaffold,R0-007096,False,0.3448275862068966,0.6551724137931034
linker_scaffold,R0-007106,False,0.44776119402985076,0.5522388059701493
linker_scaffold,R0-007109,False,0.5652173913043478,0.4347826086956522
linker_scaffold,R0-007126,False,0.8548387096774194,0.14516129032258063
linker_scaffold,R0-007127,False,0.8548387096774194,0.14516129032258063
linker_scaffold,R0-007128,False,0.8524590163934426,0.14754098360655743
linker_scaffold,R0-007137,False,0.75,0.25
linker_scaffold,R0-007138,False,0.7959183673469388,0.20408163265306123
linker_scaffold,R0-007153,False,0.5161290322580645,0.4838709677419355
linker_scaffold,R0-007158,False,0.7692307692307693,0.23076923076923073
linker_scaffold,R0-007177,False,0.8936170212765957,0.1063829787234043
linker_scaffold,R0-007180,False,0.9361702127659575,0.06382978723404253
linker_scaffold,R0-007200,False,0.7241379310344828,0.27586206896551724
linker_scaffold,R0-007212,False,1.0,0.0
linker_scaffold,R0-007236,False,0.6724137931034483,0.3275862068965517
linker_scaffold,R0-007237,False,0.6779661016949152,0.3220338983050848
linker_scaffold,R0-007238,False,0.7076923076923077,0.29230769230769227
linker_scaffold,R0-007247,False,0.43529411764705883,0.5647058823529412
linker_scaffold,R0-007249,False,0.78125,0.21875
linker_scaffold,R0-007260,False,0.7741935483870968,0.22580645161290325
linker_scaffold,R0-007271,False,0.7777777777777778,0.2222222222222222
linker_scaffold,R0-007284,False,0.6984126984126984,0.3015873015873016
linker_scaffold,R0-007285,False,0.6984126984126984,0.3015873015873016
linker_scaffold,R0-007304,False,0.746031746031746,0.25396825396825395
linker_scaffold,R0-007309,False,0.6857142857142857,0.3142857142857143
linker_scaffold,R0-007316,False,0.6181818181818182,0.38181818181818183
linker_scaffold,R0-007322,False,0.46835443037974683,0.5316455696202531
linker_scaffold,R0-007327,False,0.7021276595744681,0.2978723404255319
linker_scaffold,R0-007489,False,0.7291666666666666,0.27083333333333337
linker_scaffold,R0-007492,False,0.717391304347826,0.28260869565217395
linker_scaffold,R0-007495,False,0.7380952380952381,0.26190476190476186
linker_scaffold,R0-007498,False,0.5967741935483871,0.4032258064516129
linker_scaffold,R0-007501,False,0.7291666666666666,0.27083333333333337
linker_scaffold,R0-007515,False,0.6170212765957447,0.3829787234042553
linker_scaffold,R0-007516,False,0.6041666666666666,0.39583333333333337
linker_scaffold,R0-007517,False,0.62,0.38
linker_scaffold,R0-007518,False,0.6041666666666666,0.39583333333333337
linker_scaffold,R0-007519,False,0.6538461538461539,0.34615384615384615
linker_scaffold,R0-007520,False,0.62,0.38
linker_scaffold,R0-007521,False,0.6122448979591837,0.3877551020408163
linker_scaffold,R0-007522,False,0.6122448979591837,0.3877551020408163
linker_scaffold,R0-007531,False,0.7954545454545454,0.20454545454545459
linker_scaffold,R0-007532,False,0.7906976744186046,0.2093023255813954
linker_scaffold,R0-007533,False,0.8,0.19999999999999996
linker_scaffold,R0-007534,False,0.7906976744186046,0.2093023255813954
linker_scaffold,R0-007535,False,0.8125,0.1875
linker_scaffold,R0-007536,False,0.8,0.19999999999999996
linker_scaffold,R0-007537,False,0.7954545454545454,0.20454545454545459
linker_scaffold,R0-007538,False,0.7954545454545454,0.20454545454545459
linker_scaffold,R0-007547,False,0.813953488372093,0.18604651162790697
linker_scaffold,R0-007548,False,0.8095238095238095,0.19047619047619047
linker_scaffold,R0-007549,False,0.8181818181818182,0.18181818181818177
linker_scaffold,R0-007550,False,0.8095238095238095,0.19047619047619047
linker_scaffold,R0-007551,False,0.8297872340425532,0.17021276595744683
linker_scaffold,R0-007552,False,0.8181818181818182,0.18181818181818177
linker_scaffold,R0-007553,False,0.813953488372093,0.18604651162790697
linker_scaffold,R0-007554,False,0.813953488372093,0.18604651162790697
linker_scaffold,R0-007619,False,0.7192982456140351,0.2807017543859649
linker_scaffold,R0-007631,False,1.0,0.0
linker_scaffold,R0-007655,False,0.6666666666666666,0.33333333333333337
linker_scaffold,R0-007656,False,0.6724137931034483,0.3275862068965517
linker_scaffold,R0-007657,False,0.703125,0.296875
linker_scaffold,R0-007679,False,0.48148148148148145,0.5185185185185186
linker_scaffold,R0-007682,False,0.4375,0.5625
linker_scaffold,R0-007685,False,0.44776119402985076,0.5522388059701493
linker_scaffold,R0-007686,False,0.4431818181818182,0.5568181818181819
linker_scaffold,R0-007747,False,0.7402597402597403,0.2597402597402597
linker_scaffold,R0-007750,False,0.8392857142857143,0.1607142857142857
linker_scaffold,R0-007754,False,0.8392857142857143,0.1607142857142857
linker_scaffold,R0-007758,False,0.8363636363636363,0.1636363636363637
linker_scaffold,R0-007764,False,0.7777777777777778,0.2222222222222222
linker_scaffold,R0-007765,False,0.7333333333333333,0.2666666666666667
linker_scaffold,R0-007768,False,0.7450980392156863,0.2549019607843137
linker_scaffold,R0-007788,False,0.5573770491803278,0.4426229508196722
linker_scaffold,R0-007804,False,0.5405405405405406,0.45945945945945943
linker_scaffold,R0-007821,False,0.6274509803921569,0.37254901960784315
linker_scaffold,R0-007825,False,0.7142857142857143,0.2857142857142857
linker_scaffold,R0-007837,False,0.7037037037037037,0.2962962962962963
linker_scaffold,R0-007845,False,1.0,0.0
linker_scaffold,R0-007847,False,1.0,0.0
linker_scaffold,R0-007851,False,0.3492063492063492,0.6507936507936508
linker_scaffold,R0-007852,False,0.38235294117647056,0.6176470588235294
linker_scaffold,R0-007853,False,0.3333333333333333,0.6666666666666667
linker_scaffold,R0-007854,False,0.3389830508474576,0.6610169491525424
linker_scaffold,R0-007855,False,0.3442622950819672,0.6557377049180328
linker_scaffold,R0-007856,False,0.40350877192982454,0.5964912280701755
linker_scaffold,R0-007857,False,0.32786885245901637,0.6721311475409837
linker_scaffold,R0-007858,False,0.3392857142857143,0.6607142857142857
linker_scaffold,R0-007859,False,0.3389830508474576,0.6610169491525424
linker_scaffold,R0-007860,False,0.39655172413793105,0.603448275862069
linker_scaffold,R0-007861,False,0.3275862068965517,0.6724137931034483
linker_scaffold,R0-007862,False,0.3389830508474576,0.6610169491525424
linker_scaffold,R0-007863,False,0.3333333333333333,0.6666666666666667
linker_scaffold,R0-007864,False,0.38596491228070173,0.6140350877192983
linker_scaffold,R0-007865,False,0.3275862068965517,0.6724137931034483
linker_scaffold,R0-007866,False,0.3448275862068966,0.6551724137931034
linker_scaffold,R0-007872,False,0.5094339622641509,0.49056603773584906
linker_scaffold,R0-007890,False,0.5714285714285714,0.4285714285714286
linker_scaffold,R0-007899,False,0.34285714285714286,0.6571428571428571
linker_scaffold,R0-007900,False,0.45569620253164556,0.5443037974683544
linker_scaffold,R0-007903,False,0.5769230769230769,0.42307692307692313
linker_scaffold,R0-007917,False,0.44776119402985076,0.5522388059701493
linker_scaffold,R0-007920,False,0.5652173913043478,0.4347826086956522
linker_scaffold,R0-007952,False,0.4186046511627907,0.5813953488372092
linker_scaffold,R0-007954,False,0.8936170212765957,0.1063829787234043
linker_scaffold,R0-007957,False,0.9361702127659575,0.06382978723404253
linker_scaffold,R0-007973,False,0.6170212765957447,0.3829787234042553
linker_scaffold,R0-007974,False,0.6041666666666666,0.39583333333333337
linker_scaffold,R0-007975,False,0.62,0.38
linker_scaffold,R0-007976,False,0.6041666666666666,0.39583333333333337
linker_scaffold,R0-007977,False,0.6538461538461539,0.34615384615384615
linker_scaffold,R0-007978,False,0.62,0.38
linker_scaffold,R0-007979,False,0.6122448979591837,0.3877551020408163
linker_scaffold,R0-007980,False,0.6122448979591837,0.3877551020408163
linker_scaffold,R0-007989,False,0.7954545454545454,0.20454545454545459
linker_scaffold,R0-007990,False,0.7906976744186046,0.2093023255813954
linker_scaffold,R0-007991,False,0.8,0.19999999999999996
linker_scaffold,R0-007992,False,0.7906976744186046,0.2093023255813954
linker_scaffold,R0-007993,False,0.8125,0.1875
linker_scaffold,R0-007994,False,0.8,0.19999999999999996
linker_scaffold,R0-007995,False,0.7954545454545454,0.20454545454545459
linker_scaffold,R0-007996,False,0.7954545454545454,0.20454545454545459
linker_scaffold,R0-008005,False,0.813953488372093,0.18604651162790697
linker_scaffold,R0-008006,False,0.8095238095238095,0.19047619047619047
linker_scaffold,R0-008007,False,0.8181818181818182,0.18181818181818177
linker_scaffold,R0-008008,False,0.8095238095238095,0.19047619047619047
linker_scaffold,R0-008009,False,0.8297872340425532,0.17021276595744683
linker_scaffold,R0-008010,False,0.8181818181818182,0.18181818181818177
linker_scaffold,R0-008011,False,0.813953488372093,0.18604651162790697
linker_scaffold,R0-008012,False,0.813953488372093,0.18604651162790697
linker_scaffold,R0-008066,False,0.5405405405405406,0.45945945945945943
linker_scaffold,R0-008079,False,0.3492063492063492,0.6507936507936508
linker_scaffold,R0-008080,False,0.38235294117647056,0.6176470588235294
linker_scaffold,R0-008081,False,0.3333333333333333,0.6666666666666667
linker_scaffold,R0-008082,False,0.3389830508474576,0.6610169491525424
linker_scaffold,R0-008083,False,0.3442622950819672,0.6557377049180328
linker_scaffold,R0-008084,False,0.40350877192982454,0.5964912280701755
linker_scaffold,R0-008085,False,0.32786885245901637,0.6721311475409837
linker_scaffold,R0-008086,False,0.3392857142857143,0.6607142857142857
linker_scaffold,R0-008087,False,0.3389830508474576,0.6610169491525424
linker_scaffold,R0-008088,False,0.39655172413793105,0.603448275862069
linker_scaffold,R0-008089,False,0.3275862068965517,0.6724137931034483
linker_scaffold,R0-008090,False,0.3389830508474576,0.6610169491525424
linker_scaffold,R0-008091,False,0.3333333333333333,0.6666666666666667
linker_scaffold,R0-008092,False,0.38596491228070173,0.6140350877192983
linker_scaffold,R0-008093,False,0.3275862068965517,0.6724137931034483
linker_scaffold,R0-008094,False,0.3448275862068966,0.6551724137931034
linker_scaffold,R0-008099,False,0.35135135135135137,0.6486486486486487
linker_scaffold,R0-008100,False,0.35135135135135137,0.6486486486486487
linker_scaffold,R0-008106,False,0.4444444444444444,0.5555555555555556
linker_scaffold,R0-008107,False,0.42857142857142855,0.5714285714285714
linker_scaffold,R0-008108,False,0.42857142857142855,0.5714285714285714
linker_scaffold,R0-008109,False,0.42857142857142855,0.5714285714285714
linker_scaffold,R0-008110,False,0.42857142857142855,0.5714285714285714
linker_scaffold,R0-008111,False,0.42857142857142855,0.5714285714285714
linker_scaffold,R0-008112,False,0.42857142857142855,0.5714285714285714
linker_scaffold,R0-008113,False,0.42857142857142855,0.5714285714285714
linker_scaffold,R0-008114,False,0.42857142857142855,0.5714285714285714
linker_scaffold,R0-008124,False,0.6885245901639344,0.3114754098360656
linker_scaffold,R0-008145,False,0.6923076923076923,0.3076923076923077
linker_scaffold,R0-008153,False,0.44776119402985076,0.5522388059701493
linker_scaffold,R0-008156,False,0.5652173913043478,0.4347826086956522
linker_scaffold,R0-008173,False,0.8548387096774194,0.14516129032258063
linker_scaffold,R0-008174,False,0.8548387096774194,0.14516129032258063
linker_scaffold,R0-008175,False,0.8524590163934426,0.14754098360655743
linker_scaffold,R0-008192,False,0.7241379310344828,0.27586206896551724
linker_scaffold,R0-008204,False,1.0,0.0
linker_scaffold,R0-008228,False,0.6724137931034483,0.3275862068965517
linker_scaffold,R0-008229,False,0.6779661016949152,0.3220338983050848
linker_scaffold,R0-008230,False,0.7076923076923077,0.29230769230769227
linker_scaffold,R0-008231,False,0.3611111111111111,0.6388888888888888
linker_scaffold,R0-008251,False,0.7037037037037037,0.2962962962962963
linker_scaffold,R0-008263,False,1.0,0.0
linker_scaffold,R0-008287,False,0.6363636363636364,0.36363636363636365
linker_scaffold,R0-008288,False,0.6428571428571429,0.3571428571428571
linker_scaffold,R0-008289,False,0.6774193548387096,0.32258064516129037
linker_scaffold,R0-008294,False,0.7291666666666666,0.27083333333333337
linker_scaffold,R0-008297,False,0.717391304347826,0.28260869565217395
linker_scaffold,R0-008300,False,0.7380952380952381,0.26190476190476186
linker_scaffold,R0-008308,False,0.7291666666666666,0.27083333333333337
linker_scaffold,R0-008320,False,0.6170212765957447,0.3829787234042553
linker_scaffold,R0-008321,False,0.6041666666666666,0.39583333333333337
linker_scaffold,R0-008322,False,0.62,0.38
linker_scaffold,R0-008323,False,0.6041666666666666,0.39583333333333337
linker_scaffold,R0-008324,False,0.6538461538461539,0.34615384615384615
linker_scaffold,R0-008325,False,0.62,0.38
linker_scaffold,R0-008326,False,0.6122448979591837,0.3877551020408163
linker_scaffold,R0-008327,False,0.6122448979591837,0.3877551020408163
linker_scaffold,R0-008336,False,0.7954545454545454,0.20454545454545459
linker_scaffold,R0-008337,False,0.7906976744186046,0.2093023255813954
linker_scaffold,R0-008338,False,0.8,0.19999999999999996
linker_scaffold,R0-008339,False,0.7906976744186046,0.2093023255813954
linker_scaffold,R0-008340,False,0.8125,0.1875
linker_scaffold,R0-008341,False,0.8,0.19999999999999996
linker_scaffold,R0-008342,False,0.7954545454545454,0.20454545454545459
linker_scaffold,R0-008343,False,0.7954545454545454,0.20454545454545459
linker_scaffold,R0-008352,False,0.813953488372093,0.18604651162790697
linker_scaffold,R0-008353,False,0.8095238095238095,0.19047619047619047
linker_scaffold,R0-008354,False,0.8181818181818182,0.18181818181818177
linker_scaffold,R0-008355,False,0.8095238095238095,0.19047619047619047
linker_scaffold,R0-008356,False,0.8297872340425532,0.17021276595744683
linker_scaffold,R0-008357,False,0.8181818181818182,0.18181818181818177
linker_scaffold,R0-008358,False,0.813953488372093,0.18604651162790697
linker_scaffold,R0-008359,False,0.813953488372093,0.18604651162790697
linker_scaffold,R0-008423,False,0.7192982456140351,0.2807017543859649
linker_scaffold,R0-008435,False,1.0,0.0
linker_scaffold,R0-008459,False,0.6666666666666666,0.33333333333333337
linker_scaffold,R0-008460,False,0.6724137931034483,0.3275862068965517
linker_scaffold,R0-008461,False,0.703125,0.296875
linker_scaffold,R0-008475,False,0.5405405405405406,0.45945945945945943
linker_scaffold,R0-008503,False,0.6274509803921569,0.37254901960784315
linker_scaffold,R0-008507,False,0.7142857142857143,0.2857142857142857
linker_scaffold,R0-008514,False,0.6744186046511628,0.32558139534883723
linker_scaffold,R0-008522,False,0.7037037037037037,0.2962962962962963
linker_scaffold,R0-008528,False,1.0,0.0
linker_scaffold,R0-008531,False,1.0,0.0
linker_scaffold,R0-008532,False,1.0,0.0
linker_scaffold,R0-008535,False,0.3492063492063492,0.6507936507936508
linker_scaffold,R0-008536,False,0.38235294117647056,0.6176470588235294
linker_scaffold,R0-008537,False,0.3333333333333333,0.6666666666666667
linker_scaffold,R0-008538,False,0.3389830508474576,0.6610169491525424
linker_scaffold,R0-008539,False,0.3442622950819672,0.6557377049180328
linker_scaffold,R0-008540,False,0.40350877192982454,0.5964912280701755
linker_scaffold,R0-008541,False,0.32786885245901637,0.6721311475409837
linker_scaffold,R0-008542,False,0.3392857142857143,0.6607142857142857
linker_scaffold,R0-008543,False,0.3389830508474576,0.6610169491525424
linker_scaffold,R0-008544,False,0.39655172413793105,0.603448275862069
linker_scaffold,R0-008545,False,0.3275862068965517,0.6724137931034483
linker_scaffold,R0-008546,False,0.3389830508474576,0.6610169491525424
linker_scaffold,R0-008547,False,0.3333333333333333,0.6666666666666667
linker_scaffold,R0-008548,False,0.38596491228070173,0.6140350877192983
linker_scaffold,R0-008549,False,0.3275862068965517,0.6724137931034483
linker_scaffold,R0-008550,False,0.3448275862068966,0.6551724137931034
linker_scaffold,R0-008555,False,0.5818181818181818,0.4181818181818182
linker_scaffold,R0-008556,False,0.5689655172413793,0.43103448275862066
linker_scaffold,R0-008557,False,0.6451612903225806,0.3548387096774194
linker_scaffold,R0-008558,False,0.5892857142857143,0.4107142857142857
linker_scaffold,R0-008559,False,0.576271186440678,0.423728813559322
linker_scaffold,R0-008560,False,0.6507936507936508,0.3492063492063492
linker_scaffold,R0-008561,False,0.5454545454545454,0.4545454545454546
linker_scaffold,R0-008562,False,0.5344827586206896,0.4655172413793104
linker_scaffold,R0-008563,False,0.6031746031746031,0.39682539682539686
linker_scaffold,R0-008564,False,0.5967741935483871,0.4032258064516129
linker_scaffold,R0-008565,False,0.5846153846153846,0.41538461538461535
linker_scaffold,R0-008566,False,0.6875,0.3125
linker_scaffold,R0-008567,False,0.35135135135135137,0.6486486486486487
linker_scaffold,R0-008568,False,0.35135135135135137,0.6486486486486487
linker_scaffold,R0-008574,False,0.4444444444444444,0.5555555555555556
linker_scaffold,R0-008575,False,0.42857142857142855,0.5714285714285714
linker_scaffold,R0-008576,False,0.42857142857142855,0.5714285714285714
linker_scaffold,R0-008577,False,0.42857142857142855,0.5714285714285714
linker_scaffold,R0-008578,False,0.42857142857142855,0.5714285714285714
linker_scaffold,R0-008579,False,0.42857142857142855,0.5714285714285714
linker_scaffold,R0-008580,False,0.42857142857142855,0.5714285714285714
linker_scaffold,R0-008581,False,0.42857142857142855,0.5714285714285714
linker_scaffold,R0-008582,False,0.42857142857142855,0.5714285714285714
linker_scaffold,R0-008592,False,0.5769230769230769,0.42307692307692313
linker_scaffold,R0-008594,False,0.6885245901639344,0.3114754098360656
linker_scaffold,R0-008615,False,0.6923076923076923,0.3076923076923077
linker_scaffold,R0-008627,False,0.44776119402985076,0.5522388059701493
linker_scaffold,R0-008630,False,0.5652173913043478,0.4347826086956522
linker_scaffold,R0-008794,False,0.4727272727272727,0.5272727272727273
linker_scaffold,R0-008795,False,0.4186046511627907,0.5813953488372092
linker_scaffold,R0-008797,False,0.5405405405405406,0.45945945945945943
linker_scaffold,R0-008811,False,0.7073170731707317,0.29268292682926833
linker_scaffold,R0-008812,False,0.35135135135135137,0.6486486486486487
linker_scaffold,R0-008813,False,0.35135135135135137,0.6486486486486487
linker_scaffold,R0-008819,False,0.4444444444444444,0.5555555555555556
linker_scaffold,R0-008820,False,0.42857142857142855,0.5714285714285714
linker_scaffold,R0-008821,False,0.42857142857142855,0.5714285714285714
linker_scaffold,R0-008822,False,0.42857142857142855,0.5714285714285714
linker_scaffold,R0-008823,False,0.42857142857142855,0.5714285714285714
linker_scaffold,R0-008824,False,0.42857142857142855,0.5714285714285714
linker_scaffold,R0-008825,False,0.42857142857142855,0.5714285714285714
linker_scaffold,R0-008826,False,0.42857142857142855,0.5714285714285714
linker_scaffold,R0-008827,False,0.42857142857142855,0.5714285714285714
linker_scaffold,R0-008843,False,0.8548387096774194,0.14516129032258063
linker_scaffold,R0-008844,False,0.8548387096774194,0.14516129032258063
linker_scaffold,R0-008845,False,0.8524590163934426,0.14754098360655743
linker_scaffold,R0-008851,False,0.5925925925925926,0.40740740740740744
linker_scaffold,R0-008885,False,0.5405405405405406,0.45945945945945943
linker_scaffold,R0-008920,False,0.6274509803921569,0.37254901960784315
linker_scaffold,R0-008924,False,0.7142857142857143,0.2857142857142857
linker_scaffold,R0-008938,False,0.7037037037037037,0.2962962962962963
linker_scaffold,R0-008941,False,1.0,0.0
linker_scaffold,R0-008952,False,0.35135135135135137,0.6486486486486487
linker_scaffold,R0-008953,False,0.35135135135135137,0.6486486486486487
linker_scaffold,R0-008959,False,0.4444444444444444,0.5555555555555556
linker_scaffold,R0-008960,False,0.42857142857142855,0.5714285714285714
linker_scaffold,R0-008961,False,0.42857142857142855,0.5714285714285714
linker_scaffold,R0-008962,False,0.42857142857142855,0.5714285714285714
linker_scaffold,R0-008963,False,0.42857142857142855,0.5714285714285714
linker_scaffold,R0-008964,False,0.42857142857142855,0.5714285714285714
linker_scaffold,R0-008965,False,0.42857142857142855,0.5714285714285714
linker_scaffold,R0-008966,False,0.42857142857142855,0.5714285714285714
linker_scaffold,R0-008967,False,0.42857142857142855,0.5714285714285714
linker_scaffold,R0-008977,False,0.5769230769230769,0.42307692307692313
linker_scaffold,R0-008979,False,0.6885245901639344,0.3114754098360656
linker_scaffold,R0-009000,False,0.6923076923076923,0.3076923076923077
linker_scaffold,R0-009037,False,0.64,0.36
linker_scaffold,R0-009044,False,0.7777777777777778,0.2222222222222222
linker_scaffold,R0-009059,False,0.5405405405405406,0.45945945945945943
linker_scaffold,R0-009073,False,0.35135135135135137,0.6486486486486487
linker_scaffold,R0-009074,False,0.35135135135135137,0.6486486486486487
linker_scaffold,R0-009080,False,0.4444444444444444,0.5555555555555556
linker_scaffold,R0-009081,False,0.42857142857142855,0.5714285714285714
linker_scaffold,R0-009082,False,0.42857142857142855,0.5714285714285714
linker_scaffold,R0-009083,False,0.42857142857142855,0.5714285714285714
linker_scaffold,R0-009084,False,0.42857142857142855,0.5714285714285714
linker_scaffold,R0-009085,False,0.42857142857142855,0.5714285714285714
linker_scaffold,R0-009086,False,0.42857142857142855,0.5714285714285714
linker_scaffold,R0-009087,False,0.42857142857142855,0.5714285714285714
linker_scaffold,R0-009088,False,0.42857142857142855,0.5714285714285714
linker_scaffold,R0-009126,False,0.5405405405405406,0.45945945945945943
linker_scaffold,R0-009137,False,0.6274509803921569,0.37254901960784315
linker_scaffold,R0-009141,False,0.7142857142857143,0.2857142857142857
linker_scaffold,R0-009153,False,0.7037037037037037,0.2962962962962963
linker_scaffold,R0-009166,False,0.35135135135135137,0.6486486486486487
linker_scaffold,R0-009167,False,0.35135135135135137,0.6486486486486487
linker_scaffold,R0-009173,False,0.4444444444444444,0.5555555555555556
linker_scaffold,R0-009174,False,0.42857142857142855,0.5714285714285714
linker_scaffold,R0-009175,False,0.42857142857142855,0.5714285714285714
linker_scaffold,R0-009176,False,0.42857142857142855,0.5714285714285714
linker_scaffold,R0-009177,False,0.42857142857142855,0.5714285714285714
linker_scaffold,R0-009178,False,0.42857142857142855,0.5714285714285714
linker_scaffold,R0-009179,False,0.42857142857142855,0.5714285714285714
linker_scaffold,R0-009180,False,0.42857142857142855,0.5714285714285714
linker_scaffold,R0-009181,False,0.42857142857142855,0.5714285714285714
linker_scaffold,R0-009193,False,0.8392857142857143,0.1607142857142857
linker_scaffold,R0-009197,False,0.8392857142857143,0.1607142857142857
linker_scaffold,R0-009201,False,0.8392857142857143,0.1607142857142857
linker_scaffold,R0-009205,False,0.8392857142857143,0.1607142857142857
linker_scaffold,R0-009209,False,0.8392857142857143,0.1607142857142857
linker_scaffold,R0-009213,False,0.8392857142857143,0.1607142857142857
linker_scaffold,R0-009217,False,0.8392857142857143,0.1607142857142857
linker_scaffold,R0-009221,False,0.8392857142857143,0.1607142857142857
linker_scaffold,R0-009225,False,0.8363636363636363,0.1636363636363637
linker_scaffold,R0-009229,False,0.8363636363636363,0.1636363636363637
linker_scaffold,R0-009233,False,0.8363636363636363,0.1636363636363637
linker_scaffold,R0-009237,False,0.8363636363636363,0.1636363636363637
linker_scaffold,R0-009239,False,0.5769230769230769,0.42307692307692313
linker_scaffold,R0-009241,False,0.6885245901639344,0.3114754098360656
linker_scaffold,R0-009262,False,0.6923076923076923,0.3076923076923077
linker_scaffold,R0-009313,False,0.8548387096774194,0.14516129032258063
linker_scaffold,R0-009314,False,0.8392857142857143,0.1607142857142857
linker_scaffold,R0-009315,False,0.8548387096774194,0.14516129032258063
linker_scaffold,R0-009316,False,0.8392857142857143,0.1607142857142857
linker_scaffold,R0-009317,False,0.8524590163934426,0.14754098360655743
linker_scaffold,R0-009318,False,0.8363636363636363,0.1636363636363637
linker_scaffold,R0-009403,False,0.5405405405405406,0.45945945945945943
linker_scaffold,R0-009416,False,0.35135135135135137,0.6486486486486487
linker_scaffold,R0-009417,False,0.35135135135135137,0.6486486486486487
linker_scaffold,R0-009423,False,0.4444444444444444,0.5555555555555556
linker_scaffold,R0-009424,False,0.42857142857142855,0.5714285714285714
linker_scaffold,R0-009425,False,0.42857142857142855,0.5714285714285714
linker_scaffold,R0-009426,False,0.42857142857142855,0.5714285714285714
linker_scaffold,R0-009427,False,0.42857142857142855,0.5714285714285714
linker_scaffold,R0-009428,False,0.42857142857142855,0.5714285714285714
linker_scaffold,R0-009429,False,0.42857142857142855,0.5714285714285714
linker_scaffold,R0-009430,False,0.42857142857142855,0.5714285714285714
linker_scaffold,R0-009431,False,0.42857142857142855,0.5714285714285714
linker_scaffold,R0-009453,False,0.5405405405405406,0.45945945945945943
linker_scaffold,R0-009464,False,0.6274509803921569,0.37254901960784315
linker_scaffold,R0-009468,False,0.7142857142857143,0.2857142857142857
linker_scaffold,R0-009480,False,0.7037037037037037,0.2962962962962963
linker_scaffold,R0-009493,False,0.5454545454545454,0.4545454545454546
linker_scaffold,R0-009494,False,0.5283018867924528,0.4716981132075472
linker_scaffold,R0-009495,False,0.7115384615384616,0.28846153846153844
linker_scaffold,R0-009496,False,0.6727272727272727,0.32727272727272727
linker_scaffold,R0-009857,False,0.62,0.38
linker_scaffold,R0-009858,False,0.6037735849056604,0.39622641509433965
linker_scaffold,R0-009859,False,0.7692307692307693,0.23076923076923073
linker_scaffold,R0-009860,False,0.7272727272727273,0.2727272727272727
linker_scaffold,R0-009861,False,0.6166666666666667,0.3833333333333333
linker_scaffold,R0-009862,False,0.6031746031746031,0.39682539682539686
linker_scaffold,R0-009863,False,0.7719298245614035,0.22807017543859653
linker_scaffold,R0-009864,False,0.7586206896551724,0.24137931034482762
linker_scaffold,R0-009865,False,0.5535714285714286,0.4464285714285714
linker_scaffold,R0-009866,False,0.5166666666666667,0.4833333333333333
linker_scaffold,R0-009867,False,0.6981132075471698,0.30188679245283023
linker_scaffold,R0-009868,False,0.6607142857142857,0.3392857142857143
linker_scaffold,R0-009869,False,0.5769230769230769,0.42307692307692313
linker_scaffold,R0-009870,False,0.5,0.5
linker_scaffold,R0-009871,False,0.484375,0.515625
linker_scaffold,R0-009872,False,0.6491228070175439,0.3508771929824561
linker_scaffold,R0-009873,False,0.6166666666666667,0.3833333333333333
linker_scaffold,R0-009881,False,0.6885245901639344,0.3114754098360656
linker_scaffold,R0-009894,False,0.6666666666666666,0.33333333333333337
linker_scaffold,R0-009901,False,0.6923076923076923,0.3076923076923077
linker_scaffold,R0-009959,False,0.8548387096774194,0.14516129032258063
linker_scaffold,R0-009960,False,0.8392857142857143,0.1607142857142857
linker_scaffold,R0-009961,False,0.8548387096774194,0.14516129032258063
linker_scaffold,R0-009962,False,0.8392857142857143,0.1607142857142857
linker_scaffold,R0-009963,False,0.8524590163934426,0.14754098360655743
linker_scaffold,R0-009964,False,0.8363636363636363,0.1636363636363637
linker_scaffold,R0-010031,False,0.5942028985507246,0.4057971014492754
linker_scaffold,R0-010082,False,0.5925925925925926,0.40740740740740744
linker_scaffold,R0-010083,False,0.5777777777777777,0.4222222222222223
linker_scaffold,R0-010107,False,0.7857142857142857,0.2142857142857143
linker_scaffold,R0-010108,False,0.7857142857142857,0.2142857142857143
linker_scaffold,R0-010142,False,0.8723404255319149,0.12765957446808507
linker_scaffold,R0-010145,False,0.88,0.12
linker_scaffold,R0-010149,False,0.8723404255319149,0.12765957446808507
linker_scaffold,R0-010150,False,0.8723404255319149,0.12765957446808507
linker_scaffold,R0-010152,False,0.8723404255319149,0.12765957446808507
linker_scaffold,R0-010153,False,0.8723404255319149,0.12765957446808507
linker_scaffold,R0-010154,False,0.8723404255319149,0.12765957446808507
linker_scaffold,R0-010155,False,0.8723404255319149,0.12765957446808507
linker_scaffold,R0-010156,False,0.8723404255319149,0.12765957446808507
linker_scaffold,R0-010158,False,0.8723404255319149,0.12765957446808507
linker_scaffold,R0-010159,False,0.8723404255319149,0.12765957446808507
linker_scaffold,R0-010160,False,0.8723404255319149,0.12765957446808507
linker_scaffold,R0-010161,False,0.8723404255319149,0.12765957446808507
linker_scaffold,R0-010163,False,0.8823529411764706,0.11764705882352944
linker_scaffold,R0-010175,False,0.8909090909090909,0.10909090909090913
linker_scaffold,R0-010176,False,0.6808510638297872,0.3191489361702128
linker_scaffold,R0-010177,False,0.6875,0.3125
linker_scaffold,R0-010178,False,0.6382978723404256,0.36170212765957444
linker_scaffold,R0-010179,False,0.6851851851851852,0.31481481481481477
linker_scaffold,R0-010180,False,0.6666666666666666,0.33333333333333337
linker_scaffold,R0-010181,False,0.66,0.33999999999999997
linker_scaffold,R0-010182,False,0.6666666666666666,0.33333333333333337
linker_scaffold,R0-010183,False,0.62,0.38
linker_scaffold,R0-010184,False,0.6666666666666666,0.33333333333333337
linker_scaffold,R0-010185,False,0.7407407407407407,0.2592592592592593
linker_scaffold,R0-010186,False,0.7454545454545455,0.2545454545454545
linker_scaffold,R0-010187,False,0.6909090909090909,0.3090909090909091
linker_scaffold,R0-010188,False,0.7857142857142857,0.2142857142857143
linker_scaffold,R0-010382,False,0.875,0.125
linker_scaffold,R0-010405,False,1.0,0.0
linker_scaffold,R0-010417,False,1.0,0.0
linker_scaffold,R0-010429,False,0.9444444444444444,0.05555555555555558
linker_scaffold,R0-010434,False,0.7446808510638298,0.25531914893617025
linker_scaffold,R0-010442,False,0.7692307692307693,0.23076923076923073
linker_scaffold,R0-010447,False,0.7708333333333334,0.22916666666666663
linker_scaffold,R0-010448,False,0.7755102040816326,0.22448979591836737
linker_scaffold,R0-010449,False,0.78,0.21999999999999997
linker_scaffold,R0-010454,False,0.7804878048780488,0.2195121951219512
linker_scaffold,R0-010459,False,0.7804878048780488,0.2195121951219512
linker_scaffold,R0-010464,False,0.6862745098039216,0.3137254901960784
linker_scaffold,R0-010465,False,0.7142857142857143,0.2857142857142857
linker_scaffold,R0-010474,False,0.775,0.22499999999999998
linker_scaffold,R0-010481,False,0.7924528301886793,0.2075471698113207
linker_scaffold,R0-010488,False,1.0,0.0
linker_scaffold,R0-010489,False,1.0,0.0
linker_scaffold,R0-010577,False,0.8260869565217391,0.17391304347826086
linker_scaffold,R0-010582,False,0.8412698412698413,0.15873015873015872
linker_scaffold,R0-010586,False,0.8888888888888888,0.11111111111111116
linker_scaffold,R0-010592,False,0.8723404255319149,0.12765957446808507
linker_scaffold,R0-010594,False,0.8723404255319149,0.12765957446808507
linker_scaffold,R0-010596,False,0.8723404255319149,0.12765957446808507
linker_scaffold,R0-010597,False,0.8723404255319149,0.12765957446808507
linker_scaffold,R0-010598,False,0.8723404255319149,0.12765957446808507
linker_scaffold,R0-010599,False,0.8723404255319149,0.12765957446808507
linker_scaffold,R0-010607,False,0.9166666666666666,0.08333333333333337
linker_scaffold,R0-010662,False,0.8723404255319149,0.12765957446808507
linker_scaffold,R0-010665,False,0.88,0.12
linker_scaffold,R0-010669,False,0.8723404255319149,0.12765957446808507
linker_scaffold,R0-010670,False,0.8723404255319149,0.12765957446808507
linker_scaffold,R0-010672,False,0.8723404255319149,0.12765957446808507
linker_scaffold,R0-010673,False,0.8723404255319149,0.12765957446808507
linker_scaffold,R0-010674,False,0.8723404255319149,0.12765957446808507
linker_scaffold,R0-010675,False,0.8723404255319149,0.12765957446808507
linker_scaffold,R0-010676,False,0.8723404255319149,0.12765957446808507
linker_scaffold,R0-010678,False,0.8723404255319149,0.12765957446808507
linker_scaffold,R0-010679,False,0.8723404255319149,0.12765957446808507
linker_scaffold,R0-010680,False,0.8723404255319149,0.12765957446808507
linker_scaffold,R0-010682,False,0.8823529411764706,0.11764705882352944
linker_scaffold,R0-010694,False,0.8909090909090909,0.10909090909090913
linker_scaffold,R0-010818,False,0.875,0.125
linker_scaffold,R0-010837,False,0.7297297297297297,0.2702702702702703
linker_scaffold,R0-010844,False,1.0,0.0
linker_scaffold,R0-010854,False,0.8333333333333334,0.16666666666666663
linker_scaffold,R0-010855,False,0.875,0.125
linker_scaffold,R0-010862,False,1.0,0.0
linker_scaffold,R0-010867,False,0.9090909090909091,0.09090909090909094
linker_scaffold,R0-010874,False,0.9444444444444444,0.05555555555555558
linker_scaffold,R0-010879,False,0.6862745098039216,0.3137254901960784
linker_scaffold,R0-010880,False,0.7142857142857143,0.2857142857142857
linker_scaffold,R0-010889,False,0.7924528301886793,0.2075471698113207
linker_scaffold,R0-010891,False,1.0,0.0
linker_scaffold,R0-010892,False,1.0,0.0
linker_scaffold,R0-010912,False,0.8809523809523809,0.11904761904761907
linker_scaffold,R0-010926,False,0.9743589743589743,0.02564102564102566
linker_scaffold,R0-010939,False,0.8709677419354839,0.12903225806451613
linker_scaffold,R0-010947,False,0.8260869565217391,0.17391304347826086
linker_scaffold,R0-010952,False,0.8412698412698413,0.15873015873015872
linker_scaffold,R0-010956,False,0.8888888888888888,0.11111111111111116
linker_scaffold,R0-010962,False,0.8723404255319149,0.12765957446808507
linker_scaffold,R0-010964,False,0.8723404255319149,0.12765957446808507
linker_scaffold,R0-010966,False,0.8723404255319149,0.12765957446808507
linker_scaffold,R0-010967,False,0.8723404255319149,0.12765957446808507
linker_scaffold,R0-010968,False,0.8723404255319149,0.12765957446808507
linker_scaffold,R0-010976,False,0.9166666666666666,0.08333333333333337
linker_scaffold,R0-010986,False,0.5753424657534246,0.4246575342465754
linker_scaffold,R0-010987,False,0.8913043478260869,0.10869565217391308
linker_scaffold,R0-010988,False,0.8936170212765957,0.1063829787234043
linker_scaffold,R0-010989,False,0.8888888888888888,0.11111111111111116
linker_scaffold,R0-010990,False,0.8913043478260869,0.10869565217391308
linker_scaffold,R0-010991,False,0.8979591836734694,0.10204081632653061
linker_scaffold,R0-010992,False,0.9038461538461539,0.09615384615384615
linker_scaffold,R0-011021,False,0.875,0.125
linker_scaffold,R0-011046,False,1.0,0.0
linker_scaffold,R0-011058,False,1.0,0.0
linker_scaffold,R0-011070,False,0.7391304347826086,0.26086956521739135
linker_scaffold,R0-011079,False,0.7692307692307693,0.23076923076923073
linker_scaffold,R0-011082,False,0.7708333333333334,0.22916666666666663
linker_scaffold,R0-011083,False,0.7755102040816326,0.22448979591836737
linker_scaffold,R0-011084,False,0.78,0.21999999999999997
linker_scaffold,R0-011087,False,0.7804878048780488,0.2195121951219512
linker_scaffold,R0-011091,False,0.7804878048780488,0.2195121951219512
linker_scaffold,R0-011094,False,0.8113207547169812,0.18867924528301883
linker_scaffold,R0-011111,False,0.8809523809523809,0.11904761904761907
linker_scaffold,R0-011125,False,0.9743589743589743,0.02564102564102566
linker_scaffold,R0-011138,False,0.8709677419354839,0.12903225806451613
linker_scaffold,R0-011171,False,0.8723404255319149,0.12765957446808507
linker_scaffold,R0-011174,False,0.88,0.12
linker_scaffold,R0-011178,False,0.8723404255319149,0.12765957446808507
linker_scaffold,R0-011179,False,0.8723404255319149,0.12765957446808507
linker_scaffold,R0-011181,False,0.8723404255319149,0.12765957446808507
linker_scaffold,R0-011182,False,0.8723404255319149,0.12765957446808507
linker_scaffold,R0-011183,False,0.8723404255319149,0.12765957446808507
linker_scaffold,R0-011184,False,0.8723404255319149,0.12765957446808507
linker_scaffold,R0-011185,False,0.8723404255319149,0.12765957446808507
linker_scaffold,R0-011187,False,0.8723404255319149,0.12765957446808507
linker_scaffold,R0-011188,False,0.8723404255319149,0.12765957446808507
linker_scaffold,R0-011190,False,0.8823529411764706,0.11764705882352944
linker_scaffold,R0-011202,False,0.8909090909090909,0.10909090909090913
linker_scaffold,R0-011306,False,0.875,0.125
linker_scaffold,R0-011325,False,0.7297297297297297,0.2702702702702703
linker_scaffold,R0-011332,False,1.0,0.0
linker_scaffold,R0-011342,False,0.8333333333333334,0.16666666666666663
linker_scaffold,R0-011343,False,0.875,0.125
linker_scaffold,R0-011350,False,1.0,0.0
linker_scaffold,R0-011355,False,0.9090909090909091,0.09090909090909094
linker_scaffold,R0-011372,False,0.6829268292682927,0.31707317073170727
linker_scaffold,R0-011387,False,0.9444444444444444,0.05555555555555558
linker_scaffold,R0-011398,False,0.7391304347826086,0.26086956521739135
linker_scaffold,R0-011403,False,0.6521739130434783,0.34782608695652173
linker_scaffold,R0-011412,False,0.4482758620689655,0.5517241379310345
linker_scaffold,R0-011413,False,0.7446808510638298,0.25531914893617025
linker_scaffold,R0-011436,False,0.6551724137931034,0.3448275862068966
linker_scaffold,R0-011448,False,0.7674418604651163,0.2325581395348837
linker_scaffold,R0-011449,False,0.75,0.25
linker_scaffold,R0-011451,False,0.7368421052631579,0.26315789473684215
linker_scaffold,R0-011453,False,0.7692307692307693,0.23076923076923073
linker_scaffold,R0-011456,False,0.7317073170731707,0.2682926829268293
linker_scaffold,R0-011468,False,0.7631578947368421,0.23684210526315785
linker_scaffold,R0-011472,False,0.7708333333333334,0.22916666666666663
linker_scaffold,R0-011473,False,0.7755102040816326,0.22448979591836737
linker_scaffold,R0-011475,False,0.7333333333333333,0.2666666666666667
linker_scaffold,R0-011477,False,0.78,0.21999999999999997
linker_scaffold,R0-011516,False,0.48148148148148145,0.5185185185185186
linker_scaffold,R0-011520,False,0.47058823529411764,0.5294117647058824
linker_scaffold,R0-011522,False,0.4915254237288136,0.5084745762711864
linker_scaffold,R0-011527,False,0.42857142857142855,0.5714285714285714
linker_scaffold,R0-011529,False,0.45098039215686275,0.5490196078431373
linker_scaffold,R0-011538,False,0.47619047619047616,0.5238095238095238
linker_scaffold,R0-011542,False,0.4307692307692308,0.5692307692307692
linker_scaffold,R0-011545,False,0.47058823529411764,0.5294117647058824
linker_scaffold,R0-011574,False,0.7804878048780488,0.2195121951219512
linker_scaffold,R0-011579,False,0.7380952380952381,0.26190476190476186
linker_scaffold,R0-011587,False,0.7804878048780488,0.2195121951219512
linker_scaffold,R0-011597,False,0.6862745098039216,0.3137254901960784
linker_scaffold,R0-011598,False,0.7142857142857143,0.2857142857142857
linker_scaffold,R0-011604,False,0.8113207547169812,0.18867924528301883
linker_scaffold,R0-011611,False,0.775,0.22499999999999998
linker_scaffold,R0-011617,False,0.6923076923076923,0.3076923076923077
linker_scaffold,R0-011621,False,0.7924528301886793,0.2075471698113207
linker_scaffold,R0-011623,False,0.46,0.54
linker_scaffold,R0-011641,False,1.0,0.0
linker_scaffold,R0-011649,False,0.7627118644067796,0.23728813559322037
linker_scaffold,R0-011673,False,0.8809523809523809,0.11904761904761907
linker_scaffold,R0-011686,False,0.9743589743589743,0.02564102564102566
linker_scaffold,R0-011699,False,0.8709677419354839,0.12903225806451613
linker_scaffold,R0-011707,False,0.8260869565217391,0.17391304347826086
linker_scaffold,R0-011712,False,0.8412698412698413,0.15873015873015872
linker_scaffold,R0-011716,False,0.8888888888888888,0.11111111111111116
linker_scaffold,R0-011722,False,0.8723404255319149,0.12765957446808507
linker_scaffold,R0-011724,False,0.8723404255319149,0.12765957446808507
linker_scaffold,R0-011726,False,0.8723404255319149,0.12765957446808507
linker_scaffold,R0-011727,False,0.8723404255319149,0.12765957446808507
linker_scaffold,R0-011735,False,0.9166666666666666,0.08333333333333337
linker_scaffold,R0-011757,False,0.7704918032786885,0.2295081967213115
linker_scaffold,R0-011758,False,0.5166666666666667,0.4833333333333333
linker_scaffold,R0-011786,False,0.6829268292682927,0.31707317073170727
linker_scaffold,R0-011810,False,0.7391304347826086,0.26086956521739135
linker_scaffold,R0-011815,False,0.6521739130434783,0.34782608695652173
linker_scaffold,R0-011824,False,0.4482758620689655,0.5517241379310345
linker_scaffold,R0-011825,False,0.7446808510638298,0.25531914893617025
linker_scaffold,R0-011848,False,0.6551724137931034,0.3448275862068966
linker_scaffold,R0-011861,False,0.7674418604651163,0.2325581395348837
linker_scaffold,R0-011862,False,0.75,0.25
linker_scaffold,R0-011864,False,0.7368421052631579,0.26315789473684215
linker_scaffold,R0-011866,False,0.7,0.30000000000000004
linker_scaffold,R0-011867,False,0.7380952380952381,0.26190476190476186
linker_scaffold,R0-011869,False,0.6470588235294118,0.3529411764705882
linker_scaffold,R0-011870,False,0.7692307692307693,0.23076923076923073
linker_scaffold,R0-011873,False,0.7317073170731707,0.2682926829268293
linker_scaffold,R0-011874,False,0.7317073170731707,0.2682926829268293
linker_scaffold,R0-011885,False,0.75,0.25
linker_scaffold,R0-011886,False,0.7631578947368421,0.23684210526315785
linker_scaffold,R0-011889,False,0.5789473684210527,0.42105263157894735
linker_scaffold,R0-011891,False,0.7708333333333334,0.22916666666666663
linker_scaffold,R0-011892,False,0.7755102040816326,0.22448979591836737
linker_scaffold,R0-011894,False,0.7333333333333333,0.2666666666666667
linker_scaffold,R0-011896,False,0.78,0.21999999999999997
linker_scaffold,R0-011901,False,0.54,0.45999999999999996
linker_scaffold,R0-011922,False,0.5348837209302325,0.4651162790697675
linker_scaffold,R0-011935,False,0.48148148148148145,0.5185185185185186
linker_scaffold,R0-011946,False,0.42857142857142855,0.5714285714285714
linker_scaffold,R0-011947,False,0.5348837209302325,0.4651162790697675
linker_scaffold,R0-011950,False,0.4666666666666667,0.5333333333333333
linker_scaffold,R0-011953,False,0.4666666666666667,0.5333333333333333
linker_scaffold,R0-011975,False,0.4339622641509434,0.5660377358490566
linker_scaffold,R0-011976,False,0.4827586206896552,0.5172413793103448
linker_scaffold,R0-011977,False,0.4423076923076923,0.5576923076923077
linker_scaffold,R0-011978,False,0.43548387096774194,0.564516129032258
linker_scaffold,R0-011993,False,0.7804878048780488,0.2195121951219512
linker_scaffold,R0-011997,False,0.7380952380952381,0.26190476190476186
linker_scaffold,R0-012005,False,0.7804878048780488,0.2195121951219512
linker_scaffold,R0-012015,False,0.8113207547169812,0.18867924528301883
linker_scaffold,R0-012021,False,0.775,0.22499999999999998
linker_scaffold,R0-012027,False,0.6923076923076923,0.3076923076923077
linker_scaffold,R0-012055,False,0.8809523809523809,0.11904761904761907
linker_scaffold,R0-012068,False,0.9743589743589743,0.02564102564102566
linker_scaffold,R0-012081,False,0.8709677419354839,0.12903225806451613
linker_scaffold,R0-012114,False,0.7857142857142857,0.2142857142857143
linker_scaffold,R0-012115,False,0.7857142857142857,0.2142857142857143
linker_scaffold,R0-012171,False,0.8723404255319149,0.12765957446808507
linker_scaffold,R0-012174,False,0.88,0.12
linker_scaffold,R0-012178,False,0.8723404255319149,0.12765957446808507
linker_scaffold,R0-012179,False,0.8723404255319149,0.12765957446808507
linker_scaffold,R0-012181,False,0.8723404255319149,0.12765957446808507
linker_scaffold,R0-012182,False,0.8723404255319149,0.12765957446808507
linker_scaffold,R0-012183,False,0.8723404255319149,0.12765957446808507
linker_scaffold,R0-012184,False,0.8723404255319149,0.12765957446808507
linker_scaffold,R0-012185,False,0.8723404255319149,0.12765957446808507
linker_scaffold,R0-012187,False,0.8723404255319149,0.12765957446808507
linker_scaffold,R0-012189,False,0.8823529411764706,0.11764705882352944
linker_scaffold,R0-012201,False,0.8909090909090909,0.10909090909090913
linker_scaffold,R0-012227,False,0.5370370370370371,0.4629629629629629
linker_scaffold,R0-012228,False,0.52,0.48
linker_scaffold,R0-012332,False,0.875,0.125
linker_scaffold,R0-012350,False,0.7297297297297297,0.2702702702702703
linker_scaffold,R0-012356,False,1.0,0.0
linker_scaffold,R0-012366,False,0.8333333333333334,0.16666666666666663
linker_scaffold,R0-012367,False,0.875,0.125
linker_scaffold,R0-012372,False,1.0,0.0
linker_scaffold,R0-012375,False,1.0,0.0
linker_scaffold,R0-012380,False,0.9090909090909091,0.09090909090909094
linker_scaffold,R0-012455,False,0.5777777777777777,0.4222222222222223
linker_scaffold,R0-012464,False,0.6829268292682927,0.31707317073170727
linker_scaffold,R0-012480,False,0.9444444444444444,0.05555555555555558
linker_scaffold,R0-012491,False,0.7391304347826086,0.26086956521739135
linker_scaffold,R0-012496,False,0.6521739130434783,0.34782608695652173
linker_scaffold,R0-012505,False,0.4482758620689655,0.5517241379310345
linker_scaffold,R0-012506,False,0.7446808510638298,0.25531914893617025
linker_scaffold,R0-012529,False,0.6551724137931034,0.3448275862068966
linker_scaffold,R0-012542,False,0.7674418604651163,0.2325581395348837
linker_scaffold,R0-012543,False,0.75,0.25
linker_scaffold,R0-012545,False,0.7368421052631579,0.26315789473684215
linker_scaffold,R0-012547,False,0.7692307692307693,0.23076923076923073
linker_scaffold,R0-012550,False,0.7317073170731707,0.2682926829268293
linker_scaffold,R0-012562,False,0.7631578947368421,0.23684210526315785
linker_scaffold,R0-012566,False,0.7708333333333334,0.22916666666666663
linker_scaffold,R0-012567,False,0.7755102040816326,0.22448979591836737
linker_scaffold,R0-012569,False,0.7333333333333333,0.2666666666666667
linker_scaffold,R0-012571,False,0.78,0.21999999999999997
linker_scaffold,R0-012608,False,0.5344827586206896,0.4655172413793104
linker_scaffold,R0-012610,False,0.48148148148148145,0.5185185185185186
linker_scaffold,R0-012617,False,0.4107142857142857,0.5892857142857143
linker_scaffold,R0-012618,False,0.5106382978723404,0.4893617021276596
linker_scaffold,R0-012621,False,0.42857142857142855,0.5714285714285714
linker_scaffold,R0-012644,False,0.4305555555555556,0.5694444444444444
linker_scaffold,R0-012674,False,0.7804878048780488,0.2195121951219512
linker_scaffold,R0-012679,False,0.7380952380952381,0.26190476190476186
linker_scaffold,R0-012687,False,0.7804878048780488,0.2195121951219512
linker_scaffold,R0-012697,False,0.6862745098039216,0.3137254901960784
linker_scaffold,R0-012698,False,0.7142857142857143,0.2857142857142857
linker_scaffold,R0-012711,False,0.775,0.22499999999999998
linker_scaffold,R0-012717,False,0.6923076923076923,0.3076923076923077
linker_scaffold,R0-012721,False,0.7924528301886793,0.2075471698113207
linker_scaffold,R0-012749,False,0.7627118644067796,0.23728813559322037
linker_scaffold,R0-012770,False,0.8809523809523809,0.11904761904761907
linker_scaffold,R0-012782,False,0.9743589743589743,0.02564102564102566
linker_scaffold,R0-012795,False,0.8709677419354839,0.12903225806451613
linker_scaffold,R0-012803,False,0.8260869565217391,0.17391304347826086
linker_scaffold,R0-012808,False,0.8412698412698413,0.15873015873015872
linker_scaffold,R0-012812,False,0.8888888888888888,0.11111111111111116
linker_scaffold,R0-012818,False,0.8723404255319149,0.12765957446808507
linker_scaffold,R0-012820,False,0.8723404255319149,0.12765957446808507
linker_scaffold,R0-012822,False,0.8723404255319149,0.12765957446808507
linker_scaffold,R0-012852,False,0.5753424657534246,0.4246575342465754
linker_scaffold,R0-012853,False,0.8913043478260869,0.10869565217391308
linker_scaffold,R0-012854,False,0.8936170212765957,0.1063829787234043
linker_scaffold,R0-012855,False,0.8888888888888888,0.11111111111111116
linker_scaffold,R0-012856,False,0.8913043478260869,0.10869565217391308
linker_scaffold,R0-012857,False,0.8979591836734694,0.10204081632653061
linker_scaffold,R0-012858,False,0.9038461538461539,0.09615384615384615
linker_scaffold,R0-012866,False,0.5166666666666667,0.4833333333333333
linker_scaffold,R0-012974,False,0.7450980392156863,0.2549019607843137
linker_scaffold,R0-012992,False,0.6829268292682927,0.31707317073170727
linker_scaffold,R0-013017,False,0.6521739130434783,0.34782608695652173
linker_scaffold,R0-013025,False,0.4482758620689655,0.5517241379310345
linker_scaffold,R0-013046,False,0.6551724137931034,0.3448275862068966
linker_scaffold,R0-013058,False,0.7674418604651163,0.2325581395348837
linker_scaffold,R0-013059,False,0.75,0.25
linker_scaffold,R0-013061,False,0.7368421052631579,0.26315789473684215
linker_scaffold,R0-013065,False,0.7317073170731707,0.2682926829268293
linker_scaffold,R0-013076,False,0.7631578947368421,0.23684210526315785
linker_scaffold,R0-013079,False,0.7708333333333334,0.22916666666666663
linker_scaffold,R0-013080,False,0.7755102040816326,0.22448979591836737
linker_scaffold,R0-013082,False,0.7333333333333333,0.2666666666666667
linker_scaffold,R0-013084,False,0.78,0.21999999999999997
linker_scaffold,R0-013109,False,0.5348837209302325,0.4651162790697675
linker_scaffold,R0-013121,False,0.4642857142857143,0.5357142857142857
linker_scaffold,R0-013122,False,0.48148148148148145,0.5185185185185186
linker_scaffold,R0-013133,False,0.42857142857142855,0.5714285714285714
linker_scaffold,R0-013134,False,0.5348837209302325,0.4651162790697675
linker_scaffold,R0-013135,False,0.45098039215686275,0.5490196078431373
linker_scaffold,R0-013141,False,0.509090909090909,0.49090909090909096
linker_scaffold,R0-013180,False,0.7804878048780488,0.2195121951219512
linker_scaffold,R0-013184,False,0.7380952380952381,0.26190476190476186
linker_scaffold,R0-013201,False,0.8113207547169812,0.18867924528301883
linker_scaffold,R0-013207,False,0.775,0.22499999999999998
linker_scaffold,R0-013213,False,0.6923076923076923,0.3076923076923077
linker_scaffold,R0-013232,False,0.9555555555555556,0.0444444444444444
linker_scaffold,R0-013237,False,0.4626865671641791,0.5373134328358209
linker_scaffold,R0-013253,False,0.8809523809523809,0.11904761904761907
linker_scaffold,R0-013265,False,0.9743589743589743,0.02564102564102566
linker_scaffold,R0-013278,False,0.8709677419354839,0.12903225806451613
linker_scaffold,R0-013284,False,0.8260869565217391,0.17391304347826086
linker_scaffold,R0-013289,False,0.8412698412698413,0.15873015873015872
linker_scaffold,R0-013293,False,0.8888888888888888,0.11111111111111116
linker_scaffold,R0-013298,False,0.8245614035087719,0.17543859649122806
linker_scaffold,R0-013299,False,0.8723404255319149,0.12765957446808507
linker_scaffold,R0-013301,False,0.8723404255319149,0.12765957446808507
linker_scaffold,R0-013320,False,0.5753424657534246,0.4246575342465754
linker_scaffold,R0-013321,False,0.8913043478260869,0.10869565217391308
linker_scaffold,R0-013322,False,0.8936170212765957,0.1063829787234043
linker_scaffold,R0-013323,False,0.8888888888888888,0.11111111111111116
linker_scaffold,R0-013324,False,0.8913043478260869,0.10869565217391308
linker_scaffold,R0-013325,False,0.8979591836734694,0.10204081632653061
linker_scaffold,R0-013326,False,0.9038461538461539,0.09615384615384615
linker_scaffold,R0-013334,False,0.8723404255319149,0.12765957446808507
linker_scaffold,R0-013337,False,0.88,0.12
linker_scaffold,R0-013341,False,0.8723404255319149,0.12765957446808507
linker_scaffold,R0-013342,False,0.8723404255319149,0.12765957446808507
linker_scaffold,R0-013344,False,0.8723404255319149,0.12765957446808507
linker_scaffold,R0-013345,False,0.8723404255319149,0.12765957446808507
linker_scaffold,R0-013346,False,0.8723404255319149,0.12765957446808507
linker_scaffold,R0-013347,False,0.8723404255319149,0.12765957446808507
linker_scaffold,R0-013350,False,0.8823529411764706,0.11764705882352944
linker_scaffold,R0-013362,False,0.8909090909090909,0.10909090909090913
linker_scaffold,R0-013384,False,0.7631578947368421,0.23684210526315785
linker_scaffold,R0-013385,False,0.7631578947368421,0.23684210526315785
linker_scaffold,R0-013420,False,0.55,0.44999999999999996
linker_scaffold,R0-013428,False,0.7297297297297297,0.2702702702702703
linker_scaffold,R0-013429,False,0.8333333333333334,0.16666666666666663
linker_scaffold,R0-013430,False,0.875,0.125
linker_scaffold,R0-013435,False,0.9090909090909091,0.09090909090909094
linker_scaffold,R0-013451,False,0.6829268292682927,0.31707317073170727
linker_scaffold,R0-013466,False,0.9444444444444444,0.05555555555555558
linker_scaffold,R0-013477,False,0.7391304347826086,0.26086956521739135
linker_scaffold,R0-013482,False,0.6521739130434783,0.34782608695652173
linker_scaffold,R0-013491,False,0.4482758620689655,0.5517241379310345
linker_scaffold,R0-013492,False,0.7446808510638298,0.25531914893617025
linker_scaffold,R0-013515,False,0.6551724137931034,0.3448275862068966
linker_scaffold,R0-013527,False,0.7674418604651163,0.2325581395348837
linker_scaffold,R0-013528,False,0.75,0.25
linker_scaffold,R0-013530,False,0.7368421052631579,0.26315789473684215
linker_scaffold,R0-013532,False,0.7692307692307693,0.23076923076923073
linker_scaffold,R0-013535,False,0.7317073170731707,0.2682926829268293
linker_scaffold,R0-013546,False,0.7631578947368421,0.23684210526315785
linker_scaffold,R0-013549,False,0.7708333333333334,0.22916666666666663
linker_scaffold,R0-013550,False,0.7755102040816326,0.22448979591836737
linker_scaffold,R0-013552,False,0.7333333333333333,0.2666666666666667
linker_scaffold,R0-013554,False,0.78,0.21999999999999997
linker_scaffold,R0-013558,False,0.660377358490566,0.339622641509434
linker_scaffold,R0-013567,False,0.5161290322580645,0.4838709677419355
linker_scaffold,R0-013568,False,0.5079365079365079,0.4920634920634921
linker_scaffold,R0-013593,False,0.48148148148148145,0.5185185185185186
linker_scaffold,R0-013597,False,0.47058823529411764,0.5294117647058824
linker_scaffold,R0-013604,False,0.42857142857142855,0.5714285714285714
linker_scaffold,R0-013625,False,0.43333333333333335,0.5666666666666667
linker_scaffold,R0-013654,False,0.7804878048780488,0.2195121951219512
linker_scaffold,R0-013659,False,0.7380952380952381,0.26190476190476186
linker_scaffold,R0-013667,False,0.7804878048780488,0.2195121951219512
linker_scaffold,R0-013685,False,0.775,0.22499999999999998
linker_scaffold,R0-013691,False,0.6923076923076923,0.3076923076923077
linker_scaffold,R0-013717,False,1.0,0.0
linker_scaffold,R0-013726,False,0.8809523809523809,0.11904761904761907
linker_scaffold,R0-013737,False,0.9743589743589743,0.02564102564102566
linker_scaffold,R0-013750,False,0.8709677419354839,0.12903225806451613
linker_scaffold,R0-013756,False,0.8260869565217391,0.17391304347826086
linker_scaffold,R0-013761,False,0.8412698412698413,0.15873015873015872
linker_scaffold,R0-013765,False,0.8888888888888888,0.11111111111111116
linker_scaffold,R0-013771,False,0.8723404255319149,0.12765957446808507
linker_scaffold,R0-013773,False,0.8723404255319149,0.12765957446808507
linker_scaffold,R0-013804,False,0.5753424657534246,0.4246575342465754
linker_scaffold,R0-013805,False,0.8913043478260869,0.10869565217391308
linker_scaffold,R0-013806,False,0.8936170212765957,0.1063829787234043
linker_scaffold,R0-013807,False,0.8888888888888888,0.11111111111111116
linker_scaffold,R0-013808,False,0.8913043478260869,0.10869565217391308
linker_scaffold,R0-013809,False,0.8979591836734694,0.10204081632653061
linker_scaffold,R0-013810,False,0.9038461538461539,0.09615384615384615
linker_scaffold,R0-013818,False,0.5166666666666667,0.4833333333333333
linker_scaffold,R0-013995,False,0.9,0.09999999999999998
linker_scaffold,R0-014012,False,0.7450980392156863,0.2549019607843137
linker_scaffold,R0-014031,False,0.7307692307692307,0.2692307692307693
linker_scaffold,R0-014033,False,0.6862745098039216,0.3137254901960784
linker_scaffold,R0-014034,False,0.7142857142857143,0.2857142857142857
linker_scaffold,R0-014042,False,0.7924528301886793,0.2075471698113207
linker_scaffold,R0-014052,False,0.8809523809523809,0.11904761904761907
linker_scaffold,R0-014063,False,0.9743589743589743,0.02564102564102566
linker_scaffold,R0-014076,False,0.8709677419354839,0.12903225806451613
linker_scaffold,R0-014081,False,0.8260869565217391,0.17391304347826086
linker_scaffold,R0-014086,False,0.8412698412698413,0.15873015873015872
linker_scaffold,R0-014090,False,0.8888888888888888,0.11111111111111116
linker_scaffold,R0-014095,False,0.8245614035087719,0.17543859649122806
linker_scaffold,R0-014096,False,0.8723404255319149,0.12765957446808507
linker_scaffold,R0-014115,False,0.5753424657534246,0.4246575342465754
linker_scaffold,R0-014116,False,0.8913043478260869,0.10869565217391308
linker_scaffold,R0-014117,False,0.8936170212765957,0.1063829787234043
linker_scaffold,R0-014118,False,0.8888888888888888,0.11111111111111116
linker_scaffold,R0-014119,False,0.8913043478260869,0.10869565217391308
linker_scaffold,R0-014120,False,0.8979591836734694,0.10204081632653061
linker_scaffold,R0-014121,False,0.9038461538461539,0.09615384615384615
linker_scaffold,R0-014148,False,0.7857142857142857,0.2142857142857143
linker_scaffold,R0-014149,False,0.7857142857142857,0.2142857142857143
linker_scaffold,R0-014156,False,0.8723404255319149,0.12765957446808507
linker_scaffold,R0-014159,False,0.88,0.12
linker_scaffold,R0-014163,False,0.8723404255319149,0.12765957446808507
linker_scaffold,R0-014164,False,0.8723404255319149,0.12765957446808507
linker_scaffold,R0-014166,False,0.8723404255319149,0.12765957446808507
linker_scaffold,R0-014167,False,0.8723404255319149,0.12765957446808507
linker_scaffold,R0-014170,False,0.8823529411764706,0.11764705882352944
linker_scaffold,R0-014182,False,0.8909090909090909,0.10909090909090913
linker_scaffold,R0-014190,False,0.484375,0.515625
linker_scaffold,R0-014203,False,0.7631578947368421,0.23684210526315785
linker_scaffold,R0-014204,False,0.7631578947368421,0.23684210526315785
linker_scaffold,R0-014237,False,0.55,0.44999999999999996
linker_scaffold,R0-014243,False,1.0,0.0
linker_scaffold,R0-014247,False,0.7297297297297297,0.2702702702702703
linker_scaffold,R0-014248,False,0.8333333333333334,0.16666666666666663
linker_scaffold,R0-014249,False,0.875,0.125
linker_scaffold,R0-014254,False,0.9090909090909091,0.09090909090909094
linker_scaffold,R0-014275,False,0.6521739130434783,0.34782608695652173
linker_scaffold,R0-014287,False,1.0,0.0
linker_scaffold,R0-014311,False,0.574468085106383,0.42553191489361697
linker_scaffold,R0-014312,False,0.5833333333333334,0.41666666666666663
linker_scaffold,R0-014313,False,0.6296296296296297,0.37037037037037035
linker_scaffold,R0-014317,False,0.9444444444444444,0.05555555555555558
linker_scaffold,R0-014333,False,1.0,0.0
linker_scaffold,R0-014335,False,0.7627118644067796,0.23728813559322037
linker_scaffold,R0-014355,False,0.8809523809523809,0.11904761904761907
linker_scaffold,R0-014365,False,0.9743589743589743,0.02564102564102566
linker_scaffold,R0-014378,False,0.8709677419354839,0.12903225806451613
linker_scaffold,R0-014383,False,0.8260869565217391,0.17391304347826086
linker_scaffold,R0-014388,False,0.8412698412698413,0.15873015873015872
linker_scaffold,R0-014392,False,0.8888888888888888,0.11111111111111116
linker_scaffold,R0-014398,False,0.8723404255319149,0.12765957446808507
linker_scaffold,R0-014430,False,0.5753424657534246,0.4246575342465754
linker_scaffold,R0-014431,False,0.8913043478260869,0.10869565217391308
linker_scaffold,R0-014432,False,0.8936170212765957,0.1063829787234043
linker_scaffold,R0-014433,False,0.8888888888888888,0.11111111111111116
linker_scaffold,R0-014434,False,0.8913043478260869,0.10869565217391308
linker_scaffold,R0-014435,False,0.8979591836734694,0.10204081632653061
linker_scaffold,R0-014436,False,0.9038461538461539,0.09615384615384615
linker_scaffold,R0-014444,False,0.5166666666666667,0.4833333333333333
linker_scaffold,R0-014459,False,0.8809523809523809,0.11904761904761907
linker_scaffold,R0-014469,False,0.9743589743589743,0.02564102564102566
linker_scaffold,R0-014482,False,0.8709677419354839,0.12903225806451613
linker_scaffold,R0-014486,False,0.8260869565217391,0.17391304347826086
linker_scaffold,R0-014491,False,0.8412698412698413,0.15873015873015872
linker_scaffold,R0-014495,False,0.8888888888888888,0.11111111111111116
linker_scaffold,R0-014518,False,0.5753424657534246,0.4246575342465754
linker_scaffold,R0-014519,False,0.8913043478260869,0.10869565217391308
linker_scaffold,R0-014520,False,0.8936170212765957,0.1063829787234043
linker_scaffold,R0-014521,False,0.8888888888888888,0.11111111111111116
linker_scaffold,R0-014522,False,0.8913043478260869,0.10869565217391308
linker_scaffold,R0-014523,False,0.8979591836734694,0.10204081632653061
linker_scaffold,R0-014524,False,0.9038461538461539,0.09615384615384615
linker_scaffold,R0-014559,False,0.7631578947368421,0.23684210526315785
linker_scaffold,R0-014560,False,0.7631578947368421,0.23684210526315785
linker_scaffold,R0-014582,False,1.0,0.0
linker_scaffold,R0-014591,False,0.8809523809523809,0.11904761904761907
linker_scaffold,R0-014600,False,0.9743589743589743,0.02564102564102566
linker_scaffold,R0-014613,False,0.8709677419354839,0.12903225806451613
linker_scaffold,R0-014617,False,0.8260869565217391,0.17391304347826086
linker_scaffold,R0-014622,False,0.8412698412698413,0.15873015873015872
linker_scaffold,R0-014626,False,0.8888888888888888,0.11111111111111116
linker_scaffold,R0-014649,False,0.5753424657534246,0.4246575342465754
linker_scaffold,R0-014650,False,0.8913043478260869,0.10869565217391308
linker_scaffold,R0-014651,False,0.8936170212765957,0.1063829787234043
linker_scaffold,R0-014652,False,0.8888888888888888,0.11111111111111116
linker_scaffold,R0-014653,False,0.8913043478260869,0.10869565217391308
linker_scaffold,R0-014654,False,0.8979591836734694,0.10204081632653061
linker_scaffold,R0-014655,False,0.9038461538461539,0.09615384615384615
linker_scaffold,R0-014663,False,0.5166666666666667,0.4833333333333333
linker_scaffold,R0-014666,False,0.2608695652173913,0.7391304347826086
linker_scaffold,R0-014670,False,0.3088235294117647,0.6911764705882353
linker_scaffold,R0-014677,False,0.410958904109589,0.589041095890411
linker_scaffold,R0-014678,False,0.3698630136986301,0.6301369863013699
linker_scaffold,R0-014680,False,0.3333333333333333,0.6666666666666667
linker_scaffold,R0-014682,False,0.29508196721311475,0.7049180327868853
linker_scaffold,R0-014684,False,0.3384615384615385,0.6615384615384615
linker_scaffold,R0-014686,False,0.3898305084745763,0.6101694915254237
linker_scaffold,R0-014687,False,0.4,0.6
linker_scaffold,R0-014691,False,0.30666666666666664,0.6933333333333334
linker_scaffold,R0-014692,False,0.2702702702702703,0.7297297297297297
linker_scaffold,R0-014693,False,0.2923076923076923,0.7076923076923076
linker_scaffold,R0-014694,False,0.3230769230769231,0.676923076923077
linker_scaffold,R0-014695,False,0.2826086956521739,0.7173913043478262
linker_scaffold,R0-014737,False,0.8780487804878049,0.12195121951219512
linker_scaffold,R0-014746,False,0.9736842105263158,0.02631578947368418
linker_scaffold,R0-014759,False,0.8666666666666667,0.1333333333333333
linker_scaffold,R0-014762,False,0.8043478260869565,0.19565217391304346
linker_scaffold,R0-014767,False,0.8387096774193549,0.16129032258064513
linker_scaffold,R0-014771,False,0.8863636363636364,0.11363636363636365
linker_scaffold,R0-014812,False,0.6923076923076923,0.3076923076923077
linker_scaffold,R0-014813,False,0.6923076923076923,0.3076923076923077
linker_scaffold,R0-014821,False,0.8431372549019608,0.1568627450980392
linker_scaffold,R0-014823,False,0.8269230769230769,0.17307692307692313
linker_scaffold,R0-014830,False,0.8888888888888888,0.11111111111111116
linker_scaffold,R0-014848,False,0.8461538461538461,0.15384615384615385
linker_scaffold,R0-014851,False,0.7931034482758621,0.2068965517241379
linker_scaffold,R0-014853,False,0.42592592592592593,0.5740740740740741
linker_scaffold,R0-014854,False,0.5882352941176471,0.4117647058823529
linker_scaffold,R0-014855,False,0.7555555555555555,0.24444444444444446
linker_scaffold,R0-014856,False,0.7183098591549296,0.2816901408450704
linker_scaffold,R0-014883,False,0.9375,0.0625
linker_scaffold,R0-014885,False,0.9215686274509803,0.07843137254901966
linker_scaffold,R0-014892,False,0.9565217391304348,0.04347826086956519
linker_scaffold,R0-014910,False,0.9206349206349206,0.07936507936507942
linker_scaffold,R0-014913,False,0.8679245283018868,0.13207547169811318
linker_scaffold,R0-014926,False,0.6363636363636364,0.36363636363636365
linker_scaffold,R0-014938,False,0.96875,0.03125
linker_scaffold,R0-014962,False,0.5555555555555556,0.4444444444444444
linker_scaffold,R0-014963,False,0.5652173913043478,0.4347826086956522
linker_scaffold,R0-014964,False,0.6153846153846154,0.3846153846153846
linker_scaffold,R0-015023,False,1.0,0.0
linker_scaffold,R0-015029,False,0.9824561403508771,0.01754385964912286
linker_scaffold,R0-015036,False,0.875,0.125
linker_scaffold,R0-015044,False,0.9473684210526315,0.052631578947368474
linker_scaffold,R0-015057,False,0.8620689655172413,0.13793103448275867
linker_scaffold,R0-015060,False,0.7872340425531915,0.21276595744680848
linker_scaffold,R0-015065,False,0.8360655737704918,0.16393442622950816
linker_scaffold,R0-015069,False,0.8837209302325582,0.11627906976744184
linker_scaffold,R0-015082,False,0.9137931034482759,0.08620689655172409
linker_scaffold,R0-015104,False,0.2328767123287671,0.7671232876712328
linker_scaffold,R0-015108,False,0.2835820895522388,0.7164179104477613
linker_scaffold,R0-015115,False,0.4117647058823529,0.5882352941176471
linker_scaffold,R0-015116,False,0.35294117647058826,0.6470588235294117
linker_scaffold,R0-015118,False,0.30303030303030304,0.696969696969697
linker_scaffold,R0-015120,False,0.26229508196721313,0.7377049180327868
linker_scaffold,R0-015122,False,0.3076923076923077,0.6923076923076923
linker_scaffold,R0-015124,False,0.3611111111111111,0.6388888888888888
linker_scaffold,R0-015125,False,0.3698630136986301,0.6301369863013699
linker_scaffold,R0-015129,False,0.3150684931506849,0.6849315068493151
linker_scaffold,R0-015130,False,0.24615384615384617,0.7538461538461538
linker_scaffold,R0-015131,False,0.26153846153846155,0.7384615384615385
linker_scaffold,R0-015132,False,0.2923076923076923,0.7076923076923076
linker_scaffold,R0-015133,False,0.25,0.75
linker_scaffold,R0-015135,False,0.7924528301886793,0.2075471698113207
linker_scaffold,R0-015137,False,0.7735849056603774,0.2264150943396226
linker_scaffold,R0-015144,False,0.8636363636363636,0.13636363636363635
linker_scaffold,R0-015148,False,0.8103448275862069,0.18965517241379315
linker_scaffold,R0-015162,False,0.7611940298507462,0.23880597014925375
linker_scaffold,R0-015165,False,0.7457627118644068,0.2542372881355932
linker_scaffold,R0-015174,False,0.49122807017543857,0.5087719298245614
linker_scaffold,R0-015175,False,0.56,0.43999999999999995
linker_scaffold,R0-015176,False,0.7045454545454546,0.2954545454545454
linker_scaffold,R0-015181,False,0.6122448979591837,0.3877551020408163
linker_scaffold,R0-015182,False,0.6122448979591837,0.3877551020408163
linker_scaffold,R0-015185,False,0.7954545454545454,0.20454545454545459
linker_scaffold,R0-015186,False,0.7954545454545454,0.20454545454545459
linker_scaffold,R0-015194,False,0.47368421052631576,0.5263157894736843
linker_scaffold,R0-015195,False,0.56,0.43999999999999995
linker_scaffold,R0-015196,False,0.7045454545454546,0.2954545454545454
linker_scaffold,R0-015200,False,0.3508771929824561,0.6491228070175439
linker_scaffold,R0-015201,False,0.3508771929824561,0.6491228070175439
linker_scaffold,R0-015202,False,0.3620689655172414,0.6379310344827587
linker_scaffold,R0-015203,False,0.3620689655172414,0.6379310344827587
linker_scaffold,R0-015204,False,0.35714285714285715,0.6428571428571428
linker_scaffold,R0-015205,False,0.35714285714285715,0.6428571428571428
linker_scaffold,R0-015214,False,0.6078431372549019,0.3921568627450981
linker_scaffold,R0-015216,False,0.7884615384615384,0.21153846153846156
linker_scaffold,R0-015218,False,0.7735849056603774,0.2264150943396226
linker_scaffold,R0-015225,False,0.8636363636363636,0.13636363636363635
linker_scaffold,R0-015243,False,0.7272727272727273,0.2727272727272727
linker_scaffold,R0-015246,False,0.7413793103448276,0.2586206896551724
linker_scaffold,R0-015252,False,0.8723404255319149,0.12765957446808507
linker_scaffold,R0-015253,False,0.8695652173913043,0.13043478260869568
linker_scaffold,R0-015255,False,0.8909090909090909,0.10909090909090913
linker_scaffold,R0-015257,False,0.8709677419354839,0.12903225806451613
linker_scaffold,R0-015262,False,0.875,0.125
linker_scaffold,R0-015275,False,0.6122448979591837,0.3877551020408163
linker_scaffold,R0-015276,False,0.6122448979591837,0.3877551020408163
linker_scaffold,R0-015279,False,0.7954545454545454,0.20454545454545459
linker_scaffold,R0-015280,False,0.7954545454545454,0.20454545454545459
linker_scaffold,R0-015285,False,0.3684210526315789,0.631578947368421
linker_scaffold,R0-015286,False,0.5555555555555556,0.4444444444444444
linker_scaffold,R0-015287,False,0.7083333333333334,0.29166666666666663
linker_scaffold,R0-015290,False,0.6041666666666666,0.39583333333333337
linker_scaffold,R0-015291,False,0.6041666666666666,0.39583333333333337
linker_scaffold,R0-015294,False,0.7906976744186046,0.2093023255813954
linker_scaffold,R0-015295,False,0.7906976744186046,0.2093023255813954
linker_scaffold,R0-015302,False,0.6538461538461539,0.34615384615384615
linker_scaffold,R0-015303,False,0.6538461538461539,0.34615384615384615
linker_scaffold,R0-015306,False,0.8125,0.1875
linker_scaffold,R0-015307,False,0.8125,0.1875
linker_scaffold,R0-015310,False,0.8297872340425532,0.17021276595744683
linker_scaffold,R0-015311,False,0.8297872340425532,0.17021276595744683
linker_scaffold,R0-015316,False,0.3484848484848485,0.6515151515151515
linker_scaffold,R0-015317,False,0.3559322033898305,0.6440677966101696
linker_scaffold,R0-015318,False,0.3181818181818182,0.6818181818181819
linker_scaffold,R0-015319,False,0.3333333333333333,0.6666666666666667
linker_scaffold,R0-015320,False,0.3484848484848485,0.6515151515151515
linker_scaffold,R0-015321,False,0.3559322033898305,0.6440677966101696
linker_scaffold,R0-015322,False,0.3181818181818182,0.6818181818181819
linker_scaffold,R0-015323,False,0.3333333333333333,0.6666666666666667
linker_scaffold,R0-015346,False,0.7906976744186046,0.2093023255813954
linker_scaffold,R0-015347,False,0.7906976744186046,0.2093023255813954
linker_scaffold,R0-015348,False,0.7804878048780488,0.2195121951219512
linker_scaffold,R0-015349,False,0.7804878048780488,0.2195121951219512
linker_scaffold,R0-015350,False,0.813953488372093,0.18604651162790697
linker_scaffold,R0-015351,False,0.813953488372093,0.18604651162790697
linker_scaffold,R0-015352,False,0.7804878048780488,0.2195121951219512
linker_scaffold,R0-015353,False,0.7804878048780488,0.2195121951219512
linker_scaffold,R0-015354,False,0.813953488372093,0.18604651162790697
linker_scaffold,R0-015355,False,0.813953488372093,0.18604651162790697
linker_scaffold,R0-015356,False,0.8095238095238095,0.19047619047619047
linker_scaffold,R0-015357,False,0.8095238095238095,0.19047619047619047
linker_scaffold,R0-015358,False,0.7804878048780488,0.2195121951219512
linker_scaffold,R0-015359,False,0.7804878048780488,0.2195121951219512
linker_scaffold,R0-015364,False,0.7906976744186046,0.2093023255813954
linker_scaffold,R0-015365,False,0.7906976744186046,0.2093023255813954
linker_scaffold,R0-015366,False,0.3508771929824561,0.6491228070175439
linker_scaffold,R0-015367,False,0.3508771929824561,0.6491228070175439
linker_scaffold,R0-015368,False,0.375,0.625
linker_scaffold,R0-015369,False,0.375,0.625
linker_scaffold,R0-015378,False,0.7804878048780488,0.2195121951219512
linker_scaffold,R0-015379,False,0.7804878048780488,0.2195121951219512
linker_scaffold,R0-015380,False,0.32727272727272727,0.6727272727272727
linker_scaffold,R0-015381,False,0.32727272727272727,0.6727272727272727
linker_scaffold,R0-015382,False,0.32727272727272727,0.6727272727272727
linker_scaffold,R0-015383,False,0.32727272727272727,0.6727272727272727
linker_scaffold,R0-015392,False,0.7804878048780488,0.2195121951219512
linker_scaffold,R0-015393,False,0.7804878048780488,0.2195121951219512
linker_scaffold,R0-015398,False,0.7804878048780488,0.2195121951219512
linker_scaffold,R0-015399,False,0.7804878048780488,0.2195121951219512
linker_scaffold,R0-015400,False,0.3620689655172414,0.6379310344827587
linker_scaffold,R0-015401,False,0.3898305084745763,0.6101694915254237
linker_scaffold,R0-015402,False,0.3392857142857143,0.6607142857142857
linker_scaffold,R0-015403,False,0.3620689655172414,0.6379310344827587
linker_scaffold,R0-015404,False,0.3898305084745763,0.6101694915254237
linker_scaffold,R0-015405,False,0.3392857142857143,0.6607142857142857
source_study,R0-000101,False,0.6716417910447762,0.32835820895522383
source_study,R0-000116,False,0.6901408450704225,0.3098591549295775
source_study,R0-000428,False,0.5087719298245614,0.49122807017543857
source_study,R0-000429,False,0.5,0.5
source_study,R0-000430,False,0.5,0.5
source_study,R0-000431,False,0.5,0.5
source_study,R0-000432,False,0.5,0.5
source_study,R0-000433,False,0.5352112676056338,0.46478873239436624
source_study,R0-000434,False,0.546875,0.453125
source_study,R0-000435,False,0.53125,0.46875
source_study,R0-000436,False,0.53125,0.46875
source_study,R0-000437,False,0.609375,0.390625
source_study,R0-000438,False,0.43478260869565216,0.5652173913043479
source_study,R0-000439,False,0.43478260869565216,0.5652173913043479
source_study,R0-000440,False,0.43478260869565216,0.5652173913043479
source_study,R0-000441,False,0.43478260869565216,0.5652173913043479
source_study,R0-000442,False,0.43478260869565216,0.5652173913043479
source_study,R0-000443,False,0.43478260869565216,0.5652173913043479
source_study,R0-000444,False,0.43478260869565216,0.5652173913043479
source_study,R0-000445,False,0.42592592592592593,0.5740740740740741
source_study,R0-000446,False,0.4305555555555556,0.5694444444444444
source_study,R0-000447,False,0.3582089552238806,0.6417910447761195
source_study,R0-000448,False,0.43283582089552236,0.5671641791044777
source_study,R0-000449,False,0.5625,0.4375
source_study,R0-000450,False,0.5625,0.4375
source_study,R0-000451,False,0.5714285714285714,0.4285714285714286
source_study,R0-000452,False,0.5714285714285714,0.4285714285714286
source_study,R0-000453,False,0.5714285714285714,0.4285714285714286
source_study,R0-000454,False,0.5714285714285714,0.4285714285714286
source_study,R0-000455,False,0.5714285714285714,0.4285714285714286
source_study,R0-000456,False,0.582089552238806,0.417910447761194
source_study,R0-000457,False,0.6153846153846154,0.3846153846153846
source_study,R0-000458,False,0.5967741935483871,0.4032258064516129
source_study,R0-000459,False,0.5967741935483871,0.4032258064516129
source_study,R0-000460,False,0.5967741935483871,0.4032258064516129
source_study,R0-000461,False,0.5967741935483871,0.4032258064516129
source_study,R0-000462,False,0.5967741935483871,0.4032258064516129
source_study,R0-000463,False,0.5967741935483871,0.4032258064516129
source_study,R0-000464,False,0.5967741935483871,0.4032258064516129
source_study,R0-000465,False,0.5967741935483871,0.4032258064516129
source_study,R0-000466,False,0.5797101449275363,0.42028985507246375
source_study,R0-000467,False,0.6268656716417911,0.3731343283582089
source_study,R0-000468,False,0.609375,0.390625
source_study,R0-000469,False,0.609375,0.390625
source_study,R0-000470,False,0.609375,0.390625
source_study,R0-000471,False,0.609375,0.390625
source_study,R0-000472,False,0.609375,0.390625
source_study,R0-000473,False,0.609375,0.390625
source_study,R0-000474,False,0.609375,0.390625
source_study,R0-000475,False,0.609375,0.390625
source_study,R0-000476,False,0.5625,0.4375
source_study,R0-000477,False,0.5625,0.4375
source_study,R0-000478,False,0.5714285714285714,0.4285714285714286
source_study,R0-000479,False,0.5714285714285714,0.4285714285714286
source_study,R0-000480,False,0.5714285714285714,0.4285714285714286
source_study,R0-000481,False,0.5714285714285714,0.4285714285714286
source_study,R0-000482,False,0.5714285714285714,0.4285714285714286
source_study,R0-000483,False,0.582089552238806,0.417910447761194
source_study,R0-000484,False,0.6153846153846154,0.3846153846153846
source_study,R0-000485,False,0.5967741935483871,0.4032258064516129
source_study,R0-000486,False,0.5967741935483871,0.4032258064516129
source_study,R0-000487,False,0.5967741935483871,0.4032258064516129
source_study,R0-000488,False,0.5967741935483871,0.4032258064516129
source_study,R0-000489,False,0.5967741935483871,0.4032258064516129
source_study,R0-000490,False,0.5967741935483871,0.4032258064516129
source_study,R0-000491,False,0.5967741935483871,0.4032258064516129
source_study,R0-000492,False,0.5967741935483871,0.4032258064516129
source_study,R0-000493,False,0.5797101449275363,0.42028985507246375
source_study,R0-000494,False,0.582089552238806,0.417910447761194
source_study,R0-000495,False,0.6,0.4
source_study,R0-000496,False,0.6268656716417911,0.3731343283582089
source_study,R0-000497,False,0.609375,0.390625
source_study,R0-000498,False,0.609375,0.390625
source_study,R0-000499,False,0.609375,0.390625
source_study,R0-000500,False,0.609375,0.390625
source_study,R0-000501,False,0.609375,0.390625
source_study,R0-000502,False,0.609375,0.390625
source_study,R0-000503,False,0.609375,0.390625
source_study,R0-000504,False,0.609375,0.390625
source_study,R0-000505,False,0.373134328358209,0.6268656716417911
source_study,R0-000506,False,0.373134328358209,0.6268656716417911
source_study,R0-000507,False,0.410958904109589,0.589041095890411
source_study,R0-000508,False,0.410958904109589,0.589041095890411
source_study,R0-000509,False,0.410958904109589,0.589041095890411
source_study,R0-000510,False,0.410958904109589,0.589041095890411
source_study,R0-000511,False,0.410958904109589,0.589041095890411
source_study,R0-000512,False,0.4166666666666667,0.5833333333333333
source_study,R0-000513,False,0.4411764705882353,0.5588235294117647
source_study,R0-000514,False,0.4153846153846154,0.5846153846153845
source_study,R0-000515,False,0.4153846153846154,0.5846153846153845
source_study,R0-000516,False,0.4153846153846154,0.5846153846153845
source_study,R0-000517,False,0.4153846153846154,0.5846153846153845
source_study,R0-000518,False,0.4153846153846154,0.5846153846153845
source_study,R0-000519,False,0.4153846153846154,0.5846153846153845
source_study,R0-000520,False,0.4153846153846154,0.5846153846153845
source_study,R0-000521,False,0.4153846153846154,0.5846153846153845
source_study,R0-000522,False,0.4166666666666667,0.5833333333333333
source_study,R0-000523,False,0.46774193548387094,0.532258064516129
source_study,R0-000524,False,0.4383561643835616,0.5616438356164384
source_study,R0-000525,False,0.45714285714285713,0.5428571428571429
source_study,R0-000526,False,0.43283582089552236,0.5671641791044777
source_study,R0-000527,False,0.43283582089552236,0.5671641791044777
source_study,R0-000528,False,0.43283582089552236,0.5671641791044777
source_study,R0-000529,False,0.43283582089552236,0.5671641791044777
source_study,R0-000530,False,0.43283582089552236,0.5671641791044777
source_study,R0-000531,False,0.43283582089552236,0.5671641791044777
source_study,R0-000532,False,0.43283582089552236,0.5671641791044777
source_study,R0-000533,False,0.43283582089552236,0.5671641791044777
source_study,R0-000546,False,0.6764705882352942,0.32352941176470584
source_study,R0-000547,False,0.7121212121212122,0.28787878787878785
source_study,R0-000549,False,0.46808510638297873,0.5319148936170213
source_study,R0-000550,False,0.46808510638297873,0.5319148936170213
source_study,R0-000551,False,0.42592592592592593,0.5740740740740741
source_study,R0-000552,False,0.42592592592592593,0.5740740740740741
source_study,R0-000553,False,0.42592592592592593,0.5740740740740741
source_study,R0-000554,False,0.42592592592592593,0.5740740740740741
source_study,R0-000720,False,0.5111111111111111,0.48888888888888893
source_study,R0-000721,False,0.49019607843137253,0.5098039215686274
source_study,R0-000722,False,0.5625,0.4375
source_study,R0-000723,False,0.5192307692307693,0.4807692307692307
source_study,R0-000724,False,0.5636363636363636,0.4363636363636364
source_study,R0-000725,False,0.5531914893617021,0.44680851063829785
source_study,R0-000726,False,0.5217391304347826,0.4782608695652174
source_study,R0-000727,False,0.5208333333333334,0.47916666666666663
source_study,R0-000728,False,0.5555555555555556,0.4444444444444444
source_study,R0-000729,False,0.52,0.48
source_study,R0-000730,False,0.52,0.48
source_study,R0-000731,False,0.4305555555555556,0.5694444444444444
source_study,R0-000732,False,0.45714285714285713,0.5428571428571429
source_study,R0-000733,False,0.509090909090909,0.49090909090909096
source_study,R0-000734,False,0.5490196078431373,0.4509803921568627
source_study,R0-000735,False,0.5689655172413793,0.43103448275862066
source_study,R0-000736,False,0.4528301886792453,0.5471698113207547
source_study,R0-000737,False,0.5853658536585366,0.41463414634146345
source_study,R0-000738,False,0.5869565217391305,0.4130434782608695
source_study,R0-000739,False,0.6382978723404256,0.36170212765957444
source_study,R0-000740,False,0.5882352941176471,0.4117647058823529
source_study,R0-000741,False,0.5964912280701754,0.4035087719298246
source_study,R0-000742,False,0.5454545454545454,0.4545454545454546
source_study,R0-000743,False,0.6,0.4
source_study,R0-000744,False,0.6666666666666666,0.33333333333333337
source_study,R0-000745,False,0.6730769230769231,0.32692307692307687
source_study,R0-000746,False,0.6153846153846154,0.3846153846153846
source_study,R0-000747,False,0.5853658536585366,0.41463414634146345
source_study,R0-000748,False,0.6304347826086957,0.3695652173913043
source_study,R0-000749,False,0.5625,0.4375
source_study,R0-000750,False,0.4716981132075472,0.5283018867924528
source_study,R0-000751,False,0.56,0.43999999999999995
source_study,R0-000752,False,0.49122807017543857,0.5087719298245614
source_study,R0-000753,False,0.66,0.33999999999999997
source_study,R0-000754,False,0.49206349206349204,0.5079365079365079
source_study,R0-000755,False,0.6363636363636364,0.36363636363636365
source_study,R0-000756,False,0.5609756097560976,0.4390243902439024
source_study,R0-000757,False,0.6046511627906976,0.39534883720930236
source_study,R0-000758,False,0.5111111111111111,0.48888888888888893
source_study,R0-000759,False,0.5357142857142857,0.4642857142857143
source_study,R0-000760,False,0.5892857142857143,0.4107142857142857
source_study,R0-001395,False,0.37254901960784315,0.6274509803921569
source_study,R0-001396,False,0.37254901960784315,0.6274509803921569
source_study,R0-001397,False,0.3469387755102041,0.653061224489796
source_study,R0-001398,False,0.3469387755102041,0.653061224489796
source_study,R0-001399,False,0.32075471698113206,0.679245283018868
source_study,R0-001400,False,0.32075471698113206,0.679245283018868
source_study,R0-001401,False,0.34615384615384615,0.6538461538461539
source_study,R0-001402,False,0.34615384615384615,0.6538461538461539
source_study,R0-001600,False,0.5443037974683544,0.45569620253164556
source_study,R0-001601,False,0.7567567567567568,0.2432432432432432
source_study,R0-001602,False,0.76,0.24
source_study,R0-001603,False,0.7866666666666666,0.21333333333333337
source_study,R0-001604,False,0.7972972972972973,0.20270270270270274
source_study,R0-001605,False,0.4857142857142857,0.5142857142857142
source_study,R0-001606,False,0.5154639175257731,0.48453608247422686
source_study,R0-001607,False,0.5102040816326531,0.4897959183673469
source_study,R0-001748,False,0.5,0.5
source_study,R0-001749,False,0.5357142857142857,0.4642857142857143
source_study,R0-001750,False,0.5116279069767442,0.4883720930232558
source_study,R0-001751,False,0.5555555555555556,0.4444444444444444
source_study,R0-001752,False,0.5176470588235295,0.48235294117647054
source_study,R0-002178,False,0.5,0.5
source_study,R0-002179,False,0.4393939393939394,0.5606060606060606
source_study,R0-002180,False,0.484375,0.515625
source_study,R0-002181,False,0.4838709677419355,0.5161290322580645
source_study,R0-002182,False,0.48484848484848486,0.5151515151515151
source_study,R0-002183,False,0.5211267605633803,0.47887323943661975
source_study,R0-002184,False,0.47619047619047616,0.5238095238095238
source_study,R0-002185,False,0.4791666666666667,0.5208333333333333
source_study,R0-002186,False,0.48,0.52
source_study,R0-002187,False,0.47692307692307695,0.523076923076923
source_study,R0-002188,False,0.5142857142857142,0.48571428571428577
source_study,R0-002189,False,0.4603174603174603,0.5396825396825398
source_study,R0-002190,False,0.48936170212765956,0.5106382978723405
source_study,R0-002191,False,0.4603174603174603,0.5396825396825398
source_study,R0-002192,False,0.44594594594594594,0.5540540540540541
source_study,R0-002193,False,0.4722222222222222,0.5277777777777778
source_study,R0-002194,False,0.4342105263157895,0.5657894736842105
source_study,R0-002195,False,0.4594594594594595,0.5405405405405406
source_study,R0-002196,False,0.4788732394366197,0.5211267605633803
source_study,R0-002197,False,0.5074626865671642,0.4925373134328358
source_study,R0-002198,False,0.5555555555555556,0.4444444444444444
source_study,R0-002199,False,0.5238095238095238,0.47619047619047616
source_study,R0-002200,False,0.4166666666666667,0.5833333333333333
source_study,R0-002201,False,0.5416666666666666,0.45833333333333337
source_study,R0-002202,False,0.5094339622641509,0.49056603773584906
source_study,R0-002203,False,0.6206896551724138,0.3793103448275862
source_study,R0-002204,False,0.5666666666666667,0.43333333333333335
source_study,R0-002205,False,0.6166666666666667,0.3833333333333333
source_study,R0-002206,False,0.5645161290322581,0.4354838709677419
source_study,R0-002207,False,0.5454545454545454,0.4545454545454546
source_study,R0-002208,False,0.5737704918032787,0.42622950819672134
source_study,R0-002209,False,0.6451612903225806,0.3548387096774194
source_study,R0-002210,False,0.6119402985074627,0.3880597014925373
source_study,R0-002211,False,0.5873015873015873,0.4126984126984127
source_study,R0-002212,False,0.4915254237288136,0.5084745762711864
source_study,R0-002213,False,0.6140350877192983,0.38596491228070173
source_study,R0-002214,False,0.559322033898305,0.44067796610169496
source_study,R0-002215,False,0.6206896551724138,0.3793103448275862
source_study,R0-002216,False,0.484375,0.515625
source_study,R0-002217,False,0.559322033898305,0.44067796610169496
source_study,R0-002218,False,0.4722222222222222,0.5277777777777778
source_study,R0-002219,False,0.6290322580645161,0.3709677419354839
source_study,R0-002220,False,0.5,0.5
source_study,R0-002221,False,0.5789473684210527,0.42105263157894735
source_study,R0-002222,False,0.48936170212765956,0.5106382978723405
source_study,R0-002223,False,0.54,0.45999999999999996
source_study,R0-002224,False,0.46296296296296297,0.537037037037037
source_study,R0-002225,False,0.49019607843137253,0.5098039215686274
source_study,R0-002226,False,0.49206349206349204,0.5079365079365079
source_study,R0-002227,False,0.5285714285714286,0.4714285714285714
source_study,R0-003143,False,0.5212765957446809,0.4787234042553191
source_study,R0-003144,False,0.5487804878048781,0.4512195121951219
source_study,R0-003145,False,0.6811594202898551,0.3188405797101449
source_study,R0-003361,False,0.5822784810126582,0.4177215189873418
source_study,R0-003378,False,0.5818181818181818,0.4181818181818182
source_study,R0-003379,False,0.5714285714285714,0.4285714285714286
source_study,R0-003380,False,0.5714285714285714,0.4285714285714286
source_study,R0-003381,False,0.5833333333333334,0.41666666666666663
source_study,R0-003382,False,0.582089552238806,0.417910447761194
source_study,R0-003383,False,0.6379310344827587,0.3620689655172413
source_study,R0-003384,False,0.5227272727272727,0.4772727272727273
source_study,R0-003385,False,0.5227272727272727,0.4772727272727273
source_study,R0-003386,False,0.5227272727272727,0.4772727272727273
source_study,R0-003387,False,0.5227272727272727,0.4772727272727273
source_study,R0-003388,False,0.5227272727272727,0.4772727272727273
source_study,R0-003389,False,0.5227272727272727,0.4772727272727273
source_study,R0-003390,False,0.5227272727272727,0.4772727272727273
source_study,R0-003391,False,0.45161290322580644,0.5483870967741935
source_study,R0-003392,False,0.4383561643835616,0.5616438356164384
source_study,R0-003393,False,0.4666666666666667,0.5333333333333333
source_study,R0-003396,False,0.5142857142857142,0.48571428571428577
source_study,R0-003397,False,0.4868421052631579,0.513157894736842
source_study,R0-003398,False,0.5694444444444444,0.4305555555555556
source_study,R0-003399,False,0.527027027027027,0.472972972972973
source_study,R0-003400,False,0.5675675675675675,0.43243243243243246
source_study,R0-003401,False,0.5949367088607594,0.40506329113924056
source_study,R0-003402,False,0.5633802816901409,0.43661971830985913
source_study,R0-003403,False,0.5211267605633803,0.47887323943661975
source_study,R0-003404,False,0.5205479452054794,0.4794520547945206
source_study,R0-003405,False,0.5616438356164384,0.4383561643835616
source_study,R0-003406,False,0.5897435897435898,0.41025641025641024
source_study,R0-003407,False,0.5,0.5
source_study,R0-003408,False,0.5211267605633803,0.47887323943661975
source_study,R0-003409,False,0.5507246376811594,0.4492753623188406
source_study,R0-003410,False,0.4880952380952381,0.5119047619047619
source_study,R0-003411,False,0.4939759036144578,0.5060240963855422
source_study,R0-003412,False,0.4823529411764706,0.5176470588235293
source_study,R0-003413,False,0.4880952380952381,0.5119047619047619
source_study,R0-003414,False,0.48863636363636365,0.5113636363636364
source_study,R0-003415,False,0.5,0.5
source_study,R0-003416,False,0.5421686746987951,0.45783132530120485
source_study,R0-003417,False,0.5185185185185185,0.4814814814814815
source_study,R0-003418,False,0.5128205128205128,0.4871794871794872
source_study,R0-003419,False,0.5909090909090909,0.40909090909090906
source_study,R0-003420,False,0.5588235294117647,0.4411764705882353
source_study,R0-003421,False,0.647887323943662,0.352112676056338
source_study,R0-003422,False,0.6133333333333333,0.3866666666666667
source_study,R0-003423,False,0.6527777777777778,0.3472222222222222
source_study,R0-003424,False,0.625,0.375
source_study,R0-003425,False,0.5822784810126582,0.4177215189873418
source_study,R0-003426,False,0.6338028169014085,0.3661971830985915
source_study,R0-003427,False,0.6666666666666666,0.33333333333333337
source_study,R0-003428,False,0.6133333333333333,0.3866666666666667
source_study,R0-003429,False,0.618421052631579,0.381578947368421
source_study,R0-003430,False,0.5671641791044776,0.4328358208955224
source_study,R0-003431,False,0.6428571428571429,0.3571428571428571
source_study,R0-003432,False,0.5972222222222222,0.4027777777777778
source_study,R0-003433,False,0.647887323943662,0.352112676056338
source_study,R0-003434,False,0.5324675324675324,0.4675324675324676
source_study,R0-003435,False,0.5972222222222222,0.4027777777777778
source_study,R0-003436,False,0.5061728395061729,0.49382716049382713
source_study,R0-003437,False,0.6621621621621622,0.33783783783783783
source_study,R0-003438,False,0.5353535353535354,0.46464646464646464
source_study,R0-003439,False,0.5797101449275363,0.42028985507246375
source_study,R0-003440,False,0.5757575757575758,0.4242424242424242
source_study,R0-003441,False,0.5606060606060606,0.43939393939393945
source_study,R0-003442,False,0.5538461538461539,0.4461538461538461
source_study,R0-003443,False,0.5176470588235295,0.48235294117647054
source_study,R0-003444,False,0.5232558139534884,0.4767441860465116
source_study,R0-003445,False,0.5483870967741935,0.4516129032258065
source_study,R0-003622,False,0.4918032786885246,0.5081967213114754
source_study,R0-003623,False,0.4918032786885246,0.5081967213114754
source_study,R0-003624,False,0.5373134328358209,0.4626865671641791
source_study,R0-003625,False,0.5373134328358209,0.4626865671641791
source_study,R0-003626,False,0.5373134328358209,0.4626865671641791
source_study,R0-003627,False,0.5373134328358209,0.4626865671641791
source_study,R0-003628,False,0.5373134328358209,0.4626865671641791
source_study,R0-003629,False,0.5,0.5
source_study,R0-003630,False,0.5614035087719298,0.4385964912280702
source_study,R0-003631,False,0.5614035087719298,0.4385964912280702
source_study,R0-003632,False,0.5614035087719298,0.4385964912280702
source_study,R0-003633,False,0.5614035087719298,0.4385964912280702
source_study,R0-003634,False,0.5614035087719298,0.4385964912280702
source_study,R0-003635,False,0.5614035087719298,0.4385964912280702
source_study,R0-003636,False,0.5614035087719298,0.4385964912280702
source_study,R0-003637,False,0.5614035087719298,0.4385964912280702
source_study,R0-003638,False,0.5614035087719298,0.4385964912280702
source_study,R0-003639,False,0.49295774647887325,0.5070422535211268
source_study,R0-003640,False,0.5333333333333333,0.4666666666666667
source_study,R0-003641,False,0.5614035087719298,0.4385964912280702
source_study,R0-003642,False,0.5614035087719298,0.4385964912280702
source_study,R0-003643,False,0.5614035087719298,0.4385964912280702
source_study,R0-003644,False,0.5614035087719298,0.4385964912280702
source_study,R0-003645,False,0.5614035087719298,0.4385964912280702
source_study,R0-003646,False,0.5614035087719298,0.4385964912280702
source_study,R0-003647,False,0.5614035087719298,0.4385964912280702
source_study,R0-003648,False,0.5614035087719298,0.4385964912280702
source_study,R0-003649,False,0.5614035087719298,0.4385964912280702
source_study,R0-003871,False,0.6290322580645161,0.3709677419354839
source_study,R0-003886,False,0.4915254237288136,0.5084745762711864
source_study,R0-003887,False,0.45,0.55
source_study,R0-003888,False,0.46938775510204084,0.5306122448979591
source_study,R0-003889,False,0.42,0.5800000000000001
source_study,R0-003890,False,0.3888888888888889,0.6111111111111112
source_study,R0-003891,False,0.43548387096774194,0.564516129032258
source_study,R0-003892,False,0.4117647058823529,0.5882352941176471
source_study,R0-003893,False,0.4230769230769231,0.5769230769230769
source_study,R0-003894,False,0.4084507042253521,0.5915492957746479
source_study,R0-003895,False,0.3968253968253968,0.6031746031746033
source_study,R0-003896,False,0.39344262295081966,0.6065573770491803
source_study,R0-003897,False,0.38095238095238093,0.6190476190476191
source_study,R0-003898,False,0.38596491228070173,0.6140350877192983
source_study,R0-003899,False,0.38461538461538464,0.6153846153846154
source_study,R0-003900,False,0.375,0.625
source_study,R0-003901,False,0.36923076923076925,0.6307692307692307
source_study,R0-003902,False,0.5384615384615384,0.46153846153846156
source_study,R0-003903,False,0.5,0.5
source_study,R0-003904,False,0.509090909090909,0.49090909090909096
source_study,R0-003905,False,0.4642857142857143,0.5357142857142857
source_study,R0-003906,False,0.4262295081967213,0.5737704918032787
source_study,R0-003907,False,0.4852941176470588,0.5147058823529411
source_study,R0-003908,False,0.45614035087719296,0.543859649122807
source_study,R0-003909,False,0.48148148148148145,0.5185185185185186
source_study,R0-003910,False,0.5645161290322581,0.4354838709677419
source_study,R0-003911,False,0.5238095238095238,0.47619047619047616
source_study,R0-003912,False,0.5471698113207547,0.4528301886792453
source_study,R0-003913,False,0.5,0.5
source_study,R0-003914,False,0.52,0.48
source_study,R0-003915,False,0.5076923076923077,0.49230769230769234
source_study,R0-003916,False,0.4909090909090909,0.509090909090909
source_study,R0-003917,False,0.5,0.5
source_study,R0-003918,False,0.453125,0.546875
source_study,R0-003919,False,0.4153846153846154,0.5846153846153845
source_study,R0-003920,False,0.4117647058823529,0.5882352941176471
source_study,R0-003921,False,0.4153846153846154,0.5846153846153845
source_study,R0-003922,False,0.37735849056603776,0.6226415094339622
source_study,R0-003923,False,0.39705882352941174,0.6029411764705883
source_study,R0-003924,False,0.36764705882352944,0.6323529411764706
source_study,R0-003925,False,0.39215686274509803,0.607843137254902
source_study,R0-003926,False,0.4696969696969697,0.5303030303030303
source_study,R0-003927,False,0.43283582089552236,0.5671641791044777
source_study,R0-003928,False,0.43478260869565216,0.5652173913043479
source_study,R0-003929,False,0.42424242424242425,0.5757575757575757
source_study,R0-003930,False,0.4,0.6
source_study,R0-003931,False,0.42028985507246375,0.5797101449275363
source_study,R0-003932,False,0.3888888888888889,0.6111111111111112
source_study,R0-003933,False,0.40384615384615385,0.5961538461538461
source_study,R0-003934,False,0.5645161290322581,0.4354838709677419
source_study,R0-003935,False,0.5238095238095238,0.47619047619047616
source_study,R0-003936,False,0.5151515151515151,0.48484848484848486
source_study,R0-003937,False,0.48484848484848486,0.5151515151515151
source_study,R0-003938,False,0.45714285714285713,0.5428571428571429
source_study,R0-003939,False,0.5076923076923077,0.49230769230769234
source_study,R0-003940,False,0.45588235294117646,0.5441176470588236
source_study,R0-003941,False,0.45454545454545453,0.5454545454545454
source_study,R0-003942,False,0.4915254237288136,0.5084745762711864
source_study,R0-003943,False,0.4523809523809524,0.5476190476190477
source_study,R0-003944,False,0.5,0.5
source_study,R0-003945,False,0.4444444444444444,0.5555555555555556
source_study,R0-003946,False,0.3880597014925373,0.6119402985074627
source_study,R0-003947,False,0.43548387096774194,0.564516129032258
source_study,R0-003948,False,0.43478260869565216,0.5652173913043479
source_study,R0-003949,False,0.4375,0.5625
source_study,R0-003950,False,0.358974358974359,0.641025641025641
source_study,R0-003951,False,0.3291139240506329,0.6708860759493671
source_study,R0-003952,False,0.32926829268292684,0.6707317073170731
source_study,R0-003953,False,0.3291139240506329,0.6708860759493671
source_study,R0-003954,False,0.2898550724637681,0.7101449275362319
source_study,R0-003955,False,0.3132530120481928,0.6867469879518072
source_study,R0-003956,False,0.3064516129032258,0.6935483870967742
source_study,R0-003957,False,0.3220338983050847,0.6779661016949152
source_study,R0-003958,False,0.5,0.5
source_study,R0-003959,False,0.5370370370370371,0.4629629629629629
source_study,R0-003960,False,0.5121951219512195,0.4878048780487805
source_study,R0-003961,False,0.36065573770491804,0.639344262295082
source_study,R0-003962,False,0.5384615384615384,0.46153846153846156
source_study,R0-003963,False,0.5535714285714286,0.4464285714285714
source_study,R0-003964,False,0.5555555555555556,0.4444444444444444
source_study,R0-003965,False,0.4067796610169492,0.5932203389830508
source_study,R0-003966,False,0.48936170212765956,0.5106382978723405
source_study,R0-003967,False,0.5283018867924528,0.4716981132075472
source_study,R0-003968,False,0.4666666666666667,0.5333333333333333
source_study,R0-003969,False,0.34545454545454546,0.6545454545454545
source_study,R0-003970,False,0.5,0.5
source_study,R0-003971,False,0.5370370370370371,0.4629629629629629
source_study,R0-003972,False,0.4772727272727273,0.5227272727272727
source_study,R0-003973,False,0.35714285714285715,0.6428571428571428
source_study,R0-004019,False,0.581081081081081,0.41891891891891897
source_study,R0-004020,False,0.6142857142857143,0.3857142857142857
source_study,R0-004021,False,0.5256410256410257,0.47435897435897434
source_study,R0-004022,False,0.5125,0.48750000000000004
source_study,R0-004023,False,0.36065573770491804,0.639344262295082
source_study,R0-004024,False,0.36065573770491804,0.639344262295082
source_study,R0-004025,False,0.4444444444444444,0.5555555555555556
source_study,R0-004026,False,0.4444444444444444,0.5555555555555556
source_study,R0-004027,False,0.4444444444444444,0.5555555555555556
source_study,R0-004028,False,0.4444444444444444,0.5555555555555556
source_study,R0-004029,False,0.4444444444444444,0.5555555555555556
source_study,R0-004030,False,0.40625,0.59375
source_study,R0-004031,False,0.42857142857142855,0.5714285714285714
source_study,R0-004032,False,0.42857142857142855,0.5714285714285714
source_study,R0-004033,False,0.42857142857142855,0.5714285714285714
source_study,R0-004034,False,0.42857142857142855,0.5714285714285714
source_study,R0-004035,False,0.42857142857142855,0.5714285714285714
source_study,R0-004036,False,0.42857142857142855,0.5714285714285714
source_study,R0-004037,False,0.42857142857142855,0.5714285714285714
source_study,R0-004038,False,0.42857142857142855,0.5714285714285714
source_study,R0-004039,False,0.42857142857142855,0.5714285714285714
source_study,R0-004040,False,0.39436619718309857,0.6056338028169015
source_study,R0-004041,False,0.4423076923076923,0.5576923076923077
source_study,R0-004042,False,0.46938775510204084,0.5306122448979591
source_study,R0-004043,False,0.46938775510204084,0.5306122448979591
source_study,R0-004044,False,0.46938775510204084,0.5306122448979591
source_study,R0-004045,False,0.46938775510204084,0.5306122448979591
source_study,R0-004046,False,0.46938775510204084,0.5306122448979591
source_study,R0-004047,False,0.46938775510204084,0.5306122448979591
source_study,R0-004048,False,0.46938775510204084,0.5306122448979591
source_study,R0-004049,False,0.46938775510204084,0.5306122448979591
source_study,R0-004050,False,0.46938775510204084,0.5306122448979591
source_study,R0-004051,False,0.3333333333333333,0.6666666666666667
source_study,R0-004052,False,0.38596491228070173,0.6140350877192983
source_study,R0-004053,False,0.3230769230769231,0.676923076923077
source_study,R0-004054,False,0.3392857142857143,0.6607142857142857
source_study,R0-004055,False,0.32142857142857145,0.6785714285714286
source_study,R0-004056,False,0.38596491228070173,0.6140350877192983
source_study,R0-004057,False,0.3090909090909091,0.6909090909090909
source_study,R0-004058,False,0.32142857142857145,0.6785714285714286
source_study,R0-004059,False,0.3220338983050847,0.6779661016949152
source_study,R0-004060,False,0.3793103448275862,0.6206896551724138
source_study,R0-004061,False,0.3103448275862069,0.6896551724137931
source_study,R0-004062,False,0.3220338983050847,0.6779661016949152
source_study,R0-004063,False,0.359375,0.640625
source_study,R0-004064,False,0.4090909090909091,0.5909090909090908
source_study,R0-004065,False,0.3492063492063492,0.6507936507936508
source_study,R0-004066,False,0.36507936507936506,0.6349206349206349
source_study,R0-004067,False,0.3333333333333333,0.6666666666666667
source_study,R0-004068,False,0.3870967741935484,0.6129032258064516
source_study,R0-004069,False,0.3220338983050847,0.6779661016949152
source_study,R0-004070,False,0.3333333333333333,0.6666666666666667
source_study,R0-004307,False,0.4691358024691358,0.5308641975308642
source_study,R0-004524,False,0.5714285714285714,0.4285714285714286
source_study,R0-004525,False,0.5352112676056338,0.46478873239436624
source_study,R0-004526,False,0.6190476190476191,0.38095238095238093
source_study,R0-004527,False,0.5625,0.4375
source_study,R0-004528,False,0.5492957746478874,0.45070422535211263
source_study,R0-004529,False,0.6,0.4
source_study,R0-004530,False,0.55,0.44999999999999996
source_study,R0-004531,False,0.52,0.48
source_study,R0-004532,False,0.59375,0.40625
source_study,R0-004533,False,0.5285714285714286,0.4714285714285714
source_study,R0-004534,False,0.6,0.4
source_study,R0-004535,False,0.5679012345679012,0.4320987654320988
source_study,R0-004537,False,0.639344262295082,0.360655737704918
source_study,R0-004539,False,0.639344262295082,0.360655737704918
source_study,R0-004540,False,0.5352112676056338,0.46478873239436624
source_study,R0-004541,False,0.6346153846153846,0.3653846153846154
source_study,R0-004542,False,0.6190476190476191,0.38095238095238093
source_study,R0-004543,False,0.639344262295082,0.360655737704918
source_study,R0-004544,False,0.5970149253731343,0.4029850746268657
source_study,R0-004545,False,0.6071428571428571,0.3928571428571429
source_study,R0-004546,False,0.6181818181818182,0.38181818181818183
source_study,R0-004547,False,0.5942028985507246,0.4057971014492754
source_study,R0-004548,False,0.6,0.4
source_study,R0-004549,False,0.5571428571428572,0.44285714285714284
source_study,R0-004551,False,0.734375,0.265625
source_study,R0-004552,False,0.7313432835820896,0.26865671641791045
source_study,R0-004553,False,0.7666666666666667,0.23333333333333328
source_study,R0-004555,False,0.7666666666666667,0.23333333333333328
source_study,R0-004614,False,0.5084745762711864,0.4915254237288136
source_study,R0-004615,False,0.4666666666666667,0.5333333333333333
source_study,R0-004616,False,0.4897959183673469,0.5102040816326531
source_study,R0-004617,False,0.44,0.56
source_study,R0-004618,False,0.4074074074074074,0.5925925925925926
source_study,R0-004619,False,0.45161290322580644,0.5483870967741935
source_study,R0-004620,False,0.43137254901960786,0.5686274509803921
source_study,R0-004621,False,0.4423076923076923,0.5576923076923077
source_study,R0-004622,False,0.4225352112676056,0.5774647887323944
source_study,R0-004623,False,0.4126984126984127,0.5873015873015873
source_study,R0-004624,False,0.4098360655737705,0.5901639344262295
source_study,R0-004625,False,0.3968253968253968,0.6031746031746033
source_study,R0-004626,False,0.38461538461538464,0.6153846153846154
source_study,R0-004627,False,0.4,0.6
source_study,R0-004628,False,0.390625,0.609375
source_study,R0-004629,False,0.38461538461538464,0.6153846153846154
source_study,R0-004630,False,0.5538461538461539,0.4461538461538461
source_study,R0-004631,False,0.5151515151515151,0.48484848484848486
source_study,R0-004632,False,0.5272727272727272,0.4727272727272728
source_study,R0-004633,False,0.48214285714285715,0.5178571428571428
source_study,R0-004634,False,0.4426229508196721,0.5573770491803278
source_study,R0-004635,False,0.5,0.5
source_study,R0-004636,False,0.47368421052631576,0.5263157894736843
source_study,R0-004637,False,0.5,0.5
source_study,R0-004638,False,0.5806451612903226,0.4193548387096774
source_study,R0-004639,False,0.5396825396825397,0.46031746031746035
source_study,R0-004640,False,0.5660377358490566,0.4339622641509434
source_study,R0-004641,False,0.5185185185185185,0.4814814814814815
source_study,R0-004642,False,0.5208333333333334,0.47916666666666663
source_study,R0-004643,False,0.5230769230769231,0.4769230769230769
source_study,R0-004644,False,0.509090909090909,0.49090909090909096
source_study,R0-004645,False,0.5217391304347826,0.4782608695652174
source_study,R0-004646,False,0.46875,0.53125
source_study,R0-004647,False,0.4307692307692308,0.5692307692307692
source_study,R0-004648,False,0.42857142857142855,0.5714285714285714
source_study,R0-004649,False,0.4307692307692308,0.5692307692307692
source_study,R0-004650,False,0.38571428571428573,0.6142857142857143
source_study,R0-004651,False,0.4117647058823529,0.5882352941176471
source_study,R0-004652,False,0.38235294117647056,0.6176470588235294
source_study,R0-004653,False,0.4117647058823529,0.5882352941176471
source_study,R0-004654,False,0.48484848484848486,0.5151515151515151
source_study,R0-004655,False,0.44776119402985076,0.5522388059701493
source_study,R0-004656,False,0.4492753623188406,0.5507246376811594
source_study,R0-004657,False,0.4393939393939394,0.5606060606060606
source_study,R0-004658,False,0.4142857142857143,0.5857142857142856
source_study,R0-004659,False,0.43478260869565216,0.5652173913043479
source_study,R0-004660,False,0.4027777777777778,0.5972222222222222
source_study,R0-004661,False,0.4230769230769231,0.5769230769230769
source_study,R0-004662,False,0.5806451612903226,0.4193548387096774
source_study,R0-004663,False,0.5396825396825397,0.46031746031746035
source_study,R0-004664,False,0.5303030303030303,0.4696969696969697
source_study,R0-004665,False,0.5,0.5
source_study,R0-004666,False,0.4714285714285714,0.5285714285714286
source_study,R0-004667,False,0.5230769230769231,0.4769230769230769
source_study,R0-004668,False,0.47058823529411764,0.5294117647058824
source_study,R0-004669,False,0.4727272727272727,0.5272727272727273
source_study,R0-004670,False,0.5111111111111111,0.48888888888888893
source_study,R0-004671,False,0.47619047619047616,0.5238095238095238
source_study,R0-004672,False,0.5227272727272727,0.4772727272727273
source_study,R0-004673,False,0.4666666666666667,0.5333333333333333
source_study,R0-004674,False,0.40298507462686567,0.5970149253731343
source_study,R0-004675,False,0.45454545454545453,0.5454545454545454
source_study,R0-004676,False,0.45652173913043476,0.5434782608695652
source_study,R0-004677,False,0.4583333333333333,0.5416666666666667
source_study,R0-004678,False,0.5227272727272727,0.4772727272727273
source_study,R0-004679,False,0.47619047619047616,0.5238095238095238
source_study,R0-004680,False,0.5348837209302325,0.4651162790697675
source_study,R0-004681,False,0.5,0.5
source_study,R0-004682,False,0.4090909090909091,0.5909090909090908
source_study,R0-004683,False,0.4583333333333333,0.5416666666666667
source_study,R0-004684,False,0.4666666666666667,0.5333333333333333
source_study,R0-004685,False,0.46938775510204084,0.5306122448979591
source_study,R0-004686,False,0.3717948717948718,0.6282051282051282
source_study,R0-004687,False,0.34177215189873417,0.6582278481012658
source_study,R0-004688,False,0.34146341463414637,0.6585365853658536
source_study,R0-004689,False,0.34177215189873417,0.6582278481012658
source_study,R0-004690,False,0.30434782608695654,0.6956521739130435
source_study,R0-004691,False,0.3253012048192771,0.6746987951807228
source_study,R0-004692,False,0.3225806451612903,0.6774193548387097
source_study,R0-004693,False,0.3389830508474576,0.6610169491525424
source_study,R0-004694,False,0.5208333333333334,0.47916666666666663
source_study,R0-004695,False,0.5555555555555556,0.4444444444444444
source_study,R0-004696,False,0.5365853658536586,0.46341463414634143
source_study,R0-004697,False,0.5454545454545454,0.4545454545454546
source_study,R0-004698,False,0.3770491803278688,0.6229508196721312
source_study,R0-004699,False,0.5576923076923077,0.4423076923076923
source_study,R0-004700,False,0.5714285714285714,0.4285714285714286
source_study,R0-004701,False,0.5777777777777777,0.4222222222222223
source_study,R0-004702,False,0.5777777777777777,0.4222222222222223
source_study,R0-004703,False,0.423728813559322,0.576271186440678
source_study,R0-004704,False,0.5106382978723404,0.4893617021276596
source_study,R0-004705,False,0.5471698113207547,0.4528301886792453
source_study,R0-004706,False,0.4888888888888889,0.5111111111111111
source_study,R0-004707,False,0.5227272727272727,0.4772727272727273
source_study,R0-004708,False,0.36363636363636365,0.6363636363636364
source_study,R0-004709,False,0.5208333333333334,0.47916666666666663
source_study,R0-004710,False,0.5555555555555556,0.4444444444444444
source_study,R0-004711,False,0.5,0.5
source_study,R0-004712,False,0.5227272727272727,0.4772727272727273
source_study,R0-004713,False,0.375,0.625
source_study,R0-005015,False,0.3484848484848485,0.6515151515151515
source_study,R0-005016,False,0.39705882352941174,0.6029411764705883
source_study,R0-005017,False,0.3384615384615385,0.6615384615384615
source_study,R0-005018,False,0.35384615384615387,0.6461538461538461
source_study,R0-005019,False,0.3392857142857143,0.6607142857142857
source_study,R0-005020,False,0.40350877192982454,0.5964912280701755
source_study,R0-005021,False,0.32727272727272727,0.6727272727272727
source_study,R0-005022,False,0.3392857142857143,0.6607142857142857
source_study,R0-005023,False,0.3389830508474576,0.6610169491525424
source_study,R0-005024,False,0.39655172413793105,0.603448275862069
source_study,R0-005025,False,0.3275862068965517,0.6724137931034483
source_study,R0-005026,False,0.3389830508474576,0.6610169491525424
source_study,R0-005027,False,0.375,0.625
source_study,R0-005028,False,0.42424242424242425,0.5757575757575757
source_study,R0-005029,False,0.36507936507936506,0.6349206349206349
source_study,R0-005030,False,0.38095238095238093,0.6190476190476191
source_study,R0-005031,False,0.35,0.65
source_study,R0-005032,False,0.4032258064516129,0.5967741935483871
source_study,R0-005033,False,0.3389830508474576,0.6610169491525424
source_study,R0-005034,False,0.35,0.65
source_study,R0-005090,False,0.5538461538461539,0.4461538461538461
source_study,R0-005091,False,0.6166666666666667,0.3833333333333333
source_study,R0-005160,False,0.639344262295082,0.360655737704918
source_study,R0-005161,False,0.639344262295082,0.360655737704918
source_study,R0-005162,False,0.5084745762711864,0.4915254237288136
source_study,R0-005163,False,0.4666666666666667,0.5333333333333333
source_study,R0-005164,False,0.4897959183673469,0.5102040816326531
source_study,R0-005165,False,0.44,0.56
source_study,R0-005166,False,0.4074074074074074,0.5925925925925926
source_study,R0-005167,False,0.45161290322580644,0.5483870967741935
source_study,R0-005168,False,0.43137254901960786,0.5686274509803921
source_study,R0-005169,False,0.4423076923076923,0.5576923076923077
source_study,R0-005170,False,0.4225352112676056,0.5774647887323944
source_study,R0-005171,False,0.4126984126984127,0.5873015873015873
source_study,R0-005172,False,0.4098360655737705,0.5901639344262295
source_study,R0-005173,False,0.3968253968253968,0.6031746031746033
source_study,R0-005174,False,0.38461538461538464,0.6153846153846154
source_study,R0-005175,False,0.4,0.6
source_study,R0-005176,False,0.390625,0.609375
source_study,R0-005177,False,0.38461538461538464,0.6153846153846154
source_study,R0-005178,False,0.5538461538461539,0.4461538461538461
source_study,R0-005179,False,0.5151515151515151,0.48484848484848486
source_study,R0-005180,False,0.5272727272727272,0.4727272727272728
source_study,R0-005181,False,0.48214285714285715,0.5178571428571428
source_study,R0-005182,False,0.4426229508196721,0.5573770491803278
source_study,R0-005183,False,0.5,0.5
source_study,R0-005184,False,0.47368421052631576,0.5263157894736843
source_study,R0-005185,False,0.5,0.5
source_study,R0-005186,False,0.5806451612903226,0.4193548387096774
source_study,R0-005187,False,0.5396825396825397,0.46031746031746035
source_study,R0-005188,False,0.5660377358490566,0.4339622641509434
source_study,R0-005189,False,0.5185185185185185,0.4814814814814815
source_study,R0-005190,False,0.5208333333333334,0.47916666666666663
source_study,R0-005191,False,0.5230769230769231,0.4769230769230769
source_study,R0-005192,False,0.509090909090909,0.49090909090909096
source_study,R0-005193,False,0.5217391304347826,0.4782608695652174
source_study,R0-005194,False,0.46875,0.53125
source_study,R0-005195,False,0.4307692307692308,0.5692307692307692
source_study,R0-005196,False,0.42857142857142855,0.5714285714285714
source_study,R0-005197,False,0.4307692307692308,0.5692307692307692
source_study,R0-005198,False,0.38571428571428573,0.6142857142857143
source_study,R0-005199,False,0.4117647058823529,0.5882352941176471
source_study,R0-005200,False,0.38235294117647056,0.6176470588235294
source_study,R0-005201,False,0.4117647058823529,0.5882352941176471
source_study,R0-005202,False,0.48484848484848486,0.5151515151515151
source_study,R0-005203,False,0.44776119402985076,0.5522388059701493
source_study,R0-005204,False,0.4492753623188406,0.5507246376811594
source_study,R0-005205,False,0.4393939393939394,0.5606060606060606
source_study,R0-005206,False,0.4142857142857143,0.5857142857142856
source_study,R0-005207,False,0.43478260869565216,0.5652173913043479
source_study,R0-005208,False,0.4027777777777778,0.5972222222222222
source_study,R0-005209,False,0.4230769230769231,0.5769230769230769
source_study,R0-005210,False,0.5806451612903226,0.4193548387096774
source_study,R0-005211,False,0.5396825396825397,0.46031746031746035
source_study,R0-005212,False,0.5303030303030303,0.4696969696969697
source_study,R0-005213,False,0.5,0.5
source_study,R0-005214,False,0.4714285714285714,0.5285714285714286
source_study,R0-005215,False,0.5230769230769231,0.4769230769230769
source_study,R0-005216,False,0.47058823529411764,0.5294117647058824
source_study,R0-005217,False,0.4727272727272727,0.5272727272727273
source_study,R0-005218,False,0.5111111111111111,0.48888888888888893
source_study,R0-005219,False,0.47619047619047616,0.5238095238095238
source_study,R0-005220,False,0.5227272727272727,0.4772727272727273
source_study,R0-005221,False,0.4666666666666667,0.5333333333333333
source_study,R0-005222,False,0.40298507462686567,0.5970149253731343
source_study,R0-005223,False,0.45454545454545453,0.5454545454545454
source_study,R0-005224,False,0.45652173913043476,0.5434782608695652
source_study,R0-005225,False,0.4583333333333333,0.5416666666666667
source_study,R0-005226,False,0.5227272727272727,0.4772727272727273
source_study,R0-005227,False,0.47619047619047616,0.5238095238095238
source_study,R0-005228,False,0.5348837209302325,0.4651162790697675
source_study,R0-005229,False,0.5,0.5
source_study,R0-005230,False,0.4090909090909091,0.5909090909090908
source_study,R0-005231,False,0.4583333333333333,0.5416666666666667
source_study,R0-005232,False,0.4666666666666667,0.5333333333333333
source_study,R0-005233,False,0.46938775510204084,0.5306122448979591
source_study,R0-005234,False,0.3717948717948718,0.6282051282051282
source_study,R0-005235,False,0.34177215189873417,0.6582278481012658
source_study,R0-005236,False,0.34146341463414637,0.6585365853658536
source_study,R0-005237,False,0.34177215189873417,0.6582278481012658
source_study,R0-005238,False,0.30434782608695654,0.6956521739130435
source_study,R0-005239,False,0.3253012048192771,0.6746987951807228
source_study,R0-005240,False,0.3225806451612903,0.6774193548387097
source_study,R0-005241,False,0.3389830508474576,0.6610169491525424
source_study,R0-005242,False,0.5208333333333334,0.47916666666666663
source_study,R0-005243,False,0.5555555555555556,0.4444444444444444
source_study,R0-005244,False,0.5365853658536586,0.46341463414634143
source_study,R0-005245,False,0.5454545454545454,0.4545454545454546
source_study,R0-005246,False,0.3770491803278688,0.6229508196721312
source_study,R0-005247,False,0.5576923076923077,0.4423076923076923
source_study,R0-005248,False,0.5714285714285714,0.4285714285714286
source_study,R0-005249,False,0.5777777777777777,0.4222222222222223
source_study,R0-005250,False,0.5777777777777777,0.4222222222222223
source_study,R0-005251,False,0.423728813559322,0.576271186440678
source_study,R0-005252,False,0.5106382978723404,0.4893617021276596
source_study,R0-005253,False,0.5471698113207547,0.4528301886792453
source_study,R0-005254,False,0.4888888888888889,0.5111111111111111
source_study,R0-005255,False,0.5227272727272727,0.4772727272727273
source_study,R0-005256,False,0.36363636363636365,0.6363636363636364
source_study,R0-005257,False,0.5208333333333334,0.47916666666666663
source_study,R0-005258,False,0.5555555555555556,0.4444444444444444
source_study,R0-005259,False,0.5,0.5
source_study,R0-005260,False,0.5227272727272727,0.4772727272727273
source_study,R0-005261,False,0.375,0.625
source_study,R0-005277,False,0.6153846153846154,0.3846153846153846
source_study,R0-005278,False,0.6037735849056604,0.39622641509433965
source_study,R0-005279,False,0.6037735849056604,0.39622641509433965
source_study,R0-005280,False,0.5645161290322581,0.4354838709677419
source_study,R0-005281,False,0.5636363636363636,0.4363636363636364
source_study,R0-005282,False,0.5609756097560976,0.4390243902439024
source_study,R0-005283,False,0.5609756097560976,0.4390243902439024
source_study,R0-005284,False,0.5609756097560976,0.4390243902439024
source_study,R0-005285,False,0.5609756097560976,0.4390243902439024
source_study,R0-005286,False,0.5609756097560976,0.4390243902439024
source_study,R0-005287,False,0.5609756097560976,0.4390243902439024
source_study,R0-005288,False,0.5609756097560976,0.4390243902439024
source_study,R0-005289,False,0.47619047619047616,0.5238095238095238
source_study,R0-005290,False,0.5087719298245614,0.49122807017543857
source_study,R0-006165,False,0.6101694915254238,0.38983050847457623
source_study,R0-006166,False,0.5666666666666667,0.43333333333333335
source_study,R0-006167,False,0.5178571428571429,0.4821428571428571
source_study,R0-006168,False,0.5161290322580645,0.4838709677419355
source_study,R0-006169,False,0.4794520547945205,0.5205479452054795
source_study,R0-006170,False,0.5483870967741935,0.4516129032258065
source_study,R0-006171,False,0.48936170212765956,0.5106382978723405
source_study,R0-006172,False,0.5,0.5
source_study,R0-006173,False,0.5070422535211268,0.49295774647887325
source_study,R0-006174,False,0.4722222222222222,0.5277777777777778
source_study,R0-006175,False,0.4626865671641791,0.5373134328358209
source_study,R0-006176,False,0.45588235294117646,0.5441176470588236
source_study,R0-006177,False,0.4166666666666667,0.5833333333333333
source_study,R0-006178,False,0.4594594594594595,0.5405405405405406
source_study,R0-006179,False,0.4492753623188406,0.5507246376811594
source_study,R0-006180,False,0.44285714285714284,0.5571428571428572
source_study,R0-006181,False,0.6461538461538462,0.3538461538461538
source_study,R0-006182,False,0.6060606060606061,0.3939393939393939
source_study,R0-006183,False,0.5483870967741935,0.4516129032258065
source_study,R0-006184,False,0.5588235294117647,0.4411764705882353
source_study,R0-006185,False,0.5135135135135135,0.4864864864864865
source_study,R0-006186,False,0.5882352941176471,0.4117647058823529
source_study,R0-006187,False,0.5285714285714286,0.4714285714285714
source_study,R0-006188,False,0.55,0.44999999999999996
source_study,R0-006189,False,0.6612903225806451,0.33870967741935487
source_study,R0-006190,False,0.6190476190476191,0.38095238095238093
source_study,R0-006191,False,0.5666666666666667,0.43333333333333335
source_study,R0-006192,False,0.5692307692307692,0.4307692307692308
source_study,R0-006193,False,0.5211267605633803,0.47887323943661975
source_study,R0-006194,False,0.6,0.4
source_study,R0-006195,False,0.5384615384615384,0.46153846153846156
source_study,R0-006196,False,0.5686274509803921,0.43137254901960786
source_study,R0-006197,False,0.546875,0.453125
source_study,R0-006198,False,0.5076923076923077,0.49230769230769234
source_study,R0-006199,False,0.5,0.5
source_study,R0-006200,False,0.5076923076923077,0.49230769230769234
source_study,R0-006201,False,0.45714285714285713,0.5428571428571429
source_study,R0-006202,False,0.4852941176470588,0.5147058823529411
source_study,R0-006203,False,0.45588235294117646,0.5441176470588236
source_study,R0-006204,False,0.4727272727272727,0.5272727272727273
source_study,R0-006205,False,0.5625,0.4375
source_study,R0-006206,False,0.5230769230769231,0.4769230769230769
source_study,R0-006207,False,0.5217391304347826,0.4782608695652174
source_study,R0-006208,False,0.5151515151515151,0.48484848484848486
source_study,R0-006209,False,0.4857142857142857,0.5142857142857142
source_study,R0-006210,False,0.5074626865671642,0.4925373134328358
source_study,R0-006211,False,0.4722222222222222,0.5277777777777778
source_study,R0-006212,False,0.45901639344262296,0.540983606557377
source_study,R0-006213,False,0.6774193548387096,0.32258064516129037
source_study,R0-006214,False,0.6349206349206349,0.3650793650793651
source_study,R0-006215,False,0.5797101449275363,0.42028985507246375
source_study,R0-006216,False,0.5846153846153846,0.41538461538461535
source_study,R0-006217,False,0.5507246376811594,0.4492753623188406
source_study,R0-006218,False,0.6153846153846154,0.3846153846153846
source_study,R0-006219,False,0.5522388059701493,0.4477611940298507
source_study,R0-006220,False,0.5,0.5
source_study,R0-006221,False,0.6101694915254238,0.38983050847457623
source_study,R0-006222,False,0.5666666666666667,0.43333333333333335
source_study,R0-006223,False,0.56,0.43999999999999995
source_study,R0-006224,False,0.5238095238095238,0.47619047619047616
source_study,R0-006225,False,0.47761194029850745,0.5223880597014925
source_study,R0-006226,False,0.5483870967741935,0.4516129032258065
source_study,R0-006227,False,0.5098039215686274,0.4901960784313726
source_study,R0-006228,False,0.5192307692307693,0.4807692307692307
source_study,R0-006229,False,0.6101694915254238,0.38983050847457623
source_study,R0-006230,False,0.5666666666666667,0.43333333333333335
source_study,R0-006231,False,0.5918367346938775,0.40816326530612246
source_study,R0-006232,False,0.54,0.45999999999999996
source_study,R0-006233,False,0.47761194029850745,0.5223880597014925
source_study,R0-006234,False,0.5483870967741935,0.4516129032258065
source_study,R0-006235,False,0.5294117647058824,0.47058823529411764
source_study,R0-006236,False,0.5192307692307693,0.4807692307692307
source_study,R0-006237,False,0.44871794871794873,0.5512820512820513
source_study,R0-006238,False,0.4177215189873418,0.5822784810126582
source_study,R0-006239,False,0.4146341463414634,0.5853658536585367
source_study,R0-006240,False,0.4177215189873418,0.5822784810126582
source_study,R0-006241,False,0.36904761904761907,0.6309523809523809
source_study,R0-006242,False,0.4,0.6
source_study,R0-006243,False,0.3780487804878049,0.6219512195121951
source_study,R0-006244,False,0.4,0.6
source_study,R0-006245,False,0.5740740740740741,0.42592592592592593
source_study,R0-006246,False,0.603448275862069,0.39655172413793105
source_study,R0-006247,False,0.5957446808510638,0.4042553191489362
source_study,R0-006248,False,0.5957446808510638,0.4042553191489362
source_study,R0-006249,False,0.43548387096774194,0.564516129032258
source_study,R0-006250,False,0.603448275862069,0.39655172413793105
source_study,R0-006251,False,0.6166666666666667,0.3833333333333333
source_study,R0-006252,False,0.6274509803921569,0.37254901960784315
source_study,R0-006253,False,0.6274509803921569,0.37254901960784315
source_study,R0-006254,False,0.47692307692307695,0.523076923076923
source_study,R0-006255,False,0.5660377358490566,0.4339622641509434
source_study,R0-006256,False,0.5964912280701754,0.4035087719298246
source_study,R0-006257,False,0.5531914893617021,0.44680851063829785
source_study,R0-006258,False,0.5531914893617021,0.44680851063829785
source_study,R0-006259,False,0.4262295081967213,0.5737704918032787
source_study,R0-006260,False,0.5740740740740741,0.42592592592592593
source_study,R0-006261,False,0.603448275862069,0.39655172413793105
source_study,R0-006262,False,0.5625,0.4375
source_study,R0-006263,False,0.5714285714285714,0.4285714285714286
source_study,R0-006264,False,0.43548387096774194,0.564516129032258
source_study,R0-006298,False,0.4084507042253521,0.5915492957746479
source_study,R0-006299,False,0.4520547945205479,0.547945205479452
source_study,R0-006303,False,0.4,0.6
source_study,R0-006304,False,0.4084507042253521,0.5915492957746479
source_study,R0-006312,False,0.4,0.6
source_study,R0-006313,False,0.45161290322580644,0.5483870967741935
source_study,R0-006317,False,0.3898305084745763,0.6101694915254237
source_study,R0-006318,False,0.4,0.6
source_study,R0-006326,False,0.40298507462686567,0.5970149253731343
source_study,R0-006327,False,0.4492753623188406,0.5507246376811594
source_study,R0-006331,False,0.3939393939393939,0.6060606060606061
source_study,R0-006332,False,0.40298507462686567,0.5970149253731343
source_study,R0-006339,False,0.43478260869565216,0.5652173913043479
source_study,R0-006340,False,0.4788732394366197,0.5211267605633803
source_study,R0-006341,False,0.4264705882352941,0.5735294117647058
source_study,R0-006342,False,0.43478260869565216,0.5652173913043479
source_study,R0-006343,False,0.4117647058823529,0.5882352941176471
source_study,R0-006344,False,0.45714285714285713,0.5428571428571429
source_study,R0-006345,False,0.40298507462686567,0.5970149253731343
source_study,R0-006346,False,0.4117647058823529,0.5882352941176471
source_study,R0-006352,False,0.6274509803921569,0.37254901960784315
source_study,R0-006353,False,0.6153846153846154,0.3846153846153846
source_study,R0-006354,False,0.6153846153846154,0.3846153846153846
source_study,R0-006355,False,0.6037735849056604,0.39622641509433965
source_study,R0-006356,False,0.6153846153846154,0.3846153846153846
source_study,R0-006357,False,0.6037735849056604,0.39622641509433965
source_study,R0-006358,False,0.6153846153846154,0.3846153846153846
source_study,R0-006359,False,0.6037735849056604,0.39622641509433965
source_study,R0-006360,False,0.6153846153846154,0.3846153846153846
source_study,R0-006361,False,0.6037735849056604,0.39622641509433965
source_study,R0-006362,False,0.5625,0.4375
source_study,R0-006363,False,0.5645161290322581,0.4354838709677419
source_study,R0-006364,False,0.6181818181818182,0.38181818181818183
source_study,R0-006365,False,0.6181818181818182,0.38181818181818183
source_study,R0-006366,False,0.4883720930232558,0.5116279069767442
source_study,R0-006367,False,0.5609756097560976,0.4390243902439024
source_study,R0-006368,False,0.4883720930232558,0.5116279069767442
source_study,R0-006369,False,0.5609756097560976,0.4390243902439024
source_study,R0-006370,False,0.4883720930232558,0.5116279069767442
source_study,R0-006371,False,0.5609756097560976,0.4390243902439024
source_study,R0-006372,False,0.4883720930232558,0.5116279069767442
source_study,R0-006373,False,0.5609756097560976,0.4390243902439024
source_study,R0-006374,False,0.4883720930232558,0.5116279069767442
source_study,R0-006375,False,0.5609756097560976,0.4390243902439024
source_study,R0-006376,False,0.4883720930232558,0.5116279069767442
source_study,R0-006377,False,0.5609756097560976,0.4390243902439024
source_study,R0-006378,False,0.4883720930232558,0.5116279069767442
source_study,R0-006379,False,0.5609756097560976,0.4390243902439024
source_study,R0-006380,False,0.42424242424242425,0.5757575757575757
source_study,R0-006381,False,0.4426229508196721,0.5573770491803278
source_study,R0-006382,False,0.4666666666666667,0.5333333333333333
source_study,R0-006383,False,0.48936170212765956,0.5106382978723405
source_study,R0-007081,False,0.3484848484848485,0.6515151515151515
source_study,R0-007082,False,0.39705882352941174,0.6029411764705883
source_study,R0-007083,False,0.3384615384615385,0.6615384615384615
source_study,R0-007084,False,0.35384615384615387,0.6461538461538461
source_study,R0-007085,False,0.3392857142857143,0.6607142857142857
source_study,R0-007086,False,0.40350877192982454,0.5964912280701755
source_study,R0-007087,False,0.32727272727272727,0.6727272727272727
source_study,R0-007088,False,0.3392857142857143,0.6607142857142857
source_study,R0-007089,False,0.3389830508474576,0.6610169491525424
source_study,R0-007090,False,0.39655172413793105,0.603448275862069
source_study,R0-007091,False,0.3275862068965517,0.6724137931034483
source_study,R0-007092,False,0.3389830508474576,0.6610169491525424
source_study,R0-007093,False,0.375,0.625
source_study,R0-007094,False,0.42424242424242425,0.5757575757575757
source_study,R0-007095,False,0.36507936507936506,0.6349206349206349
source_study,R0-007096,False,0.38095238095238093,0.6190476190476191
source_study,R0-007097,False,0.35,0.65
source_study,R0-007098,False,0.4032258064516129,0.5967741935483871
source_study,R0-007099,False,0.3389830508474576,0.6610169491525424
source_study,R0-007100,False,0.35,0.65
source_study,R0-007162,False,0.6071428571428571,0.3928571428571429
source_study,R0-007189,False,0.4807692307692308,0.5192307692307692
source_study,R0-007190,False,0.4852941176470588,0.5147058823529411
source_study,R0-007191,False,0.5142857142857142,0.48571428571428577
source_study,R0-007192,False,0.4722222222222222,0.5277777777777778
source_study,R0-007193,False,0.484375,0.515625
source_study,R0-007194,False,0.5454545454545454,0.4545454545454546
source_study,R0-007195,False,0.5072463768115942,0.49275362318840576
source_study,R0-007196,False,0.47692307692307695,0.523076923076923
source_study,R0-007197,False,0.47761194029850745,0.5223880597014925
source_study,R0-007198,False,0.5070422535211268,0.49295774647887325
source_study,R0-007199,False,0.5324675324675324,0.4675324675324676
source_study,R0-007200,False,0.47761194029850745,0.5223880597014925
source_study,R0-007201,False,0.4716981132075472,0.5283018867924528
source_study,R0-007202,False,0.47761194029850745,0.5223880597014925
source_study,R0-007203,False,0.4625,0.5375
source_study,R0-007204,False,0.46835443037974683,0.5316455696202531
source_study,R0-007205,False,0.4567901234567901,0.5432098765432098
source_study,R0-007206,False,0.4625,0.5375
source_study,R0-007207,False,0.45,0.55
source_study,R0-007208,False,0.47368421052631576,0.5263157894736843
source_study,R0-007209,False,0.5,0.5
source_study,R0-007210,False,0.48,0.52
source_study,R0-007211,False,0.4342105263157895,0.5657894736842105
source_study,R0-007212,False,0.5283018867924528,0.4716981132075472
source_study,R0-007213,False,0.5172413793103449,0.48275862068965514
source_study,R0-007214,False,0.576271186440678,0.423728813559322
source_study,R0-007215,False,0.5692307692307692,0.4307692307692308
source_study,R0-007216,False,0.5846153846153846,0.41538461538461535
source_study,R0-007217,False,0.6451612903225806,0.3548387096774194
source_study,R0-007218,False,0.5074626865671642,0.4925373134328358
source_study,R0-007219,False,0.6290322580645161,0.3709677419354839
source_study,R0-007220,False,0.6031746031746031,0.39682539682539686
source_study,R0-007221,False,0.609375,0.390625
source_study,R0-007222,False,0.5625,0.4375
source_study,R0-007223,False,0.5238095238095238,0.47619047619047616
source_study,R0-007224,False,0.5689655172413793,0.43103448275862066
source_study,R0-007225,False,0.5303030303030303,0.4696969696969697
source_study,R0-007226,False,0.576271186440678,0.423728813559322
source_study,R0-007227,False,0.4857142857142857,0.5142857142857142
source_study,R0-007228,False,0.5625,0.4375
source_study,R0-007229,False,0.4794520547945205,0.5205479452054795
source_study,R0-007230,False,0.5967741935483871,0.4032258064516129
source_study,R0-007231,False,0.4725274725274725,0.5274725274725275
source_study,R0-007232,False,0.5806451612903226,0.4193548387096774
source_study,R0-007233,False,0.5079365079365079,0.4920634920634921
source_study,R0-007234,False,0.5454545454545454,0.4545454545454546
source_study,R0-007235,False,0.4827586206896552,0.5172413793103448
source_study,R0-007236,False,0.5217391304347826,0.4782608695652174
source_study,R0-007237,False,0.5285714285714286,0.4714285714285714
source_study,R0-007238,False,0.5512820512820513,0.4487179487179487
source_study,R0-007457,False,0.639344262295082,0.360655737704918
source_study,R0-007458,False,0.639344262295082,0.360655737704918
source_study,R0-007461,False,0.5254237288135594,0.47457627118644063
source_study,R0-007462,False,0.5084745762711864,0.4915254237288136
source_study,R0-007463,False,0.5166666666666667,0.4833333333333333
source_study,R0-007464,False,0.5,0.5
source_study,R0-007465,False,0.5166666666666667,0.4833333333333333
source_study,R0-007466,False,0.5,0.5
source_study,R0-007478,False,0.746031746031746,0.25396825396825395
source_study,R0-007479,False,0.746031746031746,0.25396825396825395
source_study,R0-007480,False,0.6875,0.3125
source_study,R0-007481,False,0.6875,0.3125
source_study,R0-007482,False,0.7205882352941176,0.27941176470588236
source_study,R0-007483,False,0.6825396825396826,0.31746031746031744
source_study,R0-007507,False,0.5084745762711864,0.4915254237288136
source_study,R0-007508,False,0.4666666666666667,0.5333333333333333
source_study,R0-007509,False,0.4897959183673469,0.5102040816326531
source_study,R0-007510,False,0.44,0.56
source_study,R0-007511,False,0.4074074074074074,0.5925925925925926
source_study,R0-007512,False,0.45161290322580644,0.5483870967741935
source_study,R0-007513,False,0.43137254901960786,0.5686274509803921
source_study,R0-007514,False,0.4423076923076923,0.5576923076923077
source_study,R0-007515,False,0.4225352112676056,0.5774647887323944
source_study,R0-007516,False,0.4126984126984127,0.5873015873015873
source_study,R0-007517,False,0.4098360655737705,0.5901639344262295
source_study,R0-007518,False,0.3968253968253968,0.6031746031746033
source_study,R0-007519,False,0.38461538461538464,0.6153846153846154
source_study,R0-007520,False,0.4,0.6
source_study,R0-007521,False,0.390625,0.609375
source_study,R0-007522,False,0.38461538461538464,0.6153846153846154
source_study,R0-007523,False,0.5538461538461539,0.4461538461538461
source_study,R0-007524,False,0.5151515151515151,0.48484848484848486
source_study,R0-007525,False,0.5272727272727272,0.4727272727272728
source_study,R0-007526,False,0.48214285714285715,0.5178571428571428
source_study,R0-007527,False,0.4426229508196721,0.5573770491803278
source_study,R0-007528,False,0.5,0.5
source_study,R0-007529,False,0.47368421052631576,0.5263157894736843
source_study,R0-007530,False,0.5,0.5
source_study,R0-007531,False,0.5806451612903226,0.4193548387096774
source_study,R0-007532,False,0.5396825396825397,0.46031746031746035
source_study,R0-007533,False,0.5660377358490566,0.4339622641509434
source_study,R0-007534,False,0.5185185185185185,0.4814814814814815
source_study,R0-007535,False,0.5208333333333334,0.47916666666666663
source_study,R0-007536,False,0.5230769230769231,0.4769230769230769
source_study,R0-007537,False,0.509090909090909,0.49090909090909096
source_study,R0-007538,False,0.5217391304347826,0.4782608695652174
source_study,R0-007539,False,0.46875,0.53125
source_study,R0-007540,False,0.4307692307692308,0.5692307692307692
source_study,R0-007541,False,0.42857142857142855,0.5714285714285714
source_study,R0-007542,False,0.4307692307692308,0.5692307692307692
source_study,R0-007543,False,0.38571428571428573,0.6142857142857143
source_study,R0-007544,False,0.4117647058823529,0.5882352941176471
source_study,R0-007545,False,0.38235294117647056,0.6176470588235294
source_study,R0-007546,False,0.4117647058823529,0.5882352941176471
source_study,R0-007547,False,0.48484848484848486,0.5151515151515151
source_study,R0-007548,False,0.44776119402985076,0.5522388059701493
source_study,R0-007549,False,0.4492753623188406,0.5507246376811594
source_study,R0-007550,False,0.4393939393939394,0.5606060606060606
source_study,R0-007551,False,0.4142857142857143,0.5857142857142856
source_study,R0-007552,False,0.43478260869565216,0.5652173913043479
source_study,R0-007553,False,0.4027777777777778,0.5972222222222222
source_study,R0-007554,False,0.4230769230769231,0.5769230769230769
source_study,R0-007555,False,0.5806451612903226,0.4193548387096774
source_study,R0-007556,False,0.5396825396825397,0.46031746031746035
source_study,R0-007557,False,0.5303030303030303,0.4696969696969697
source_study,R0-007558,False,0.5,0.5
source_study,R0-007559,False,0.4714285714285714,0.5285714285714286
source_study,R0-007560,False,0.5230769230769231,0.4769230769230769
source_study,R0-007561,False,0.47058823529411764,0.5294117647058824
source_study,R0-007562,False,0.4727272727272727,0.5272727272727273
source_study,R0-007563,False,0.5111111111111111,0.48888888888888893
source_study,R0-007564,False,0.47619047619047616,0.5238095238095238
source_study,R0-007565,False,0.5227272727272727,0.4772727272727273
source_study,R0-007566,False,0.4666666666666667,0.5333333333333333
source_study,R0-007567,False,0.40298507462686567,0.5970149253731343
source_study,R0-007568,False,0.45454545454545453,0.5454545454545454
source_study,R0-007569,False,0.45652173913043476,0.5434782608695652
source_study,R0-007570,False,0.4583333333333333,0.5416666666666667
source_study,R0-007571,False,0.5227272727272727,0.4772727272727273
source_study,R0-007572,False,0.47619047619047616,0.5238095238095238
source_study,R0-007573,False,0.5348837209302325,0.4651162790697675
source_study,R0-007574,False,0.5,0.5
source_study,R0-007575,False,0.4090909090909091,0.5909090909090908
source_study,R0-007576,False,0.4583333333333333,0.5416666666666667
source_study,R0-007577,False,0.4666666666666667,0.5333333333333333
source_study,R0-007578,False,0.46938775510204084,0.5306122448979591
source_study,R0-007579,False,0.3717948717948718,0.6282051282051282
source_study,R0-007580,False,0.34177215189873417,0.6582278481012658
source_study,R0-007581,False,0.34146341463414637,0.6585365853658536
source_study,R0-007582,False,0.34177215189873417,0.6582278481012658
source_study,R0-007583,False,0.30434782608695654,0.6956521739130435
source_study,R0-007584,False,0.3253012048192771,0.6746987951807228
source_study,R0-007585,False,0.3225806451612903,0.6774193548387097
source_study,R0-007586,False,0.3389830508474576,0.6610169491525424
source_study,R0-007587,False,0.5208333333333334,0.47916666666666663
source_study,R0-007588,False,0.5555555555555556,0.4444444444444444
source_study,R0-007589,False,0.5365853658536586,0.46341463414634143
source_study,R0-007590,False,0.5454545454545454,0.4545454545454546
source_study,R0-007591,False,0.3770491803278688,0.6229508196721312
source_study,R0-007592,False,0.5576923076923077,0.4423076923076923
source_study,R0-007593,False,0.5714285714285714,0.4285714285714286
source_study,R0-007594,False,0.5777777777777777,0.4222222222222223
source_study,R0-007595,False,0.5777777777777777,0.4222222222222223
source_study,R0-007596,False,0.423728813559322,0.576271186440678
source_study,R0-007597,False,0.5106382978723404,0.4893617021276596
source_study,R0-007598,False,0.5471698113207547,0.4528301886792453
source_study,R0-007599,False,0.4888888888888889,0.5111111111111111
source_study,R0-007600,False,0.5227272727272727,0.4772727272727273
source_study,R0-007601,False,0.36363636363636365,0.6363636363636364
source_study,R0-007602,False,0.5208333333333334,0.47916666666666663
source_study,R0-007603,False,0.5555555555555556,0.4444444444444444
source_study,R0-007604,False,0.5,0.5
source_study,R0-007605,False,0.5227272727272727,0.4772727272727273
source_study,R0-007606,False,0.375,0.625
source_study,R0-007608,False,0.49056603773584906,0.5094339622641509
source_study,R0-007609,False,0.4788732394366197,0.5211267605633803
source_study,R0-007610,False,0.5441176470588235,0.4558823529411765
source_study,R0-007611,False,0.5,0.5
source_study,R0-007612,False,0.5070422535211268,0.49295774647887325
source_study,R0-007613,False,0.5733333333333334,0.42666666666666664
source_study,R0-007614,False,0.5373134328358209,0.4626865671641791
source_study,R0-007615,False,0.4925373134328358,0.5074626865671642
source_study,R0-007616,False,0.4927536231884058,0.5072463768115942
source_study,R0-007617,False,0.5362318840579711,0.46376811594202894
source_study,R0-007618,False,0.56,0.43999999999999995
source_study,R0-007619,False,0.4861111111111111,0.5138888888888888
source_study,R0-007620,False,0.48148148148148145,0.5185185185185186
source_study,R0-007621,False,0.4931506849315068,0.5068493150684932
source_study,R0-007622,False,0.48717948717948717,0.5128205128205128
source_study,R0-007623,False,0.4935064935064935,0.5064935064935066
source_study,R0-007624,False,0.4810126582278481,0.5189873417721519
source_study,R0-007625,False,0.48717948717948717,0.5128205128205128
source_study,R0-007626,False,0.47435897435897434,0.5256410256410257
source_study,R0-007627,False,0.5,0.5
source_study,R0-007628,False,0.5063291139240507,0.49367088607594933
source_study,R0-007629,False,0.4864864864864865,0.5135135135135135
source_study,R0-007630,False,0.4307692307692308,0.5692307692307692
source_study,R0-007631,False,0.5384615384615384,0.46153846153846156
source_study,R0-007632,False,0.5294117647058824,0.47058823529411764
source_study,R0-007633,False,0.5862068965517241,0.4137931034482759
source_study,R0-007634,False,0.5538461538461539,0.4461538461538461
source_study,R0-007635,False,0.5932203389830508,0.4067796610169492
source_study,R0-007636,False,0.6290322580645161,0.3709677419354839
source_study,R0-007637,False,0.5151515151515151,0.48484848484848486
source_study,R0-007638,False,0.6129032258064516,0.3870967741935484
source_study,R0-007639,False,0.6129032258064516,0.3870967741935484
source_study,R0-007640,False,0.6190476190476191,0.38095238095238093
source_study,R0-007641,False,0.5714285714285714,0.4285714285714286
source_study,R0-007642,False,0.5283018867924528,0.4716981132075472
source_study,R0-007643,False,0.5789473684210527,0.42105263157894735
source_study,R0-007644,False,0.5254237288135594,0.47457627118644063
source_study,R0-007645,False,0.5862068965517241,0.4137931034482759
source_study,R0-007646,False,0.4714285714285714,0.5285714285714286
source_study,R0-007647,False,0.546875,0.453125
source_study,R0-007648,False,0.475,0.525
source_study,R0-007649,False,0.6065573770491803,0.39344262295081966
source_study,R0-007650,False,0.4777777777777778,0.5222222222222221
source_study,R0-007651,False,0.5901639344262295,0.4098360655737705
source_study,R0-007652,False,0.5384615384615384,0.46153846153846156
source_study,R0-007653,False,0.5555555555555556,0.4444444444444444
source_study,R0-007654,False,0.5,0.5
source_study,R0-007655,False,0.5522388059701493,0.4477611940298507
source_study,R0-007656,False,0.5588235294117647,0.4411764705882353
source_study,R0-007657,False,0.5789473684210527,0.42105263157894735
source_study,R0-007851,False,0.3484848484848485,0.6515151515151515
source_study,R0-007852,False,0.39705882352941174,0.6029411764705883
source_study,R0-007853,False,0.3384615384615385,0.6615384615384615
source_study,R0-007854,False,0.35384615384615387,0.6461538461538461
source_study,R0-007855,False,0.3392857142857143,0.6607142857142857
source_study,R0-007856,False,0.40350877192982454,0.5964912280701755
source_study,R0-007857,False,0.32727272727272727,0.6727272727272727
source_study,R0-007858,False,0.3392857142857143,0.6607142857142857
source_study,R0-007859,False,0.3389830508474576,0.6610169491525424
source_study,R0-007860,False,0.39655172413793105,0.603448275862069
source_study,R0-007861,False,0.3275862068965517,0.6724137931034483
source_study,R0-007862,False,0.3389830508474576,0.6610169491525424
source_study,R0-007863,False,0.375,0.625
source_study,R0-007864,False,0.42424242424242425,0.5757575757575757
source_study,R0-007865,False,0.36507936507936506,0.6349206349206349
source_study,R0-007866,False,0.38095238095238093,0.6190476190476191
source_study,R0-007867,False,0.35,0.65
source_study,R0-007868,False,0.4032258064516129,0.5967741935483871
source_study,R0-007869,False,0.3389830508474576,0.6610169491525424
source_study,R0-007870,False,0.35,0.65
source_study,R0-007965,False,0.5084745762711864,0.4915254237288136
source_study,R0-007966,False,0.4666666666666667,0.5333333333333333
source_study,R0-007967,False,0.4897959183673469,0.5102040816326531
source_study,R0-007968,False,0.44,0.56
source_study,R0-007969,False,0.4074074074074074,0.5925925925925926
source_study,R0-007970,False,0.45161290322580644,0.5483870967741935
source_study,R0-007971,False,0.43137254901960786,0.5686274509803921
source_study,R0-007972,False,0.4423076923076923,0.5576923076923077
source_study,R0-007973,False,0.4225352112676056,0.5774647887323944
source_study,R0-007974,False,0.4126984126984127,0.5873015873015873
source_study,R0-007975,False,0.4098360655737705,0.5901639344262295
source_study,R0-007976,False,0.3968253968253968,0.6031746031746033
source_study,R0-007977,False,0.38461538461538464,0.6153846153846154
source_study,R0-007978,False,0.4,0.6
source_study,R0-007979,False,0.390625,0.609375
source_study,R0-007980,False,0.38461538461538464,0.6153846153846154
source_study,R0-007981,False,0.5538461538461539,0.4461538461538461
source_study,R0-007982,False,0.5151515151515151,0.48484848484848486
source_study,R0-007983,False,0.5272727272727272,0.4727272727272728
source_study,R0-007984,False,0.48214285714285715,0.5178571428571428
source_study,R0-007985,False,0.4426229508196721,0.5573770491803278
source_study,R0-007986,False,0.5,0.5
source_study,R0-007987,False,0.47368421052631576,0.5263157894736843
source_study,R0-007988,False,0.5,0.5
source_study,R0-007989,False,0.5806451612903226,0.4193548387096774
source_study,R0-007990,False,0.5396825396825397,0.46031746031746035
source_study,R0-007991,False,0.5660377358490566,0.4339622641509434
source_study,R0-007992,False,0.5185185185185185,0.4814814814814815
source_study,R0-007993,False,0.5208333333333334,0.47916666666666663
source_study,R0-007994,False,0.5230769230769231,0.4769230769230769
source_study,R0-007995,False,0.509090909090909,0.49090909090909096
source_study,R0-007996,False,0.5217391304347826,0.4782608695652174
source_study,R0-007997,False,0.46875,0.53125
source_study,R0-007998,False,0.4307692307692308,0.5692307692307692
source_study,R0-007999,False,0.42857142857142855,0.5714285714285714
source_study,R0-008000,False,0.4307692307692308,0.5692307692307692
source_study,R0-008001,False,0.38571428571428573,0.6142857142857143
source_study,R0-008002,False,0.4117647058823529,0.5882352941176471
source_study,R0-008003,False,0.38235294117647056,0.6176470588235294
source_study,R0-008004,False,0.4117647058823529,0.5882352941176471
source_study,R0-008005,False,0.48484848484848486,0.5151515151515151
source_study,R0-008006,False,0.44776119402985076,0.5522388059701493
source_study,R0-008007,False,0.4492753623188406,0.5507246376811594
source_study,R0-008008,False,0.4393939393939394,0.5606060606060606
source_study,R0-008009,False,0.4142857142857143,0.5857142857142856
source_study,R0-008010,False,0.43478260869565216,0.5652173913043479
source_study,R0-008011,False,0.4027777777777778,0.5972222222222222
source_study,R0-008012,False,0.4230769230769231,0.5769230769230769
source_study,R0-008013,False,0.5806451612903226,0.4193548387096774
source_study,R0-008014,False,0.5396825396825397,0.46031746031746035
source_study,R0-008015,False,0.5303030303030303,0.4696969696969697
source_study,R0-008016,False,0.5,0.5
source_study,R0-008017,False,0.4714285714285714,0.5285714285714286
source_study,R0-008018,False,0.5230769230769231,0.4769230769230769
source_study,R0-008019,False,0.47058823529411764,0.5294117647058824
source_study,R0-008020,False,0.4727272727272727,0.5272727272727273
source_study,R0-008021,False,0.5111111111111111,0.48888888888888893
source_study,R0-008022,False,0.47619047619047616,0.5238095238095238
source_study,R0-008023,False,0.5227272727272727,0.4772727272727273
source_study,R0-008024,False,0.4666666666666667,0.5333333333333333
source_study,R0-008025,False,0.40298507462686567,0.5970149253731343
source_study,R0-008026,False,0.45454545454545453,0.5454545454545454
source_study,R0-008027,False,0.45652173913043476,0.5434782608695652
source_study,R0-008028,False,0.4583333333333333,0.5416666666666667
source_study,R0-008029,False,0.5227272727272727,0.4772727272727273
source_study,R0-008030,False,0.47619047619047616,0.5238095238095238
source_study,R0-008031,False,0.5348837209302325,0.4651162790697675
source_study,R0-008032,False,0.5,0.5
source_study,R0-008033,False,0.4090909090909091,0.5909090909090908
source_study,R0-008034,False,0.4583333333333333,0.5416666666666667
source_study,R0-008035,False,0.4666666666666667,0.5333333333333333
source_study,R0-008036,False,0.46938775510204084,0.5306122448979591
source_study,R0-008037,False,0.3717948717948718,0.6282051282051282
source_study,R0-008038,False,0.34177215189873417,0.6582278481012658
source_study,R0-008039,False,0.34146341463414637,0.6585365853658536
source_study,R0-008040,False,0.34177215189873417,0.6582278481012658
source_study,R0-008041,False,0.30434782608695654,0.6956521739130435
source_study,R0-008042,False,0.3253012048192771,0.6746987951807228
source_study,R0-008043,False,0.3225806451612903,0.6774193548387097
source_study,R0-008044,False,0.3389830508474576,0.6610169491525424
source_study,R0-008045,False,0.5208333333333334,0.47916666666666663
source_study,R0-008046,False,0.5555555555555556,0.4444444444444444
source_study,R0-008047,False,0.5365853658536586,0.46341463414634143
source_study,R0-008048,False,0.5454545454545454,0.4545454545454546
source_study,R0-008049,False,0.3770491803278688,0.6229508196721312
source_study,R0-008050,False,0.5576923076923077,0.4423076923076923
source_study,R0-008051,False,0.5714285714285714,0.4285714285714286
source_study,R0-008052,False,0.5777777777777777,0.4222222222222223
source_study,R0-008053,False,0.5777777777777777,0.4222222222222223
source_study,R0-008054,False,0.423728813559322,0.576271186440678
source_study,R0-008055,False,0.5106382978723404,0.4893617021276596
source_study,R0-008056,False,0.5471698113207547,0.4528301886792453
source_study,R0-008057,False,0.4888888888888889,0.5111111111111111
source_study,R0-008058,False,0.5227272727272727,0.4772727272727273
source_study,R0-008059,False,0.36363636363636365,0.6363636363636364
source_study,R0-008060,False,0.5208333333333334,0.47916666666666663
source_study,R0-008061,False,0.5555555555555556,0.4444444444444444
source_study,R0-008062,False,0.5,0.5
source_study,R0-008063,False,0.5227272727272727,0.4772727272727273
source_study,R0-008064,False,0.375,0.625
source_study,R0-008079,False,0.3484848484848485,0.6515151515151515
source_study,R0-008080,False,0.39705882352941174,0.6029411764705883
source_study,R0-008081,False,0.3384615384615385,0.6615384615384615
source_study,R0-008082,False,0.35384615384615387,0.6461538461538461
source_study,R0-008083,False,0.3392857142857143,0.6607142857142857
source_study,R0-008084,False,0.40350877192982454,0.5964912280701755
source_study,R0-008085,False,0.32727272727272727,0.6727272727272727
source_study,R0-008086,False,0.3392857142857143,0.6607142857142857
source_study,R0-008087,False,0.3389830508474576,0.6610169491525424
source_study,R0-008088,False,0.39655172413793105,0.603448275862069
source_study,R0-008089,False,0.3275862068965517,0.6724137931034483
source_study,R0-008090,False,0.3389830508474576,0.6610169491525424
source_study,R0-008091,False,0.375,0.625
source_study,R0-008092,False,0.42424242424242425,0.5757575757575757
source_study,R0-008093,False,0.36507936507936506,0.6349206349206349
source_study,R0-008094,False,0.38095238095238093,0.6190476190476191
source_study,R0-008095,False,0.35,0.65
source_study,R0-008096,False,0.4032258064516129,0.5967741935483871
source_study,R0-008097,False,0.3389830508474576,0.6610169491525424
source_study,R0-008098,False,0.35,0.65
source_study,R0-008099,False,0.35135135135135137,0.6486486486486487
source_study,R0-008100,False,0.35135135135135137,0.6486486486486487
source_study,R0-008101,False,0.46938775510204084,0.5306122448979591
source_study,R0-008102,False,0.46938775510204084,0.5306122448979591
source_study,R0-008103,False,0.46938775510204084,0.5306122448979591
source_study,R0-008104,False,0.46938775510204084,0.5306122448979591
source_study,R0-008105,False,0.46938775510204084,0.5306122448979591
source_study,R0-008106,False,0.425531914893617,0.574468085106383
source_study,R0-008107,False,0.42857142857142855,0.5714285714285714
source_study,R0-008108,False,0.42857142857142855,0.5714285714285714
source_study,R0-008109,False,0.42857142857142855,0.5714285714285714
source_study,R0-008110,False,0.42857142857142855,0.5714285714285714
source_study,R0-008111,False,0.42857142857142855,0.5714285714285714
source_study,R0-008112,False,0.42857142857142855,0.5714285714285714
source_study,R0-008113,False,0.42857142857142855,0.5714285714285714
source_study,R0-008114,False,0.42857142857142855,0.5714285714285714
source_study,R0-008115,False,0.425531914893617,0.574468085106383
source_study,R0-008116,False,0.4857142857142857,0.5142857142857142
source_study,R0-008117,False,0.4857142857142857,0.5142857142857142
source_study,R0-008118,False,0.4857142857142857,0.5142857142857142
source_study,R0-008119,False,0.4857142857142857,0.5142857142857142
source_study,R0-008120,False,0.4857142857142857,0.5142857142857142
source_study,R0-008121,False,0.4857142857142857,0.5142857142857142
source_study,R0-008122,False,0.4857142857142857,0.5142857142857142
source_study,R0-008123,False,0.4857142857142857,0.5142857142857142
source_study,R0-008181,False,0.4807692307692308,0.5192307692307692
source_study,R0-008182,False,0.4383561643835616,0.5616438356164384
source_study,R0-008183,False,0.4838709677419355,0.5161290322580645
source_study,R0-008184,False,0.47761194029850745,0.5223880597014925
source_study,R0-008185,False,0.484375,0.515625
source_study,R0-008186,False,0.5217391304347826,0.4782608695652174
source_study,R0-008187,False,0.47540983606557374,0.5245901639344263
source_study,R0-008188,False,0.46296296296296297,0.537037037037037
source_study,R0-008189,False,0.4642857142857143,0.5357142857142857
source_study,R0-008190,False,0.47619047619047616,0.5238095238095238
source_study,R0-008191,False,0.5147058823529411,0.4852941176470589
source_study,R0-008192,False,0.45714285714285713,0.5428571428571429
source_study,R0-008193,False,0.4716981132075472,0.5283018867924528
source_study,R0-008194,False,0.45714285714285713,0.5428571428571429
source_study,R0-008195,False,0.4268292682926829,0.5731707317073171
source_study,R0-008196,False,0.44155844155844154,0.5584415584415585
source_study,R0-008197,False,0.42168674698795183,0.5783132530120482
source_study,R0-008198,False,0.4358974358974359,0.5641025641025641
source_study,R0-008199,False,0.4393939393939394,0.5606060606060606
source_study,R0-008200,False,0.46774193548387094,0.532258064516129
source_study,R0-008201,False,0.5,0.5
source_study,R0-008202,False,0.4857142857142857,0.5142857142857142
source_study,R0-008203,False,0.42424242424242425,0.5757575757575757
source_study,R0-008204,False,0.5283018867924528,0.4716981132075472
source_study,R0-008205,False,0.5172413793103449,0.48275862068965514
source_study,R0-008206,False,0.576271186440678,0.423728813559322
source_study,R0-008207,False,0.5396825396825397,0.46031746031746035
source_study,R0-008208,False,0.5833333333333334,0.41666666666666663
source_study,R0-008209,False,0.55,0.44999999999999996
source_study,R0-008210,False,0.5074626865671642,0.4925373134328358
source_study,R0-008211,False,0.559322033898305,0.44067796610169496
source_study,R0-008212,False,0.6031746031746031,0.39682539682539686
source_study,R0-008213,False,0.609375,0.390625
source_study,R0-008214,False,0.5625,0.4375
source_study,R0-008215,False,0.5,0.5
source_study,R0-008216,False,0.5689655172413793,0.43103448275862066
source_study,R0-008217,False,0.5166666666666667,0.4833333333333333
source_study,R0-008218,False,0.576271186440678,0.423728813559322
source_study,R0-008219,False,0.4594594594594595,0.5405405405405406
source_study,R0-008220,False,0.5166666666666667,0.4833333333333333
source_study,R0-008221,False,0.44285714285714284,0.5571428571428572
source_study,R0-008222,False,0.5967741935483871,0.4032258064516129
source_study,R0-008223,False,0.4725274725274725,0.5274725274725275
source_study,R0-008224,False,0.5806451612903226,0.4193548387096774
source_study,R0-008225,False,0.48214285714285715,0.5178571428571428
source_study,R0-008226,False,0.5454545454545454,0.4545454545454546
source_study,R0-008227,False,0.4827586206896552,0.5172413793103448
source_study,R0-008228,False,0.48214285714285715,0.5178571428571428
source_study,R0-008229,False,0.4861111111111111,0.5138888888888888
source_study,R0-008230,False,0.5151515151515151,0.48484848484848486
source_study,R0-008240,False,0.5208333333333334,0.47916666666666663
source_study,R0-008241,False,0.4838709677419355,0.5161290322580645
source_study,R0-008242,False,0.543859649122807,0.45614035087719296
source_study,R0-008243,False,0.5263157894736842,0.4736842105263158
source_study,R0-008244,False,0.5423728813559322,0.4576271186440678
source_study,R0-008245,False,0.578125,0.421875
source_study,R0-008246,False,0.5357142857142857,0.4642857142857143
source_study,R0-008247,False,0.5,0.5
source_study,R0-008248,False,0.5178571428571429,0.4821428571428571
source_study,R0-008249,False,0.5344827586206896,0.4655172413793104
source_study,R0-008250,False,0.5714285714285714,0.4285714285714286
source_study,R0-008251,False,0.5,0.5
source_study,R0-008252,False,0.5102040816326531,0.4897959183673469
source_study,R0-008253,False,0.5087719298245614,0.49122807017543857
source_study,R0-008254,False,0.4492753623188406,0.5507246376811594
source_study,R0-008255,False,0.4657534246575342,0.5342465753424658
source_study,R0-008256,False,0.44285714285714284,0.5571428571428572
source_study,R0-008257,False,0.4594594594594595,0.5405405405405406
source_study,R0-008258,False,0.4918032786885246,0.5081967213114754
source_study,R0-008259,False,0.5263157894736842,0.4736842105263158
source_study,R0-008260,False,0.5394736842105263,0.4605263157894737
source_study,R0-008261,False,0.5074626865671642,0.4925373134328358
source_study,R0-008262,False,0.47540983606557374,0.5245901639344263
source_study,R0-008263,False,0.6041666666666666,0.39583333333333337
source_study,R0-008264,False,0.5849056603773585,0.41509433962264153
source_study,R0-008265,False,0.6481481481481481,0.35185185185185186
source_study,R0-008266,False,0.603448275862069,0.39655172413793105
source_study,R0-008267,False,0.6545454545454545,0.34545454545454546
source_study,R0-008268,False,0.6181818181818182,0.38181818181818183
source_study,R0-008269,False,0.5645161290322581,0.4354838709677419
source_study,R0-008270,False,0.6296296296296297,0.37037037037037035
source_study,R0-008271,False,0.6724137931034483,0.3275862068965517
source_study,R0-008272,False,0.6779661016949152,0.3220338983050848
source_study,R0-008273,False,0.6271186440677966,0.3728813559322034
source_study,R0-008274,False,0.5714285714285714,0.4285714285714286
source_study,R0-008275,False,0.6415094339622641,0.3584905660377359
source_study,R0-008276,False,0.5818181818181818,0.4181818181818182
source_study,R0-008277,False,0.6481481481481481,0.35185185185185186
source_study,R0-008278,False,0.5,0.5
source_study,R0-008279,False,0.5818181818181818,0.4181818181818182
source_study,R0-008280,False,0.49230769230769234,0.5076923076923077
source_study,R0-008281,False,0.6666666666666666,0.33333333333333337
source_study,R0-008282,False,0.5142857142857142,0.48571428571428577
source_study,R0-008283,False,0.6491228070175439,0.3508771929824561
source_study,R0-008284,False,0.5510204081632653,0.44897959183673475
source_study,R0-008285,False,0.62,0.38
source_study,R0-008286,False,0.5370370370370371,0.4629629629629629
source_study,R0-008287,False,0.5094339622641509,0.49056603773584906
source_study,R0-008288,False,0.5178571428571429,0.4821428571428571
source_study,R0-008289,False,0.5645161290322581,0.4354838709677419
source_study,R0-008312,False,0.5084745762711864,0.4915254237288136
source_study,R0-008313,False,0.4666666666666667,0.5333333333333333
source_study,R0-008314,False,0.4897959183673469,0.5102040816326531
source_study,R0-008315,False,0.44,0.56
source_study,R0-008316,False,0.4074074074074074,0.5925925925925926
source_study,R0-008317,False,0.45161290322580644,0.5483870967741935
source_study,R0-008318,False,0.43137254901960786,0.5686274509803921
source_study,R0-008319,False,0.4423076923076923,0.5576923076923077
source_study,R0-008320,False,0.4225352112676056,0.5774647887323944
source_study,R0-008321,False,0.4126984126984127,0.5873015873015873
source_study,R0-008322,False,0.4098360655737705,0.5901639344262295
source_study,R0-008323,False,0.3968253968253968,0.6031746031746033
source_study,R0-008324,False,0.38461538461538464,0.6153846153846154
source_study,R0-008325,False,0.4,0.6
source_study,R0-008326,False,0.390625,0.609375
source_study,R0-008327,False,0.38461538461538464,0.6153846153846154
source_study,R0-008328,False,0.5538461538461539,0.4461538461538461
source_study,R0-008329,False,0.5151515151515151,0.48484848484848486
source_study,R0-008330,False,0.5272727272727272,0.4727272727272728
source_study,R0-008331,False,0.48214285714285715,0.5178571428571428
source_study,R0-008332,False,0.4426229508196721,0.5573770491803278
source_study,R0-008333,False,0.5,0.5
source_study,R0-008334,False,0.47368421052631576,0.5263157894736843
source_study,R0-008335,False,0.5,0.5
source_study,R0-008336,False,0.5806451612903226,0.4193548387096774
source_study,R0-008337,False,0.5396825396825397,0.46031746031746035
source_study,R0-008338,False,0.5660377358490566,0.4339622641509434
source_study,R0-008339,False,0.5185185185185185,0.4814814814814815
source_study,R0-008340,False,0.5208333333333334,0.47916666666666663
source_study,R0-008341,False,0.5230769230769231,0.4769230769230769
source_study,R0-008342,False,0.509090909090909,0.49090909090909096
source_study,R0-008343,False,0.5217391304347826,0.4782608695652174
source_study,R0-008344,False,0.46875,0.53125
source_study,R0-008345,False,0.4307692307692308,0.5692307692307692
source_study,R0-008346,False,0.42857142857142855,0.5714285714285714
source_study,R0-008347,False,0.4307692307692308,0.5692307692307692
source_study,R0-008348,False,0.38571428571428573,0.6142857142857143
source_study,R0-008349,False,0.4117647058823529,0.5882352941176471
source_study,R0-008350,False,0.38235294117647056,0.6176470588235294
source_study,R0-008351,False,0.4117647058823529,0.5882352941176471
source_study,R0-008352,False,0.48484848484848486,0.5151515151515151
source_study,R0-008353,False,0.44776119402985076,0.5522388059701493
source_study,R0-008354,False,0.4492753623188406,0.5507246376811594
source_study,R0-008355,False,0.4393939393939394,0.5606060606060606
source_study,R0-008356,False,0.4142857142857143,0.5857142857142856
source_study,R0-008357,False,0.43478260869565216,0.5652173913043479
source_study,R0-008358,False,0.4027777777777778,0.5972222222222222
source_study,R0-008359,False,0.4230769230769231,0.5769230769230769
source_study,R0-008360,False,0.5806451612903226,0.4193548387096774
source_study,R0-008361,False,0.5396825396825397,0.46031746031746035
source_study,R0-008362,False,0.5303030303030303,0.4696969696969697
source_study,R0-008363,False,0.5,0.5
source_study,R0-008364,False,0.4714285714285714,0.5285714285714286
source_study,R0-008365,False,0.5230769230769231,0.4769230769230769
source_study,R0-008366,False,0.47058823529411764,0.5294117647058824
source_study,R0-008367,False,0.4727272727272727,0.5272727272727273
source_study,R0-008368,False,0.5111111111111111,0.48888888888888893
source_study,R0-008369,False,0.47619047619047616,0.5238095238095238
source_study,R0-008370,False,0.5227272727272727,0.4772727272727273
source_study,R0-008371,False,0.4666666666666667,0.5333333333333333
source_study,R0-008372,False,0.40298507462686567,0.5970149253731343
source_study,R0-008373,False,0.45454545454545453,0.5454545454545454
source_study,R0-008374,False,0.45652173913043476,0.5434782608695652
source_study,R0-008375,False,0.4583333333333333,0.5416666666666667
source_study,R0-008376,False,0.5227272727272727,0.4772727272727273
source_study,R0-008377,False,0.47619047619047616,0.5238095238095238
source_study,R0-008378,False,0.5348837209302325,0.4651162790697675
source_study,R0-008379,False,0.5,0.5
source_study,R0-008380,False,0.4090909090909091,0.5909090909090908
source_study,R0-008381,False,0.4583333333333333,0.5416666666666667
source_study,R0-008382,False,0.4666666666666667,0.5333333333333333
source_study,R0-008383,False,0.46938775510204084,0.5306122448979591
source_study,R0-008384,False,0.3717948717948718,0.6282051282051282
source_study,R0-008385,False,0.34177215189873417,0.6582278481012658
source_study,R0-008386,False,0.34146341463414637,0.6585365853658536
source_study,R0-008387,False,0.34177215189873417,0.6582278481012658
source_study,R0-008388,False,0.30434782608695654,0.6956521739130435
source_study,R0-008389,False,0.3253012048192771,0.6746987951807228
source_study,R0-008390,False,0.3225806451612903,0.6774193548387097
source_study,R0-008391,False,0.3389830508474576,0.6610169491525424
source_study,R0-008392,False,0.5208333333333334,0.47916666666666663
source_study,R0-008393,False,0.5555555555555556,0.4444444444444444
source_study,R0-008394,False,0.5365853658536586,0.46341463414634143
source_study,R0-008395,False,0.5454545454545454,0.4545454545454546
source_study,R0-008396,False,0.3770491803278688,0.6229508196721312
source_study,R0-008397,False,0.5576923076923077,0.4423076923076923
source_study,R0-008398,False,0.5714285714285714,0.4285714285714286
source_study,R0-008399,False,0.5777777777777777,0.4222222222222223
source_study,R0-008400,False,0.5777777777777777,0.4222222222222223
source_study,R0-008401,False,0.423728813559322,0.576271186440678
source_study,R0-008402,False,0.5106382978723404,0.4893617021276596
source_study,R0-008403,False,0.5471698113207547,0.4528301886792453
source_study,R0-008404,False,0.4888888888888889,0.5111111111111111
source_study,R0-008405,False,0.5227272727272727,0.4772727272727273
source_study,R0-008406,False,0.36363636363636365,0.6363636363636364
source_study,R0-008407,False,0.5208333333333334,0.47916666666666663
source_study,R0-008408,False,0.5555555555555556,0.4444444444444444
source_study,R0-008409,False,0.5,0.5
source_study,R0-008410,False,0.5227272727272727,0.4772727272727273
source_study,R0-008411,False,0.375,0.625
source_study,R0-008412,False,0.49056603773584906,0.5094339622641509
source_study,R0-008413,False,0.4788732394366197,0.5211267605633803
source_study,R0-008414,False,0.5441176470588235,0.4558823529411765
source_study,R0-008415,False,0.5,0.5
source_study,R0-008416,False,0.5070422535211268,0.49295774647887325
source_study,R0-008417,False,0.5733333333333334,0.42666666666666664
source_study,R0-008418,False,0.5373134328358209,0.4626865671641791
source_study,R0-008419,False,0.4925373134328358,0.5074626865671642
source_study,R0-008420,False,0.4927536231884058,0.5072463768115942
source_study,R0-008421,False,0.5362318840579711,0.46376811594202894
source_study,R0-008422,False,0.56,0.43999999999999995
source_study,R0-008423,False,0.4861111111111111,0.5138888888888888
source_study,R0-008424,False,0.48148148148148145,0.5185185185185186
source_study,R0-008425,False,0.4931506849315068,0.5068493150684932
source_study,R0-008426,False,0.48717948717948717,0.5128205128205128
source_study,R0-008427,False,0.4935064935064935,0.5064935064935066
source_study,R0-008428,False,0.4810126582278481,0.5189873417721519
source_study,R0-008429,False,0.48717948717948717,0.5128205128205128
source_study,R0-008430,False,0.47435897435897434,0.5256410256410257
source_study,R0-008431,False,0.5,0.5
source_study,R0-008432,False,0.5063291139240507,0.49367088607594933
source_study,R0-008433,False,0.4864864864864865,0.5135135135135135
source_study,R0-008434,False,0.4307692307692308,0.5692307692307692
source_study,R0-008435,False,0.5384615384615384,0.46153846153846156
source_study,R0-008436,False,0.5294117647058824,0.47058823529411764
source_study,R0-008437,False,0.5862068965517241,0.4137931034482759
source_study,R0-008438,False,0.5538461538461539,0.4461538461538461
source_study,R0-008439,False,0.5932203389830508,0.4067796610169492
source_study,R0-008440,False,0.6290322580645161,0.3709677419354839
source_study,R0-008441,False,0.5151515151515151,0.48484848484848486
source_study,R0-008442,False,0.6129032258064516,0.3870967741935484
source_study,R0-008443,False,0.6129032258064516,0.3870967741935484
source_study,R0-008444,False,0.6190476190476191,0.38095238095238093
source_study,R0-008445,False,0.5714285714285714,0.4285714285714286
source_study,R0-008446,False,0.5283018867924528,0.4716981132075472
source_study,R0-008447,False,0.5789473684210527,0.42105263157894735
source_study,R0-008448,False,0.5254237288135594,0.47457627118644063
source_study,R0-008449,False,0.5862068965517241,0.4137931034482759
source_study,R0-008450,False,0.4714285714285714,0.5285714285714286
source_study,R0-008451,False,0.546875,0.453125
source_study,R0-008452,False,0.475,0.525
source_study,R0-008453,False,0.6065573770491803,0.39344262295081966
source_study,R0-008454,False,0.4777777777777778,0.5222222222222221
source_study,R0-008455,False,0.5901639344262295,0.4098360655737705
source_study,R0-008456,False,0.5384615384615384,0.46153846153846156
source_study,R0-008457,False,0.5555555555555556,0.4444444444444444
source_study,R0-008458,False,0.5,0.5
source_study,R0-008459,False,0.5522388059701493,0.4477611940298507
source_study,R0-008460,False,0.5588235294117647,0.4411764705882353
source_study,R0-008461,False,0.5789473684210527,0.42105263157894735
source_study,R0-008535,False,0.3484848484848485,0.6515151515151515
source_study,R0-008536,False,0.39705882352941174,0.6029411764705883
source_study,R0-008537,False,0.3384615384615385,0.6615384615384615
source_study,R0-008538,False,0.35384615384615387,0.6461538461538461
source_study,R0-008539,False,0.3392857142857143,0.6607142857142857
source_study,R0-008540,False,0.40350877192982454,0.5964912280701755
source_study,R0-008541,False,0.32727272727272727,0.6727272727272727
source_study,R0-008542,False,0.3392857142857143,0.6607142857142857
source_study,R0-008543,False,0.3389830508474576,0.6610169491525424
source_study,R0-008544,False,0.39655172413793105,0.603448275862069
source_study,R0-008545,False,0.3275862068965517,0.6724137931034483
source_study,R0-008546,False,0.3389830508474576,0.6610169491525424
source_study,R0-008547,False,0.375,0.625
source_study,R0-008548,False,0.42424242424242425,0.5757575757575757
source_study,R0-008549,False,0.36507936507936506,0.6349206349206349
source_study,R0-008550,False,0.38095238095238093,0.6190476190476191
source_study,R0-008551,False,0.35,0.65
source_study,R0-008552,False,0.4032258064516129,0.5967741935483871
source_study,R0-008553,False,0.3389830508474576,0.6610169491525424
source_study,R0-008554,False,0.35,0.65
source_study,R0-008567,False,0.35135135135135137,0.6486486486486487
source_study,R0-008568,False,0.35135135135135137,0.6486486486486487
source_study,R0-008569,False,0.46938775510204084,0.5306122448979591
source_study,R0-008570,False,0.46938775510204084,0.5306122448979591
source_study,R0-008571,False,0.46938775510204084,0.5306122448979591
source_study,R0-008572,False,0.46938775510204084,0.5306122448979591
source_study,R0-008573,False,0.46938775510204084,0.5306122448979591
source_study,R0-008574,False,0.425531914893617,0.574468085106383
source_study,R0-008575,False,0.42857142857142855,0.5714285714285714
source_study,R0-008576,False,0.42857142857142855,0.5714285714285714
source_study,R0-008577,False,0.42857142857142855,0.5714285714285714
source_study,R0-008578,False,0.42857142857142855,0.5714285714285714
source_study,R0-008579,False,0.42857142857142855,0.5714285714285714
source_study,R0-008580,False,0.42857142857142855,0.5714285714285714
source_study,R0-008581,False,0.42857142857142855,0.5714285714285714
source_study,R0-008582,False,0.42857142857142855,0.5714285714285714
source_study,R0-008583,False,0.425531914893617,0.574468085106383
source_study,R0-008584,False,0.4857142857142857,0.5142857142857142
source_study,R0-008585,False,0.4857142857142857,0.5142857142857142
source_study,R0-008586,False,0.4857142857142857,0.5142857142857142
source_study,R0-008587,False,0.4857142857142857,0.5142857142857142
source_study,R0-008588,False,0.4857142857142857,0.5142857142857142
source_study,R0-008589,False,0.4857142857142857,0.5142857142857142
source_study,R0-008590,False,0.4857142857142857,0.5142857142857142
source_study,R0-008591,False,0.4857142857142857,0.5142857142857142
source_study,R0-008812,False,0.35135135135135137,0.6486486486486487
source_study,R0-008813,False,0.35135135135135137,0.6486486486486487
source_study,R0-008814,False,0.46938775510204084,0.5306122448979591
source_study,R0-008815,False,0.46938775510204084,0.5306122448979591
source_study,R0-008816,False,0.46938775510204084,0.5306122448979591
source_study,R0-008817,False,0.46938775510204084,0.5306122448979591
source_study,R0-008818,False,0.46938775510204084,0.5306122448979591
source_study,R0-008819,False,0.425531914893617,0.574468085106383
source_study,R0-008820,False,0.42857142857142855,0.5714285714285714
source_study,R0-008821,False,0.42857142857142855,0.5714285714285714
source_study,R0-008822,False,0.42857142857142855,0.5714285714285714
source_study,R0-008823,False,0.42857142857142855,0.5714285714285714
source_study,R0-008824,False,0.42857142857142855,0.5714285714285714
source_study,R0-008825,False,0.42857142857142855,0.5714285714285714
source_study,R0-008826,False,0.42857142857142855,0.5714285714285714
source_study,R0-008827,False,0.42857142857142855,0.5714285714285714
source_study,R0-008828,False,0.425531914893617,0.574468085106383
source_study,R0-008829,False,0.4857142857142857,0.5142857142857142
source_study,R0-008830,False,0.4857142857142857,0.5142857142857142
source_study,R0-008831,False,0.4857142857142857,0.5142857142857142
source_study,R0-008832,False,0.4857142857142857,0.5142857142857142
source_study,R0-008833,False,0.4857142857142857,0.5142857142857142
source_study,R0-008834,False,0.4857142857142857,0.5142857142857142
source_study,R0-008835,False,0.4857142857142857,0.5142857142857142
source_study,R0-008836,False,0.4857142857142857,0.5142857142857142
source_study,R0-008851,False,0.5517241379310345,0.4482758620689655
source_study,R0-008852,False,0.5714285714285714,0.4285714285714286
source_study,R0-008853,False,0.55,0.44999999999999996
source_study,R0-008854,False,0.5689655172413793,0.43103448275862066
source_study,R0-008855,False,0.5862068965517241,0.4137931034482759
source_study,R0-008856,False,0.625,0.375
source_study,R0-008857,False,0.38095238095238093,0.6190476190476191
source_study,R0-008858,False,0.4264705882352941,0.5735294117647058
source_study,R0-008859,False,0.390625,0.609375
source_study,R0-008860,False,0.40625,0.59375
source_study,R0-008861,False,0.4067796610169492,0.5932203389830508
source_study,R0-008862,False,0.43859649122807015,0.5614035087719298
source_study,R0-008952,False,0.35135135135135137,0.6486486486486487
source_study,R0-008953,False,0.35135135135135137,0.6486486486486487
source_study,R0-008954,False,0.46938775510204084,0.5306122448979591
source_study,R0-008955,False,0.46938775510204084,0.5306122448979591
source_study,R0-008956,False,0.46938775510204084,0.5306122448979591
source_study,R0-008957,False,0.46938775510204084,0.5306122448979591
source_study,R0-008958,False,0.46938775510204084,0.5306122448979591
source_study,R0-008959,False,0.425531914893617,0.574468085106383
source_study,R0-008960,False,0.42857142857142855,0.5714285714285714
source_study,R0-008961,False,0.42857142857142855,0.5714285714285714
source_study,R0-008962,False,0.42857142857142855,0.5714285714285714
source_study,R0-008963,False,0.42857142857142855,0.5714285714285714
source_study,R0-008964,False,0.42857142857142855,0.5714285714285714
source_study,R0-008965,False,0.42857142857142855,0.5714285714285714
source_study,R0-008966,False,0.42857142857142855,0.5714285714285714
source_study,R0-008967,False,0.42857142857142855,0.5714285714285714
source_study,R0-008968,False,0.425531914893617,0.574468085106383
source_study,R0-008969,False,0.4857142857142857,0.5142857142857142
source_study,R0-008970,False,0.4857142857142857,0.5142857142857142
source_study,R0-008971,False,0.4857142857142857,0.5142857142857142
source_study,R0-008972,False,0.4857142857142857,0.5142857142857142
source_study,R0-008973,False,0.4857142857142857,0.5142857142857142
source_study,R0-008974,False,0.4857142857142857,0.5142857142857142
source_study,R0-008975,False,0.4857142857142857,0.5142857142857142
source_study,R0-008976,False,0.4857142857142857,0.5142857142857142
source_study,R0-009073,False,0.35135135135135137,0.6486486486486487
source_study,R0-009074,False,0.35135135135135137,0.6486486486486487
source_study,R0-009075,False,0.46938775510204084,0.5306122448979591
source_study,R0-009076,False,0.46938775510204084,0.5306122448979591
source_study,R0-009077,False,0.46938775510204084,0.5306122448979591
source_study,R0-009078,False,0.46938775510204084,0.5306122448979591
source_study,R0-009079,False,0.46938775510204084,0.5306122448979591
source_study,R0-009080,False,0.425531914893617,0.574468085106383
source_study,R0-009081,False,0.42857142857142855,0.5714285714285714
source_study,R0-009082,False,0.42857142857142855,0.5714285714285714
source_study,R0-009083,False,0.42857142857142855,0.5714285714285714
source_study,R0-009084,False,0.42857142857142855,0.5714285714285714
source_study,R0-009085,False,0.42857142857142855,0.5714285714285714
source_study,R0-009086,False,0.42857142857142855,0.5714285714285714
source_study,R0-009087,False,0.42857142857142855,0.5714285714285714
source_study,R0-009088,False,0.42857142857142855,0.5714285714285714
source_study,R0-009089,False,0.425531914893617,0.574468085106383
source_study,R0-009090,False,0.4857142857142857,0.5142857142857142
source_study,R0-009091,False,0.4857142857142857,0.5142857142857142
source_study,R0-009092,False,0.4857142857142857,0.5142857142857142
source_study,R0-009093,False,0.4857142857142857,0.5142857142857142
source_study,R0-009094,False,0.4857142857142857,0.5142857142857142
source_study,R0-009095,False,0.4857142857142857,0.5142857142857142
source_study,R0-009096,False,0.4857142857142857,0.5142857142857142
source_study,R0-009097,False,0.4857142857142857,0.5142857142857142
source_study,R0-009166,False,0.35135135135135137,0.6486486486486487
source_study,R0-009167,False,0.35135135135135137,0.6486486486486487
source_study,R0-009168,False,0.46938775510204084,0.5306122448979591
source_study,R0-009169,False,0.46938775510204084,0.5306122448979591
source_study,R0-009170,False,0.46938775510204084,0.5306122448979591
source_study,R0-009171,False,0.46938775510204084,0.5306122448979591
source_study,R0-009172,False,0.46938775510204084,0.5306122448979591
source_study,R0-009173,False,0.425531914893617,0.574468085106383
source_study,R0-009174,False,0.42857142857142855,0.5714285714285714
source_study,R0-009175,False,0.42857142857142855,0.5714285714285714
source_study,R0-009176,False,0.42857142857142855,0.5714285714285714
source_study,R0-009177,False,0.42857142857142855,0.5714285714285714
source_study,R0-009178,False,0.42857142857142855,0.5714285714285714
source_study,R0-009179,False,0.42857142857142855,0.5714285714285714
source_study,R0-009180,False,0.42857142857142855,0.5714285714285714
source_study,R0-009181,False,0.42857142857142855,0.5714285714285714
source_study,R0-009182,False,0.425531914893617,0.574468085106383
source_study,R0-009183,False,0.4857142857142857,0.5142857142857142
source_study,R0-009184,False,0.4857142857142857,0.5142857142857142
source_study,R0-009185,False,0.4857142857142857,0.5142857142857142
source_study,R0-009186,False,0.4857142857142857,0.5142857142857142
source_study,R0-009187,False,0.4857142857142857,0.5142857142857142
source_study,R0-009188,False,0.4857142857142857,0.5142857142857142
source_study,R0-009189,False,0.4857142857142857,0.5142857142857142
source_study,R0-009190,False,0.4857142857142857,0.5142857142857142
source_study,R0-009416,False,0.35135135135135137,0.6486486486486487
source_study,R0-009417,False,0.35135135135135137,0.6486486486486487
source_study,R0-009418,False,0.46938775510204084,0.5306122448979591
source_study,R0-009419,False,0.46938775510204084,0.5306122448979591
source_study,R0-009420,False,0.46938775510204084,0.5306122448979591
source_study,R0-009421,False,0.46938775510204084,0.5306122448979591
source_study,R0-009422,False,0.46938775510204084,0.5306122448979591
source_study,R0-009423,False,0.425531914893617,0.574468085106383
source_study,R0-009424,False,0.42857142857142855,0.5714285714285714
source_study,R0-009425,False,0.42857142857142855,0.5714285714285714
source_study,R0-009426,False,0.42857142857142855,0.5714285714285714
source_study,R0-009427,False,0.42857142857142855,0.5714285714285714
source_study,R0-009428,False,0.42857142857142855,0.5714285714285714
source_study,R0-009429,False,0.42857142857142855,0.5714285714285714
source_study,R0-009430,False,0.42857142857142855,0.5714285714285714
source_study,R0-009431,False,0.42857142857142855,0.5714285714285714
source_study,R0-009432,False,0.425531914893617,0.574468085106383
source_study,R0-009433,False,0.4857142857142857,0.5142857142857142
source_study,R0-009434,False,0.4857142857142857,0.5142857142857142
source_study,R0-009435,False,0.4857142857142857,0.5142857142857142
source_study,R0-009436,False,0.4857142857142857,0.5142857142857142
source_study,R0-009437,False,0.4857142857142857,0.5142857142857142
source_study,R0-009438,False,0.4857142857142857,0.5142857142857142
source_study,R0-009439,False,0.4857142857142857,0.5142857142857142
source_study,R0-009440,False,0.4857142857142857,0.5142857142857142
source_study,R0-010050,False,0.6,0.4
source_study,R0-010051,False,0.5777777777777777,0.4222222222222223
source_study,R0-010052,False,0.5652173913043478,0.4347826086956522
source_study,R0-010053,False,0.5882352941176471,0.4117647058823529
source_study,R0-010054,False,0.5652173913043478,0.4347826086956522
source_study,R0-010055,False,0.5531914893617021,0.44680851063829785
source_study,R0-010056,False,0.5882352941176471,0.4117647058823529
source_study,R0-010057,False,0.5652173913043478,0.4347826086956522
source_study,R0-010058,False,0.5531914893617021,0.44680851063829785
source_study,R0-010059,False,0.5882352941176471,0.4117647058823529
source_study,R0-010060,False,0.5652173913043478,0.4347826086956522
source_study,R0-010061,False,0.5531914893617021,0.44680851063829785
source_study,R0-010062,False,0.5882352941176471,0.4117647058823529
source_study,R0-010063,False,0.5652173913043478,0.4347826086956522
source_study,R0-010064,False,0.5531914893617021,0.44680851063829785
source_study,R0-010065,False,0.5714285714285714,0.4285714285714286
source_study,R0-010066,False,0.5689655172413793,0.43103448275862066
source_study,R0-010067,False,0.625,0.375
source_study,R0-010068,False,0.576271186440678,0.423728813559322
source_study,R0-010069,False,0.5714285714285714,0.4285714285714286
source_study,R0-010070,False,0.5714285714285714,0.4285714285714286
source_study,R0-010071,False,0.4264705882352941,0.5735294117647058
source_study,R0-010072,False,0.40625,0.59375
source_study,R0-010073,False,0.43859649122807015,0.5614035087719298
source_study,R0-010074,False,0.43333333333333335,0.5666666666666667
source_study,R0-010075,False,0.4489795918367347,0.5510204081632653
source_study,R0-010076,False,0.4489795918367347,0.5510204081632653
source_study,R0-010077,False,0.5348837209302325,0.4651162790697675
source_study,R0-010078,False,0.5227272727272727,0.4772727272727273
source_study,R0-010079,False,0.5227272727272727,0.4772727272727273
source_study,R0-010080,False,0.5227272727272727,0.4772727272727273
source_study,R0-010081,False,0.5227272727272727,0.4772727272727273
source_study,R0-010082,False,0.5517241379310345,0.4482758620689655
source_study,R0-010083,False,0.5777777777777777,0.4222222222222223
source_study,R0-010084,False,0.38095238095238093,0.6190476190476191
source_study,R0-010115,False,0.6,0.4
source_study,R0-010116,False,0.5777777777777777,0.4222222222222223
source_study,R0-010117,False,0.5652173913043478,0.4347826086956522
source_study,R0-010118,False,0.5882352941176471,0.4117647058823529
source_study,R0-010119,False,0.5652173913043478,0.4347826086956522
source_study,R0-010120,False,0.5531914893617021,0.44680851063829785
source_study,R0-010121,False,0.5882352941176471,0.4117647058823529
source_study,R0-010122,False,0.5652173913043478,0.4347826086956522
source_study,R0-010123,False,0.5531914893617021,0.44680851063829785
source_study,R0-010124,False,0.5882352941176471,0.4117647058823529
source_study,R0-010125,False,0.5652173913043478,0.4347826086956522
source_study,R0-010126,False,0.5531914893617021,0.44680851063829785
source_study,R0-010127,False,0.5882352941176471,0.4117647058823529
source_study,R0-010128,False,0.5652173913043478,0.4347826086956522
source_study,R0-010129,False,0.5531914893617021,0.44680851063829785
source_study,R0-010130,False,0.5714285714285714,0.4285714285714286
source_study,R0-010131,False,0.5689655172413793,0.43103448275862066
source_study,R0-010132,False,0.625,0.375
source_study,R0-010133,False,0.576271186440678,0.423728813559322
source_study,R0-010134,False,0.5714285714285714,0.4285714285714286
source_study,R0-010135,False,0.5714285714285714,0.4285714285714286
source_study,R0-010136,False,0.4264705882352941,0.5735294117647058
source_study,R0-010137,False,0.40625,0.59375
source_study,R0-010138,False,0.43859649122807015,0.5614035087719298
source_study,R0-010139,False,0.43333333333333335,0.5666666666666667
source_study,R0-010140,False,0.4489795918367347,0.5510204081632653
source_study,R0-010141,False,0.4489795918367347,0.5510204081632653
source_study,R0-010617,False,0.5777777777777777,0.4222222222222223
source_study,R0-010618,False,0.5652173913043478,0.4347826086956522
source_study,R0-010619,False,0.5652173913043478,0.4347826086956522
source_study,R0-010620,False,0.5531914893617021,0.44680851063829785
source_study,R0-010621,False,0.5652173913043478,0.4347826086956522
source_study,R0-010622,False,0.5531914893617021,0.44680851063829785
source_study,R0-010623,False,0.5652173913043478,0.4347826086956522
source_study,R0-010624,False,0.5531914893617021,0.44680851063829785
source_study,R0-010625,False,0.5652173913043478,0.4347826086956522
source_study,R0-010626,False,0.5531914893617021,0.44680851063829785
source_study,R0-010627,False,0.5689655172413793,0.43103448275862066
source_study,R0-010628,False,0.625,0.375
source_study,R0-010629,False,0.5714285714285714,0.4285714285714286
source_study,R0-010630,False,0.5714285714285714,0.4285714285714286
source_study,R0-010631,False,0.40625,0.59375
source_study,R0-010632,False,0.43859649122807015,0.5614035087719298
source_study,R0-010633,False,0.4489795918367347,0.5510204081632653
source_study,R0-010634,False,0.4489795918367347,0.5510204081632653
source_study,R0-010635,False,0.6,0.4
source_study,R0-010636,False,0.5777777777777777,0.4222222222222223
source_study,R0-010637,False,0.5652173913043478,0.4347826086956522
source_study,R0-010638,False,0.5882352941176471,0.4117647058823529
source_study,R0-010639,False,0.5652173913043478,0.4347826086956522
source_study,R0-010640,False,0.5531914893617021,0.44680851063829785
source_study,R0-010641,False,0.5882352941176471,0.4117647058823529
source_study,R0-010642,False,0.5652173913043478,0.4347826086956522
source_study,R0-010643,False,0.5531914893617021,0.44680851063829785
source_study,R0-010644,False,0.5882352941176471,0.4117647058823529
source_study,R0-010645,False,0.5652173913043478,0.4347826086956522
source_study,R0-010646,False,0.5531914893617021,0.44680851063829785
source_study,R0-010647,False,0.5882352941176471,0.4117647058823529
source_study,R0-010648,False,0.5652173913043478,0.4347826086956522
source_study,R0-010649,False,0.5531914893617021,0.44680851063829785
source_study,R0-010650,False,0.5714285714285714,0.4285714285714286
source_study,R0-010651,False,0.5689655172413793,0.43103448275862066
source_study,R0-010652,False,0.625,0.375
source_study,R0-010653,False,0.576271186440678,0.423728813559322
source_study,R0-010654,False,0.5714285714285714,0.4285714285714286
source_study,R0-010655,False,0.5714285714285714,0.4285714285714286
source_study,R0-010656,False,0.4264705882352941,0.5735294117647058
source_study,R0-010657,False,0.40625,0.59375
source_study,R0-010658,False,0.43859649122807015,0.5614035087719298
source_study,R0-010659,False,0.43333333333333335,0.5666666666666667
source_study,R0-010660,False,0.4489795918367347,0.5510204081632653
source_study,R0-010661,False,0.4489795918367347,0.5510204081632653
source_study,R0-011000,False,0.5777777777777777,0.4222222222222223
source_study,R0-011001,False,0.5652173913043478,0.4347826086956522
source_study,R0-011002,False,0.5652173913043478,0.4347826086956522
source_study,R0-011003,False,0.5531914893617021,0.44680851063829785
source_study,R0-011004,False,0.5652173913043478,0.4347826086956522
source_study,R0-011005,False,0.5531914893617021,0.44680851063829785
source_study,R0-011006,False,0.5652173913043478,0.4347826086956522
source_study,R0-011007,False,0.5531914893617021,0.44680851063829785
source_study,R0-011008,False,0.5652173913043478,0.4347826086956522
source_study,R0-011009,False,0.5531914893617021,0.44680851063829785
source_study,R0-011010,False,0.5689655172413793,0.43103448275862066
source_study,R0-011011,False,0.625,0.375
source_study,R0-011012,False,0.5714285714285714,0.4285714285714286
source_study,R0-011013,False,0.5714285714285714,0.4285714285714286
source_study,R0-011014,False,0.40625,0.59375
source_study,R0-011015,False,0.43859649122807015,0.5614035087719298
source_study,R0-011016,False,0.4489795918367347,0.5510204081632653
source_study,R0-011017,False,0.4489795918367347,0.5510204081632653
source_study,R0-011144,False,0.6,0.4
source_study,R0-011145,False,0.5777777777777777,0.4222222222222223
source_study,R0-011146,False,0.5652173913043478,0.4347826086956522
source_study,R0-011147,False,0.5882352941176471,0.4117647058823529
source_study,R0-011148,False,0.5652173913043478,0.4347826086956522
source_study,R0-011149,False,0.5531914893617021,0.44680851063829785
source_study,R0-011150,False,0.5882352941176471,0.4117647058823529
source_study,R0-011151,False,0.5652173913043478,0.4347826086956522
source_study,R0-011152,False,0.5531914893617021,0.44680851063829785
source_study,R0-011153,False,0.5882352941176471,0.4117647058823529
source_study,R0-011154,False,0.5652173913043478,0.4347826086956522
source_study,R0-011155,False,0.5531914893617021,0.44680851063829785
source_study,R0-011156,False,0.5882352941176471,0.4117647058823529
source_study,R0-011157,False,0.5652173913043478,0.4347826086956522
source_study,R0-011158,False,0.5531914893617021,0.44680851063829785
source_study,R0-011159,False,0.5714285714285714,0.4285714285714286
source_study,R0-011160,False,0.5689655172413793,0.43103448275862066
source_study,R0-011161,False,0.625,0.375
source_study,R0-011162,False,0.576271186440678,0.423728813559322
source_study,R0-011163,False,0.5714285714285714,0.4285714285714286
source_study,R0-011164,False,0.5714285714285714,0.4285714285714286
source_study,R0-011165,False,0.4264705882352941,0.5735294117647058
source_study,R0-011166,False,0.40625,0.59375
source_study,R0-011167,False,0.43859649122807015,0.5614035087719298
source_study,R0-011168,False,0.43333333333333335,0.5666666666666667
source_study,R0-011169,False,0.4489795918367347,0.5510204081632653
source_study,R0-011170,False,0.4489795918367347,0.5510204081632653
source_study,R0-011759,False,0.5777777777777777,0.4222222222222223
source_study,R0-011760,False,0.5652173913043478,0.4347826086956522
source_study,R0-011761,False,0.5652173913043478,0.4347826086956522
source_study,R0-011762,False,0.5531914893617021,0.44680851063829785
source_study,R0-011763,False,0.5652173913043478,0.4347826086956522
source_study,R0-011764,False,0.5531914893617021,0.44680851063829785
source_study,R0-011765,False,0.5652173913043478,0.4347826086956522
source_study,R0-011766,False,0.5531914893617021,0.44680851063829785
source_study,R0-011767,False,0.5652173913043478,0.4347826086956522
source_study,R0-011768,False,0.5531914893617021,0.44680851063829785
source_study,R0-011769,False,0.5689655172413793,0.43103448275862066
source_study,R0-011770,False,0.625,0.375
source_study,R0-011771,False,0.5714285714285714,0.4285714285714286
source_study,R0-011772,False,0.5714285714285714,0.4285714285714286
source_study,R0-011773,False,0.40625,0.59375
source_study,R0-011774,False,0.43859649122807015,0.5614035087719298
source_study,R0-011775,False,0.4489795918367347,0.5510204081632653
source_study,R0-011776,False,0.4489795918367347,0.5510204081632653
source_study,R0-012087,False,0.5348837209302325,0.4651162790697675
source_study,R0-012088,False,0.5227272727272727,0.4772727272727273
source_study,R0-012089,False,0.5227272727272727,0.4772727272727273
source_study,R0-012090,False,0.5227272727272727,0.4772727272727273
source_study,R0-012091,False,0.5227272727272727,0.4772727272727273
source_study,R0-012092,False,0.35294117647058826,0.6470588235294117
source_study,R0-012153,False,0.6,0.4
source_study,R0-012154,False,0.5777777777777777,0.4222222222222223
source_study,R0-012155,False,0.5652173913043478,0.4347826086956522
source_study,R0-012156,False,0.5882352941176471,0.4117647058823529
source_study,R0-012157,False,0.5652173913043478,0.4347826086956522
source_study,R0-012158,False,0.5531914893617021,0.44680851063829785
source_study,R0-012159,False,0.5882352941176471,0.4117647058823529
source_study,R0-012160,False,0.5652173913043478,0.4347826086956522
source_study,R0-012161,False,0.5531914893617021,0.44680851063829785
source_study,R0-012162,False,0.5882352941176471,0.4117647058823529
source_study,R0-012163,False,0.5652173913043478,0.4347826086956522
source_study,R0-012164,False,0.5531914893617021,0.44680851063829785
source_study,R0-012165,False,0.5882352941176471,0.4117647058823529
source_study,R0-012166,False,0.5652173913043478,0.4347826086956522
source_study,R0-012167,False,0.5531914893617021,0.44680851063829785
source_study,R0-012168,False,0.43333333333333335,0.5666666666666667
source_study,R0-012169,False,0.4489795918367347,0.5510204081632653
source_study,R0-012170,False,0.4489795918367347,0.5510204081632653
source_study,R0-012202,False,0.5166666666666667,0.4833333333333333
source_study,R0-012203,False,0.5,0.5
source_study,R0-012455,False,0.5777777777777777,0.4222222222222223
source_study,R0-012456,False,0.576271186440678,0.423728813559322
source_study,R0-012457,False,0.5409836065573771,0.4590163934426229
source_study,R0-012458,False,0.5714285714285714,0.4285714285714286
source_study,R0-012459,False,0.5303030303030303,0.4696969696969697
source_study,R0-012460,False,0.5714285714285714,0.4285714285714286
source_study,R0-012880,False,0.5166666666666667,0.4833333333333333
source_study,R0-012881,False,0.5,0.5
source_study,R0-013240,False,0.39655172413793105,0.603448275862069
source_study,R0-013241,False,0.41379310344827586,0.5862068965517242
source_study,R0-013427,False,0.7666666666666667,0.23333333333333328
source_study,R0-013949,False,0.7796610169491526,0.22033898305084743
source_study,R0-013950,False,0.6901408450704225,0.3098591549295775
source_study,R0-013951,False,0.7540983606557377,0.24590163934426235
source_study,R0-013952,False,0.7424242424242424,0.25757575757575757
source_study,R0-013953,False,0.7142857142857143,0.2857142857142857
source_study,R0-013954,False,0.6923076923076923,0.3076923076923077
source_study,R0-013955,False,0.6923076923076923,0.3076923076923077
source_study,R0-013956,False,0.6716417910447762,0.32835820895522383
source_study,R0-013957,False,0.6617647058823529,0.3382352941176471
source_study,R0-013958,False,0.7258064516129032,0.27419354838709675
source_study,R0-013959,False,0.6818181818181818,0.31818181818181823
source_study,R0-013960,False,0.6923076923076923,0.3076923076923077
source_study,R0-013961,False,0.7377049180327869,0.2622950819672131
source_study,R0-013962,False,0.75,0.25
source_study,R0-013963,False,0.7142857142857143,0.2857142857142857
source_study,R0-013964,False,0.6376811594202898,0.3623188405797102
source_study,R0-013965,False,0.676923076923077,0.32307692307692304
source_study,R0-013966,False,0.6470588235294118,0.3529411764705882
source_study,R0-013967,False,0.6901408450704225,0.3098591549295775
source_study,R0-013968,False,0.7666666666666667,0.23333333333333328
source_study,R0-013969,False,0.7,0.30000000000000004
source_study,R0-013970,False,0.7419354838709677,0.25806451612903225
source_study,R0-013971,False,0.71875,0.28125
source_study,R0-013972,False,0.7424242424242424,0.25757575757575757
source_study,R0-013973,False,0.7258064516129032,0.27419354838709675
source_study,R0-013974,False,0.7966101694915254,0.2033898305084746
source_study,R0-013975,False,0.7796610169491526,0.22033898305084743
source_study,R0-013976,False,0.6282051282051282,0.3717948717948718
source_study,R0-013977,False,0.6447368421052632,0.35526315789473684
source_study,R0-013978,False,0.6533333333333333,0.3466666666666667
source_study,R0-013979,False,0.6447368421052632,0.35526315789473684
source_study,R0-013980,False,0.6533333333333333,0.3466666666666667
source_study,R0-013981,False,0.6533333333333333,0.3466666666666667
source_study,R0-013982,False,0.6296296296296297,0.37037037037037035
source_study,R0-013983,False,0.6533333333333333,0.3466666666666667
source_study,R0-013984,False,0.6410256410256411,0.3589743589743589
source_study,R0-013985,False,0.625,0.375
source_study,R0-013986,False,0.6410256410256411,0.3589743589743589
source_study,R0-013987,False,0.6410256410256411,0.3589743589743589
source_study,R0-013988,False,0.625,0.375
source_study,R0-013989,False,0.627906976744186,0.37209302325581395
source_study,R0-013990,False,0.6951219512195121,0.30487804878048785
source_study,R0-013991,False,0.7333333333333333,0.2666666666666667
source_study,R0-013992,False,0.6710526315789473,0.32894736842105265
source_study,R0-013993,False,0.9056603773584906,0.09433962264150941
source_study,R0-013994,False,0.6290322580645161,0.3709677419354839
source_study,R0-013995,False,0.7096774193548387,0.29032258064516125
source_study,R0-013996,False,0.7096774193548387,0.29032258064516125
source_study,R0-013997,False,0.6875,0.3125
source_study,R0-013998,False,0.6268656716417911,0.3731343283582089
source_study,R0-013999,False,0.6901408450704225,0.3098591549295775
source_study,R0-014000,False,0.676056338028169,0.323943661971831
source_study,R0-014030,False,0.5285714285714286,0.4714285714285714
source_study,R0-014242,False,0.7666666666666667,0.23333333333333328
source_study,R0-014243,False,0.7666666666666667,0.23333333333333328
source_study,R0-014244,False,0.7666666666666667,0.23333333333333328
source_study,R0-014245,False,0.7796610169491526,0.22033898305084743
source_study,R0-014246,False,0.7796610169491526,0.22033898305084743
source_study,R0-014264,False,0.47368421052631576,0.5263157894736843
source_study,R0-014265,False,0.48,0.52
source_study,R0-014266,False,0.5294117647058824,0.47058823529411764
source_study,R0-014267,False,0.5102040816326531,0.4897959183673469
source_study,R0-014268,False,0.5283018867924528,0.4716981132075472
source_study,R0-014269,False,0.5689655172413793,0.43103448275862066
source_study,R0-014270,False,0.52,0.48
source_study,R0-014271,False,0.4772727272727273,0.5227272727272727
source_study,R0-014272,False,0.5,0.5
source_study,R0-014273,False,0.5192307692307693,0.4807692307692307
source_study,R0-014274,False,0.5614035087719298,0.4385964912280702
source_study,R0-014275,False,0.48148148148148145,0.5185185185185186
source_study,R0-014276,False,0.46153846153846156,0.5384615384615384
source_study,R0-014277,False,0.5686274509803921,0.43137254901960786
source_study,R0-014278,False,0.44776119402985076,0.5522388059701493
source_study,R0-014279,False,0.46153846153846156,0.5384615384615384
source_study,R0-014280,False,0.4375,0.5625
source_study,R0-014281,False,0.44776119402985076,0.5522388059701493
source_study,R0-014282,False,0.4716981132075472,0.5283018867924528
source_study,R0-014283,False,0.5102040816326531,0.4897959183673469
source_study,R0-014284,False,0.5538461538461539,0.4461538461538461
source_study,R0-014285,False,0.543859649122807,0.45614035087719296
source_study,R0-014286,False,0.45614035087719296,0.543859649122807
source_study,R0-014287,False,0.5777777777777777,0.4222222222222223
source_study,R0-014288,False,0.58,0.42000000000000004
source_study,R0-014289,False,0.64,0.36
source_study,R0-014290,False,0.5925925925925926,0.40740740740740744
source_study,R0-014291,False,0.6470588235294118,0.3529411764705882
source_study,R0-014292,False,0.6153846153846154,0.3846153846153846
source_study,R0-014293,False,0.5517241379310345,0.4482758620689655
source_study,R0-014294,False,0.62,0.38
source_study,R0-014295,False,0.6666666666666666,0.33333333333333337
source_study,R0-014296,False,0.6491228070175439,0.3508771929824561
source_study,R0-014297,False,0.6,0.4
source_study,R0-014298,False,0.5434782608695652,0.4565217391304348
source_study,R0-014299,False,0.6326530612244898,0.36734693877551017
source_study,R0-014300,False,0.5686274509803921,0.43137254901960786
source_study,R0-014301,False,0.64,0.36
source_study,R0-014302,False,0.48214285714285715,0.5178571428571428
source_study,R0-014303,False,0.5686274509803921,0.43137254901960786
source_study,R0-014304,False,0.46774193548387094,0.532258064516129
source_study,R0-014305,False,0.660377358490566,0.339622641509434
source_study,R0-014306,False,0.5142857142857142,0.48571428571428577
source_study,R0-014307,False,0.6666666666666666,0.33333333333333337
source_study,R0-014308,False,0.5405405405405406,0.45945945945945943
source_study,R0-014309,False,0.5833333333333334,0.41666666666666663
source_study,R0-014310,False,0.5,0.5
source_study,R0-014311,False,0.509090909090909,0.49090909090909096
source_study,R0-014312,False,0.5178571428571429,0.4821428571428571
source_study,R0-014313,False,0.5555555555555556,0.4444444444444444
source_study,R0-014346,False,0.449438202247191,0.550561797752809
source_study,R0-014347,False,0.4444444444444444,0.5555555555555556
source_study,R0-014452,False,0.7666666666666667,0.23333333333333328
source_study,R0-014696,False,0.5,0.5
source_study,R0-014697,False,0.4523809523809524,0.5476190476190477
source_study,R0-014698,False,0.5116279069767442,0.4883720930232558
source_study,R0-014699,False,0.4772727272727273,0.5227272727272727
source_study,R0-014700,False,0.3939393939393939,0.6060606060606061
source_study,R0-014701,False,0.4375,0.5625
source_study,R0-014702,False,0.4444444444444444,0.5555555555555556
source_study,R0-014703,False,0.4489795918367347,0.5510204081632653
source_study,R0-014704,False,0.5227272727272727,0.4772727272727273
source_study,R0-014705,False,0.5555555555555556,0.4444444444444444
source_study,R0-014706,False,0.5,0.5
source_study,R0-014707,False,0.5,0.5
source_study,R0-014708,False,0.4727272727272727,0.5272727272727273
source_study,R0-014709,False,0.4727272727272727,0.5272727272727273
source_study,R0-014710,False,0.42857142857142855,0.5714285714285714
source_study,R0-014711,False,0.42857142857142855,0.5714285714285714
source_study,R0-014712,False,0.48148148148148145,0.5185185185185186
source_study,R0-014713,False,0.48148148148148145,0.5185185185185186
source_study,R0-014714,False,0.43636363636363634,0.5636363636363637
source_study,R0-014715,False,0.43636363636363634,0.5636363636363637
source_study,R0-014716,False,0.3728813559322034,0.6271186440677966
source_study,R0-014717,False,0.3728813559322034,0.6271186440677966
source_study,R0-014718,False,0.4117647058823529,0.5882352941176471
source_study,R0-014719,False,0.4117647058823529,0.5882352941176471
source_study,R0-014720,False,0.4166666666666667,0.5833333333333333
source_study,R0-014721,False,0.4166666666666667,0.5833333333333333
source_study,R0-014722,False,0.46,0.54
source_study,R0-014723,False,0.46,0.54
source_study,R0-014724,False,0.4772727272727273,0.5227272727272727
source_study,R0-014725,False,0.4772727272727273,0.5227272727272727
source_study,R0-014726,False,0.5652173913043478,0.4347826086956522
source_study,R0-014727,False,0.5652173913043478,0.4347826086956522
source_study,R0-014728,False,0.44680851063829785,0.5531914893617021
source_study,R0-014729,False,0.44680851063829785,0.5531914893617021
source_study,R0-014730,False,0.46808510638297873,0.5319148936170213
source_study,R0-014731,False,0.46808510638297873,0.5319148936170213
source_study,R0-014857,False,0.4375,0.5625
source_study,R0-014858,False,0.4375,0.5625
source_study,R0-014859,False,0.40350877192982454,0.5964912280701755
source_study,R0-014860,False,0.40350877192982454,0.5964912280701755
source_study,R0-014861,False,0.44680851063829785,0.5531914893617021
source_study,R0-014862,False,0.44680851063829785,0.5531914893617021
source_study,R0-014863,False,0.3958333333333333,0.6041666666666667
source_study,R0-014864,False,0.3958333333333333,0.6041666666666667
source_study,R0-014865,False,0.3448275862068966,0.6551724137931034
source_study,R0-014866,False,0.3448275862068966,0.6551724137931034
source_study,R0-014867,False,0.3898305084745763,0.6101694915254237
source_study,R0-014868,False,0.3898305084745763,0.6101694915254237
source_study,R0-014869,False,0.3877551020408163,0.6122448979591837
source_study,R0-014870,False,0.3877551020408163,0.6122448979591837
source_study,R0-014871,False,0.4117647058823529,0.5882352941176471
source_study,R0-014872,False,0.4117647058823529,0.5882352941176471
source_study,R0-014873,False,0.45454545454545453,0.5454545454545454
source_study,R0-014874,False,0.45454545454545453,0.5454545454545454
source_study,R0-014875,False,0.5434782608695652,0.4565217391304348
source_study,R0-014876,False,0.5434782608695652,0.4565217391304348
source_study,R0-014877,False,0.4222222222222222,0.5777777777777777
source_study,R0-014878,False,0.4222222222222222,0.5777777777777777
source_study,R0-014879,False,0.425531914893617,0.574468085106383
source_study,R0-014880,False,0.425531914893617,0.574468085106383
source_study,R0-014915,False,0.43902439024390244,0.5609756097560976
source_study,R0-014916,False,0.4339622641509434,0.5660377358490566
source_study,R0-014917,False,0.5,0.5
source_study,R0-014918,False,0.4583333333333333,0.5416666666666667
source_study,R0-014919,False,0.5,0.5
source_study,R0-014920,False,0.5098039215686274,0.4901960784313726
source_study,R0-014921,False,0.4883720930232558,0.5116279069767442
source_study,R0-014922,False,0.4523809523809524,0.5476190476190477
source_study,R0-014923,False,0.45454545454545453,0.5454545454545454
source_study,R0-014924,False,0.4888888888888889,0.5111111111111111
source_study,R0-014925,False,0.5,0.5
source_study,R0-014926,False,0.45652173913043476,0.5434782608695652
source_study,R0-014927,False,0.4186046511627907,0.5813953488372092
source_study,R0-014928,False,0.5,0.5
source_study,R0-014929,False,0.39705882352941174,0.6029411764705883
source_study,R0-014930,False,0.4090909090909091,0.5909090909090908
source_study,R0-014931,False,0.38571428571428573,0.6142857142857143
source_study,R0-014932,False,0.39705882352941174,0.6029411764705883
source_study,R0-014933,False,0.45098039215686275,0.5490196078431373
source_study,R0-014934,False,0.48936170212765956,0.5106382978723405
source_study,R0-014935,False,0.5,0.5
source_study,R0-014936,False,0.4827586206896552,0.5172413793103448
source_study,R0-014937,False,0.4,0.6
source_study,R0-014938,False,0.5263157894736842,0.4736842105263158
source_study,R0-014939,False,0.5238095238095238,0.47619047619047616
source_study,R0-014940,False,0.5813953488372093,0.41860465116279066
source_study,R0-014941,False,0.5454545454545454,0.4545454545454546
source_study,R0-014942,False,0.5909090909090909,0.40909090909090906
source_study,R0-014943,False,0.5660377358490566,0.4339622641509434
source_study,R0-014944,False,0.5081967213114754,0.4918032786885246
source_study,R0-014945,False,0.5686274509803921,0.43137254901960786
source_study,R0-014946,False,0.6170212765957447,0.3829787234042553
source_study,R0-014947,False,0.625,0.375
source_study,R0-014948,False,0.5625,0.4375
source_study,R0-014949,False,0.5135135135135135,0.4864864864864865
source_study,R0-014950,False,0.5714285714285714,0.4285714285714286
source_study,R0-014951,False,0.5,0.5
source_study,R0-014952,False,0.5813953488372093,0.41860465116279066
source_study,R0-014953,False,0.42105263157894735,0.5789473684210527
source_study,R0-014954,False,0.5185185185185185,0.4814814814814815
source_study,R0-014955,False,0.4339622641509434,0.5660377358490566
source_study,R0-014956,False,0.6086956521739131,0.3913043478260869
source_study,R0-014957,False,0.4647887323943662,0.5352112676056338
source_study,R0-014958,False,0.6,0.4
source_study,R0-014959,False,0.4864864864864865,0.5135135135135135
source_study,R0-014960,False,0.5384615384615384,0.46153846153846156
source_study,R0-014961,False,0.44,0.56
source_study,R0-014962,False,0.49056603773584906,0.5094339622641509
source_study,R0-014963,False,0.5,0.5
source_study,R0-014964,False,0.5384615384615384,0.46153846153846156
source_study,R0-015167,False,0.5,0.5
source_study,R0-015168,False,0.4266666666666667,0.5733333333333333
source_study,R0-015169,False,0.4520547945205479,0.547945205479452
source_study,R0-015170,False,0.5686274509803921,0.43137254901960786
source_study,R0-015177,False,0.6530612244897959,0.34693877551020413
source_study,R0-015178,False,0.56,0.43999999999999995
source_study,R0-015179,False,0.3584905660377358,0.6415094339622642
source_study,R0-015180,False,0.3584905660377358,0.6415094339622642
source_study,R0-015181,False,0.36538461538461536,0.6346153846153846
source_study,R0-015182,False,0.36538461538461536,0.6346153846153846
source_study,R0-015183,False,0.43636363636363634,0.5636363636363637
source_study,R0-015184,False,0.43636363636363634,0.5636363636363637
source_study,R0-015185,False,0.48936170212765956,0.5106382978723405
source_study,R0-015186,False,0.48936170212765956,0.5106382978723405
source_study,R0-015187,False,0.34,0.6599999999999999
source_study,R0-015188,False,0.34,0.6599999999999999
source_study,R0-015189,False,0.2714285714285714,0.7285714285714286
source_study,R0-015190,False,0.2714285714285714,0.7285714285714286
source_study,R0-015200,False,0.3333333333333333,0.6666666666666667
source_study,R0-015201,False,0.3333333333333333,0.6666666666666667
source_study,R0-015202,False,0.2878787878787879,0.7121212121212122
source_study,R0-015203,False,0.2878787878787879,0.7121212121212122
source_study,R0-015204,False,0.35185185185185186,0.6481481481481481
source_study,R0-015205,False,0.35185185185185186,0.6481481481481481
source_study,R0-015206,False,0.5492957746478874,0.45070422535211263
source_study,R0-015207,False,0.6458333333333334,0.35416666666666663
source_study,R0-015208,False,0.38461538461538464,0.6153846153846154
source_study,R0-015209,False,0.38461538461538464,0.6153846153846154
source_study,R0-015210,False,0.46296296296296297,0.537037037037037
source_study,R0-015211,False,0.46296296296296297,0.537037037037037
source_study,R0-015212,False,0.3114754098360656,0.6885245901639344
source_study,R0-015213,False,0.3114754098360656,0.6885245901639344
source_study,R0-015214,False,0.5517241379310345,0.4482758620689655
source_study,R0-015273,False,0.35,0.65
source_study,R0-015274,False,0.35,0.65
source_study,R0-015275,False,0.3269230769230769,0.6730769230769231
source_study,R0-015276,False,0.3269230769230769,0.6730769230769231
source_study,R0-015277,False,0.39655172413793105,0.603448275862069
source_study,R0-015278,False,0.39655172413793105,0.603448275862069
source_study,R0-015279,False,0.44680851063829785,0.5531914893617021
source_study,R0-015280,False,0.44680851063829785,0.5531914893617021
source_study,R0-015281,False,0.30434782608695654,0.6956521739130435
source_study,R0-015282,False,0.30434782608695654,0.6956521739130435
source_study,R0-015283,False,0.24285714285714285,0.7571428571428571
source_study,R0-015284,False,0.24285714285714285,0.7571428571428571
source_study,R0-015288,False,0.3389830508474576,0.6610169491525424
source_study,R0-015289,False,0.3389830508474576,0.6610169491525424
source_study,R0-015290,False,0.3090909090909091,0.6909090909090909
source_study,R0-015291,False,0.3090909090909091,0.6909090909090909
source_study,R0-015292,False,0.38596491228070173,0.6140350877192983
source_study,R0-015293,False,0.38596491228070173,0.6140350877192983
source_study,R0-015294,False,0.42,0.5800000000000001
source_study,R0-015295,False,0.42,0.5800000000000001
source_study,R0-015296,False,0.29411764705882354,0.7058823529411764
source_study,R0-015297,False,0.29411764705882354,0.7058823529411764
source_study,R0-015298,False,0.2328767123287671,0.7671232876712328
source_study,R0-015299,False,0.2328767123287671,0.7671232876712328
source_study,R0-015300,False,0.3269230769230769,0.6730769230769231
source_study,R0-015301,False,0.3269230769230769,0.6730769230769231
source_study,R0-015302,False,0.3620689655172414,0.6379310344827587
source_study,R0-015303,False,0.3620689655172414,0.6379310344827587
source_study,R0-015304,False,0.3770491803278688,0.6229508196721312
source_study,R0-015305,False,0.3770491803278688,0.6229508196721312
source_study,R0-015306,False,0.49019607843137253,0.5098039215686274
source_study,R0-015307,False,0.49019607843137253,0.5098039215686274
source_study,R0-015308,False,0.35185185185185186,0.6481481481481481
source_study,R0-015309,False,0.35185185185185186,0.6481481481481481
source_study,R0-015310,False,0.3392857142857143,0.6607142857142857
source_study,R0-015311,False,0.3392857142857143,0.6607142857142857
source_study,R0-015312,False,0.3684210526315789,0.631578947368421
source_study,R0-015313,False,0.3684210526315789,0.631578947368421
source_study,R0-015314,False,0.25333333333333335,0.7466666666666666
source_study,R0-015315,False,0.25333333333333335,0.7466666666666666
source_study,R0-015316,False,0.2894736842105263,0.7105263157894737
source_study,R0-015317,False,0.35,0.65
source_study,R0-015318,False,0.29508196721311475,0.7049180327868853
source_study,R0-015319,False,0.28169014084507044,0.7183098591549295
source_study,R0-015320,False,0.2894736842105263,0.7105263157894737
source_study,R0-015321,False,0.35,0.65
source_study,R0-015322,False,0.29508196721311475,0.7049180327868853
source_study,R0-015323,False,0.28169014084507044,0.7183098591549295
source_study,R0-015324,False,0.296875,0.703125
source_study,R0-015325,False,0.36065573770491804,0.639344262295082
source_study,R0-015326,False,0.3064516129032258,0.6935483870967742
source_study,R0-015327,False,0.2835820895522388,0.7164179104477613
source_study,R0-015328,False,0.296875,0.703125
source_study,R0-015329,False,0.36065573770491804,0.639344262295082
source_study,R0-015330,False,0.3064516129032258,0.6935483870967742
source_study,R0-015331,False,0.2835820895522388,0.7164179104477613
source_study,R0-015332,False,0.4117647058823529,0.5882352941176471
source_study,R0-015333,False,0.4117647058823529,0.5882352941176471
source_study,R0-015334,False,0.4,0.6
source_study,R0-015335,False,0.4,0.6
source_study,R0-015336,False,0.39622641509433965,0.6037735849056604
source_study,R0-015337,False,0.39622641509433965,0.6037735849056604
source_study,R0-015338,False,0.37681159420289856,0.6231884057971014
source_study,R0-015339,False,0.37681159420289856,0.6231884057971014
source_study,R0-015340,False,0.38596491228070173,0.6140350877192983
source_study,R0-015341,False,0.38596491228070173,0.6140350877192983
source_study,R0-015342,False,0.36764705882352944,0.6323529411764706
source_study,R0-015343,False,0.36764705882352944,0.6323529411764706
source_study,R0-015344,False,0.38181818181818183,0.6181818181818182
source_study,R0-015345,False,0.38181818181818183,0.6181818181818182
source_study,R0-015346,False,0.34782608695652173,0.6521739130434783
source_study,R0-015347,False,0.34782608695652173,0.6521739130434783
source_study,R0-015348,False,0.3235294117647059,0.6764705882352942
source_study,R0-015349,False,0.3235294117647059,0.6764705882352942
source_study,R0-015350,False,0.3269230769230769,0.6730769230769231
source_study,R0-015351,False,0.3269230769230769,0.6730769230769231
source_study,R0-015352,False,0.3088235294117647,0.6911764705882353
source_study,R0-015353,False,0.3088235294117647,0.6911764705882353
source_study,R0-015354,False,0.3142857142857143,0.6857142857142857
source_study,R0-015355,False,0.3142857142857143,0.6857142857142857
source_study,R0-015356,False,0.30434782608695654,0.6956521739130435
source_study,R0-015357,False,0.30434782608695654,0.6956521739130435
source_study,R0-015358,False,0.32075471698113206,0.679245283018868
source_study,R0-015359,False,0.32075471698113206,0.679245283018868
source_study,R0-015360,False,0.3728813559322034,0.6271186440677966
source_study,R0-015361,False,0.3728813559322034,0.6271186440677966
source_study,R0-015362,False,0.42857142857142855,0.5714285714285714
source_study,R0-015363,False,0.42857142857142855,0.5714285714285714
source_study,R0-015364,False,0.5,0.5
source_study,R0-015365,False,0.5,0.5
source_study,R0-015366,False,0.3333333333333333,0.6666666666666667
source_study,R0-015367,False,0.3333333333333333,0.6666666666666667
source_study,R0-015368,False,0.34545454545454546,0.6545454545454545
source_study,R0-015369,False,0.34545454545454546,0.6545454545454545
source_study,R0-015370,False,0.38461538461538464,0.6153846153846154
source_study,R0-015371,False,0.38461538461538464,0.6153846153846154
source_study,R0-015372,False,0.46296296296296297,0.537037037037037
source_study,R0-015373,False,0.46296296296296297,0.537037037037037
source_study,R0-015374,False,0.3448275862068966,0.6551724137931034
source_study,R0-015375,False,0.3448275862068966,0.6551724137931034
source_study,R0-015376,False,0.39285714285714285,0.6071428571428572
source_study,R0-015377,False,0.39285714285714285,0.6071428571428572
source_study,R0-015378,False,0.4772727272727273,0.5227272727272727
source_study,R0-015379,False,0.4772727272727273,0.5227272727272727
source_study,R0-015380,False,0.3076923076923077,0.6923076923076923
source_study,R0-015381,False,0.3076923076923077,0.6923076923076923
source_study,R0-015382,False,0.32075471698113206,0.679245283018868
source_study,R0-015383,False,0.32075471698113206,0.679245283018868
source_study,R0-015384,False,0.35294117647058826,0.6470588235294117
source_study,R0-015385,False,0.35294117647058826,0.6470588235294117
source_study,R0-015386,False,0.4423076923076923,0.5576923076923077
source_study,R0-015387,False,0.4423076923076923,0.5576923076923077
source_study,R0-015388,False,0.3275862068965517,0.6724137931034483
source_study,R0-015389,False,0.3275862068965517,0.6724137931034483
source_study,R0-015390,False,0.375,0.625
source_study,R0-015391,False,0.375,0.625
source_study,R0-015392,False,0.4375,0.5625
source_study,R0-015393,False,0.4375,0.5625
source_study,R0-015394,False,0.3269230769230769,0.6730769230769231
source_study,R0-015395,False,0.3269230769230769,0.6730769230769231
source_study,R0-015396,False,0.37037037037037035,0.6296296296296297
source_study,R0-015397,False,0.37037037037037035,0.6296296296296297
source_study,R0-015398,False,0.48936170212765956,0.5106382978723405
source_study,R0-015399,False,0.48936170212765956,0.5106382978723405
source_study,R0-015400,False,0.2777777777777778,0.7222222222222222
source_study,R0-015401,False,0.3559322033898305,0.6440677966101696
source_study,R0-015402,False,0.2833333333333333,0.7166666666666667
source_study,R0-015403,False,0.2777777777777778,0.7222222222222222
source_study,R0-015404,False,0.3559322033898305,0.6440677966101696
source_study,R0-015405,False,0.2833333333333333,0.7166666666666667
source_study,R0-015406,False,0.3469387755102041,0.653061224489796
source_study,R0-015407,False,0.3469387755102041,0.653061224489796
source_study,R0-015408,False,0.3191489361702128,0.6808510638297872
source_study,R0-015409,False,0.3191489361702128,0.6808510638297872
source_study,R0-015410,False,0.29411764705882354,0.7058823529411764
source_study,R0-015411,False,0.29411764705882354,0.7058823529411764
source_study,R0-015412,False,0.34,0.6599999999999999
source_study,R0-015413,False,0.34,0.6599999999999999
source_study,R0-015414,False,0.27419354838709675,0.7258064516129032
source_study,R0-015415,False,0.27419354838709675,0.7258064516129032
source_study,R0-015416,False,0.25,0.75
source_study,R0-015417,False,0.25,0.75
source_study,R0-015418,False,0.234375,0.765625
source_study,R0-015419,False,0.234375,0.765625
source_study,R0-015420,False,0.2698412698412698,0.7301587301587302
source_study,R0-015421,False,0.2698412698412698,0.7301587301587302
source_study,R0-015422,False,0.3114754098360656,0.6885245901639344
source_study,R0-015423,False,0.3114754098360656,0.6885245901639344
source_study,R0-015424,False,0.38095238095238093,0.6190476190476191
source_study,R0-015425,False,0.38095238095238093,0.6190476190476191
source_study,R0-015426,False,0.288135593220339,0.711864406779661
source_study,R0-015427,False,0.288135593220339,0.711864406779661
source_study,R0-015432,False,0.4642857142857143,0.5357142857142857
source_study,R0-015433,False,0.4642857142857143,0.5357142857142857
