component_id,role,parse_status,canonical_smiles,raw_smiles_json,unique_lipid_count,lnpdb_source_record_count,source_count,source_ids_json,publication_count,source_pmids_json,experiment_ids_json,route_evidence_status,procurement_evidence_status,execution_closure_status
lnpdb-head-00000ff093045ec9,head,parsed,Cc1cc(N)n(C)n1,"[""CC1=NN(C)C(=C1)N""]",60,120,1,"[""39060305""]",1,"[""39060305""]","[""YX_2024""]",not_assessed,not_assessed,unknown
lnpdb-head-007b1d931cba1127,head,parsed,CNCCNC,"[""CNCCNC""]",22,26,3,"[""18438401"", ""24969323"", ""36997680""]",3,"[""18438401"", ""24969323"", ""36997680""]","[""AA_2008"", ""BL_2023"", ""KW_2014""]",not_assessed,not_assessed,unknown
lnpdb-head-0182dc9f25feea5b,head,parsed,C1CNCCOCCNCCN1,"[""C1CNCCOCCNCCN1""]",5,5,1,"[""24969323""]",1,"[""24969323""]","[""KW_2014""]",not_assessed,not_assessed,unknown
lnpdb-head-01d59f58ec7757e6,head,parsed,CN(CCN)CCN(C)CCN,"[""CN(CCN)CCN(C)CCN""]",13,22,1,"[""38437545""]",1,"[""38437545""]","[""NC_2024""]",not_assessed,not_assessed,unknown
lnpdb-head-01dce7fcf9f6c747,head,parsed,CCCCCCCCCCCCCCN,"[""NCCCCCCCCCCCCCC""]",35,36,1,"[""26729861""]",1,"[""26729861""]","[""KZ_2016""]",not_assessed,not_assessed,unknown
lnpdb-head-02179fc8661ec481,head,parsed,Nc1nc(N)nc(N)n1,"[""C1(=NC(=NC(=N1)N)N)N""]",5,5,1,"[""24969323""]",1,"[""24969323""]","[""KW_2014""]",not_assessed,not_assessed,unknown
lnpdb-head-03c27d8a29664477,head,parsed,NCCCCO,"[""C(CCO)CN""]",34,38,3,"[""18438401"", ""24969323"", ""39099464""]",3,"[""18438401"", ""24969323"", ""39099464""]","[""AA_2008"", ""KW_2014"", ""YR_2024""]",not_assessed,not_assessed,unknown
lnpdb-head-03fbb4c1c6184ef0,head,parsed,CCC(N)(CO)CO,"[""CCC(CO)(CO)N""]",11,11,1,"[""18438401""]",1,"[""18438401""]","[""AA_2008""]",not_assessed,not_assessed,unknown
lnpdb-head-045423c9ca70d398,head,parsed,[NH]C1CCCCC1,"[""C1CCC(CC1)[NH]""]",5,5,1,"[""24969323""]",1,"[""24969323""]","[""KW_2014""]",not_assessed,not_assessed,unknown
lnpdb-head-04c011383d7033cd,head,parsed,CN(C)CCO,"[""CN(C)CCO""]",1,15,2,"[""38779592"", ""39502027""]",2,"[""38779592"", ""39502027""]","[""SB_2024"", ""SY_2025""]",not_assessed,not_assessed,unknown
lnpdb-head-05e33b5c698dbfc7,head,parsed,N[C@H]1CC[C@H](N)CC1,"[""C1C[C@@H](CC[C@H]1N)N""]",5,5,1,"[""24969323""]",1,"[""24969323""]","[""KW_2014""]",not_assessed,not_assessed,unknown
lnpdb-head-066436177efb864d,head,parsed,C=CC(=O)OCCCCCCCCCC,"[""C=CC(=O)OCCCCCCCCCC""]",10,10,1,"[""38969646""]",1,"[""38969646""]","[""KS_2024""]",not_assessed,not_assessed,unknown
lnpdb-head-068f98605131c10b,head,parsed,C#CCCCC(=O)NCCN1CCOCC1,"[""C1N(CCNC(CCCC#C)=O)CCOC1""]",8,8,1,"[""22902058""]",1,"[""22902058""]","[""LL_2012""]",not_assessed,not_assessed,unknown
lnpdb-head-06b16332dc506792,head,parsed,C[C@H](O)CCN,"[""C[C@@H](CCN)O""]",5,5,1,"[""24969323""]",1,"[""24969323""]","[""KW_2014""]",not_assessed,not_assessed,unknown
lnpdb-head-06e76663ea607282,head,parsed,C1CNCCNCCCNCCNC1,"[""C1CNCCNCCCNCCNC1""]",15,15,2,"[""24969323"", ""36997680""]",2,"[""24969323"", ""36997680""]","[""BL_2023"", ""KW_2014""]",not_assessed,not_assessed,unknown
lnpdb-head-06f91eeff6ed7515,head,parsed,CN(C)CN,"[""CN(C)CN""]",7,7,1,"[""37591187""]",1,"[""37591187""]","[""YY_2023""]",not_assessed,not_assessed,unknown
lnpdb-head-0780341d4fbd7dba,head,parsed,NCCCO,"[""C(CN)CO""]",33,37,3,"[""18438401"", ""24969323"", ""39099464""]",3,"[""18438401"", ""24969323"", ""39099464""]","[""AA_2008"", ""KW_2014"", ""YR_2024""]",not_assessed,not_assessed,unknown
lnpdb-head-07a391a04505d91d,head,parsed,NCCNCCN1CCN(CCN)CC1,"[""C(CNCCN1CCN(CCN)CC1)N""]",37,37,2,"[""20080679"", ""36997680""]",2,"[""20080679"", ""36997680""]","[""BL_2023"", ""KL_2010""]",not_assessed,not_assessed,unknown
lnpdb-head-0825b0c7028b9a5f,head,parsed,CN1CCCC1CCN,"[""CN1CCCC1CCN""]",53,56,4,"[""18438401"", ""26729861"", ""37591187"", ""37661193""]",4,"[""18438401"", ""26729861"", ""37591187"", ""37661193""]","[""AA_2008"", ""KZ_2016"", ""YY_2023"", ""ZH_2023""]",not_assessed,not_assessed,unknown
lnpdb-head-0b0d4f130bb6a713,head,parsed,C=CC(=C)O[C@@H](C)COc1ccc(C(C)(C)c2ccc(OC[C@@H](C)OC(=O)C=C)cc2)cc1,"[""C=CC(=C)O[C@@H](C)COC1=CC=C(C=C1)C(C)(C)C2=CC=C(C=C2)OC[C@@H](C)OC(=O)C=C""]",10,10,1,"[""38969646""]",1,"[""38969646""]","[""KS_2024""]",not_assessed,not_assessed,unknown
lnpdb-head-0e2ab4417c396f6f,head,parsed,CCCCCCCCN(CCCCCCCC)CCCCCCCC,"[""CCCCCCCCN(CCCCCCCC)CCCCCCCC""]",13,13,1,"[""33542471""]",1,"[""33542471""]","[""SL_2021""]",not_assessed,not_assessed,unknown
lnpdb-head-0e436b48d97d2c64,head,parsed,NN1CCOCC1,"[""C1COCCN1N""]",76,138,2,"[""38060560"", ""39060305""]",2,"[""38060560"", ""39060305""]","[""JC_2023"", ""YX_2024""]",not_assessed,not_assessed,unknown
lnpdb-head-0f36557c45b10f62,head,parsed,CN(C)CCCC([O])=O,"[""[O]C(CCCN(C)C)=O""]",1,11,1,"[""38779592""]",1,"[""38779592""]","[""SB_2024""]",not_assessed,not_assessed,unknown
lnpdb-head-0fc3806fb3264a06,head,parsed,c1cncc(N2CCNCC2)c1,"[""C1=CC(=CN=C1)N2CCNCC2"", ""C1=CC(N2CCNCC2)=CN=C1""]",19,20,1,"[""36997680""]",1,"[""36997680""]","[""BL_2023""]",not_assessed,not_assessed,unknown
lnpdb-head-103e79a8759db71a,head,parsed,Nc1ccc(Oc2ccc(N)cc2)cc1,"[""C1=C(C=CC(=C1)OC2=CC=C(C=C2)N)N""]",5,5,1,"[""24969323""]",1,"[""24969323""]","[""KW_2014""]",not_assessed,not_assessed,unknown
lnpdb-head-10da74de8d1b7b8d,head,parsed,Nc1cccc(N)c1,"[""C1=CC(=CC(=C1)N)N""]",5,5,1,"[""24969323""]",1,"[""24969323""]","[""KW_2014""]",not_assessed,not_assessed,unknown
lnpdb-head-116f7bc83a611101,head,parsed,COc1ccc(N)cc1F,"[""COC1=CC=C(C=C1F)N""]",5,5,1,"[""24969323""]",1,"[""24969323""]","[""KW_2014""]",not_assessed,not_assessed,unknown
lnpdb-head-1287b5f239682a9b,head,parsed,CCCCCCCCNCCCCCCCC,"[""CCCCCCCCNCCCCCCCC"", ""N(CCCCCCCC)CCCCCCCC""]",48,49,2,"[""26729861"", ""33542471""]",2,"[""26729861"", ""33542471""]","[""KZ_2016"", ""SL_2021""]",not_assessed,not_assessed,unknown
lnpdb-head-12d0a01d9052b19d,head,parsed,C#CCCC(=O)NCCCN(C)C,"[""CN(CCCNC(CCC#C)=O)C""]",8,8,1,"[""22902058""]",1,"[""22902058""]","[""LL_2012""]",not_assessed,not_assessed,unknown
lnpdb-head-131b6403abbf8ee2,head,parsed,Nc1ccc(Oc2ccccc2)cc1,"[""C1=CC=C(C=C1)OC2=CC=C(C=C2)N""]",5,5,1,"[""24969323""]",1,"[""24969323""]","[""KW_2014""]",not_assessed,not_assessed,unknown
lnpdb-head-139989ce535a5721,head,parsed,NCC(O)CO,"[""C(C(CO)O)N""]",20,20,2,"[""18438401"", ""36997680""]",2,"[""18438401"", ""36997680""]","[""AA_2008"", ""BL_2023""]",not_assessed,not_assessed,unknown
lnpdb-head-14541dbc8938f378,head,parsed,CC(N)CO,"[""CC(CO)N""]",5,5,1,"[""24969323""]",1,"[""24969323""]","[""KW_2014""]",not_assessed,not_assessed,unknown
lnpdb-head-148926b080ac742d,head,parsed,C1CN2CCN(CCN1)CC2,"[""C1CN2CCNCCN1CC2""]",10,14,1,"[""36997680""]",1,"[""36997680""]","[""BL_2023""]",not_assessed,not_assessed,unknown
lnpdb-head-15df73f4c551fc75,head,parsed,C=CCCN,"[""C=CCCN""]",5,5,1,"[""24969323""]",1,"[""24969323""]","[""KW_2014""]",not_assessed,not_assessed,unknown
lnpdb-head-166295f53d5bba89,head,parsed,CCN1CCOCC1,"[""CCN1CCOCC1""]",7,14,1,"[""39502027""]",1,"[""39502027""]","[""SY_2025""]",not_assessed,not_assessed,unknown
lnpdb-head-178ecbd805867578,head,parsed,NCCN1CCCC1,"[""C1CCN(C1)CCN"", ""NCCN1CCCC1""]",165,236,10,"[""18438401"", ""24969323"", ""26729861"", ""36997680"", ""37127709"", ""37591187"", ""37661193"", ""38060560"", ""38740955"", ""39060305""]",10,"[""18438401"", ""24969323"", ""26729861"", ""36997680"", ""37127709"", ""37591187"", ""37661193"", ""38060560"", ""38740955"", ""39060305""]","[""AA_2008"", ""BL_2023"", ""BL_2024"", ""JC_2023"", ""KW_2014"", ""KZ_2016"", ""LR_2023"", ""YX_2024"", ""YY_2023"", ""ZH_2023""]",not_assessed,not_assessed,unknown
lnpdb-head-17c8534a4aba84a9,head,parsed,CC(C)(C)NCCNC(C)(C)C,"[""CC(C)(C)NCCNC(C)(C)C""]",5,5,1,"[""24969323""]",1,"[""24969323""]","[""KW_2014""]",not_assessed,not_assessed,unknown
lnpdb-head-18329b14012b80ef,head,parsed,CCN1CCCCC1,"[""CCN1CCCCC1""]",1,2,1,"[""39502027""]",1,"[""39502027""]","[""SY_2025""]",not_assessed,not_assessed,unknown
lnpdb-head-19093c3867237006,head,parsed,NCCNCCNCCN,"[""C(CNCCNCCN)N"", ""NCCNCCNCCN""]",78,82,4,"[""18438401"", ""20080679"", ""24969323"", ""33542471""]",4,"[""18438401"", ""20080679"", ""24969323"", ""33542471""]","[""AA_2008"", ""KL_2010"", ""KW_2014"", ""SL_2021""]",not_assessed,not_assessed,unknown
lnpdb-head-1b3a6fbf9da94450,head,parsed,CCN(CC)CCNCCN(CC)CC,"[""CCN(CC)CCNCCN(CC)CC""]",26,26,2,"[""36997680"", ""37127709""]",2,"[""36997680"", ""37127709""]","[""BL_2023"", ""LR_2023""]",not_assessed,not_assessed,unknown
lnpdb-head-1d70131e3fc6453a,head,parsed,c1ccc(N2CCNCC2)nc1,"[""C1=CC(=NC=C1)N2CCNCC2""]",10,10,1,"[""36997680""]",1,"[""36997680""]","[""BL_2023""]",not_assessed,not_assessed,unknown
lnpdb-head-1f570ec28818fe7a,head,parsed,OCCNCCNCCO,"[""C(CNCCO)NCCO"", ""OCCNCCNCCO""]",46,55,4,"[""18438401"", ""20080679"", ""24969323"", ""36269150""]",4,"[""18438401"", ""20080679"", ""24969323"", ""36269150""]","[""AA_2008"", ""KL_2010"", ""KW_2014"", ""ZL_2022""]",not_assessed,not_assessed,unknown
lnpdb-head-1f75cfb7aee561bf,head,parsed,CCC1CCCCN1CCCN,"[""CCC1CCCCN1CCCN""]",8,11,1,"[""38740955""]",1,"[""38740955""]","[""BL_2024""]",not_assessed,not_assessed,unknown
lnpdb-head-1f7cef25fd3e63f3,head,parsed,C1CNCCCNCCCNC1,"[""C1CNCCCNCCCNC1""]",5,5,1,"[""24969323""]",1,"[""24969323""]","[""KW_2014""]",not_assessed,not_assessed,unknown
lnpdb-head-2136c9b3be7578c8,head,parsed,Nc1cc(F)cc(F)c1,"[""C1=C(C=C(C=C1F)N)F""]",5,5,1,"[""24969323""]",1,"[""24969323""]","[""KW_2014""]",not_assessed,not_assessed,unknown
lnpdb-head-21f9fc69396d4171,head,parsed,NC(c1ccccc1)c1ccccc1,"[""C1=CC=C(C=C1)C(C2=CC=CC=C2)N""]",5,5,1,"[""24969323""]",1,"[""24969323""]","[""KW_2014""]",not_assessed,not_assessed,unknown
lnpdb-head-22b702751341b056,head,parsed,Nc1cccc(F)c1,"[""C1=CC(=CC(=C1)N)F""]",5,5,1,"[""24969323""]",1,"[""24969323""]","[""KW_2014""]",not_assessed,not_assessed,unknown
lnpdb-head-22ea4da4f1694193,head,parsed,Nc1ccc(F)cc1C(F)(F)F,"[""C1=C(C=C(C(=C1)N)C(F)(F)F)F""]",5,5,1,"[""24969323""]",1,"[""24969323""]","[""KW_2014""]",not_assessed,not_assessed,unknown
lnpdb-head-230e6d5de79f6228,head,parsed,NCCCN1CCNCC1,"[""C(CN)CN1CCNCC1""]",8,9,1,"[""37853662""]",1,"[""37853662""]","[""ZC_2023""]",not_assessed,not_assessed,unknown
lnpdb-head-2435a3ef01e144c0,head,parsed,NCCN1CCNCC1,"[""C(CN1CCNCC1)N"", ""NCCN1CCNCC1""]",137,200,4,"[""26729861"", ""33542471"", ""38060560"", ""39060305""]",4,"[""26729861"", ""33542471"", ""38060560"", ""39060305""]","[""JC_2023"", ""KZ_2016"", ""SL_2021"", ""YX_2024""]",not_assessed,not_assessed,unknown
lnpdb-head-249e795b499dc1f6,head,parsed,CC(C)NCCN(CCNC(C)C)CCNC(C)C,"[""CC(C)NCCN(CCNC(C)C)CCNC(C)C""]",25,25,2,"[""27981708"", ""38437545""]",2,"[""27981708"", ""38437545""]","[""JM_2016"", ""NC_2024""]",not_assessed,not_assessed,unknown
lnpdb-head-24ab9154b12082dc,head,parsed,CCOCCN,"[""CCOCCN""]",12,16,2,"[""18438401"", ""24969323""]",2,"[""18438401"", ""24969323""]","[""AA_2008"", ""KW_2014""]",not_assessed,not_assessed,unknown
lnpdb-head-25da0fa00bfac4d0,head,parsed,C=CC(=O)OCCCCCCCC,"[""C=CC(=O)OCCCCCCCC""]",10,10,1,"[""38969646""]",1,"[""38969646""]","[""KS_2024""]",not_assessed,not_assessed,unknown
lnpdb-head-264cca5b37089ca7,head,parsed,CCCNCCCN,"[""CCCNCCCN""]",5,5,1,"[""24969323""]",1,"[""24969323""]","[""KW_2014""]",not_assessed,not_assessed,unknown
lnpdb-head-28478f9847079b8e,head,parsed,Nc1cc(F)ccc1F,"[""C1=CC(=C(C=C1F)N)F""]",5,5,1,"[""24969323""]",1,"[""24969323""]","[""KW_2014""]",not_assessed,not_assessed,unknown
lnpdb-head-28879bf9aea72972,head,invalid,,"[""CN1CCC(CC1)C(=O)O_""]",22,31,1,"[""37990414""]",1,"[""37990414""]","[""YX_2023""]",not_assessed,not_assessed,unknown
lnpdb-head-292385304c4d9468,head,parsed,CC(C)C[NH],"[""CC(C)C[NH]""]",5,5,1,"[""24969323""]",1,"[""24969323""]","[""KW_2014""]",not_assessed,not_assessed,unknown
lnpdb-head-29b30670054501e8,head,parsed,CN1CCN(CCCN)CC1,"[""CN1CCN(CCCN)CC1""]",101,115,8,"[""26729861"", ""33305471"", ""36997680"", ""37127709"", ""37661193"", ""37853662"", ""38424061"", ""38740955""]",8,"[""26729861"", ""33305471"", ""36997680"", ""37127709"", ""37661193"", ""37853662"", ""38424061"", ""38740955""]","[""BL_2023"", ""BL_2024"", ""KZ_2016"", ""LR_2023"", ""LX_2024"", ""SL_2020"", ""ZC_2023"", ""ZH_2023""]",not_assessed,not_assessed,unknown
lnpdb-head-29dedd31e4e0a1d8,head,parsed,CC(CN)CCCCN,"[""CC(CN)CCCCN""]",13,13,1,"[""38437545""]",1,"[""38437545""]","[""NC_2024""]",not_assessed,not_assessed,unknown
lnpdb-head-2a2ec079640d6d5f,head,parsed,CN(CCCN)c1ccccc1,"[""CN(CCCN)C1=CC=CC=C1""]",1,2,1,"[""37661193""]",1,"[""37661193""]","[""ZH_2023""]",not_assessed,not_assessed,unknown
lnpdb-head-2a6f3eb26286e2fd,head,parsed,C[C@@H](O)CN,"[""C[C@H](CN)O""]",5,5,1,"[""24969323""]",1,"[""24969323""]","[""KW_2014""]",not_assessed,not_assessed,unknown
lnpdb-head-2ab48301d0b3116c,head,parsed,NCCNCc1ccccc1,"[""C1=CC=C(C=C1)CNCCN""]",5,5,1,"[""24969323""]",1,"[""24969323""]","[""KW_2014""]",not_assessed,not_assessed,unknown
lnpdb-head-2ac142e6b77d1877,head,parsed,CCCCCCCCCCN,"[""NCCCCCCCCCC""]",35,36,1,"[""26729861""]",1,"[""26729861""]","[""KZ_2016""]",not_assessed,not_assessed,unknown
lnpdb-head-2bbd089ae9a1aac4,head,parsed,CN1CCC(CN)CC1,"[""CN1CCC(CC1)CN""]",40,41,2,"[""24969323"", ""26729861""]",2,"[""24969323"", ""26729861""]","[""KW_2014"", ""KZ_2016""]",not_assessed,not_assessed,unknown
lnpdb-head-2d6c4d82a46c6dd9,head,parsed,OCCCN1CCNCC1,"[""C(CN1CCNCC1)CO""]",8,8,1,"[""36269150""]",1,"[""36269150""]","[""ZL_2022""]",not_assessed,not_assessed,unknown
lnpdb-head-2dfd11007d414c25,head,parsed,NC1CCCC(N)C1,"[""C1CC(CC(C1)N)N""]",5,5,1,"[""24969323""]",1,"[""24969323""]","[""KW_2014""]",not_assessed,not_assessed,unknown
lnpdb-head-2e82195c627a6bc0,head,parsed,CCCCCCCCCCCCN,"[""NCCCCCCCCCCCC""]",35,36,1,"[""26729861""]",1,"[""26729861""]","[""KZ_2016""]",not_assessed,not_assessed,unknown
lnpdb-head-2ebd79982d8222b6,head,invalid,,"[""CC(N)CN_""]",13,13,1,"[""38437545""]",1,"[""38437545""]","[""NC_2024""]",not_assessed,not_assessed,unknown
lnpdb-head-2efb7ab1c1dff1a9,head,parsed,NCCOCCO,"[""C(COCCO)N""]",12,17,2,"[""18438401"", ""24969323""]",2,"[""18438401"", ""24969323""]","[""AA_2008"", ""KW_2014""]",not_assessed,not_assessed,unknown
lnpdb-head-2f9a98ad9ed353ef,head,parsed,NCCOCCOCCOCCN,"[""C(COCCOCCOCCN)N""]",5,5,1,"[""24969323""]",1,"[""24969323""]","[""KW_2014""]",not_assessed,not_assessed,unknown
lnpdb-head-2fc2f2e6a8dc9c7a,head,parsed,[NH]CCCN1CCCCCC1,"[""C1CCCN(CC1)CCC[NH]""]",10,10,1,"[""36997680""]",1,"[""36997680""]","[""BL_2023""]",not_assessed,not_assessed,unknown
lnpdb-head-3073c1b1daa81d58,head,parsed,CCC1CCC(CCN)CC1,"[""CCC1CCC(CC1)CCN""]",5,5,1,"[""24969323""]",1,"[""24969323""]","[""KW_2014""]",not_assessed,not_assessed,unknown
lnpdb-head-314b1bcb42b11415,head,parsed,CN1CCC(N)CC1,"[""CN1CCC(CC1)N""]",81,143,3,"[""24969323"", ""38060560"", ""39060305""]",3,"[""24969323"", ""38060560"", ""39060305""]","[""JC_2023"", ""KW_2014"", ""YX_2024""]",not_assessed,not_assessed,unknown
lnpdb-head-3260332978b75291,head,parsed,CC(C)c1ccccc1N,"[""CC(C)C1=CC=CC=C1N""]",5,5,1,"[""24969323""]",1,"[""24969323""]","[""KW_2014""]",not_assessed,not_assessed,unknown
lnpdb-head-32d3a676c67dc35e,head,parsed,C#CCCCC(=O)NCCN(C)C,"[""CN(C)CCNC(=O)CCCC#C""]",8,8,1,"[""22902058""]",1,"[""22902058""]","[""LL_2012""]",not_assessed,not_assessed,unknown
lnpdb-head-32f3aa92e302f259,head,parsed,Nc1ccc(Nc2ccccc2)cc1,"[""C1=CC=C(C=C1)NC2=CC=C(C=C2)N""]",5,5,1,"[""24969323""]",1,"[""24969323""]","[""KW_2014""]",not_assessed,not_assessed,unknown
lnpdb-head-3339ef435a025e45,head,parsed,CCC(C)N,"[""CCC(C)N""]",5,5,1,"[""24969323""]",1,"[""24969323""]","[""KW_2014""]",not_assessed,not_assessed,unknown
lnpdb-head-336b0272d945bdfb,head,parsed,NCc1ccccc1F,"[""C1=CC(=C(C=C1)F)CN""]",5,5,1,"[""24969323""]",1,"[""24969323""]","[""KW_2014""]",not_assessed,not_assessed,unknown
lnpdb-head-33afef37b67edff9,head,parsed,NN1CCN(CCO)CC1,"[""C1CN(CCN1CCO)N""]",8,8,1,"[""36269150""]",1,"[""36269150""]","[""ZL_2022""]",not_assessed,not_assessed,unknown
lnpdb-head-33b1397ab4fd548b,head,parsed,C=CC(=O)OCC(CC)(COCC(CC)(COC(=O)C=C)COC(=O)C=C)COC(=O)C=C,"[""CCC(COCC(CC)(COC(=O)C=C)COC(=O)C=C)(COC(=O)C=C)COC(=O)C=C""]",10,10,1,"[""38969646""]",1,"[""38969646""]","[""KS_2024""]",not_assessed,not_assessed,unknown
lnpdb-head-33e8bc03d2917410,head,parsed,C#CCCCC(=O)NCCCN(CC)CC,"[""CCN(CCCNC(CCCC#C)=O)CC""]",8,8,1,"[""22902058""]",1,"[""22902058""]","[""LL_2012""]",not_assessed,not_assessed,unknown
lnpdb-head-3621356cb5e90dbc,head,parsed,CC(C)N,"[""CC(C)N""]",5,5,1,"[""24969323""]",1,"[""24969323""]","[""KW_2014""]",not_assessed,not_assessed,unknown
lnpdb-head-362213e60d2930ed,head,parsed,NC1CCN(Cc2ccccc2)CC1,"[""NC1CCN(CC2=CC=CC=C2)CC1""]",8,8,1,"[""38740955""]",1,"[""38740955""]","[""BL_2024""]",not_assessed,not_assessed,unknown
lnpdb-head-364649bef0b0f46a,head,parsed,CNCCCn1ccnc1,"[""CNCCCN1C=CN=C1""]",10,10,1,"[""36997680""]",1,"[""36997680""]","[""BL_2023""]",not_assessed,not_assessed,unknown
lnpdb-head-36e5cae9b8b4bc36,head,parsed,NCCc1ccccc1F,"[""C1=CC(=C(C=C1)F)CCN""]",5,5,1,"[""24969323""]",1,"[""24969323""]","[""KW_2014""]",not_assessed,not_assessed,unknown
lnpdb-head-373ef76f0be178e7,head,parsed,NCc1cccc(F)c1,"[""C1=CC(=CC(=C1)CN)F""]",5,5,1,"[""24969323""]",1,"[""24969323""]","[""KW_2014""]",not_assessed,not_assessed,unknown
lnpdb-head-37cfaec5d6330dbf,head,parsed,CCNCCN(C)C,"[""CCNCCN(C)C""]",90,94,1,"[""31570898""]",1,"[""31570898""]","[""LM_2019""]",not_assessed,not_assessed,unknown
lnpdb-head-398952335c3c9a9a,head,parsed,NCc1cccc(N)c1,"[""C1=CC(=CC(=C1)N)CN""]",5,5,1,"[""24969323""]",1,"[""24969323""]","[""KW_2014""]",not_assessed,not_assessed,unknown
lnpdb-head-399139e6ee72bd06,head,parsed,NCCCN1CCOCC1,"[""C(CN)CN1CCOCC1"", ""NCCCN1CCOCC1""]",128,194,7,"[""18438401"", ""24969323"", ""36997680"", ""38060560"", ""38740955"", ""39060305"", ""39099464""]",7,"[""18438401"", ""24969323"", ""36997680"", ""38060560"", ""38740955"", ""39060305"", ""39099464""]","[""AA_2008"", ""BL_2023"", ""BL_2024"", ""JC_2023"", ""KW_2014"", ""YR_2024"", ""YX_2024""]",not_assessed,not_assessed,unknown
lnpdb-head-3a0b46e7677f298f,head,parsed,CC1(N)CCC(C(C)(C)N)CC1,"[""CC(C)(C1CCC(C)(CC1)N)N""]",13,22,1,"[""38437545""]",1,"[""38437545""]","[""NC_2024""]",not_assessed,not_assessed,unknown
lnpdb-head-3c4e17ae63434e43,head,parsed,C=CC(=O)OCC(CO)(COCC(COC(=O)C=C)(COC(=O)C=C)COC(=O)C=C)COC(=O)C=C,"[""C=CC(=O)OCC(CO)(COCC(COC(=O)C=C)(COC(=O)C=C)COC(=O)C=C)COC(=O)C=C""]",10,10,1,"[""38969646""]",1,"[""38969646""]","[""KS_2024""]",not_assessed,not_assessed,unknown
lnpdb-head-3c913b409b5e82d8,head,parsed,NC(CO)CO,"[""C(C(CO)N)O""]",9,9,1,"[""18438401""]",1,"[""18438401""]","[""AA_2008""]",not_assessed,not_assessed,unknown
lnpdb-head-3c94bd95cfbe1eeb,head,parsed,C=CC(=O)OCC(CO)(COC(=O)C=C)COC(=O)C=C,"[""C=CC(=O)OCC(CO)(COC(=O)C=C)COC(=O)C=C""]",10,10,1,"[""38969646""]",1,"[""38969646""]","[""KS_2024""]",not_assessed,not_assessed,unknown
lnpdb-head-3ca9e2641c1c615b,head,parsed,COCCN,"[""COCCN""]",24,40,3,"[""18438401"", ""24969323"", ""37661193""]",3,"[""18438401"", ""24969323"", ""37661193""]","[""AA_2008"", ""KW_2014"", ""ZH_2023""]",not_assessed,not_assessed,unknown
lnpdb-head-3cf6869f2c47ebcf,head,parsed,CCCCN(CCO)CCO,"[""CCCCN(CCO)CCO""]",8,8,1,"[""36269150""]",1,"[""36269150""]","[""ZL_2022""]",not_assessed,not_assessed,unknown
lnpdb-head-3d1ec09af9124802,head,parsed,COc1ccccc1N,"[""COC1=CC=CC=C1N""]",5,5,1,"[""24969323""]",1,"[""24969323""]","[""KW_2014""]",not_assessed,not_assessed,unknown
lnpdb-head-3d724cafb578a296,head,parsed,CCN(C)C,"[""CCN(C)C""]",8,14,1,"[""39502027""]",1,"[""39502027""]","[""SY_2025""]",not_assessed,not_assessed,unknown
lnpdb-head-3d7498e8ec97c6c0,head,parsed,CN(C)CCCN,"[""CN(C)CCCN"", ""CN(CCCN)C""]",446,2787,15,"[""18438401"", ""31570898"", ""33305471"", ""35879315"", ""36997680"", ""37127709"", ""37661193"", ""37853662"", ""38060560"", ""38082180"", ""38409275"", ""38424061"", ""38740955"", ""39060305"", ""39099464""]",15,"[""18438401"", ""31570898"", ""33305471"", ""35879315"", ""36997680"", ""37127709"", ""37661193"", ""37853662"", ""38060560"", ""38082180"", ""38409275"", ""38424061"", ""38740955"", ""39060305"", ""39099464""]","[""AA_2008"", ""BL_2023"", ""BL_2024"", ""JC_2023"", ""LM_2019"", ""LR_2023"", ""LX_2024"", ""SL_2020"", ""XH_2024"", ""YR_2024"", ""YX_2024"", ""YZ_2022"", ""YZ_2024"", ""ZC_2023"", ""ZH_2023""]",not_assessed,not_assessed,unknown
lnpdb-head-406cf351653fceaa,head,parsed,CC(C)(C)c1ccc(N)cc1,"[""CC(C)(C)C1=CC=C(C=C1)N""]",5,5,1,"[""24969323""]",1,"[""24969323""]","[""KW_2014""]",not_assessed,not_assessed,unknown
lnpdb-head-4281b26c65603753,head,parsed,NCCCCNCCCN,"[""C(CCNCCCN)CN""]",13,13,1,"[""38437545""]",1,"[""38437545""]","[""NC_2024""]",not_assessed,not_assessed,unknown
lnpdb-head-43574b8ae1dbc97e,head,parsed,CC(N)CN(C)C,"[""CC(CN(C)C)N""]",10,10,1,"[""18438401""]",1,"[""18438401""]","[""AA_2008""]",not_assessed,not_assessed,unknown
lnpdb-head-456d4299caa6eec1,head,parsed,Cc1ccc(N)cc1N,"[""CC1=C(C=C(C=C1)N)N""]",5,5,1,"[""24969323""]",1,"[""24969323""]","[""KW_2014""]",not_assessed,not_assessed,unknown
lnpdb-head-45a1f77107201393,head,parsed,CCCN,"[""CCCN""]",17,29,2,"[""24969323"", ""37661193""]",2,"[""24969323"", ""37661193""]","[""KW_2014"", ""ZH_2023""]",not_assessed,not_assessed,unknown
lnpdb-head-4604e9845d781e27,head,parsed,CC1CC(CC2CCC(N)C(C)C2)CCC1N,"[""CC1CC(CCC1N)CC2CCC(C(C)C2)N""]",5,5,1,"[""24969323""]",1,"[""24969323""]","[""KW_2014""]",not_assessed,not_assessed,unknown
lnpdb-head-470f4b3a6da1f4f2,head,parsed,Nc1ccccc1Nc1ccccc1,"[""C1=CC=C(C=C1)NC2=CC=CC=C2N""]",5,5,1,"[""24969323""]",1,"[""24969323""]","[""KW_2014""]",not_assessed,not_assessed,unknown
lnpdb-head-4741dacce812238e,head,parsed,C1CNCCCNCCNCCCNC1,"[""C1CNCCCNCCNCCCNC1""]",5,5,1,"[""24969323""]",1,"[""24969323""]","[""KW_2014""]",not_assessed,not_assessed,unknown
lnpdb-head-479cc329d1eaf306,head,parsed,NC1Cc2ccccc2C1,"[""C1=CC2=C(C=C1)CC(C2)N""]",5,5,1,"[""24969323""]",1,"[""24969323""]","[""KW_2014""]",not_assessed,not_assessed,unknown
lnpdb-head-48ae513d36bdd14c,head,parsed,NCCCCCCNCCCCCCN,"[""C(CCCNCCCCCCN)CCN""]",5,5,1,"[""24969323""]",1,"[""24969323""]","[""KW_2014""]",not_assessed,not_assessed,unknown
lnpdb-head-499d5335ca14e2f5,head,parsed,c1ccc(C2CCN2)cc1,"[""C1=CC=C(C=C1)C2CCN2""]",10,10,1,"[""36997680""]",1,"[""36997680""]","[""BL_2023""]",not_assessed,not_assessed,unknown
lnpdb-head-4a7148e00936c784,head,parsed,NC1CCCCCCC1,"[""C1CCCC(CCC1)N""]",5,5,1,"[""24969323""]",1,"[""24969323""]","[""KW_2014""]",not_assessed,not_assessed,unknown
lnpdb-head-4ab59f23c4631282,head,parsed,CC(C)c1ccc(N)cc1,"[""CC(C)C1=CC=C(C=C1)N""]",5,5,1,"[""24969323""]",1,"[""24969323""]","[""KW_2014""]",not_assessed,not_assessed,unknown
lnpdb-head-4b761011d88e1bd4,head,parsed,O=S(=O)(O)CCN1CCN(CCO)CC1,"[""O=S(=O)(O)CCN1CCN(CCO)CC1""]",260,260,1,"[""37480759""]",1,"[""37480759""]","[""RG_2023""]",not_assessed,not_assessed,unknown
lnpdb-head-4be5ce0d7a8dadf1,head,parsed,NCc1ccccc1N,"[""C1=CC=C(C(=C1)CN)N""]",5,5,1,"[""24969323""]",1,"[""24969323""]","[""KW_2014""]",not_assessed,not_assessed,unknown
lnpdb-head-4deb74d011b38011,head,parsed,CCCCCCCN,"[""CCCCCCCN""]",13,13,1,"[""33542471""]",1,"[""33542471""]","[""SL_2021""]",not_assessed,not_assessed,unknown
lnpdb-head-4e8b5a5f2362dc26,head,parsed,CN(C(=O)CN)c1ccccc1,"[""CN(C1=CC=CC=C1)C(=O)CN""]",5,5,1,"[""24969323""]",1,"[""24969323""]","[""KW_2014""]",not_assessed,not_assessed,unknown
lnpdb-head-4e8f8341fd6ef5d6,head,parsed,Cc1ccc(N)c(N)c1,"[""CC1=CC(=C(C=C1)N)N""]",5,5,1,"[""24969323""]",1,"[""24969323""]","[""KW_2014""]",not_assessed,not_assessed,unknown
lnpdb-head-4f06dfa437a0a51b,head,parsed,CC1(C)OCC(CN)O1,"[""CC1(C)OCC(CN)O1""]",12,16,2,"[""18438401"", ""24969323""]",2,"[""18438401"", ""24969323""]","[""AA_2008"", ""KW_2014""]",not_assessed,not_assessed,unknown
lnpdb-head-4f220c0a61a3704a,head,parsed,C#CCCC(=O)N1CCN(CCN(C)C)CC1,"[""C1N(C(CCC#C)=O)CCN(CCN(C)C)C1""]",8,8,1,"[""22902058""]",1,"[""22902058""]","[""LL_2012""]",not_assessed,not_assessed,unknown
lnpdb-head-4f78a84950402f42,head,parsed,OCCN1CCC(CCCC2CCNCC2)CC1,"[""C(CC1CCNCC1)CC2CCN(CC2)CCO""]",10,10,1,"[""36997680""]",1,"[""36997680""]","[""BL_2023""]",not_assessed,not_assessed,unknown
lnpdb-head-4faead33ebad4f6c,head,parsed,NCC1C[CH]CO1,"[""[CH]1CC(CN)OC1""]",5,5,1,"[""24969323""]",1,"[""24969323""]","[""KW_2014""]",not_assessed,not_assessed,unknown
lnpdb-head-4fff17b8d9e3f6a3,head,parsed,CC(C)C(C)N,"[""CC(C)C(C)N""]",5,5,1,"[""24969323""]",1,"[""24969323""]","[""KW_2014""]",not_assessed,not_assessed,unknown
lnpdb-head-5022fe03ad2901b1,head,parsed,CN(C)CCN,"[""CN(C)CCN""]",428,550,13,"[""24969323"", ""26729861"", ""31570898"", ""33305471"", ""36997680"", ""37127709"", ""37661193"", ""37853662"", ""38060560"", ""38424061"", ""38740955"", ""39060305"", ""39099464""]",13,"[""24969323"", ""26729861"", ""31570898"", ""33305471"", ""36997680"", ""37127709"", ""37661193"", ""37853662"", ""38060560"", ""38424061"", ""38740955"", ""39060305"", ""39099464""]","[""BL_2023"", ""BL_2024"", ""JC_2023"", ""KW_2014"", ""KZ_2016"", ""LM_2019"", ""LR_2023"", ""LX_2024"", ""SL_2020"", ""YR_2024"", ""YX_2024"", ""ZC_2023"", ""ZH_2023""]",not_assessed,not_assessed,unknown
lnpdb-head-5043da7356b117fa,head,parsed,Nc1ccc(C2(c3ccc(N)cc3)c3ccccc3-c3ccccc32)cc1,"[""C1=CC2=C(C=C1)C(C3=CC=C(C=C3)N)(C4=CC=C(C=C4)N)C5=C2C=CC=C5""]",5,5,1,"[""24969323""]",1,"[""24969323""]","[""KW_2014""]",not_assessed,not_assessed,unknown
lnpdb-head-50ce7abac694c0dc,head,parsed,CCCCN(CCN)CCN(CCN)CCCC,"[""CCCCN(CCN)CCN(CCN)CCCC""]",13,22,1,"[""38437545""]",1,"[""38437545""]","[""NC_2024""]",not_assessed,not_assessed,unknown
lnpdb-head-5241c22b0680fbfe,head,parsed,Cc1c(N)cccc1N,"[""CC1=C(C=CC=C1N)N""]",5,5,1,"[""24969323""]",1,"[""24969323""]","[""KW_2014""]",not_assessed,not_assessed,unknown
lnpdb-head-5305d59c43efe1a3,head,parsed,C=CC(=O)OCCCCCCCCCCCCCCCCCC,"[""CCCCCCCCCCCCCCCCCCOC(=O)C=C""]",10,10,1,"[""38969646""]",1,"[""38969646""]","[""KS_2024""]",not_assessed,not_assessed,unknown
lnpdb-head-53a65021fcd3ad7e,head,parsed,C[C@H](O)CN,"[""C[C@@H](CN)O""]",11,11,1,"[""18438401""]",1,"[""18438401""]","[""AA_2008""]",not_assessed,not_assessed,unknown
lnpdb-head-5471934d22b99ccb,head,parsed,NCCC(=O)N1CCNCC1,"[""C(CN)C(=O)N1CCNCC1""]",5,5,1,"[""24969323""]",1,"[""24969323""]","[""KW_2014""]",not_assessed,not_assessed,unknown
lnpdb-head-54ea8708196ba87e,head,parsed,CCCCN(CCCC)CCCN,"[""CCCCN(CCCC)CCCN""]",204,271,3,"[""38060560"", ""38740955"", ""39060305""]",3,"[""38060560"", ""38740955"", ""39060305""]","[""BL_2024"", ""JC_2023"", ""YX_2024""]",not_assessed,not_assessed,unknown
lnpdb-head-550aa3364ca90637,head,parsed,NCCCNCCNCCCN,"[""C(CN)CNCCNCCCN""]",10,10,1,"[""36997680""]",1,"[""36997680""]","[""BL_2023""]",not_assessed,not_assessed,unknown
lnpdb-head-5542eaaa4443718b,head,parsed,CNCCCN,"[""CNCCCN""]",49,53,4,"[""18438401"", ""20080679"", ""24969323"", ""36997680""]",4,"[""18438401"", ""20080679"", ""24969323"", ""36997680""]","[""AA_2008"", ""BL_2023"", ""KL_2010"", ""KW_2014""]",not_assessed,not_assessed,unknown
lnpdb-head-5645ca4f54c31d18,head,parsed,c1ccc(C2CNCCN2)cc1,"[""C1=CC=C(C=C1)C2CNCCN2""]",5,5,1,"[""24969323""]",1,"[""24969323""]","[""KW_2014""]",not_assessed,not_assessed,unknown
lnpdb-head-564be89a0d647441,head,parsed,C1CNCCN1,"[""C1CNCCN1""]",5,5,1,"[""24969323""]",1,"[""24969323""]","[""KW_2014""]",not_assessed,not_assessed,unknown
lnpdb-head-5860f9e15494d714,head,parsed,CN1CCCCN(CCN)CC1,"[""CN1CCCCN(CCN)CC1""]",10,10,1,"[""36997680""]",1,"[""36997680""]","[""BL_2023""]",not_assessed,not_assessed,unknown
lnpdb-head-58ba17cd6586a992,head,parsed,CCCCCCCCCCCCNCCCCCCCCCCCC,"[""CCCCCCCCCCCCNCCCCCCCCCCCC""]",13,13,1,"[""33542471""]",1,"[""33542471""]","[""SL_2021""]",not_assessed,not_assessed,unknown
lnpdb-head-5a9f7b06d748498b,head,parsed,NC1CC2CCC1C2,"[""C1CC2CC1CC2N""]",5,5,1,"[""24969323""]",1,"[""24969323""]","[""KW_2014""]",not_assessed,not_assessed,unknown
lnpdb-head-5ae75e77d9f52c39,head,parsed,CC(O)CN,"[""CC(CN)O""]",10,10,1,"[""18438401""]",1,"[""18438401""]","[""AA_2008""]",not_assessed,not_assessed,unknown
lnpdb-head-5d7cdabb14ee0a3e,head,parsed,NC(c1ccccc1)(c1ccccc1)c1ccccc1,"[""C1=CC=C(C=C1)C(C2=CC=CC=C2)(C3=CC=CC=C3)N""]",5,5,1,"[""24969323""]",1,"[""24969323""]","[""KW_2014""]",not_assessed,not_assessed,unknown
lnpdb-head-5d8e8d0d16ee61ea,head,parsed,NCCCN1CCN(CCCN)CC1,"[""C(CN)CN1CCN(CCCN)CC1"", ""NCCCN1CCN(CCCN)CC1""]",142,245,9,"[""26729861"", ""27981708"", ""33305471"", ""33542471"", ""36997680"", ""37591187"", ""37853662"", ""38424061"", ""38740955""]",9,"[""26729861"", ""27981708"", ""33305471"", ""33542471"", ""36997680"", ""37591187"", ""37853662"", ""38424061"", ""38740955""]","[""BL_2023"", ""BL_2024"", ""JM_2016"", ""KZ_2016"", ""LX_2024"", ""SL_2020"", ""SL_2021"", ""YY_2023"", ""ZC_2023""]",not_assessed,not_assessed,unknown
lnpdb-head-5e1c669f7049cb57,head,parsed,CNCCN(CCNC)CCNC,"[""CNCCN(CCNC)CCNC""]",96,113,4,"[""26729861"", ""27981708"", ""33542471"", ""36997680""]",4,"[""26729861"", ""27981708"", ""33542471"", ""36997680""]","[""BL_2023"", ""JM_2016"", ""KZ_2016"", ""SL_2021""]",not_assessed,not_assessed,unknown
lnpdb-head-5e37d92411f69f04,head,parsed,CCCCCCCCCCN(CCCCCCCCCC)CCCCCCCCCC,"[""CCCCCCCCCCN(CCCCCCCCCC)CCCCCCCCCC""]",13,13,1,"[""33542471""]",1,"[""33542471""]","[""SL_2021""]",not_assessed,not_assessed,unknown
lnpdb-head-5e67d0ef0a1a1d69,head,parsed,CCN(CCN)CCN(CC)CCCN,"[""CCN(CCN)CCN(CC)CCCN""]",13,22,1,"[""38437545""]",1,"[""38437545""]","[""NC_2024""]",not_assessed,not_assessed,unknown
lnpdb-head-5ed3c2f53a20e863,head,parsed,CCNCCO,"[""CCNCCO""]",90,94,1,"[""31570898""]",1,"[""31570898""]","[""LM_2019""]",not_assessed,not_assessed,unknown
lnpdb-head-5f50c928905127d5,head,parsed,[NH3+]CC1CCCCC1,"[""C1CCC(CC1)C[NH3+]""]",5,5,1,"[""24969323""]",1,"[""24969323""]","[""KW_2014""]",not_assessed,not_assessed,unknown
lnpdb-head-601e0536494f76bc,head,parsed,CC1CCC(CCN)CC1,"[""CC1CCC(CC1)CCN""]",5,5,1,"[""24969323""]",1,"[""24969323""]","[""KW_2014""]",not_assessed,not_assessed,unknown
lnpdb-head-612f0104918bc942,head,parsed,CCN1CCC[C@H]1CN,"[""CCN1CCC[C@H]1CN""]",5,5,1,"[""24969323""]",1,"[""24969323""]","[""KW_2014""]",not_assessed,not_assessed,unknown
lnpdb-head-617ff8d4bd16cd21,head,parsed,C=CC(=O)OCC(COCC(COC(=O)C=C)(COC(=O)C=C)COC(=O)C=C)(COC(=O)C=C)COC(=O)C=C,"[""C=CC(=O)OCC(COCC(COC(=O)C=C)(COC(=O)C=C)COC(=O)C=C)(COC(=O)C=C)COC(=O)C=C""]",10,10,1,"[""38969646""]",1,"[""38969646""]","[""KS_2024""]",not_assessed,not_assessed,unknown
lnpdb-head-6193714e9fdd07f7,head,parsed,CC(C)NCCNC(C)C,"[""CC(C)NCCNC(C)C""]",12,16,2,"[""18438401"", ""24969323""]",2,"[""18438401"", ""24969323""]","[""AA_2008"", ""KW_2014""]",not_assessed,not_assessed,unknown
lnpdb-head-62dacbb77ee8556c,head,parsed,Nc1cc(F)c(F)c(F)c1,"[""C1=C(C(=C(C=C1N)F)F)F""]",5,5,1,"[""24969323""]",1,"[""24969323""]","[""KW_2014""]",not_assessed,not_assessed,unknown
lnpdb-head-62ed83fcf94a01c4,head,parsed,Nc1ccc(-c2ccccc2)cc1,"[""C1=CC=C(C=C1)C2=CC=C(C=C2)N""]",5,5,1,"[""24969323""]",1,"[""24969323""]","[""KW_2014""]",not_assessed,not_assessed,unknown
lnpdb-head-6529a6a90e9b7cd4,head,parsed,CCOc1ccccc1N,"[""CCOC1=C(C=CC=C1)N""]",5,5,1,"[""24969323""]",1,"[""24969323""]","[""KW_2014""]",not_assessed,not_assessed,unknown
lnpdb-head-669daed2b9414bc3,head,parsed,OCCCn1ccnc1,"[""C(CN1C=CN=C1)CO""]",8,8,1,"[""36269150""]",1,"[""36269150""]","[""ZL_2022""]",not_assessed,not_assessed,unknown
lnpdb-head-678bdc7a82e5cc22,head,parsed,NCCCN1CCCCC1,"[""C1CCN(CC1)CCCN"", ""NCCCN1CCCCC1""]",34,37,3,"[""36997680"", ""37127709"", ""38740955""]",3,"[""36997680"", ""37127709"", ""38740955""]","[""BL_2023"", ""BL_2024"", ""LR_2023""]",not_assessed,not_assessed,unknown
lnpdb-head-68a82ac476d2dee4,head,parsed,NCCNCCO,"[""C(CNCCO)N""]",46,46,3,"[""18438401"", ""20080679"", ""36269150""]",3,"[""18438401"", ""20080679"", ""36269150""]","[""AA_2008"", ""KL_2010"", ""ZL_2022""]",not_assessed,not_assessed,unknown
lnpdb-head-6908e02d37ad8491,head,parsed,NC1CCNCC1,"[""C1CNCCC1N""]",65,125,2,"[""24969323"", ""39060305""]",2,"[""24969323"", ""39060305""]","[""KW_2014"", ""YX_2024""]",not_assessed,not_assessed,unknown
lnpdb-head-6afe6914d4d384bb,head,parsed,CC(C)(C)c1ccc(C(C)(C)C)c(N)c1,"[""CC(C)(C)C1=CC=C(C(=C1)N)C(C)(C)C""]",5,5,1,"[""24969323""]",1,"[""24969323""]","[""KW_2014""]",not_assessed,not_assessed,unknown
lnpdb-head-6bb30de149321e84,head,parsed,CCOC(CN)OCC,"[""CCOC(CN)OCC""]",10,10,1,"[""36997680""]",1,"[""36997680""]","[""BL_2023""]",not_assessed,not_assessed,unknown
lnpdb-head-6c4307e5afe2f832,head,parsed,OCCC1CCCCN1,"[""C1CCNC(C1)CCO""]",18,18,2,"[""36269150"", ""36997680""]",2,"[""36269150"", ""36997680""]","[""BL_2023"", ""ZL_2022""]",not_assessed,not_assessed,unknown
lnpdb-head-6d2c1498f690e542,head,parsed,CCCCCCN,"[""CCCCCCN""]",18,18,2,"[""24969323"", ""33542471""]",2,"[""24969323"", ""33542471""]","[""KW_2014"", ""SL_2021""]",not_assessed,not_assessed,unknown
lnpdb-head-6f10326f76dae1c6,head,parsed,CC(C)CN1CCCCC1CCN,"[""CC(C)CN1CCCCC1CCN""]",26,26,2,"[""36997680"", ""37127709""]",2,"[""36997680"", ""37127709""]","[""BL_2023"", ""LR_2023""]",not_assessed,not_assessed,unknown
lnpdb-head-6f7518c2e9f2d34c,head,parsed,CCCN(CC)CN,"[""CCCN(CC)CN""]",5,5,1,"[""24969323""]",1,"[""24969323""]","[""KW_2014""]",not_assessed,not_assessed,unknown
lnpdb-head-6f8049cf3494f122,head,parsed,C#CCCC(=O)NCCN1CCCC1,"[""C1N(CCNC(CCC#C)=O)CCC1""]",8,8,1,"[""22902058""]",1,"[""22902058""]","[""LL_2012""]",not_assessed,not_assessed,unknown
lnpdb-head-708c5f52c38d6889,head,parsed,N[C@H]1CCNC1,"[""C1CNC[C@H]1N""]",5,5,1,"[""24969323""]",1,"[""24969323""]","[""KW_2014""]",not_assessed,not_assessed,unknown
lnpdb-head-70dbf8df73316ad6,head,parsed,CCN(CC)CCCN,"[""CCN(CC)CCCN""]",173,307,9,"[""18438401"", ""36997680"", ""37127709"", ""37661193"", ""38060560"", ""38424061"", ""38740955"", ""39060305"", ""39099464""]",9,"[""18438401"", ""36997680"", ""37127709"", ""37661193"", ""38060560"", ""38424061"", ""38740955"", ""39060305"", ""39099464""]","[""AA_2008"", ""BL_2023"", ""BL_2024"", ""JC_2023"", ""LR_2023"", ""LX_2024"", ""YR_2024"", ""YX_2024"", ""ZH_2023""]",not_assessed,not_assessed,unknown
lnpdb-head-70f5397f2b149d42,head,parsed,CNCCN(C)C,"[""CNCCN(C)C""]",135,140,3,"[""26729861"", ""31570898"", ""36997680""]",3,"[""26729861"", ""31570898"", ""36997680""]","[""BL_2023"", ""KZ_2016"", ""LM_2019""]",not_assessed,not_assessed,unknown
lnpdb-head-7128c48de6f2d29c,head,parsed,NCc1cccnc1,"[""C1=CN=CC(=C1)CN""]",8,8,1,"[""38740955""]",1,"[""38740955""]","[""BL_2024""]",not_assessed,not_assessed,unknown
lnpdb-head-71b808d470682775,head,parsed,C#CCCCC(=O)NCCN1CCCC1,"[""C1N(CCNC(CCCC#C)=O)CCC1""]",8,8,1,"[""22902058""]",1,"[""22902058""]","[""LL_2012""]",not_assessed,not_assessed,unknown
lnpdb-head-71ff9381cadde81f,head,parsed,CN1CCCC1C(N)=O,"[""CN1CCCC1C(=O)N""]",5,5,1,"[""24969323""]",1,"[""24969323""]","[""KW_2014""]",not_assessed,not_assessed,unknown
lnpdb-head-727d1931e9889586,head,parsed,CC(C)(C)C(N)CO,"[""CC(C)(C)C(CO)N""]",5,5,1,"[""24969323""]",1,"[""24969323""]","[""KW_2014""]",not_assessed,not_assessed,unknown
lnpdb-head-729e2a23211902f2,head,parsed,Cc1cccc(N)c1N,"[""CC1=CC=CC(=C1N)N""]",5,5,1,"[""24969323""]",1,"[""24969323""]","[""KW_2014""]",not_assessed,not_assessed,unknown
lnpdb-head-734f558a34994ebd,head,parsed,NCCCCCCO,"[""C(CCCO)CCN""]",11,16,2,"[""18438401"", ""24969323""]",2,"[""18438401"", ""24969323""]","[""AA_2008"", ""KW_2014""]",not_assessed,not_assessed,unknown
lnpdb-head-73edf2321f8cf1b9,head,parsed,NCc1ccc(CN)cc1,"[""C1=C(C=CC(=C1)CN)CN""]",35,36,1,"[""26729861""]",1,"[""26729861""]","[""KZ_2016""]",not_assessed,not_assessed,unknown
lnpdb-head-74cdd17b810e8fe9,head,parsed,CCCCCCCCCCCCCNCCCCCCCCCCCCC,"[""CCCCCCCCCCCCCNCCCCCCCCCCCCC""]",13,13,1,"[""33542471""]",1,"[""33542471""]","[""SL_2021""]",not_assessed,not_assessed,unknown
lnpdb-head-755bd07b501d620d,head,parsed,CCCCCCCCCCNCCCCCCCCCC,"[""CCCCCCCCCCNCCCCCCCCCC"", ""N(CCCCCCCCCC)CCCCCCCCCC""]",48,49,2,"[""26729861"", ""33542471""]",2,"[""26729861"", ""33542471""]","[""KZ_2016"", ""SL_2021""]",not_assessed,not_assessed,unknown
lnpdb-head-75a532927ed6298c,head,parsed,CC(C)Oc1cccc(N)c1,"[""CC(C)OC1=CC=CC(=C1)N""]",5,5,1,"[""24969323""]",1,"[""24969323""]","[""KW_2014""]",not_assessed,not_assessed,unknown
lnpdb-head-75f9b652a78c5651,head,parsed,NCC12CC3CC(CC(C3)C1)C2,"[""C1C2CC3CC1CC(C2)(C3)CN""]",5,5,1,"[""24969323""]",1,"[""24969323""]","[""KW_2014""]",not_assessed,not_assessed,unknown
lnpdb-head-76dc9d178575a990,head,parsed,CNCCCCCCNC,"[""CNCCCCCCNC""]",15,15,2,"[""24969323"", ""36997680""]",2,"[""24969323"", ""36997680""]","[""BL_2023"", ""KW_2014""]",not_assessed,not_assessed,unknown
lnpdb-head-76f0052b3fbc72ff,head,parsed,C#CCCC(=O)NCCN(C)C,"[""CN(CCNC(CCC#C)=O)C""]",8,8,1,"[""22902058""]",1,"[""22902058""]","[""LL_2012""]",not_assessed,not_assessed,unknown
lnpdb-head-7705d5dce16959d6,head,parsed,CN1CCCC1CN,"[""CN1CCCC1CN""]",5,5,1,"[""24969323""]",1,"[""24969323""]","[""KW_2014""]",not_assessed,not_assessed,unknown
lnpdb-head-771a73ee60b5fa64,head,parsed,CC(C)OCCCN,"[""CC(C)OCCCN""]",5,5,1,"[""24969323""]",1,"[""24969323""]","[""KW_2014""]",not_assessed,not_assessed,unknown
lnpdb-head-778dbc22c4baaaf2,head,parsed,O=C(O)CCN1CCCCC1,"[""C1CCN(CC1)CCC(=O)O""]",22,31,1,"[""37990414""]",1,"[""37990414""]","[""YX_2023""]",not_assessed,not_assessed,unknown
lnpdb-head-77accbc45e703c2d,head,parsed,Nc1cccc(-c2ccccc2)c1,"[""C1=CC=C(C=C1)C2=CC(=CC=C2)N""]",4,4,1,"[""24969323""]",1,"[""24969323""]","[""KW_2014""]",not_assessed,not_assessed,unknown
lnpdb-head-7b24b6727af51c0e,head,parsed,C#CCCC(=O)NCCCN(CC)CC,"[""CCN(CCCNC(CCC#C)=O)CC""]",8,8,1,"[""22902058""]",1,"[""22902058""]","[""LL_2012""]",not_assessed,not_assessed,unknown
lnpdb-head-7b274fb935d61e16,head,parsed,COC(CN)OC,"[""COC(CN)OC""]",22,26,3,"[""18438401"", ""24969323"", ""36997680""]",3,"[""18438401"", ""24969323"", ""36997680""]","[""AA_2008"", ""BL_2023"", ""KW_2014""]",not_assessed,not_assessed,unknown
lnpdb-head-7b28d25f6ffd78de,head,parsed,CC(C)(C)CC(C)(C)N,"[""CC(C)(C)CC(C)(C)N""]",5,5,1,"[""24969323""]",1,"[""24969323""]","[""KW_2014""]",not_assessed,not_assessed,unknown
lnpdb-head-7b7cd2a1eab6e3f4,head,parsed,CC(C)N1CCN(CCCN)CC1,"[""CC(C)N1CCN(CCCN)CC1""]",5,5,1,"[""24969323""]",1,"[""24969323""]","[""KW_2014""]",not_assessed,not_assessed,unknown
lnpdb-head-7bd44111874f6b4f,head,parsed,CNc1ccc(Cc2ccc(N)cc2)cc1,"[""CNC1=CC=C(C=C1)CC2=CC=C(C=C2)N""]",5,5,1,"[""24969323""]",1,"[""24969323""]","[""KW_2014""]",not_assessed,not_assessed,unknown
lnpdb-head-7c70153cc9eb228e,head,parsed,CCN(CC)CCNC,"[""CCN(CC)CCNC""]",90,94,1,"[""31570898""]",1,"[""31570898""]","[""LM_2019""]",not_assessed,not_assessed,unknown
lnpdb-head-7d4050e022835444,head,parsed,Nc1cn[nH]c1,"[""C1=C(C=NN1)N""]",60,120,1,"[""39060305""]",1,"[""39060305""]","[""YX_2024""]",not_assessed,not_assessed,unknown
lnpdb-head-7d9fafd709d27351,head,parsed,Nc1ccccc1Cc1ccccc1,"[""C1=CC=C(C=C1)CC2=C(C=CC=C2)N""]",5,5,1,"[""24969323""]",1,"[""24969323""]","[""KW_2014""]",not_assessed,not_assessed,unknown
lnpdb-head-7e984e5d1c44b39b,head,parsed,C=CC(=O)OCC(COC(=O)C=C)(COC(=O)C=C)COC(=O)C=C,"[""C=CC(=O)OCC(COC(=O)C=C)(COC(=O)C=C)COC(=O)C=C""]",10,10,1,"[""38969646""]",1,"[""38969646""]","[""KS_2024""]",not_assessed,not_assessed,unknown
lnpdb-head-7ebdd95fd37fc06a,head,parsed,CC(O)CN(CC(C)O)CC(C)O,"[""CC(CN(CC(C)O)CC(C)O)O""]",8,8,1,"[""36269150""]",1,"[""36269150""]","[""ZL_2022""]",not_assessed,not_assessed,unknown
lnpdb-head-80c8cae1a8d330fb,head,parsed,CNCCOCCOCCNC,"[""CNCCOCCOCCNC""]",15,20,2,"[""24969323"", ""36997680""]",2,"[""24969323"", ""36997680""]","[""BL_2023"", ""KW_2014""]",not_assessed,not_assessed,unknown
lnpdb-head-80d3f92b0de4b379,head,parsed,CN(CCN)CCCN(C)CCCN,"[""CN(CCCN)CCCN(C)CCN""]",13,22,1,"[""38437545""]",1,"[""38437545""]","[""NC_2024""]",not_assessed,not_assessed,unknown
lnpdb-head-8121089428858ef3,head,invalid,,"[""C1CNCCC1CN_""]",35,36,1,"[""26729861""]",1,"[""26729861""]","[""KZ_2016""]",not_assessed,not_assessed,unknown
lnpdb-head-82259b8f7e27a9a1,head,parsed,NCCNCCN,"[""C(CNCCN)N""]",40,45,3,"[""20080679"", ""24969323"", ""38437545""]",3,"[""20080679"", ""24969323"", ""38437545""]","[""KL_2010"", ""KW_2014"", ""NC_2024""]",not_assessed,not_assessed,unknown
lnpdb-head-83c746c1e380a006,head,parsed,CCNCCCNCC,"[""CCNCCCNCC""]",101,110,3,"[""18438401"", ""24969323"", ""31570898""]",3,"[""18438401"", ""24969323"", ""31570898""]","[""AA_2008"", ""KW_2014"", ""LM_2019""]",not_assessed,not_assessed,unknown
lnpdb-head-84300fffc32be402,head,parsed,CC(C)N1CCCCC1CCN,"[""CC(C)N1CCCCC1CCN""]",10,10,1,"[""36997680""]",1,"[""36997680""]","[""BL_2023""]",not_assessed,not_assessed,unknown
lnpdb-head-84c112fe804113f1,head,parsed,CN1CCN(CCN)CC1,"[""CN1CCN(CCN)CC1""]",63,77,4,"[""36997680"", ""37127709"", ""38424061"", ""39099464""]",4,"[""36997680"", ""37127709"", ""38424061"", ""39099464""]","[""BL_2023"", ""LR_2023"", ""LX_2024"", ""YR_2024""]",not_assessed,not_assessed,unknown
lnpdb-head-84eac91ea5ac1138,head,parsed,CCC(C)(C)N,"[""CCC(C)(C)N""]",5,6,1,"[""24969323""]",1,"[""24969323""]","[""KW_2014""]",not_assessed,not_assessed,unknown
lnpdb-head-8691e7b56417b7bf,head,parsed,Cc1ccc(N)cc1F,"[""CC1=CC=C(C=C1F)N""]",5,5,1,"[""24969323""]",1,"[""24969323""]","[""KW_2014""]",not_assessed,not_assessed,unknown
lnpdb-head-87a544e013e21359,head,parsed,Nc1ccc(-c2ccc(N)c(N)c2)cc1N,"[""C1=C(C=C(C(=C1)N)N)C2=CC=C(C(=C2)N)N""]",5,5,1,"[""24969323""]",1,"[""24969323""]","[""KW_2014""]",not_assessed,not_assessed,unknown
lnpdb-head-87d66d6227c7fcfa,head,parsed,CCCCCCCC/C=C\CCCCCCCCN,"[""NCCCCCCCC/C=C\\CCCCCCCC""]",5,10,1,"[""37661193""]",1,"[""37661193""]","[""ZH_2023""]",not_assessed,not_assessed,unknown
lnpdb-head-888ffbf0305ab528,head,parsed,Nc1ccc2c(c1)CCCC2,"[""C1CCC2=C(C1)C=CC(=C2)N""]",5,5,1,"[""24969323""]",1,"[""24969323""]","[""KW_2014""]",not_assessed,not_assessed,unknown
lnpdb-head-8891dd1cb466f6b8,head,parsed,NCCn1ccnc1,"[""C(CN1C=CN=C1)N""]",8,9,1,"[""38740955""]",1,"[""38740955""]","[""BL_2024""]",not_assessed,not_assessed,unknown
lnpdb-head-88b2a626d1b45216,head,parsed,C#CCCCC(=O)NCCN(CC)CC,"[""CCN(CCNC(CCCC#C)=O)CC""]",8,8,1,"[""22902058""]",1,"[""22902058""]","[""LL_2012""]",not_assessed,not_assessed,unknown
lnpdb-head-88d05af99603b7a5,head,parsed,Nc1ccc(OC(F)(F)F)cc1,"[""C1=C(C=CC(=C1)OC(F)(F)F)N""]",5,5,1,"[""24969323""]",1,"[""24969323""]","[""KW_2014""]",not_assessed,not_assessed,unknown
lnpdb-head-89f7e078d0b9579b,head,parsed,Cc1nccn1CCCN,"[""CC1=NC=CN1CCCN""]",22,22,1,"[""39099464""]",1,"[""39099464""]","[""YR_2024""]",not_assessed,not_assessed,unknown
lnpdb-head-8a126926c75bbc6a,head,parsed,Nc1ccc2c(c1)Cc1cc(N)ccc1-2,"[""C1=CC2=C(CC3=C2C=CC(=C3)N)C=C1N""]",5,5,1,"[""24969323""]",1,"[""24969323""]","[""KW_2014""]",not_assessed,not_assessed,unknown
lnpdb-head-8ad14967b6758885,head,parsed,CCC1CCCCN1CCN,"[""CCC1CCCCN1CCN""]",8,9,1,"[""38740955""]",1,"[""38740955""]","[""BL_2024""]",not_assessed,not_assessed,unknown
lnpdb-head-8b14bb8bcd9f27c3,head,parsed,CN(CCO)CCO,"[""CN(CCO)CCO""]",8,8,1,"[""36269150""]",1,"[""36269150""]","[""ZL_2022""]",not_assessed,not_assessed,unknown
lnpdb-head-8b28be2a4cd44543,head,parsed,NCC1CCCC(CN)C1,"[""C1CC(CC(C1)CN)CN""]",5,5,1,"[""24969323""]",1,"[""24969323""]","[""KW_2014""]",not_assessed,not_assessed,unknown
lnpdb-head-8be241f45f4274e5,head,parsed,CCN(CCN)CCCN(CC)CCN,"[""CCN(CCCN(CC)CCN)CCN""]",13,22,1,"[""38437545""]",1,"[""38437545""]","[""NC_2024""]",not_assessed,not_assessed,unknown
lnpdb-head-8bf8ca45d5e4389a,head,parsed,CC(N)(CO)CO,"[""CC(CO)(CO)N""]",12,16,2,"[""18438401"", ""24969323""]",2,"[""18438401"", ""24969323""]","[""AA_2008"", ""KW_2014""]",not_assessed,not_assessed,unknown
lnpdb-head-8c96988937165b6b,head,invalid,,"[""C1CCN(C1)CCN_""]",22,22,1,"[""39099464""]",1,"[""39099464""]","[""YR_2024""]",not_assessed,not_assessed,unknown
lnpdb-head-8cb820a14b16c4da,head,parsed,CN1CCNCC1,"[""CN1CCNCC1""]",125,130,2,"[""26729861"", ""31570898""]",2,"[""26729861"", ""31570898""]","[""KZ_2016"", ""LM_2019""]",not_assessed,not_assessed,unknown
lnpdb-head-8d5f9a5acc8059d3,head,parsed,CC(C)CCN,"[""CC(C)CCN""]",4,4,1,"[""24969323""]",1,"[""24969323""]","[""KW_2014""]",not_assessed,not_assessed,unknown
lnpdb-head-8e80123cede16667,head,parsed,CNCCO,"[""CNCCO""]",108,122,3,"[""31570898"", ""36269150"", ""36997680""]",3,"[""31570898"", ""36269150"", ""36997680""]","[""BL_2023"", ""LM_2019"", ""ZL_2022""]",not_assessed,not_assessed,unknown
lnpdb-head-8eb213d261a11e36,head,parsed,CCCCC(CC)CN,"[""CCCCC(CC)CN""]",5,5,1,"[""24969323""]",1,"[""24969323""]","[""KW_2014""]",not_assessed,not_assessed,unknown
lnpdb-head-8f2e4450c2e8499b,head,invalid,,"[""CN1CCN(CCCN)CC1_""]",7,7,1,"[""37591187""]",1,"[""37591187""]","[""YY_2023""]",not_assessed,not_assessed,unknown
lnpdb-head-9167f58a568d75d3,head,parsed,CN(C)CCCCC(=O)O,"[""CN(C)CCCCC(=O)O""]",22,31,1,"[""37990414""]",1,"[""37990414""]","[""YX_2023""]",not_assessed,not_assessed,unknown
lnpdb-head-91ed1ccc3e3c8ed3,head,parsed,CN1CCC(CN2CCNCC2)CC1,"[""CN1CCC(CC1)CN2CCNCC2""]",10,10,1,"[""36997680""]",1,"[""36997680""]","[""BL_2023""]",not_assessed,not_assessed,unknown
lnpdb-head-92554b22f11ebcfb,head,parsed,OCCN1CCN(CCO)CC1,"[""C1CN(CCN1CCO)CCO""]",8,8,1,"[""36269150""]",1,"[""36269150""]","[""ZL_2022""]",not_assessed,not_assessed,unknown
lnpdb-head-925802576705a261,head,parsed,CCCC(C)N,"[""CCCC(C)N""]",5,5,1,"[""24969323""]",1,"[""24969323""]","[""KW_2014""]",not_assessed,not_assessed,unknown
lnpdb-head-926dfc39294c6312,head,parsed,Nc1ccc(OC(F)F)cc1,"[""C1=C(C=CC(=C1)OC(F)F)N""]",5,5,1,"[""24969323""]",1,"[""24969323""]","[""KW_2014""]",not_assessed,not_assessed,unknown
lnpdb-head-9338474eded169f3,head,parsed,C1CNCCNCCNCCNC1,"[""C1CNCCNCCNCCNC1""]",5,5,1,"[""24969323""]",1,"[""24969323""]","[""KW_2014""]",not_assessed,not_assessed,unknown
lnpdb-head-93e89a682d97ca6c,head,parsed,Cn1ccnc1CCO,"[""CN1C=CN=C1CCO""]",8,8,1,"[""36269150""]",1,"[""36269150""]","[""ZL_2022""]",not_assessed,not_assessed,unknown
lnpdb-head-9454d3cf6db1c9b2,head,parsed,Nc1ccc(F)cc1,"[""C1=C(C=CC(=C1)N)F""]",5,5,1,"[""24969323""]",1,"[""24969323""]","[""KW_2014""]",not_assessed,not_assessed,unknown
lnpdb-head-94bcff2d5d1c27a8,head,parsed,CN1CCCN(CCN)CC1,"[""CN1CCCN(CCN)CC1""]",24,24,2,"[""37127709"", ""38740955""]",2,"[""37127709"", ""38740955""]","[""BL_2024"", ""LR_2023""]",not_assessed,not_assessed,unknown
lnpdb-head-94bf44cffcc760bc,head,parsed,NCCN(CCN)CCN,"[""C(CN(CCN)CCN)N"", ""NCCN(CCN)CCN""]",255,341,10,"[""20080679"", ""26729861"", ""27981708"", ""33305471"", ""33542471"", ""37591187"", ""37661193"", ""37853662"", ""38424061"", ""39060305""]",10,"[""20080679"", ""26729861"", ""27981708"", ""33305471"", ""33542471"", ""37591187"", ""37661193"", ""37853662"", ""38424061"", ""39060305""]","[""JM_2016"", ""KL_2010"", ""KZ_2016"", ""LX_2024"", ""SL_2020"", ""SL_2021"", ""YX_2024"", ""YY_2023"", ""ZC_2023"", ""ZH_2023""]",not_assessed,not_assessed,unknown
lnpdb-head-94d0c33ac7861029,head,parsed,NCC1CCC(CN)CC1,"[""C1CC(CCC1CN)CN""]",5,5,1,"[""24969323""]",1,"[""24969323""]","[""KW_2014""]",not_assessed,not_assessed,unknown
lnpdb-head-952a3761780e1051,head,parsed,NCCN,"[""C(CN)N""]",10,10,1,"[""18438401""]",1,"[""18438401""]","[""AA_2008""]",not_assessed,not_assessed,unknown
lnpdb-head-96e4b4270d9f059d,head,parsed,CCCCCCNCCCCCC,"[""CCCCCCNCCCCCC""]",13,13,1,"[""33542471""]",1,"[""33542471""]","[""SL_2021""]",not_assessed,not_assessed,unknown
lnpdb-head-9747a3bcc6a1ae64,head,invalid,,"[""CNCCCN(C)CCCNC_""]",35,36,1,"[""26729861""]",1,"[""26729861""]","[""KZ_2016""]",not_assessed,not_assessed,unknown
lnpdb-head-98547b70e90e9305,head,parsed,C1CNC2NCCNC2N1,"[""C1CNC2C(N1)NCCN2""]",5,5,1,"[""24969323""]",1,"[""24969323""]","[""KW_2014""]",not_assessed,not_assessed,unknown
lnpdb-head-99e587b431868127,head,parsed,NCCCOCCCCOCCCN,"[""C(CCOCCCN)COCCCN""]",5,5,1,"[""24969323""]",1,"[""24969323""]","[""KW_2014""]",not_assessed,not_assessed,unknown
lnpdb-head-9c8e5caec70276f4,head,parsed,COc1ccc(CCN)cc1OC,"[""COC1=C(C=C(C=C1)CCN)OC"", ""COC1=CC=C(CCN)C=C1OC""]",12,16,2,"[""18438401"", ""24969323""]",2,"[""18438401"", ""24969323""]","[""AA_2008"", ""KW_2014""]",not_assessed,not_assessed,unknown
lnpdb-head-9da0220fc2bcd7bd,head,parsed,Nc1ccc2ccccc2c1-c1c(N)ccc2ccccc12,"[""C1=CC2=CC=C(C(=C2C=C1)C3=C4C=CC=CC4=CC=C3N)N""]",5,5,1,"[""24969323""]",1,"[""24969323""]","[""KW_2014""]",not_assessed,not_assessed,unknown
lnpdb-head-9e127ebe90a18d58,head,parsed,CCNCCN,"[""CCNCCN""]",5,5,1,"[""24969323""]",1,"[""24969323""]","[""KW_2014""]",not_assessed,not_assessed,unknown
lnpdb-head-9e5ec7e8693b89ab,head,parsed,CN1CCN(CCCCN)CC1,"[""CN1CCN(CCCCN)CC1""]",5,5,1,"[""24969323""]",1,"[""24969323""]","[""KW_2014""]",not_assessed,not_assessed,unknown
lnpdb-head-9f3b29a2ef333465,head,parsed,CCCCCCCCCN,"[""CCCCCCCCCN""]",13,13,1,"[""33542471""]",1,"[""33542471""]","[""SL_2021""]",not_assessed,not_assessed,unknown
lnpdb-head-a03ac8cabcc5f9b9,head,invalid,,"[""CN(CCCN)CCCN_""]",35,38,1,"[""26729861""]",1,"[""26729861""]","[""KZ_2016""]",not_assessed,not_assessed,unknown
lnpdb-head-a10ab0bb11c8831f,head,parsed,NCCCCNCCNCCCN,"[""C(CCNCCNCCCN)CN""]",13,13,1,"[""38437545""]",1,"[""38437545""]","[""NC_2024""]",not_assessed,not_assessed,unknown
lnpdb-head-a14f44b5b7ebf6f9,head,parsed,C[C@@H]1CNCCN1,"[""C[C@@H]1CNCCN1""]",5,5,1,"[""24969323""]",1,"[""24969323""]","[""KW_2014""]",not_assessed,not_assessed,unknown
lnpdb-head-a179067f1f6c534b,head,parsed,Cc1ccc(C(C)N)cc1,"[""CC1=CC=C(C=C1)C(C)N""]",5,5,1,"[""24969323""]",1,"[""24969323""]","[""KW_2014""]",not_assessed,not_assessed,unknown
lnpdb-head-a2175437b960fec5,head,parsed,NCCCNCCCNCCCN,"[""C(CN)CNCCCNCCCN""]",82,88,3,"[""24969323"", ""26729861"", ""37591187""]",3,"[""24969323"", ""26729861"", ""37591187""]","[""KW_2014"", ""KZ_2016"", ""YY_2023""]",not_assessed,not_assessed,unknown
lnpdb-head-a23ffeb00d8412ec,head,parsed,NCCCNCCO,"[""C(CN)CNCCO""]",43,49,2,"[""26729861"", ""33305471""]",2,"[""26729861"", ""33305471""]","[""KZ_2016"", ""SL_2020""]",not_assessed,not_assessed,unknown
lnpdb-head-a26102db905a2001,head,parsed,CN(CCCN)CCCN,"[""CN(CCCN)CCCN""]",180,351,10,"[""27981708"", ""33305471"", ""33542471"", ""36997680"", ""37591187"", ""37853662"", ""38060560"", ""38424061"", ""38437545"", ""39060305""]",10,"[""27981708"", ""33305471"", ""33542471"", ""36997680"", ""37591187"", ""37853662"", ""38060560"", ""38424061"", ""38437545"", ""39060305""]","[""BL_2023"", ""JC_2023"", ""JM_2016"", ""LX_2024"", ""NC_2024"", ""SL_2020"", ""SL_2021"", ""YX_2024"", ""YY_2023"", ""ZC_2023""]",not_assessed,not_assessed,unknown
lnpdb-head-a294e9e282cd7662,head,parsed,NCC1OCCO1,"[""NCC1OCCO1""]",10,10,1,"[""36997680""]",1,"[""36997680""]","[""BL_2023""]",not_assessed,not_assessed,unknown
lnpdb-head-a2b36c3b2adef11f,head,parsed,Nc1c(F)cc(F)cc1F,"[""C1=C(C(=C(C=C1F)F)N)F""]",5,5,1,"[""24969323""]",1,"[""24969323""]","[""KW_2014""]",not_assessed,not_assessed,unknown
lnpdb-head-a370509d3f50a1b7,head,parsed,OCCN(CCO)CCO,"[""C(CO)N(CCO)CCO""]",8,8,1,"[""36269150""]",1,"[""36269150""]","[""ZL_2022""]",not_assessed,not_assessed,unknown
lnpdb-head-a3a50a77ca3cc38b,head,parsed,NN1CCCCC1,"[""C1CCN(CC1)N""]",76,138,2,"[""38060560"", ""39060305""]",2,"[""38060560"", ""39060305""]","[""JC_2023"", ""YX_2024""]",not_assessed,not_assessed,unknown
lnpdb-head-a3f317a70e1183f5,head,parsed,NCCCN1CCN(CNCCN)CC1,"[""C(CN)CN1CCN(CC1)CNCCN""]",13,22,1,"[""38437545""]",1,"[""38437545""]","[""NC_2024""]",not_assessed,not_assessed,unknown
lnpdb-head-a44ed1f85cbb8e07,head,parsed,C=CC(=O)OCCCOC(=O)C=C,"[""C=CC(=O)OCCCOC(=O)C=C""]",10,10,1,"[""38969646""]",1,"[""38969646""]","[""KS_2024""]",not_assessed,not_assessed,unknown
lnpdb-head-a47284db580fafb8,head,parsed,NC12CC3CC(CC(C3)C1)C2,"[""C1C2CC3CC1CC(C2)(C3)N""]",5,5,1,"[""24969323""]",1,"[""24969323""]","[""KW_2014""]",not_assessed,not_assessed,unknown
lnpdb-head-a524d701fcd1aa41,head,parsed,NCCOCCOCCN,"[""C(COCCOCCN)N"", ""NCCOCCOCCN""]",87,89,5,"[""20080679"", ""24969323"", ""26729861"", ""33542471"", ""37591187""]",5,"[""20080679"", ""24969323"", ""26729861"", ""33542471"", ""37591187""]","[""KL_2010"", ""KW_2014"", ""KZ_2016"", ""SL_2021"", ""YY_2023""]",not_assessed,not_assessed,unknown
lnpdb-head-a5800237112edc79,head,parsed,NCCCN(CCO)CCO,"[""C(CN)CN(CCO)CCO"", ""NCCCN(CCO)CCO""]",41,42,3,"[""18438401"", ""38740955"", ""39099464""]",3,"[""18438401"", ""38740955"", ""39099464""]","[""AA_2008"", ""BL_2024"", ""YR_2024""]",not_assessed,not_assessed,unknown
lnpdb-head-a5d6b87806e01c54,head,parsed,OCC1CCCCN1,"[""C1CCNC(C1)CO""]",10,10,1,"[""36997680""]",1,"[""36997680""]","[""BL_2023""]",not_assessed,not_assessed,unknown
lnpdb-head-a7aca3db769993fb,head,parsed,CC(C)(CN)CO,"[""CC(C)(CN)CO""]",11,15,2,"[""18438401"", ""24969323""]",2,"[""18438401"", ""24969323""]","[""AA_2008"", ""KW_2014""]",not_assessed,not_assessed,unknown
lnpdb-head-a808853e879df929,head,parsed,NCCN1CCOCC1,"[""C(CN1CCOCC1)N"", ""NCCN1CCOCC1""]",89,96,8,"[""18438401"", ""24969323"", ""26729861"", ""36997680"", ""37127709"", ""37591187"", ""37661193"", ""38740955""]",8,"[""18438401"", ""24969323"", ""26729861"", ""36997680"", ""37127709"", ""37591187"", ""37661193"", ""38740955""]","[""AA_2008"", ""BL_2023"", ""BL_2024"", ""KW_2014"", ""KZ_2016"", ""LR_2023"", ""YY_2023"", ""ZH_2023""]",not_assessed,not_assessed,unknown
lnpdb-head-a8c517dc8faad9df,head,parsed,CCCCCCCCCCCCCCCCCCN,"[""NCCCCCCCCCCCCCCCCCC""]",38,42,2,"[""26729861"", ""37661193""]",2,"[""26729861"", ""37661193""]","[""KZ_2016"", ""ZH_2023""]",not_assessed,not_assessed,unknown
lnpdb-head-a8cbb4d9af012105,head,parsed,Nc1cccc2c1CCC2,"[""C1=CC2=C(CCC2)C(=C1)N""]",5,5,1,"[""24969323""]",1,"[""24969323""]","[""KW_2014""]",not_assessed,not_assessed,unknown
lnpdb-head-a92be71fa89ac920,head,parsed,CCN1CCCC1,"[""CCN1CCCC1""]",1,2,1,"[""39502027""]",1,"[""39502027""]","[""SY_2025""]",not_assessed,not_assessed,unknown
lnpdb-head-aa83f8dec365306d,head,parsed,CCC(C)CN,"[""CCC(C)CN""]",5,5,1,"[""24969323""]",1,"[""24969323""]","[""KW_2014""]",not_assessed,not_assessed,unknown
lnpdb-head-ab96c7269b28ee5f,head,parsed,CC(C)(C)c1ccccc1N,"[""CC(C)(C)C1=CC=CC=C1N""]",5,5,1,"[""24969323""]",1,"[""24969323""]","[""KW_2014""]",not_assessed,not_assessed,unknown
lnpdb-head-abf2766ae68ed031,head,parsed,Nc1ccc(Oc2ccc(F)cc2)cc1,"[""C1=C(C=CC(=C1)OC2=CC=C(C=C2)N)F""]",5,5,1,"[""24969323""]",1,"[""24969323""]","[""KW_2014""]",not_assessed,not_assessed,unknown
lnpdb-head-ac0e33f53f4a6cee,head,parsed,NC1CCc2ccccc21,"[""C1=CC2=C(C=C1)C(CC2)N""]",5,5,1,"[""24969323""]",1,"[""24969323""]","[""KW_2014""]",not_assessed,not_assessed,unknown
lnpdb-head-ac6ba1640ba3e277,head,parsed,NCCCN1CCCCCC1,"[""C1CCCN(CC1)CCCN""]",24,25,2,"[""37127709"", ""38740955""]",2,"[""37127709"", ""38740955""]","[""BL_2024"", ""LR_2023""]",not_assessed,not_assessed,unknown
lnpdb-head-ac84a6174e0a5007,head,parsed,CCCCCCCCCCCCNC,"[""CCCCCCCCCCCCNC""]",35,36,1,"[""26729861""]",1,"[""26729861""]","[""KZ_2016""]",not_assessed,not_assessed,unknown
lnpdb-head-acbfde3a6a46f5ad,head,parsed,C#CCCC(=O)NCCN1CCOCC1,"[""C1N(CCNC(CCC#C)=O)CCOC1""]",8,8,1,"[""22902058""]",1,"[""22902058""]","[""LL_2012""]",not_assessed,not_assessed,unknown
lnpdb-head-acca1055c5af323a,head,parsed,CN(C)CCCNCCCN,"[""CN(C)CCCNCCCN""]",86,91,5,"[""26729861"", ""33542471"", ""36997680"", ""37591187"", ""37853662""]",5,"[""26729861"", ""33542471"", ""36997680"", ""37591187"", ""37853662""]","[""BL_2023"", ""KZ_2016"", ""SL_2021"", ""YY_2023"", ""ZC_2023""]",not_assessed,not_assessed,unknown
lnpdb-head-ae5746a2b751a115,head,parsed,NCCCn1ccnc1,"[""C(CN)CN1C=CN=C1"", ""NCCCN1C=CN=C1""]",89,96,7,"[""18438401"", ""24969323"", ""26729861"", ""36997680"", ""37127709"", ""37853662"", ""38740955""]",7,"[""18438401"", ""24969323"", ""26729861"", ""36997680"", ""37127709"", ""37853662"", ""38740955""]","[""AA_2008"", ""BL_2023"", ""BL_2024"", ""KW_2014"", ""KZ_2016"", ""LR_2023"", ""ZC_2023""]",not_assessed,not_assessed,unknown
lnpdb-head-af3567fe363f8763,head,parsed,CN(C)CCC(=O)O,"[""CN(C)CCC(=O)O""]",22,31,1,"[""37990414""]",1,"[""37990414""]","[""YX_2023""]",not_assessed,not_assessed,unknown
lnpdb-head-afb50cf035eb6534,head,parsed,Nc1cccc2cccc(N)c12,"[""C1=CC(=C2C(=C1)C=CC=C2N)N""]",5,5,1,"[""24969323""]",1,"[""24969323""]","[""KW_2014""]",not_assessed,not_assessed,unknown
lnpdb-head-afe8e680c9152948,head,parsed,Cc1cc(-c2ccc(N)c(C)c2)ccc1N,"[""CC1=CC(=CC=C1N)C2=CC(=C(C=C2)N)C""]",5,5,1,"[""24969323""]",1,"[""24969323""]","[""KW_2014""]",not_assessed,not_assessed,unknown
lnpdb-head-b0ece330de1e481b,head,parsed,C=CC(=O)OCCCCCCCCCCCC,"[""C=CC(=O)OCCCCCCCCCCCC""]",10,10,1,"[""38969646""]",1,"[""38969646""]","[""KS_2024""]",not_assessed,not_assessed,unknown
lnpdb-head-b1228c3778d1228a,head,parsed,CCCCCCCCCCCCCCCCN,"[""NCCCCCCCCCCCCCCCC""]",35,36,1,"[""26729861""]",1,"[""26729861""]","[""KZ_2016""]",not_assessed,not_assessed,unknown
lnpdb-head-b1230f359adaa43f,head,invalid,,"[""C1=CC=C2C(=C1)C(=CN2)CCN_""]",8,9,1,"[""37853662""]",1,"[""37853662""]","[""ZC_2023""]",not_assessed,not_assessed,unknown
lnpdb-head-b2a622ed932b3477,head,parsed,CN(C)CCCNCCCN(C)C,"[""CN(C)CCCNCCCN(C)C""]",10,10,1,"[""36997680""]",1,"[""36997680""]","[""BL_2023""]",not_assessed,not_assessed,unknown
lnpdb-head-b33323cfc9994fab,head,parsed,Nc1ccccc1Oc1ccccc1,"[""C1=CC=C(C=C1)OC2=CC=CC=C2N""]",5,5,1,"[""24969323""]",1,"[""24969323""]","[""KW_2014""]",not_assessed,not_assessed,unknown
lnpdb-head-b3517eaf3d3e98bc,head,parsed,Nc1ccc(F)c(F)c1,"[""C1=C(C=C(C(=C1)F)F)N""]",5,5,1,"[""24969323""]",1,"[""24969323""]","[""KW_2014""]",not_assessed,not_assessed,unknown
lnpdb-head-b3aada9d5c31af55,head,parsed,[OH2+]C1=NCCN1,"[""C1CN=C(N1)[OH2+]""]",10,10,1,"[""36997680""]",1,"[""36997680""]","[""BL_2023""]",not_assessed,not_assessed,unknown
lnpdb-head-b4b2762acae79fdb,head,parsed,Nc1ccc2cc3ccccc3cc2c1,"[""C1=CC2=CC3=CC=C(C=C3C=C2C=C1)N""]",5,5,1,"[""24969323""]",1,"[""24969323""]","[""KW_2014""]",not_assessed,not_assessed,unknown
lnpdb-head-b64b6c14d0890f91,head,parsed,CCCCCCCCOc1ccc(N)cc1,"[""CCCCCCCCOC1=CC=C(C=C1)N""]",5,5,1,"[""24969323""]",1,"[""24969323""]","[""KW_2014""]",not_assessed,not_assessed,unknown
lnpdb-head-b6a33ebdf7ef8050,head,parsed,OCCN1CCNCC1,"[""C1CN(CCN1)CCO""]",43,44,2,"[""26729861"", ""36269150""]",2,"[""26729861"", ""36269150""]","[""KZ_2016"", ""ZL_2022""]",not_assessed,not_assessed,unknown
lnpdb-head-b6dc19931b55d869,head,parsed,CCCCCN,"[""CCCCCN""]",18,18,2,"[""24969323"", ""33542471""]",2,"[""24969323"", ""33542471""]","[""KW_2014"", ""SL_2021""]",not_assessed,not_assessed,unknown
lnpdb-head-b6fbab43cc89690f,head,parsed,O=C(O)CCN1CCOCC1,"[""C(CN1CCOCC1)C(=O)O""]",22,31,1,"[""37990414""]",1,"[""37990414""]","[""YX_2023""]",not_assessed,not_assessed,unknown
lnpdb-head-b6fc665d17f99a25,head,parsed,NCCN1CCS(=O)(=O)CC1,"[""NCCN1CCS(=O)(=O)CC1""]",8,11,1,"[""38740955""]",1,"[""38740955""]","[""BL_2024""]",not_assessed,not_assessed,unknown
lnpdb-head-b877c559d6d755cb,head,parsed,OCc1ncc[nH]1,"[""OCC1=NC=CN1""]",8,8,1,"[""36269150""]",1,"[""36269150""]","[""ZL_2022""]",not_assessed,not_assessed,unknown
lnpdb-head-b914b85492fb42e7,head,parsed,CN1CCCCC1CN,"[""CN1CCCCC1CN""]",26,26,2,"[""36997680"", ""37127709""]",2,"[""36997680"", ""37127709""]","[""BL_2023"", ""LR_2023""]",not_assessed,not_assessed,unknown
lnpdb-head-b98b8240fd28c759,head,parsed,CCCCCCN(CCCCCC)CCCCCC,"[""CCCCCCN(CCCCCC)CCCCCC""]",13,13,1,"[""33542471""]",1,"[""33542471""]","[""SL_2021""]",not_assessed,not_assessed,unknown
lnpdb-head-bb1092a68c6e8654,head,parsed,NCCCNCCN,"[""C(CN)CNCCN"", ""NCCCNCCN""]",32,32,2,"[""20080679"", ""24969323""]",2,"[""20080679"", ""24969323""]","[""KL_2010"", ""KW_2014""]",not_assessed,not_assessed,unknown
lnpdb-head-bc4f1087ad7efc20,head,parsed,CN(C)CCCN1CCNCC1,"[""CN(C)CCCN1CCNCC1""]",10,10,1,"[""36997680""]",1,"[""36997680""]","[""BL_2023""]",not_assessed,not_assessed,unknown
lnpdb-head-bdfab306ce72a75e,head,parsed,CCCCCCCCN,"[""CCCCCCCCN"", ""NCCCCCCCC""]",48,49,2,"[""26729861"", ""33542471""]",2,"[""26729861"", ""33542471""]","[""KZ_2016"", ""SL_2021""]",not_assessed,not_assessed,unknown
lnpdb-head-be74512a46905fe9,head,parsed,Nc1ccc(N)cc1,"[""C1=C(C=CC(=C1)N)N""]",5,5,1,"[""24969323""]",1,"[""24969323""]","[""KW_2014""]",not_assessed,not_assessed,unknown
lnpdb-head-beb518eb6f5d6952,head,parsed,COc1ccc(CCN)cc1,"[""COC1=CC=C(C=C1)CCN""]",5,5,1,"[""24969323""]",1,"[""24969323""]","[""KW_2014""]",not_assessed,not_assessed,unknown
lnpdb-head-bf6a05cf23348d05,head,invalid,,"[""C(CN1CCNCC1)N_""]",20,29,2,"[""37591187"", ""38437545""]",2,"[""37591187"", ""38437545""]","[""NC_2024"", ""YY_2023""]",not_assessed,not_assessed,unknown
lnpdb-head-bf97b0170fd3e1bb,head,parsed,CC(C)C[C@H](N)CO,"[""CC(C)C[C@@H](CO)N""]",5,5,1,"[""24969323""]",1,"[""24969323""]","[""KW_2014""]",not_assessed,not_assessed,unknown
lnpdb-head-bfc20f176f37b623,head,parsed,CC(C)NCCN,"[""CC(C)NCCN""]",5,5,1,"[""24969323""]",1,"[""24969323""]","[""KW_2014""]",not_assessed,not_assessed,unknown
lnpdb-head-bff87e0e79f41c33,head,parsed,N[C@H]1CCCC[C@@H]1N,"[""C1CC[C@@H]([C@H](C1)N)N""]",5,5,1,"[""24969323""]",1,"[""24969323""]","[""KW_2014""]",not_assessed,not_assessed,unknown
lnpdb-head-c06219f620beea29,head,parsed,NCCCN,"[""C(CN)CN"", ""NCCCN""]",71,75,6,"[""18438401"", ""20080679"", ""24969323"", ""36997680"", ""37591187"", ""38424061""]",6,"[""18438401"", ""20080679"", ""24969323"", ""36997680"", ""37591187"", ""38424061""]","[""AA_2008"", ""BL_2023"", ""KL_2010"", ""KW_2014"", ""LX_2024"", ""YY_2023""]",not_assessed,not_assessed,unknown
lnpdb-head-c0caf9ee88e67b20,head,parsed,Nc1ccc2c(c1)OCO2,"[""C1=C(C=C2C(=C1)OCO2)N""]",5,5,1,"[""24969323""]",1,"[""24969323""]","[""KW_2014""]",not_assessed,not_assessed,unknown
lnpdb-head-c10746c6da4ab3f2,head,parsed,CN1CCC(C(=O)O)C1,"[""CN1CCC(C1)C(=O)O""]",22,31,1,"[""37990414""]",1,"[""37990414""]","[""YX_2023""]",not_assessed,not_assessed,unknown
lnpdb-head-c17aa6c9ec7a2e55,head,parsed,Cn1ccnc1CN,"[""CN1C=CN=C1CN""]",5,5,1,"[""24969323""]",1,"[""24969323""]","[""KW_2014""]",not_assessed,not_assessed,unknown
lnpdb-head-c1d69bc40cae4ace,head,parsed,[NH]C1CCC1,"[""C1CC(C1)[NH]""]",5,5,1,"[""24969323""]",1,"[""24969323""]","[""KW_2014""]",not_assessed,not_assessed,unknown
lnpdb-head-c2b3a5dbdeb9181a,head,parsed,CC1CCN(CCN)CC1,"[""CC1CCN(CC1)CCN""]",10,10,1,"[""36997680""]",1,"[""36997680""]","[""BL_2023""]",not_assessed,not_assessed,unknown
lnpdb-head-c2d5293b059572a1,head,parsed,OCC1CCNCC1,"[""C1CNCCC1CO""]",10,10,1,"[""36997680""]",1,"[""36997680""]","[""BL_2023""]",not_assessed,not_assessed,unknown
lnpdb-head-c45facf4ce84b52b,head,parsed,NCCN1CCN(CCN)CC1,"[""C(CN1CCN(CCN)CC1)N""]",15,99,1,"[""38424061""]",1,"[""38424061""]","[""LX_2024""]",not_assessed,not_assessed,unknown
lnpdb-head-c4f9443ec35acc7b,head,invalid,,"[""CNCCN(CCNC)CCNC_""]",13,13,1,"[""38437545""]",1,"[""38437545""]","[""NC_2024""]",not_assessed,not_assessed,unknown
lnpdb-head-c6f561273c31c4f7,head,parsed,C#CCCC(=O)NCCN(CC)CC,"[""CCN(CCNC(CCC#C)=O)CC""]",8,8,1,"[""22902058""]",1,"[""22902058""]","[""LL_2012""]",not_assessed,not_assessed,unknown
lnpdb-head-c723f1746d2f3192,head,parsed,COCCCN,"[""COCCCN""]",12,21,2,"[""18438401"", ""24969323""]",2,"[""18438401"", ""24969323""]","[""AA_2008"", ""KW_2014""]",not_assessed,not_assessed,unknown
lnpdb-head-c77039062e18f5b1,head,parsed,Nc1c(-c2ccccc2)cc(-c2ccccc2)cc1-c1ccccc1,"[""C1=CC=C(C=C1)C2=CC(=C(C(=C2)C3=CC=CC=C3)N)C4=CC=CC=C4""]",5,5,1,"[""24969323""]",1,"[""24969323""]","[""KW_2014""]",not_assessed,not_assessed,unknown
lnpdb-head-c78f1c2b7fc7256c,head,parsed,NCCOCCN1CCCC1,"[""C1CCN(C1)CCOCCN""]",5,5,1,"[""24969323""]",1,"[""24969323""]","[""KW_2014""]",not_assessed,not_assessed,unknown
lnpdb-head-c7ae2b6c830c1ee5,head,parsed,NC(CO)(CO)CO,"[""C(C(CO)(CO)N)O""]",5,5,1,"[""24969323""]",1,"[""24969323""]","[""KW_2014""]",not_assessed,not_assessed,unknown
lnpdb-head-c7e5b5e333a1cd6d,head,parsed,NCCCCc1ccccc1,"[""C1=CC=C(C=C1)CCCCN""]",5,5,1,"[""24969323""]",1,"[""24969323""]","[""KW_2014""]",not_assessed,not_assessed,unknown
lnpdb-head-c8a494ae9dc3ebc9,head,parsed,NCCCCCCN,"[""NCCCCCCN""]",13,13,1,"[""38437545""]",1,"[""38437545""]","[""NC_2024""]",not_assessed,not_assessed,unknown
lnpdb-head-c8a5312615c01cab,head,parsed,NC1CCC(O)CC1,"[""C1CC(CCC1N)O""]",10,10,1,"[""18438401""]",1,"[""18438401""]","[""AA_2008""]",not_assessed,not_assessed,unknown
lnpdb-head-c8a73bd0676d2933,head,invalid,,"[""CCCCN(CCCC)CCCC_""]",13,13,1,"[""33542471""]",1,"[""33542471""]","[""SL_2021""]",not_assessed,not_assessed,unknown
lnpdb-head-c9be02791793d102,head,parsed,CC1(C)CC(N)CC(C)(CN)C1,"[""CC1(C)CC(CC(C)(C1)CN)N""]",5,6,1,"[""24969323""]",1,"[""24969323""]","[""KW_2014""]",not_assessed,not_assessed,unknown
lnpdb-head-cac295b54e1c2ccf,head,parsed,CCCCCCCCCCCCN(CCN)CCN,"[""CCCCCCCCCCCCN(CCN)CCN""]",5,5,1,"[""24969323""]",1,"[""24969323""]","[""KW_2014""]",not_assessed,not_assessed,unknown
lnpdb-head-cad4c71b9dd7c599,head,parsed,C=CC(=O)OCC(CC)(COC(=O)C=C)COC(=O)C=C,"[""C=CC(=O)OCC(CC)(COC(=O)C=C)COC(=O)C=C""]",10,10,1,"[""38969646""]",1,"[""38969646""]","[""KS_2024""]",not_assessed,not_assessed,unknown
lnpdb-head-cbc0a9605d06c681,head,parsed,COc1ccc(OC)c(N)c1,"[""COC1=CC(=C(C=C1)OC)N""]",5,5,1,"[""24969323""]",1,"[""24969323""]","[""KW_2014""]",not_assessed,not_assessed,unknown
lnpdb-head-cc580cfe5dee5103,head,parsed,OC[C@@H]1CCCN1,"[""C1C[C@@H](CO)NC1""]",10,10,1,"[""36997680""]",1,"[""36997680""]","[""BL_2023""]",not_assessed,not_assessed,unknown
lnpdb-head-ccae3543b6e3c219,head,parsed,NCCCNCCCN,"[""C(CN)CNCCCN""]",65,69,5,"[""24969323"", ""26729861"", ""36997680"", ""37591187"", ""37853662""]",5,"[""24969323"", ""26729861"", ""36997680"", ""37591187"", ""37853662""]","[""BL_2023"", ""KW_2014"", ""KZ_2016"", ""YY_2023"", ""ZC_2023""]",not_assessed,not_assessed,unknown
lnpdb-head-cd6bf1f8fd8b2847,head,parsed,CNCCCNC,"[""CNCCCNC""]",64,64,4,"[""18438401"", ""20080679"", ""36997680"", ""37127709""]",4,"[""18438401"", ""20080679"", ""36997680"", ""37127709""]","[""AA_2008"", ""BL_2023"", ""KL_2010"", ""LR_2023""]",not_assessed,not_assessed,unknown
lnpdb-head-cd7b321604cf4baa,head,parsed,NCCCc1ccccc1,"[""C1=CC=C(C=C1)CCCN""]",5,5,1,"[""24969323""]",1,"[""24969323""]","[""KW_2014""]",not_assessed,not_assessed,unknown
lnpdb-head-ce4692458745a29d,head,parsed,NCCCCCCCCN,"[""C(CCCCN)CCCN""]",5,5,1,"[""24969323""]",1,"[""24969323""]","[""KW_2014""]",not_assessed,not_assessed,unknown
lnpdb-head-cf01cd57cd549895,head,parsed,CN(C)CCN1CCNCC1,"[""CN(C)CCN1CCNCC1""]",45,46,2,"[""26729861"", ""36997680""]",2,"[""26729861"", ""36997680""]","[""BL_2023"", ""KZ_2016""]",not_assessed,not_assessed,unknown
lnpdb-head-cfc8c8fdd8fae726,head,parsed,CNCCCN(C)CCCNC,"[""CNCCCN(C)CCCNC""]",10,11,1,"[""36997680""]",1,"[""36997680""]","[""BL_2023""]",not_assessed,not_assessed,unknown
lnpdb-head-cfdd809285696a33,head,parsed,NCCc1c[nH]cn1,"[""C(CN)C1=CNC=N1""]",20,20,2,"[""18438401"", ""36997680""]",2,"[""18438401"", ""36997680""]","[""AA_2008"", ""BL_2023""]",not_assessed,not_assessed,unknown
lnpdb-head-d0388e8e426c31cb,head,parsed,NCCCCCO,"[""C(CCN)CCO""]",37,37,3,"[""18438401"", ""36997680"", ""37127709""]",3,"[""18438401"", ""36997680"", ""37127709""]","[""AA_2008"", ""BL_2023"", ""LR_2023""]",not_assessed,not_assessed,unknown
lnpdb-head-d0e12edfe05b48c6,head,parsed,CN1CCCN(CCCN)CC1,"[""CN1CCCN(CCCN)CC1""]",8,10,1,"[""38740955""]",1,"[""38740955""]","[""BL_2024""]",not_assessed,not_assessed,unknown
lnpdb-head-d1c3ba6bd6451fb3,head,parsed,CC(C)N(CCN)C(C)C,"[""CC(C)N(CCN)C(C)C""]",83,143,3,"[""24969323"", ""38060560"", ""39060305""]",3,"[""24969323"", ""38060560"", ""39060305""]","[""JC_2023"", ""KW_2014"", ""YX_2024""]",not_assessed,not_assessed,unknown
lnpdb-head-d1cdc1131ecb87db,head,parsed,CN1CCCCC1CCN,"[""CN1CCCCC1CCN""]",26,26,2,"[""36997680"", ""37127709""]",2,"[""36997680"", ""37127709""]","[""BL_2023"", ""LR_2023""]",not_assessed,not_assessed,unknown
lnpdb-head-d20b0787e34e0f11,head,parsed,CNCCN,"[""CNCCN""]",5,5,1,"[""24969323""]",1,"[""24969323""]","[""KW_2014""]",not_assessed,not_assessed,unknown
lnpdb-head-d2e3bca9ba9fc395,head,parsed,OCCOCCN1CCNCC1,"[""C1CN(CCN1)CCOCCO""]",10,10,1,"[""36997680""]",1,"[""36997680""]","[""BL_2023""]",not_assessed,not_assessed,unknown
lnpdb-head-d340b7bb5f7b0e85,head,parsed,CC1NC(C)NC(C)N1,"[""CC1NC(C)NC(C)N1""]",5,5,1,"[""24969323""]",1,"[""24969323""]","[""KW_2014""]",not_assessed,not_assessed,unknown
lnpdb-head-d43314b591132f14,head,parsed,CCN(CC)CCNCCN,"[""CCN(CC)CCNCCN""]",13,13,1,"[""38437545""]",1,"[""38437545""]","[""NC_2024""]",not_assessed,not_assessed,unknown
lnpdb-head-d48577572926acb7,head,parsed,C#CCCCC(=O)N1CCN(CCN(C)C)CC1,"[""C1N(C(CCCC#C)=O)CCN(CCN(C)C)C1""]",8,8,1,"[""22902058""]",1,"[""22902058""]","[""LL_2012""]",not_assessed,not_assessed,unknown
lnpdb-head-d6f99caa16f68c4e,head,parsed,C=CC(=O)OCCCCCC,"[""C=CC(=O)OCCCCCC""]",10,10,1,"[""38969646""]",1,"[""38969646""]","[""KS_2024""]",not_assessed,not_assessed,unknown
lnpdb-head-d770ca3f5715f74c,head,parsed,NCc1cc(F)ccc1F,"[""C1=C(C=C(CN)C(=C1)F)F""]",5,5,1,"[""24969323""]",1,"[""24969323""]","[""KW_2014""]",not_assessed,not_assessed,unknown
lnpdb-head-d7b0525e3289501f,head,parsed,CCN(CC=CCN(CC)CCN)CCN,"[""CCN(CC=CCN(CC)CCN)CCN""]",13,22,1,"[""38437545""]",1,"[""38437545""]","[""NC_2024""]",not_assessed,not_assessed,unknown
lnpdb-head-d8008554e7e197d5,head,parsed,CCN1CCN(C2CCNCC2)CC1,"[""CCN1CCN(CC1)C2CCNCC2""]",10,10,1,"[""36997680""]",1,"[""36997680""]","[""BL_2023""]",not_assessed,not_assessed,unknown
lnpdb-head-d855d5e2c613377f,head,parsed,CN(C)CCCC(=O)O,"[""CN(C)CCCC(=O)O""]",22,31,1,"[""37990414""]",1,"[""37990414""]","[""YX_2023""]",not_assessed,not_assessed,unknown
lnpdb-head-d86cf57a7b0404f4,head,parsed,NCCc1ccncc1,"[""C1=C(C=CN=C1)CCN"", ""NCCC1=CC=NC=C1""]",26,26,2,"[""36997680"", ""37127709""]",2,"[""36997680"", ""37127709""]","[""BL_2023"", ""LR_2023""]",not_assessed,not_assessed,unknown
lnpdb-head-d8a9d3e35481c753,head,parsed,C1CNCCNC1,"[""C1CNCCNC1""]",9,9,1,"[""18438401""]",1,"[""18438401""]","[""AA_2008""]",not_assessed,not_assessed,unknown
lnpdb-head-d8c467b505d432cd,head,parsed,C1CNCCNCCNCCN1,"[""C1CNCCNCCNCCN1""]",5,5,1,"[""24969323""]",1,"[""24969323""]","[""KW_2014""]",not_assessed,not_assessed,unknown
lnpdb-head-d8d28aa7ca7adf29,head,parsed,CCC(N)CC,"[""CCC(CC)N""]",5,5,1,"[""24969323""]",1,"[""24969323""]","[""KW_2014""]",not_assessed,not_assessed,unknown
lnpdb-head-d90104b1b3d6a259,head,parsed,N[C@@H]1CCCC[C@H]1N,"[""C1CC[C@H]([C@@H](C1)N)N""]",27,27,1,"[""20080679""]",1,"[""20080679""]","[""KL_2010""]",not_assessed,not_assessed,unknown
lnpdb-head-d9806f529d377b2a,head,invalid,,"[""C(CN)CN1C=CN=C1_""]",7,7,1,"[""37591187""]",1,"[""37591187""]","[""YY_2023""]",not_assessed,not_assessed,unknown
lnpdb-head-daaf7c639318fe4c,head,parsed,CCCCN,"[""CCCCN""]",18,18,2,"[""24969323"", ""33542471""]",2,"[""24969323"", ""33542471""]","[""KW_2014"", ""SL_2021""]",not_assessed,not_assessed,unknown
lnpdb-head-dc0febaa4929e3d3,head,parsed,C=CC(=O)OCC(O)COc1ccc(C(C)(C)c2ccc(OCC(O)COC(=O)C=C)cc2)cc1,"[""C=CC(=O)OCC(COC1=CC=C(C=C1)C(C)(C)C2=CC=C(C=C2)OCC(COC(=O)C=C)O)O""]",10,10,1,"[""38969646""]",1,"[""38969646""]","[""KS_2024""]",not_assessed,not_assessed,unknown
lnpdb-head-dc254e324a89bfe7,head,parsed,NC1CC1,"[""C1CC1N""]",5,5,1,"[""24969323""]",1,"[""24969323""]","[""KW_2014""]",not_assessed,not_assessed,unknown
lnpdb-head-dca967a0b972b142,head,parsed,CCNCCNCC,"[""CCNCCNCC""]",47,52,3,"[""18438401"", ""24969323"", ""26729861""]",3,"[""18438401"", ""24969323"", ""26729861""]","[""AA_2008"", ""KW_2014"", ""KZ_2016""]",not_assessed,not_assessed,unknown
lnpdb-head-dcb2d3a03782806e,head,parsed,C#CCCCC(=O)NCCCN(C)C,"[""CN(CCCNC(CCCC#C)=O)C""]",8,8,1,"[""22902058""]",1,"[""22902058""]","[""LL_2012""]",not_assessed,not_assessed,unknown
lnpdb-head-dcfe84b2af2b74bc,head,parsed,CN(C)CCCNI,"[""CN(C)CCCNI""]",35,36,1,"[""26729861""]",1,"[""26729861""]","[""KZ_2016""]",not_assessed,not_assessed,unknown
lnpdb-head-dd0d17199079e083,head,parsed,Nc1ccc(Cc2ccc(N)cc2)cc1,"[""C1=C(C=CC(=C1)N)CC2=CC=C(C=C2)N""]",5,5,1,"[""24969323""]",1,"[""24969323""]","[""KW_2014""]",not_assessed,not_assessed,unknown
lnpdb-head-dd8c2024f53e1cb9,head,parsed,COc1ccc(C(C)(C)C)cc1N,"[""CC(C)(C)C1=CC=C(C(=C1)N)OC""]",5,5,1,"[""24969323""]",1,"[""24969323""]","[""KW_2014""]",not_assessed,not_assessed,unknown
lnpdb-head-ddb59b3401340a7f,head,parsed,NCCNc1ccccc1,"[""C1=CC=C(C=C1)NCCN""]",5,5,1,"[""24969323""]",1,"[""24969323""]","[""KW_2014""]",not_assessed,not_assessed,unknown
lnpdb-head-df9be3a3f7cff607,head,parsed,Nc1cccc(OCc2ccccc2)c1,"[""C1=CC=C(C=C1)COC2=CC(=CC=C2)N""]",5,5,1,"[""24969323""]",1,"[""24969323""]","[""KW_2014""]",not_assessed,not_assessed,unknown
lnpdb-head-e07c23032b0d7cc1,head,parsed,CCN1CCCC1CN,"[""CCN1CCCC1CN""]",76,138,2,"[""38060560"", ""39060305""]",2,"[""38060560"", ""39060305""]","[""JC_2023"", ""YX_2024""]",not_assessed,not_assessed,unknown
lnpdb-head-e12435164cee70eb,head,parsed,N[C@H](c1ccccc1)[C@@H](N)c1ccccc1,"[""C1=CC=C(C=C1)[C@@H]([C@@H](C2=CC=CC=C2)N)N""]",5,5,1,"[""24969323""]",1,"[""24969323""]","[""KW_2014""]",not_assessed,not_assessed,unknown
lnpdb-head-e1602ecf2393901a,head,parsed,CNCCCN(C)C,"[""CNCCCN(C)C""]",90,94,1,"[""31570898""]",1,"[""31570898""]","[""LM_2019""]",not_assessed,not_assessed,unknown
lnpdb-head-e182c5153a0d9220,head,parsed,OCCCNCCNCCO,"[""C(CNCCNCCO)CO""]",22,22,1,"[""39099464""]",1,"[""39099464""]","[""YR_2024""]",not_assessed,not_assessed,unknown
lnpdb-head-e1831b29440698f8,head,parsed,NCCNCCCNCCN,"[""C(CNCCN)CNCCN""]",5,5,1,"[""24969323""]",1,"[""24969323""]","[""KW_2014""]",not_assessed,not_assessed,unknown
lnpdb-head-e289e4ca13568958,head,parsed,CCc1cccc(CC)c1N,"[""CCC1=CC=CC(=C1N)CC""]",5,5,1,"[""24969323""]",1,"[""24969323""]","[""KW_2014""]",not_assessed,not_assessed,unknown
lnpdb-head-e31223f2a95fdc5b,head,parsed,CCOc1ccccc1CN,"[""CCOC1=CC=CC=C1CN""]",5,5,1,"[""24969323""]",1,"[""24969323""]","[""KW_2014""]",not_assessed,not_assessed,unknown
lnpdb-head-e38d6c31faed54f9,head,parsed,CN(C)CC(C)(C)CN,"[""CC(C)(CN)CN(C)C""]",5,5,1,"[""24969323""]",1,"[""24969323""]","[""KW_2014""]",not_assessed,not_assessed,unknown
lnpdb-head-e390dd78dfc3e33b,head,parsed,NCCCNCCCCNCCCN,"[""C(CCNCCCN)CNCCCN""]",39,39,1,"[""33542471""]",1,"[""33542471""]","[""SL_2021""]",not_assessed,not_assessed,unknown
lnpdb-head-e501b88b2eefce60,head,parsed,c1ccc(Nc2ccc(-c3ccc(Nc4ccccc4)cc3)cc2)cc1,"[""C1=CC=C(C=C1)NC2=CC=C(C=C2)C3=CC=C(C=C3)NC4=CC=CC=C4""]",5,5,1,"[""24969323""]",1,"[""24969323""]","[""KW_2014""]",not_assessed,not_assessed,unknown
lnpdb-head-e54ebf0fcc0d0c9a,head,parsed,CCCCNCCCC,"[""CCCCNCCCC""]",13,13,1,"[""33542471""]",1,"[""33542471""]","[""SL_2021""]",not_assessed,not_assessed,unknown
lnpdb-head-e58f5c349ccb1a93,head,parsed,NCCCN1CCCC1,"[""C1CCN(C1)CCCN"", ""NCCCN1CCCC1""]",200,267,6,"[""31570898"", ""36997680"", ""37127709"", ""38060560"", ""38740955"", ""39060305""]",6,"[""31570898"", ""36997680"", ""37127709"", ""38060560"", ""38740955"", ""39060305""]","[""BL_2023"", ""BL_2024"", ""JC_2023"", ""LM_2019"", ""LR_2023"", ""YX_2024""]",not_assessed,not_assessed,unknown
lnpdb-head-e58fddb74e4aaae6,head,parsed,O=C(O)C1CCCN(I)C1,"[""C1CC(CN(C1)I)C(=O)O""]",22,31,1,"[""37990414""]",1,"[""37990414""]","[""YX_2023""]",not_assessed,not_assessed,unknown
lnpdb-head-e68f6d2edf82511e,head,parsed,NCCN1CCCCCC1,"[""C1CCCN(CC1)CCN""]",46,58,4,"[""36997680"", ""37127709"", ""37661193"", ""38740955""]",4,"[""36997680"", ""37127709"", ""37661193"", ""38740955""]","[""BL_2023"", ""BL_2024"", ""LR_2023"", ""ZH_2023""]",not_assessed,not_assessed,unknown
lnpdb-head-e730c81c7aa151cc,head,parsed,CC(C)(C)N,"[""CC(C)(C)N""]",5,5,1,"[""24969323""]",1,"[""24969323""]","[""KW_2014""]",not_assessed,not_assessed,unknown
lnpdb-head-e7ef1aabe5e52bb7,head,parsed,CNc1ccccc1N,"[""CNC1=CC=CC=C1N""]",5,5,1,"[""24969323""]",1,"[""24969323""]","[""KW_2014""]",not_assessed,not_assessed,unknown
lnpdb-head-e881fe07d75458d9,head,parsed,NCCN(CCO)CCO,"[""C(CN(CCO)CCO)N""]",19,19,2,"[""18438401"", ""36269150""]",2,"[""18438401"", ""36269150""]","[""AA_2008"", ""ZL_2022""]",not_assessed,not_assessed,unknown
lnpdb-head-e9eb4b36d0a0c516,head,parsed,CN(CCCCN)Cc1ccccc1,"[""CN(CCCCN)CC1=CC=CC=C1""]",5,5,1,"[""24969323""]",1,"[""24969323""]","[""KW_2014""]",not_assessed,not_assessed,unknown
lnpdb-head-eae3c7ec761bd7a7,head,parsed,NCCC(c1ccccc1)c1ccccc1,"[""C1=CC=C(C=C1)C(CCN)C2=CC=CC=C2""]",5,5,1,"[""24969323""]",1,"[""24969323""]","[""KW_2014""]",not_assessed,not_assessed,unknown
lnpdb-head-eba1ef83b6bb7dd9,head,parsed,CCN(CC)CCN,"[""CCN(CC)CCN""]",239,347,8,"[""18438401"", ""31570898"", ""36997680"", ""37127709"", ""38060560"", ""38424061"", ""39060305"", ""39099464""]",8,"[""18438401"", ""31570898"", ""36997680"", ""37127709"", ""38060560"", ""38424061"", ""39060305"", ""39099464""]","[""AA_2008"", ""BL_2023"", ""JC_2023"", ""LM_2019"", ""LR_2023"", ""LX_2024"", ""YR_2024"", ""YX_2024""]",not_assessed,not_assessed,unknown
lnpdb-head-eba56c69029d1773,head,parsed,COc1cc(CN)cc(C)c1OC,"[""CC1=CC(=CC(=C1OC)OC)CN""]",5,5,1,"[""24969323""]",1,"[""24969323""]","[""KW_2014""]",not_assessed,not_assessed,unknown
lnpdb-head-ec2f3617a7212e10,head,parsed,COc1ccccc1CN,"[""COC1=CC=CC=C1CN""]",5,5,1,"[""24969323""]",1,"[""24969323""]","[""KW_2014""]",not_assessed,not_assessed,unknown
lnpdb-head-ec4354169c4e42be,head,parsed,NCCC1OCCO1,"[""C(CN)C1OCCO1"", ""NCCC1OCCO1""]",38,42,4,"[""18438401"", ""24969323"", ""36997680"", ""37127709""]",4,"[""18438401"", ""24969323"", ""36997680"", ""37127709""]","[""AA_2008"", ""BL_2023"", ""KW_2014"", ""LR_2023""]",not_assessed,not_assessed,unknown
lnpdb-head-ec5b76dee9569f2c,head,parsed,OCCC1CCNCC1,"[""C1CNCCC1CCO""]",18,18,2,"[""36269150"", ""36997680""]",2,"[""36269150"", ""36997680""]","[""BL_2023"", ""ZL_2022""]",not_assessed,not_assessed,unknown
lnpdb-head-ee465dcc965a1b77,head,parsed,NCCNCCNCCNCCN,"[""C(CNCCNCCNCCN)N""]",134,142,4,"[""24969323"", ""26729861"", ""33542471"", ""37591187""]",4,"[""24969323"", ""26729861"", ""33542471"", ""37591187""]","[""KW_2014"", ""KZ_2016"", ""SL_2021"", ""YY_2023""]",not_assessed,not_assessed,unknown
lnpdb-head-ee5b01e14f05a885,head,parsed,CN(CCN)CCN,"[""CN(CCN)CCN""]",72,357,5,"[""20080679"", ""27981708"", ""36997680"", ""38424061"", ""38740955""]",5,"[""20080679"", ""27981708"", ""36997680"", ""38424061"", ""38740955""]","[""BL_2023"", ""BL_2024"", ""JM_2016"", ""KL_2010"", ""LX_2024""]",not_assessed,not_assessed,unknown
lnpdb-head-ef34db33a28dd494,head,parsed,N[C@@H]1CCCC[C@@H]1N,"[""C1CC[C@@H]([C@@H](C1)N)N""]",32,32,2,"[""20080679"", ""24969323""]",2,"[""20080679"", ""24969323""]","[""KL_2010"", ""KW_2014""]",not_assessed,not_assessed,unknown
lnpdb-head-ef531991243184be,head,parsed,OCCN1CCCCC1,"[""C1CCN(CC1)CCO""]",8,8,1,"[""36269150""]",1,"[""36269150""]","[""ZL_2022""]",not_assessed,not_assessed,unknown
lnpdb-head-f05f8d3346c6b173,head,parsed,C1CCN(CCN2CCNCC2)C1,"[""C1CCN(C1)CCN2CCNCC2""]",10,10,1,"[""36997680""]",1,"[""36997680""]","[""BL_2023""]",not_assessed,not_assessed,unknown
lnpdb-head-f136097bb6f77860,head,parsed,Cc1c(C)c(N)c(C)c(C)c1N,"[""CC1=C(C(=C(C)C(=C1C)N)C)N""]",5,5,1,"[""24969323""]",1,"[""24969323""]","[""KW_2014""]",not_assessed,not_assessed,unknown
lnpdb-head-f19c790210bd9760,head,parsed,OC1CCNCC1,"[""C1CNCCC1O""]",10,10,1,"[""36997680""]",1,"[""36997680""]","[""BL_2023""]",not_assessed,not_assessed,unknown
lnpdb-head-f1e5ffef552a966b,head,parsed,CNCCOCCNC,"[""CNCCOCCNC""]",35,36,1,"[""26729861""]",1,"[""26729861""]","[""KZ_2016""]",not_assessed,not_assessed,unknown
lnpdb-head-f22f11e7a44d6540,head,parsed,C[N]CCN,"[""C[N]CCN""]",10,10,1,"[""18438401""]",1,"[""18438401""]","[""AA_2008""]",not_assessed,not_assessed,unknown
lnpdb-head-f30df272a7decb7f,head,parsed,CCN1CCC[C@@H]1CN,"[""CCN1CCC[C@@H]1CN""]",5,5,1,"[""24969323""]",1,"[""24969323""]","[""KW_2014""]",not_assessed,not_assessed,unknown
lnpdb-head-f46bb9f65e6cd2da,head,parsed,NCc1cccc(CN)c1,"[""C1=CC(=CC(=C1)CN)CN""]",13,13,1,"[""38437545""]",1,"[""38437545""]","[""NC_2024""]",not_assessed,not_assessed,unknown
lnpdb-head-f5d69276c97a5fdb,head,parsed,NCCc1ccccn1,"[""C1=CC(=NC=C1)CCN""]",45,46,2,"[""26729861"", ""36997680""]",2,"[""26729861"", ""36997680""]","[""BL_2023"", ""KZ_2016""]",not_assessed,not_assessed,unknown
lnpdb-head-f5fd49ee7e7b6b75,head,parsed,Nc1cccc(C(F)(F)F)c1,"[""C1=CC(=CC(=C1)N)C(F)(F)F""]",5,5,1,"[""24969323""]",1,"[""24969323""]","[""KW_2014""]",not_assessed,not_assessed,unknown
lnpdb-head-f7a2daefadadbdb6,head,parsed,NCCO,"[""C(CO)N""]",79,105,5,"[""24969323"", ""36997680"", ""37127709"", ""37661193"", ""39099464""]",5,"[""24969323"", ""36997680"", ""37127709"", ""37661193"", ""39099464""]","[""BL_2023"", ""KW_2014"", ""LR_2023"", ""YR_2024"", ""ZH_2023""]",not_assessed,not_assessed,unknown
lnpdb-head-f839dfcffb43951c,head,parsed,CCN1CCN(C)CC1,"[""CCN1CCN(C)CC1""]",1,2,1,"[""39502027""]",1,"[""39502027""]","[""SY_2025""]",not_assessed,not_assessed,unknown
lnpdb-head-fa042a232072dc70,head,parsed,Cc1cc(-c2cc(C)c(N)c(C)c2)cc(C)c1N,"[""CC1=C(C(=CC(=C1)C2=CC(=C(C(=C2)C)N)C)C)N""]",5,5,1,"[""24969323""]",1,"[""24969323""]","[""KW_2014""]",not_assessed,not_assessed,unknown
lnpdb-head-fa5926314ddfb42b,head,parsed,CCCCCCCCCCCCN(CCCCCCCCCCCC)CCCCCCCCCCCC,"[""CCCCCCCCCCCCN(CCCCCCCCCCCC)CCCCCCCCCCCC""]",13,13,1,"[""33542471""]",1,"[""33542471""]","[""SL_2021""]",not_assessed,not_assessed,unknown
lnpdb-head-fad35d560572d595,head,parsed,CC(C)(C)CCN,"[""CC(C)(C)CCN""]",5,5,1,"[""24969323""]",1,"[""24969323""]","[""KW_2014""]",not_assessed,not_assessed,unknown
lnpdb-head-fbed3223db741212,head,parsed,Cc1cc(N)c(N)cc1C,"[""CC1=CC(=C(C=C1C)N)N""]",5,5,1,"[""24969323""]",1,"[""24969323""]","[""KW_2014""]",not_assessed,not_assessed,unknown
lnpdb-head-fd31868218ad0dfb,head,parsed,C[N+]1(C)CCCNCC[N+](C)(C)CCCNCC1,"[""C[N@@+]1(C)CCCNCC[N@@+](C)(C)CCCNCC1""]",5,5,1,"[""24969323""]",1,"[""24969323""]","[""KW_2014""]",not_assessed,not_assessed,unknown
lnpdb-head-fe71271637692073,head,parsed,CCCCCCCCCCCNCCCCCCCCCCC,"[""CCCCCCCCCCCNCCCCCCCCCCC""]",13,13,1,"[""33542471""]",1,"[""33542471""]","[""SL_2021""]",not_assessed,not_assessed,unknown
lnpdb-head-fef721ad714af4df,head,parsed,Nc1c(N)c2ccccc2c2ccccc12,"[""C1=CC=C2C(=C1)C3=C(C=CC=C3)C(=C2N)N""]",5,6,1,"[""24969323""]",1,"[""24969323""]","[""KW_2014""]",not_assessed,not_assessed,unknown
lnpdb-head-ff1faf8ac48ffeb1,head,parsed,NCC1CCCO1,"[""C1CC(CN)OC1""]",11,11,1,"[""18438401""]",1,"[""18438401""]","[""AA_2008""]",not_assessed,not_assessed,unknown
lnpdb-head-ffb41fb14a8aadb4,head,parsed,NCCN1CCCCC1,"[""C1CCN(CC1)CCN"", ""NCCN1CCCCC1""]",186,274,11,"[""18438401"", ""24969323"", ""26729861"", ""36997680"", ""37127709"", ""37591187"", ""37661193"", ""37853662"", ""38060560"", ""38740955"", ""39060305""]",11,"[""18438401"", ""24969323"", ""26729861"", ""36997680"", ""37127709"", ""37591187"", ""37661193"", ""37853662"", ""38060560"", ""38740955"", ""39060305""]","[""AA_2008"", ""BL_2023"", ""BL_2024"", ""JC_2023"", ""KW_2014"", ""KZ_2016"", ""LR_2023"", ""YX_2024"", ""YY_2023"", ""ZC_2023"", ""ZH_2023""]",not_assessed,not_assessed,unknown
lnpdb-linker-0060aaea57e7c271,linker,parsed,O=CC1CC1,"[""C1CC1C=O""]",15,30,1,"[""37661193""]",1,"[""37661193""]","[""ZH_2023""]",not_assessed,not_assessed,unknown
lnpdb-linker-08194d1e39a7738a,linker,parsed,[C-]#[N+]CCCC,"[""CCCC[N+]#[C-]""]",248,261,2,"[""31570898"", ""38740955""]",2,"[""31570898"", ""38740955""]","[""BL_2024"", ""LM_2019""]",not_assessed,not_assessed,unknown
lnpdb-linker-0a80f40be2835191,linker,parsed,CC(C)(C[O])[C@@H]([O])C(=O)NCCC([O])=O,"[""[O][C@@H](C(NCCC([O])=O)=O)C(C)(C)C[O]""]",14,26,1,"[""39502027""]",1,"[""39502027""]","[""SY_2025""]",not_assessed,not_assessed,unknown
lnpdb-linker-0b600d845ef64b0d,linker,parsed,CCC(C=O)CC,"[""CCC(CC)C=O""]",1,2,1,"[""37661193""]",1,"[""37661193""]","[""ZH_2023""]",not_assessed,not_assessed,unknown
lnpdb-linker-1cba73de7f459b08,linker,parsed,CCC(C)C=O,"[""CCC(C)C=O""]",1,2,1,"[""37661193""]",1,"[""37661193""]","[""ZH_2023""]",not_assessed,not_assessed,unknown
lnpdb-linker-1cf73e71f6fe0719,linker,parsed,CCCCCCCCCC1CO1,"[""CCCCCCCCCC1CO1""]",40,56,1,"[""37990414""]",1,"[""37990414""]","[""YX_2023""]",not_assessed,not_assessed,unknown
lnpdb-linker-1d325a434bad49e8,linker,parsed,CCCCC(C=O)CC,"[""CCCCC(CC)C=O""]",56,114,1,"[""37661193""]",1,"[""37661193""]","[""ZH_2023""]",not_assessed,not_assessed,unknown
lnpdb-linker-23b43638d56ef708,linker,parsed,[C-]#[N+]CC(=O)OC,"[""[C-]#[N+]CC(=O)OC""]",108,108,1,"[""31570898""]",1,"[""31570898""]","[""LM_2019""]",not_assessed,not_assessed,unknown
lnpdb-linker-35059085fd651191,linker,parsed,[C-]#[N+]CCCCC,"[""CCCCC[N+]#[C-]""]",108,108,1,"[""31570898""]",1,"[""31570898""]","[""LM_2019""]",not_assessed,not_assessed,unknown
lnpdb-linker-46e69f90bd22a7ec,linker,parsed,CCCCCCCCCCCCCC1CO1,"[""CCCCCCCCCCCCCC1CO1""]",40,56,1,"[""37990414""]",1,"[""37990414""]","[""YX_2023""]",not_assessed,not_assessed,unknown
lnpdb-linker-4c9a4da7cf1ac22f,linker,parsed,CCCCCCCCC(O)CN(C)CC(O)CCCCCCCC,"[""CCCCCCCCC(CN(C)CC(CCCCCCCC)O)O""]",6,12,1,"[""38409275""]",1,"[""38409275""]","[""XH_2024""]",not_assessed,not_assessed,unknown
lnpdb-linker-53847fd39ebc1f0c,linker,parsed,O=Cc1ccccc1,"[""C1=CC=C(C=C1)C=O""]",1,2,1,"[""37661193""]",1,"[""37661193""]","[""ZH_2023""]",not_assessed,not_assessed,unknown
lnpdb-linker-53c235aad7a5b3b8,linker,parsed,[C-]#[N+]CS(=O)(=O)c1ccc(C)cc1,"[""[C-]#[N+]CS(=O)(=O)C1=CC=C(C)C=C1""]",108,120,1,"[""31570898""]",1,"[""31570898""]","[""LM_2019""]",not_assessed,not_assessed,unknown
lnpdb-linker-5ae8861d9849318f,linker,parsed,[C-]#[N+]CC(=O)OC(C)(C)C,"[""CC(C)(C)OC(=O)C[N+]#[C-]""]",292,329,2,"[""31570898"", ""38740955""]",2,"[""31570898"", ""38740955""]","[""BL_2024"", ""LM_2019""]",not_assessed,not_assessed,unknown
lnpdb-linker-72525b2ebc4c11c7,linker,parsed,CCCCCCCCCCCCCCCC1CO1,"[""CCCCCCCCCCCCCCCC1CO1""]",16,24,1,"[""37990414""]",1,"[""37990414""]","[""YX_2023""]",not_assessed,not_assessed,unknown
lnpdb-linker-7e51ac31fe318702,linker,parsed,CC(C)(C[O])C([O])C(=O)NCCC([NH])=O,"[""[O]CC(C)(C)C(C(NCCC([NH])=O)=O)[O]""]",4,8,1,"[""39502027""]",1,"[""39502027""]","[""SY_2025""]",not_assessed,not_assessed,unknown
lnpdb-linker-8488a7d38c068a77,linker,parsed,CCCCCCCCCCCC1CO1,"[""CCCCCCCCCCCC1CO1""]",40,56,1,"[""37990414""]",1,"[""37990414""]","[""YX_2023""]",not_assessed,not_assessed,unknown
lnpdb-linker-85c6b448b97e280c,linker,parsed,C=CC(=O)OCCOC(=O)C(C)CSC,"[""C=CC(OCCOC(C(CSC)C)=O)=O""]",2,4,1,"[""37853662""]",1,"[""37853662""]","[""ZC_2023""]",not_assessed,not_assessed,unknown
lnpdb-linker-87c4c86020502498,linker,parsed,CCCCCCCCCCCCC(O)C[N]CC(O)CCCCCCCCCCCC,"[""CCCCCCCCCCCCC(C[N]CC(CCCCCCCCCCCC)O)O""]",6,12,1,"[""38409275""]",1,"[""38409275""]","[""XH_2024""]",not_assessed,not_assessed,unknown
lnpdb-linker-8bb972f5db14bd82,linker,parsed,CC(C)=CCCC(C)C=O,"[""CC(=CCCC(C)C=O)C""]",1,2,1,"[""37661193""]",1,"[""37661193""]","[""ZH_2023""]",not_assessed,not_assessed,unknown
lnpdb-linker-92080b6b5512cdc3,linker,parsed,[C-]#[N+]C1CCCCC1,"[""C1CCC(CC1)[N+]#[C-]"", ""[C-]#[N+]C1CCCCC1""]",226,233,2,"[""31570898"", ""38740955""]",2,"[""31570898"", ""38740955""]","[""BL_2024"", ""LM_2019""]",not_assessed,not_assessed,unknown
lnpdb-linker-a1bbdba909844069,linker,parsed,CCCCCCC(O)CN(C)CC(O)CCCCCC,"[""CCCCCCC(CN(C)CC(CCCCCC)O)O""]",6,12,1,"[""38409275""]",1,"[""38409275""]","[""XH_2024""]",not_assessed,not_assessed,unknown
lnpdb-linker-ab62fa0d192812d6,linker,parsed,C=CC(=O)OCCSSCCOC(=O)C(C)CSC,"[""C(=C)C(OCCSSCCOC(C(CSC)C)=O)=O""]",96,122,1,"[""37853662""]",1,"[""37853662""]","[""ZC_2023""]",not_assessed,not_assessed,unknown
lnpdb-linker-b231fdc8106175bf,linker,parsed,CC(C)C=O,"[""CC(C)C=O""]",50,100,1,"[""37661193""]",1,"[""37661193""]","[""ZH_2023""]",not_assessed,not_assessed,unknown
lnpdb-linker-b98d28be02e448ea,linker,parsed,[C-]#[N+]C(C)C(=O)OC(C)(C)C,"[""CC(C(=O)OC(C)(C)C)[N+]#[C-]""]",108,108,1,"[""31570898""]",1,"[""31570898""]","[""LM_2019""]",not_assessed,not_assessed,unknown
lnpdb-linker-bbfc4287dbf72b39,linker,parsed,C=CC(=O)OCCSSC,"[""C=CC(OCCSSC)=O""]",2,4,1,"[""37853662""]",1,"[""37853662""]","[""ZC_2023""]",not_assessed,not_assessed,unknown
lnpdb-linker-c04bd18eaffda968,linker,parsed,[C-]#[N+]C(C)(C)C,"[""CC(C)(C)[N+]#[C-]""]",226,232,2,"[""31570898"", ""38740955""]",2,"[""31570898"", ""38740955""]","[""BL_2024"", ""LM_2019""]",not_assessed,not_assessed,unknown
lnpdb-linker-c1d71c85565a0894,linker,parsed,CCCCCCCC1CO1,"[""CCCCCCCC1CO1""]",40,56,1,"[""37990414""]",1,"[""37990414""]","[""YX_2023""]",not_assessed,not_assessed,unknown
lnpdb-linker-c51cf94a2bf74c1b,linker,parsed,[C-]#[N+]CCC(=O)OCC,"[""CCOC(=O)CC[N+]#[C-]""]",108,108,1,"[""31570898""]",1,"[""31570898""]","[""LM_2019""]",not_assessed,not_assessed,unknown
lnpdb-linker-d623f3f2ea56ebb6,linker,parsed,[C-]#[N+]CC(=O)OCC,"[""CCOC(=O)C[N+]#[C-]""]",108,132,1,"[""31570898""]",1,"[""31570898""]","[""LM_2019""]",not_assessed,not_assessed,unknown
lnpdb-linker-e49c26660b11d864,linker,parsed,CCCCCCCCCCC(O)CN(C)CC(O)CCCCCCCCCC,"[""CCCCCCCCCCC(CN(C)CC(CCCCCCCCCC)O)O""]",6,12,1,"[""38409275""]",1,"[""38409275""]","[""XH_2024""]",not_assessed,not_assessed,unknown
lnpdb-linker-e636f1d4c664ca4a,linker,parsed,CC=O,"[""CC=O""]",1,2,1,"[""37661193""]",1,"[""37661193""]","[""ZH_2023""]",not_assessed,not_assessed,unknown
lnpdb-linker-eda91259afc647d5,linker,parsed,C=CC(=O)OCCCCCCCC/C=C\CC(CCCCCC)OC(=O)O,"[""C=CC(=O)OCCCCCCCC/C=C\\CC(CCCCCC)OC(=O)O""]",711,773,1,"[""36997680""]",1,"[""36997680""]","[""BL_2023""]",not_assessed,not_assessed,unknown
lnpdb-linker-f03b92ae5ae8172a,linker,parsed,O=CC1CCCCC1,"[""C1CCC(CC1)C=O""]",35,70,1,"[""37661193""]",1,"[""37661193""]","[""ZH_2023""]",not_assessed,not_assessed,unknown
lnpdb-linker-f5634af8ed0c809b,linker,parsed,CCCCC(O)CN(C)CC(O)CCCC,"[""CCCCC(CN(C)CC(CCCC)O)O""]",6,12,1,"[""38409275""]",1,"[""38409275""]","[""XH_2024""]",not_assessed,not_assessed,unknown
lnpdb-tail1-00add74d58d5e729,tail1,parsed,C=CC(=O)NCCCCCCCCCCCCCCCCCC,"[""C=CC(=O)NCCCCCCCCCCCCCCCCCC""]",43,44,1,"[""18438401""]",1,"[""18438401""]","[""AA_2008""]",not_assessed,not_assessed,unknown
lnpdb-tail1-00fbf783dfd64184,tail1,parsed,CCCCCCCCCC(=O)O,"[""CCCCCCCCCC(=O)O""]",18,18,1,"[""36269150""]",1,"[""36269150""]","[""ZL_2022""]",not_assessed,not_assessed,unknown
lnpdb-tail1-01b220249e3ac757,tail1,parsed,CCC#CCO,"[""CCC#CCO""]",71,76,1,"[""36997680""]",1,"[""36997680""]","[""BL_2023""]",not_assessed,not_assessed,unknown
lnpdb-tail1-022492d9943609a5,tail1,parsed,C=CC(=O)OCCC(C)CCCC(C)C,"[""C=CC(=O)OCCC(C)CCCC(C)C""]",20,30,1,"[""38437545""]",1,"[""38437545""]","[""NC_2024""]",not_assessed,not_assessed,unknown
lnpdb-tail1-027fc01cb38cbdb9,tail1,parsed,CCCCCCCCCCC1CO1,"[""C1OC1CCCCCCCCCC"", ""CCCCCCCCCCC1CO1""]",20,20,2,"[""20080679"", ""27981708""]",2,"[""20080679"", ""27981708""]","[""JM_2016"", ""KL_2010""]",not_assessed,not_assessed,unknown
lnpdb-tail1-04368c200b6b14e5,tail1,parsed,CCCCCC(C)C(=O)Oc1cc(C=O)cc(OC(=O)C(C)CCCCC)c1,"[""CCCCCC(C)C(=O)OC1=CC(=CC(=C1)OC(=O)C(C)CCCCC)C=O""]",13,48,1,"[""38424061""]",1,"[""38424061""]","[""LX_2024""]",not_assessed,not_assessed,unknown
lnpdb-tail1-04f06c29ab22a334,tail1,parsed,CCCCCC(C)CCC(=O)Oc1cc(C=O)cc(OC(=O)CCC(C)CCCCC)c1,"[""CCCCCC(C)CCC(=O)OC1=CC(=CC(=C1)OC(=O)CCC(C)CCCCC)C=O""]",12,40,1,"[""38424061""]",1,"[""38424061""]","[""LX_2024""]",not_assessed,not_assessed,unknown
lnpdb-tail1-076ef8d227942366,tail1,parsed,CCCCCCCCCCCS,"[""CCCCCCCCCCCS""]",56,56,2,"[""22902058"", ""26729861""]",2,"[""22902058"", ""26729861""]","[""KZ_2016"", ""LL_2012""]",not_assessed,not_assessed,unknown
lnpdb-tail1-0787ad1f948de679,tail1,parsed,OCCS,"[""C(CS)O""]",42,42,1,"[""26729861""]",1,"[""26729861""]","[""KZ_2016""]",not_assessed,not_assessed,unknown
lnpdb-tail1-0a1133f2e7e89d98,tail1,parsed,CCCCC#CCO,"[""CCCCC#CCO""]",71,74,1,"[""36997680""]",1,"[""36997680""]","[""BL_2023""]",not_assessed,not_assessed,unknown
lnpdb-tail1-0a16367233f353e9,tail1,parsed,C=CCCC1CO1,"[""C=CCCC1CO1""]",14,14,1,"[""20080679""]",1,"[""20080679""]","[""KL_2010""]",not_assessed,not_assessed,unknown
lnpdb-tail1-0be4be4ad87ed2ce,tail1,parsed,C=CCCCC1CO1,"[""C=CCCCC1OC1""]",14,14,1,"[""20080679""]",1,"[""20080679""]","[""KL_2010""]",not_assessed,not_assessed,unknown
lnpdb-tail1-0c559f93237bc36d,tail1,parsed,C=CC(=O)OCC=CCCCCCCCC,"[""CCCCCCCCC=CCOC(=O)C=C""]",20,20,1,"[""38437545""]",1,"[""38437545""]","[""NC_2024""]",not_assessed,not_assessed,unknown
lnpdb-tail1-0c99ac2dbe8e3a3e,tail1,parsed,SCCN1CCCCC1,"[""C1CCN(CC1)CCS""]",42,42,1,"[""26729861""]",1,"[""26729861""]","[""KZ_2016""]",not_assessed,not_assessed,unknown
lnpdb-tail1-0d47a8c3ddf53643,tail1,parsed,CC/C=C\C/C=C\CS,"[""CC/C=C\\C/C=C\\CS""]",7,7,1,"[""33305471""]",1,"[""33305471""]","[""SL_2020""]",not_assessed,not_assessed,unknown
lnpdb-tail1-0ed1eb0636271cc3,tail1,parsed,CCCCCCCCC(CCCCCC)C(=O)OCCCCCC=O,"[""CCCCCCCCC(CCCCCC)C(=O)OCCCCCC=O""]",48,48,1,"[""38060560""]",1,"[""38060560""]","[""JC_2023""]",not_assessed,not_assessed,unknown
lnpdb-tail1-0fac9f09e1a1676c,tail1,parsed,CCCCCC=CCC=CCCCCCCCC(=O)O,"[""CCCCCC=CCC=CCCCCCCCC(=O)O""]",42,42,2,"[""36269150"", ""37127709""]",2,"[""36269150"", ""37127709""]","[""LR_2023"", ""ZL_2022""]",not_assessed,not_assessed,unknown
lnpdb-tail1-13632a9eb8e56a23,tail1,parsed,OCC(O)CS,"[""C(C(CS)O)O""]",42,42,1,"[""26729861""]",1,"[""26729861""]","[""KZ_2016""]",not_assessed,not_assessed,unknown
lnpdb-tail1-15614519c1541e84,tail1,parsed,CCCCCC(=O)CCCCC,"[""CCCCCC(=O)CCCCC""]",120,120,1,"[""31570898""]",1,"[""31570898""]","[""LM_2019""]",not_assessed,not_assessed,unknown
lnpdb-tail1-177a819f5f98f1b5,tail1,parsed,CC=CCCCS,"[""CC=CCCCS""]",7,7,1,"[""33305471""]",1,"[""33305471""]","[""SL_2020""]",not_assessed,not_assessed,unknown
lnpdb-tail1-17bd0a9ea971a829,tail1,parsed,CCCCCCCCCCCNCCCCCCCCCCC,"[""CCCCCCCCCCCNCCCCCCCCCCC""]",14,14,1,"[""38969646""]",1,"[""38969646""]","[""KS_2024""]",not_assessed,not_assessed,unknown
lnpdb-tail1-17ef635a4747327d,tail1,parsed,CCCCC(CC)C(=O)Oc1cc(OC(=O)C(CC)CCCC)c(C=O)c(OC(=O)C(CC)CCCC)c1,"[""CCCCC(CC)C(=O)OC1=CC(OC(=O)C(CC)CCCC)=C(C=O)C(OC(=O)C(CC)CCCC)=C1""]",13,55,1,"[""38424061""]",1,"[""38424061""]","[""LX_2024""]",not_assessed,not_assessed,unknown
lnpdb-tail1-17f567e787e574e0,tail1,parsed,CCCCC(CC)COC(=O)CCCCCCCBr,"[""CCCCC(CC)COC(=O)CCCCCCCBr""]",13,13,1,"[""39099464""]",1,"[""39099464""]","[""YR_2024""]",not_assessed,not_assessed,unknown
lnpdb-tail1-195f3a68fb5dc10e,tail1,parsed,CCCCCCCCCCNCCCCCCCCCC,"[""CCCCCCCCCCNCCCCCCCCCC""]",31,31,2,"[""37591187"", ""38969646""]",2,"[""37591187"", ""38969646""]","[""KS_2024"", ""YY_2023""]",not_assessed,not_assessed,unknown
lnpdb-tail1-19e11d98abac3c3c,tail1,parsed,CCCCCCCCCCC(=O)OCCCCCC=O,"[""CCCCCCCCCCC(=O)OCCCCCC=O""]",258,382,2,"[""38740955"", ""39060305""]",2,"[""38740955"", ""39060305""]","[""BL_2024"", ""YX_2024""]",not_assessed,not_assessed,unknown
lnpdb-tail1-19ed335fe110b8b0,tail1,parsed,CC(C)=CCC/C(C)=C/CC/C(C)=C/CS,"[""CC(=CCC/C(=C/CC/C(=C/CS)/C)/C)C""]",7,7,1,"[""33305471""]",1,"[""33305471""]","[""SL_2020""]",not_assessed,not_assessed,unknown
lnpdb-tail1-1b9cd58929fc8d8b,tail1,parsed,CCCCCCCCCCCCCCCC(=O)OCCCCCC=O,"[""CCCCCCCCCCCCCCCC(=O)OCCCCCC=O""]",148,248,2,"[""38740955"", ""39060305""]",2,"[""38740955"", ""39060305""]","[""BL_2024"", ""YX_2024""]",not_assessed,not_assessed,unknown
lnpdb-tail1-1bf27685d99e10cc,tail1,parsed,CCCCC/C=C\C/C=C\CCCCCCCCC([O])CCCCCCCC/C=C\C/C=C\CCCCC,"[""CCCCC/C=C\\C/C=C\\CCCCCCCCC(CCCCCCCC/C=C\\C/C=C\\CCCCC)[O]""]",1,11,1,"[""38779592""]",1,"[""38779592""]","[""SB_2024""]",not_assessed,not_assessed,unknown
lnpdb-tail1-1c99529144980a6f,tail1,parsed,CCCCCCCCC(=O)OCCCCCC=O,"[""CCCCCCCCC(=O)OCCCCCC=O""]",148,248,2,"[""38740955"", ""39060305""]",2,"[""38740955"", ""39060305""]","[""BL_2024"", ""YX_2024""]",not_assessed,not_assessed,unknown
lnpdb-tail1-1d03a654f230236a,tail1,parsed,CCCCCCCCC=CCCCCCCCCO,"[""CCCCCCCCC=CCCCCCCCCO""]",70,76,1,"[""36997680""]",1,"[""36997680""]","[""BL_2023""]",not_assessed,not_assessed,unknown
lnpdb-tail1-1f6536ff46efe142,tail1,parsed,CCCCCCCCCCCCCC(=O)[O-],"[""CCCCCCCCCCCCCC(=O)[O-]""]",5,10,1,"[""38409275""]",1,"[""38409275""]","[""XH_2024""]",not_assessed,not_assessed,unknown
lnpdb-tail1-1f88c0a4627b80ae,tail1,parsed,CCCCCC(C)C(=O)Oc1cc(OC(=O)C(C)CCCCC)c(C=O)c(OC(=O)C(C)CCCCC)c1,"[""CCCCCC(C)C(=O)OC1=CC(=C(C=O)C(=C1)OC(=O)C(C)CCCCC)OC(=O)C(C)CCCCC""]",15,51,1,"[""38424061""]",1,"[""38424061""]","[""LX_2024""]",not_assessed,not_assessed,unknown
lnpdb-tail1-2044f44a169f5510,tail1,parsed,CC(C)=CCCC(C)CCOC(=O)CCCCCBr,"[""CC(=CCCC(C)CCOC(=O)CCCCCBr)C""]",13,13,1,"[""39099464""]",1,"[""39099464""]","[""YR_2024""]",not_assessed,not_assessed,unknown
lnpdb-tail1-20a10ce82f2d9d0c,tail1,parsed,CC/C=C\C/C=C\C/C=C\C/C=C\C/C=C\C/C=C\CCC(=O)O,"[""CC/C=C\\C/C=C\\C/C=C\\C/C=C\\C/C=C\\C/C=C\\CCC(=O)O""]",24,24,1,"[""37127709""]",1,"[""37127709""]","[""LR_2023""]",not_assessed,not_assessed,unknown
lnpdb-tail1-21886ddc08937b4c,tail1,parsed,CCCCCCCCC(C)CCCCCC,"[""CC(CCCCCCCC)CCCCCC""]",2,4,1,"[""39502027""]",1,"[""39502027""]","[""SY_2025""]",not_assessed,not_assessed,unknown
lnpdb-tail1-235dbf7af3912cd1,tail1,parsed,SCCN1CCCCCC1,"[""C1CCCN(CC1)CCS""]",42,42,1,"[""26729861""]",1,"[""26729861""]","[""KZ_2016""]",not_assessed,not_assessed,unknown
lnpdb-tail1-25a94c493846f668,tail1,parsed,C=CC(=O)OCCCCCCCCCCCCCCC,"[""C=CC(=O)OCCCCCCCCCCCCCCC""]",36,36,1,"[""18438401""]",1,"[""18438401""]","[""AA_2008""]",not_assessed,not_assessed,unknown
lnpdb-tail1-26fe95ab4c987e3e,tail1,parsed,CCCCNCCCC,"[""CCCCNCCCC""]",31,31,2,"[""37591187"", ""38969646""]",2,"[""37591187"", ""38969646""]","[""KS_2024"", ""YY_2023""]",not_assessed,not_assessed,unknown
lnpdb-tail1-27d54f973ceaa6f6,tail1,invalid,,"[""CCCCCCCCCCCCCCCCC1CO1_""]",14,14,1,"[""20080679""]",1,"[""20080679""]","[""KL_2010""]",not_assessed,not_assessed,unknown
lnpdb-tail1-28af62a13eb3582d,tail1,parsed,[C-]#[N+]CCCCCCCCCCCC,"[""[C-]#[N+]CCCCCCCCCCCC""]",2,4,1,"[""37661193""]",1,"[""37661193""]","[""ZH_2023""]",not_assessed,not_assessed,unknown
lnpdb-tail1-29f14e6dacadf78f,tail1,parsed,CC(C)CCOC(=O)CCCCCCC(C)O,"[""CC(CCOC(CCCCCCC(O)C)=O)C""]",10,10,1,"[""37480759""]",1,"[""37480759""]","[""RG_2023""]",not_assessed,not_assessed,unknown
lnpdb-tail1-2ac0e43a7186a64b,tail1,parsed,CCCCCCC(CS)CCCC,"[""CCCCCCC(CCCC)CS""]",12,14,1,"[""37853662""]",1,"[""37853662""]","[""ZC_2023""]",not_assessed,not_assessed,unknown
lnpdb-tail1-2b09205f0a8811b9,tail1,parsed,CC/C=C\CCCS,"[""CC/C=C\\CCCS""]",7,7,1,"[""33305471""]",1,"[""33305471""]","[""SL_2020""]",not_assessed,not_assessed,unknown
lnpdb-tail1-333a38a08a3d1a58,tail1,parsed,CCCCC(CC)CS,"[""CCCCC(CC)CS""]",12,14,1,"[""37853662""]",1,"[""37853662""]","[""ZC_2023""]",not_assessed,not_assessed,unknown
lnpdb-tail1-39abe223f43b7b07,tail1,parsed,CCCCCCCCNC,"[""CCCCCCCCNC""]",31,31,2,"[""37591187"", ""38969646""]",2,"[""37591187"", ""38969646""]","[""KS_2024"", ""YY_2023""]",not_assessed,not_assessed,unknown
lnpdb-tail1-3a2e19e75ac85672,tail1,parsed,CCCCCCCCC=CCCCCCCCC=O,"[""CCCCCCCCC=CCCCCCCCC=O""]",48,48,1,"[""38060560""]",1,"[""38060560""]","[""JC_2023""]",not_assessed,not_assessed,unknown
lnpdb-tail1-3a94e24c527dad91,tail1,parsed,CC(C)=CCCC(C)CCOC(=O)CCCCCCCBr,"[""CC(=CCCC(C)CCOC(=O)CCCCCCCBr)C""]",13,13,1,"[""39099464""]",1,"[""39099464""]","[""YR_2024""]",not_assessed,not_assessed,unknown
lnpdb-tail1-3c088b12a9bc5142,tail1,parsed,CCCCCCCCC(CCCCCC)C(=O)OCC(CC)OC(=O)C(CCCCCC)CCCCCCCC,"[""CCC(COC(C(CCCCCC)CCCCCCCC)=O)OC(C(CCCCCC)CCCCCCCC)=O""]",5,10,1,"[""39502027""]",1,"[""39502027""]","[""SY_2025""]",not_assessed,not_assessed,unknown
lnpdb-tail1-3d285f818bc8ff93,tail1,parsed,CC(C)=CCC/C(C)=C\CS,"[""CC(=CCC/C(=C\\CS)/C)C""]",7,7,1,"[""33305471""]",1,"[""33305471""]","[""SL_2020""]",not_assessed,not_assessed,unknown
lnpdb-tail1-3d6acc098705f113,tail1,parsed,CCCCC(C)C(=O)Oc1cc(OC(=O)C(C)CCCC)c(C=O)c(OC(=O)C(C)CCCC)c1,"[""CCCCC(C)C(=O)OC1=CC(=C(C=O)C(=C1)OC(=O)C(C)CCCC)OC(=O)C(C)CCCC""]",7,37,1,"[""38424061""]",1,"[""38424061""]","[""LX_2024""]",not_assessed,not_assessed,unknown
lnpdb-tail1-3fb9151815fdcb62,tail1,invalid,,"[""CC(C)CCCC(C)CCOC(=O)CCCCCBr_""]",13,13,1,"[""39099464""]",1,"[""39099464""]","[""YR_2024""]",not_assessed,not_assessed,unknown
lnpdb-tail1-3fee61e75cc6c966,tail1,parsed,CCCCS,"[""CCCCS""]",54,56,2,"[""26729861"", ""37853662""]",2,"[""26729861"", ""37853662""]","[""KZ_2016"", ""ZC_2023""]",not_assessed,not_assessed,unknown
lnpdb-tail1-43355c5cfafb0c66,tail1,parsed,CCCCCC(CS)CCC,"[""CCCCCC(CCC)CS""]",14,18,1,"[""37853662""]",1,"[""37853662""]","[""ZC_2023""]",not_assessed,not_assessed,unknown
lnpdb-tail1-437c4e8119180b11,tail1,parsed,CC(C)CCCC(C)CCOC(=O)CCCCCCCBr,"[""CC(C)CCCC(C)CCOC(=O)CCCCCCCBr""]",13,13,1,"[""39099464""]",1,"[""39099464""]","[""YR_2024""]",not_assessed,not_assessed,unknown
lnpdb-tail1-43a18abca272590d,tail1,parsed,CCCCC/C=C\C/C=C\C/C=C\C/C=C\CCCC(=O)O,"[""CCCCC/C=C\\C/C=C\\C/C=C\\C/C=C\\CCCC(=O)O""]",24,24,1,"[""37127709""]",1,"[""37127709""]","[""LR_2023""]",not_assessed,not_assessed,unknown
lnpdb-tail1-4572dd58e6c6d409,tail1,parsed,CCCCCCC(=O)Oc1cc(C=O)cc(OC(=O)CCCCCC)c1OC(=O)CCCCCC,"[""CCCCCCC(=O)OC1=CC(=CC(=C1OC(=O)CCCCCC)OC(=O)CCCCCC)C=O""]",11,11,1,"[""38424061""]",1,"[""38424061""]","[""LX_2024""]",not_assessed,not_assessed,unknown
lnpdb-tail1-45d895c2521ab2c8,tail1,parsed,CCCCCCCCCCCCC(=O)OCCCCCC=O,"[""CCCCCCCCCCCCC(=O)OCCCCCC=O""]",48,48,1,"[""38740955""]",1,"[""38740955""]","[""BL_2024""]",not_assessed,not_assessed,unknown
lnpdb-tail1-4715b3c5d094d560,tail1,parsed,CCCCCCCCCCCCC1CO1,"[""C1OC1CCCCCCCCCCCC"", ""CCCCCCCCCCCCC1CO1""]",20,20,2,"[""20080679"", ""27981708""]",2,"[""20080679"", ""27981708""]","[""JM_2016"", ""KL_2010""]",not_assessed,not_assessed,unknown
lnpdb-tail1-47d102c9ea69bfb8,tail1,parsed,CCCCC(CC)CCC(=O)Oc1cc(OC(=O)CCC(CC)CCCC)c(C=O)c(OC(=O)CCC(CC)CCCC)c1,"[""CCCCC(CC)CCC(=O)OC1=CC(=C(C=O)C(=C1)OC(=O)CCC(CC)CCCC)OC(=O)CCC(CC)CCCC""]",14,248,1,"[""38424061""]",1,"[""38424061""]","[""LX_2024""]",not_assessed,not_assessed,unknown
lnpdb-tail1-4c015e4614512283,tail1,invalid,,"[""C=CCCCCS_""]",7,7,1,"[""33305471""]",1,"[""33305471""]","[""SL_2020""]",not_assessed,not_assessed,unknown
lnpdb-tail1-4e51714748a814e7,tail1,parsed,O=C1CCCCCCCCCCC1,"[""C1CCCCCC(=O)CCCCC1""]",120,120,1,"[""31570898""]",1,"[""31570898""]","[""LM_2019""]",not_assessed,not_assessed,unknown
lnpdb-tail1-4faf6f2a9ae7d2f4,tail1,parsed,CCCCCCS,"[""CCCCCCS""]",63,63,3,"[""22902058"", ""26729861"", ""33305471""]",3,"[""22902058"", ""26729861"", ""33305471""]","[""KZ_2016"", ""LL_2012"", ""SL_2020""]",not_assessed,not_assessed,unknown
lnpdb-tail1-508bf001ff1ca948,tail1,parsed,CCCCCC#CCO,"[""CCCCCC#CCO""]",71,87,1,"[""36997680""]",1,"[""36997680""]","[""BL_2023""]",not_assessed,not_assessed,unknown
lnpdb-tail1-5132a8ff0f2cacf6,tail1,parsed,CCCCCCCCCCCC(=O)[O-],"[""CCCCCCCCCCCC(=O)[O-]""]",5,10,1,"[""38409275""]",1,"[""38409275""]","[""XH_2024""]",not_assessed,not_assessed,unknown
lnpdb-tail1-515dc140c484c3c6,tail1,parsed,OCCCS,"[""C(CO)CS""]",42,42,1,"[""26729861""]",1,"[""26729861""]","[""KZ_2016""]",not_assessed,not_assessed,unknown
lnpdb-tail1-525f16e50db5b842,tail1,parsed,O=C1CCCCCCCCCCCCCCC1,"[""C1CCCCCCCC(=O)CCCCCCC1""]",120,120,1,"[""31570898""]",1,"[""31570898""]","[""LM_2019""]",not_assessed,not_assessed,unknown
lnpdb-tail1-52b0ab32a7f779d7,tail1,parsed,CCCCCCCCCC(=O)Oc1cc(C=O)cc(OC(=O)CCCCCCCCC)c1,"[""CCCCCCCCCC(=O)OC1=CC(C=O)=CC(OC(=O)CCCCCCCCC)=C1""]",11,11,1,"[""38424061""]",1,"[""38424061""]","[""LX_2024""]",not_assessed,not_assessed,unknown
lnpdb-tail1-52cc7fb3d23fac28,tail1,parsed,C=CC(=O)OCCCCCCCCCC,"[""C=CC(=O)OCCCCCCCCCC""]",255,330,4,"[""18438401"", ""24969323"", ""27981708"", ""38437545""]",4,"[""18438401"", ""24969323"", ""27981708"", ""38437545""]","[""AA_2008"", ""JM_2016"", ""KW_2014"", ""NC_2024""]",not_assessed,not_assessed,unknown
lnpdb-tail1-54a9807633dbfc7b,tail1,parsed,CCCCCCCCCCC(C)O,"[""CCCCCCCCCCC(C)O""]",24,24,1,"[""37480759""]",1,"[""37480759""]","[""RG_2023""]",not_assessed,not_assessed,unknown
lnpdb-tail1-54f97cab69870cf5,tail1,parsed,CCCCCCCCC(=O)OCCCCCBr,"[""CCCCCCCCC(=O)OCCCCCBr""]",13,13,1,"[""39099464""]",1,"[""39099464""]","[""YR_2024""]",not_assessed,not_assessed,unknown
lnpdb-tail1-54fd34747e3738fb,tail1,parsed,CCCC=CCS,"[""CCCC=CCS""]",7,7,1,"[""33305471""]",1,"[""33305471""]","[""SL_2020""]",not_assessed,not_assessed,unknown
lnpdb-tail1-586e50133718a9ef,tail1,parsed,CCCCCCCCCCCC1CO1,"[""CCCCCCCCCCCC1CO1""]",14,14,1,"[""20080679""]",1,"[""20080679""]","[""KL_2010""]",not_assessed,not_assessed,unknown
lnpdb-tail1-5892910ceb438cee,tail1,parsed,CCCCC(C)CCC(=O)Oc1cc(C=O)cc(OC(=O)CCC(C)CCCC)c1,"[""CCCCC(C)CCC(=O)OC1=CC(=CC(=C1)OC(=O)CCC(C)CCCC)C=O""]",12,76,1,"[""38424061""]",1,"[""38424061""]","[""LX_2024""]",not_assessed,not_assessed,unknown
lnpdb-tail1-5ad4cf3c48ee5373,tail1,parsed,CCCCCCCCC=CCCCCCCCC(=O)O,"[""CCCCCCCCC=CCCCCCCCC(=O)O""]",42,42,2,"[""36269150"", ""37127709""]",2,"[""36269150"", ""37127709""]","[""LR_2023"", ""ZL_2022""]",not_assessed,not_assessed,unknown
lnpdb-tail1-5dbdcbe3f66dd873,tail1,parsed,CCCCC/C=C\C/C=C\CCCCCCC(C)O,"[""CCCCC/C=C\\C/C=C\\CCCCCCC(C)O""]",24,24,1,"[""37480759""]",1,"[""37480759""]","[""RG_2023""]",not_assessed,not_assessed,unknown
lnpdb-tail1-5e1e89c2fc9cfb66,tail1,parsed,CCCCCC(=O)O,"[""CCCCCC(=O)O""]",24,24,1,"[""37127709""]",1,"[""37127709""]","[""LR_2023""]",not_assessed,not_assessed,unknown
lnpdb-tail1-5ed87064f36537fa,tail1,parsed,CCCCCCCCCCCC(=O)OCCCCCC=O,"[""CCCCCCCCCCCC(=O)OCCCCCC=O""]",48,48,1,"[""38060560""]",1,"[""38060560""]","[""JC_2023""]",not_assessed,not_assessed,unknown
lnpdb-tail1-5f4877ccfaa4c67a,tail1,parsed,CCCCC(CC)COC(=O)CCCCCBr,"[""CCCCC(CC)COC(=O)CCCCCBr""]",13,13,1,"[""39099464""]",1,"[""39099464""]","[""YR_2024""]",not_assessed,not_assessed,unknown
lnpdb-tail1-6161ee97530e4f60,tail1,parsed,CCCCCCCCCCCCCCC1CO1,"[""C1OC1CCCCCCCCCCCCCC"", ""CCCCCCCCCCCCCCC1CO1""]",20,20,2,"[""20080679"", ""27981708""]",2,"[""20080679"", ""27981708""]","[""JM_2016"", ""KL_2010""]",not_assessed,not_assessed,unknown
lnpdb-tail1-61c828a8291c767c,tail1,parsed,CCCCCCCCCC(=O)OCCCCCC=O,"[""CCCCCCCCCC(=O)OCCCCCC=O""]",100,200,1,"[""39060305""]",1,"[""39060305""]","[""YX_2024""]",not_assessed,not_assessed,unknown
lnpdb-tail1-61cf0c638879c7d5,tail1,parsed,CCCCCCC1CO1,"[""C1OC1CCCCCC"", ""CCCCCCC1CO1""]",20,20,2,"[""20080679"", ""27981708""]",2,"[""20080679"", ""27981708""]","[""JM_2016"", ""KL_2010""]",not_assessed,not_assessed,unknown
lnpdb-tail1-61dea739da21e48c,tail1,invalid,,"[""CCCCCCCC(=O)OCCCCCCBr_""]",13,13,1,"[""39099464""]",1,"[""39099464""]","[""YR_2024""]",not_assessed,not_assessed,unknown
lnpdb-tail1-61f435da1c2e4d61,tail1,parsed,CCCCCCNCCCCCC,"[""CCCCCCNCCCCCC""]",31,31,2,"[""37591187"", ""38969646""]",2,"[""37591187"", ""38969646""]","[""KS_2024"", ""YY_2023""]",not_assessed,not_assessed,unknown
lnpdb-tail1-63b345b8b2e43c26,tail1,parsed,CCCCCCCCCCC,"[""CCCCCCCCCCC""]",2,4,1,"[""39502027""]",1,"[""39502027""]","[""SY_2025""]",not_assessed,not_assessed,unknown
lnpdb-tail1-6448a6a19eac3ae7,tail1,parsed,CCC(CC)COCC(=O)CCCCC(C)O,"[""CCC(CC)COCC(=O)CCCCC(C)O""]",13,13,1,"[""37480759""]",1,"[""37480759""]","[""RG_2023""]",not_assessed,not_assessed,unknown
lnpdb-tail1-64b60a1197cd26b1,tail1,parsed,C=CCCCCCCC1CO1,"[""C=CCCCCCCC1CO1""]",14,14,1,"[""20080679""]",1,"[""20080679""]","[""KL_2010""]",not_assessed,not_assessed,unknown
lnpdb-tail1-65a212fcfaf686ad,tail1,parsed,CCCN(CCC)CCS,"[""CCCN(CCC)CCS""]",42,42,1,"[""26729861""]",1,"[""26729861""]","[""KZ_2016""]",not_assessed,not_assessed,unknown
lnpdb-tail1-668dc43d423c6abc,tail1,parsed,CCCCCC(C)CCC(=O)OCCCCCC=O,"[""CCCCCC(C)CCC(=O)OCCCCCC=O""]",118,248,2,"[""38060560"", ""39060305""]",2,"[""38060560"", ""39060305""]","[""JC_2023"", ""YX_2024""]",not_assessed,not_assessed,unknown
lnpdb-tail1-6739b8b0e4feccb3,tail1,parsed,CCCCCCCC(=O)Oc1cc(C=O)cc(OC(=O)CCCCCCC)c1,"[""CCCCCCCC(=O)OC1=CC(C=O)=CC(OC(=O)CCCCCCC)=C1""]",11,11,1,"[""38424061""]",1,"[""38424061""]","[""LX_2024""]",not_assessed,not_assessed,unknown
lnpdb-tail1-6a11d865a2590fa3,tail1,parsed,CCC/C=C\CS,"[""CCC/C=C\\CS""]",7,7,1,"[""33305471""]",1,"[""33305471""]","[""SL_2020""]",not_assessed,not_assessed,unknown
lnpdb-tail1-6a5ba9b1be92604a,tail1,parsed,CCCCCC=CCC=C=CCCCCCCCCO,"[""CCCCCC=CCC=C=CCCCCCCCCO""]",71,74,1,"[""36997680""]",1,"[""36997680""]","[""BL_2023""]",not_assessed,not_assessed,unknown
lnpdb-tail1-6bb6677fba51ba08,tail1,parsed,CCCCCCC(=O)OCCBr,"[""CCCCCCC(=O)OCCBr""]",13,13,1,"[""39099464""]",1,"[""39099464""]","[""YR_2024""]",not_assessed,not_assessed,unknown
lnpdb-tail1-6bb91747d1b90e6b,tail1,parsed,O=C(CCCS)N1CCN(CCO)CC1,"[""C(CC(=O)N1CCN(CC1)CCO)CS""]",42,42,1,"[""26729861""]",1,"[""26729861""]","[""KZ_2016""]",not_assessed,not_assessed,unknown
lnpdb-tail1-6c24979776628782,tail1,parsed,OCCCCCCCCCCCS,"[""C(CCCCCO)CCCCCS""]",42,42,1,"[""26729861""]",1,"[""26729861""]","[""KZ_2016""]",not_assessed,not_assessed,unknown
lnpdb-tail1-6d4823f8ade7c8e0,tail1,parsed,C=CCCCCCC1CO1,"[""C=CCCCCCC1CO1""]",14,14,1,"[""20080679""]",1,"[""20080679""]","[""KL_2010""]",not_assessed,not_assessed,unknown
lnpdb-tail1-6dcf4fa6902155a3,tail1,parsed,CCCCCCCCCCCCCCC(=O)O,"[""CCCCCCCCCCCCCCC(=O)O""]",24,24,1,"[""37127709""]",1,"[""37127709""]","[""LR_2023""]",not_assessed,not_assessed,unknown
lnpdb-tail1-6e97dd90eefd0aa9,tail1,parsed,CCCCCCCCC=CCCCCCCCC(=O)OCCCCCC=O,"[""CCCCCCCCC=CCCCCCCCC(=O)OCCCCCC=O""]",170,282,2,"[""38740955"", ""39060305""]",2,"[""38740955"", ""39060305""]","[""BL_2024"", ""YX_2024""]",not_assessed,not_assessed,unknown
lnpdb-tail1-6f55badb46f1c785,tail1,parsed,C=CC(=O)NCCCCCCCCCCCCCC,"[""C=CC(=O)NCCCCCCCCCCCCCC""]",46,47,1,"[""18438401""]",1,"[""18438401""]","[""AA_2008""]",not_assessed,not_assessed,unknown
lnpdb-tail1-702871cce99b1307,tail1,parsed,CCCCCS,"[""CCCCCS""]",42,42,1,"[""26729861""]",1,"[""26729861""]","[""KZ_2016""]",not_assessed,not_assessed,unknown
lnpdb-tail1-7097a4fff3ecb58b,tail1,parsed,CCCCCCCCCCCCCCCC1CO1,"[""CCCCCCCCCCCCCCCC1CO1""]",14,14,1,"[""20080679""]",1,"[""20080679""]","[""KL_2010""]",not_assessed,not_assessed,unknown
lnpdb-tail1-709bd9b3c9eeac3e,tail1,parsed,CCCCCCCCCCCCCCS,"[""CCCCCCCCCCCCCCS""]",96,103,2,"[""26729861"", ""37853662""]",2,"[""26729861"", ""37853662""]","[""KZ_2016"", ""ZC_2023""]",not_assessed,not_assessed,unknown
lnpdb-tail1-71076e59d69925eb,tail1,parsed,CCCCCCCCC(CCCCCC)COC(=O)CCCC=O,"[""O=CCCCC(OCC(CCCCCCCC)CCCCCC)=O""]",9,16,1,"[""39502027""]",1,"[""39502027""]","[""SY_2025""]",not_assessed,not_assessed,unknown
lnpdb-tail1-73af928a51d0897d,tail1,parsed,CCCCCC=CCC=CCCCCCCCC(=O)OCCCCCC=O,"[""CCCCCC=CCC=CCCCCCCCC(=O)OCCCCCC=O""]",192,307,2,"[""38740955"", ""39060305""]",2,"[""38740955"", ""39060305""]","[""BL_2024"", ""YX_2024""]",not_assessed,not_assessed,unknown
lnpdb-tail1-7429f7a1fbf5281e,tail1,parsed,CCCCCCCCCCCCCCCCC1CO1,"[""C1OC1CCCCCCCCCCCCCCCC""]",6,6,1,"[""27981708""]",1,"[""27981708""]","[""JM_2016""]",not_assessed,not_assessed,unknown
lnpdb-tail1-7442d0e801140a3c,tail1,parsed,C=CC(=O)OCCCCCCCCCCCCCC,"[""C=CC(=O)OCCCCCCCCCCCCCC""]",256,325,4,"[""18438401"", ""24969323"", ""27981708"", ""38437545""]",4,"[""18438401"", ""24969323"", ""27981708"", ""38437545""]","[""AA_2008"", ""JM_2016"", ""KW_2014"", ""NC_2024""]",not_assessed,not_assessed,unknown
lnpdb-tail1-75b2dcb815e67e2a,tail1,parsed,CCCCCCCCCCS,"[""CCCCCCCCCCS""]",69,87,3,"[""22902058"", ""26729861"", ""37853662""]",3,"[""22902058"", ""26729861"", ""37853662""]","[""KZ_2016"", ""LL_2012"", ""ZC_2023""]",not_assessed,not_assessed,unknown
lnpdb-tail1-77f4b250888d4899,tail1,parsed,CCCCCC(=O)OCCCCCCBr,"[""CCCCCC(=O)OCCCCCCBr""]",13,13,1,"[""39099464""]",1,"[""39099464""]","[""YR_2024""]",not_assessed,not_assessed,unknown
lnpdb-tail1-781c140c21c864eb,tail1,parsed,CCCCOC(=O)CCCCCCC(C)O,"[""CCCCOC(=O)CCCCCCC(C)O""]",28,28,1,"[""37480759""]",1,"[""37480759""]","[""RG_2023""]",not_assessed,not_assessed,unknown
lnpdb-tail1-78311ddd15e2d29a,tail1,parsed,C=CC(=O)OCCCCCCCC(C)C,"[""C=CC(=O)OCCCCCCCC(C)C""]",20,30,1,"[""38437545""]",1,"[""38437545""]","[""NC_2024""]",not_assessed,not_assessed,unknown
lnpdb-tail1-7871e14892d33631,tail1,parsed,CCCCCCCCCC=O,"[""CCCCCCCCCC=O""]",48,48,1,"[""38060560""]",1,"[""38060560""]","[""JC_2023""]",not_assessed,not_assessed,unknown
lnpdb-tail1-7a19c4faa9845b51,tail1,parsed,CN(CCN1CCCCC1)C(=O)CCCS,"[""CN(CCN1CCCCC1)C(=O)CCCS""]",42,42,1,"[""26729861""]",1,"[""26729861""]","[""KZ_2016""]",not_assessed,not_assessed,unknown
lnpdb-tail1-7aff23653cd37634,tail1,parsed,CCC(CC)COCC(=O)CCCC(C)O,"[""CCC(CC)COCC(=O)CCCC(C)O""]",14,14,1,"[""37480759""]",1,"[""37480759""]","[""RG_2023""]",not_assessed,not_assessed,unknown
lnpdb-tail1-7d1a99010f9f6ae5,tail1,parsed,O=C(O)CCS,"[""C(CS)C(=O)O""]",42,42,1,"[""26729861""]",1,"[""26729861""]","[""KZ_2016""]",not_assessed,not_assessed,unknown
lnpdb-tail1-7daf508be46fc2e6,tail1,parsed,CCCCCCC(=O)OCCCCCBr,"[""CCCCCCC(=O)OCCCCCBr""]",13,13,1,"[""39099464""]",1,"[""39099464""]","[""YR_2024""]",not_assessed,not_assessed,unknown
lnpdb-tail1-7f47e13afc1b0551,tail1,parsed,CCCCCCC#CCCO,"[""CCCCCCC#CCCO""]",71,74,1,"[""36997680""]",1,"[""36997680""]","[""BL_2023""]",not_assessed,not_assessed,unknown
lnpdb-tail1-7fbd448d01ed3046,tail1,parsed,CCCCCCCCCCCCCCCCCCS,"[""CCCCCCCCCCCCCCCCCCS""]",42,42,1,"[""26729861""]",1,"[""26729861""]","[""KZ_2016""]",not_assessed,not_assessed,unknown
lnpdb-tail1-802e71d8ee4dba98,tail1,parsed,C=CCCCCCCCCCCC1CO1,"[""C=CCCCCCCCCCCC1CO1""]",14,14,1,"[""20080679""]",1,"[""20080679""]","[""KL_2010""]",not_assessed,not_assessed,unknown
lnpdb-tail1-80429caeddb479fb,tail1,parsed,CCC(CC)COCC(=O)CCCCCCC(C)O,"[""CCC(CC)COCC(=O)CCCCCCC(C)O""]",23,23,1,"[""37480759""]",1,"[""37480759""]","[""RG_2023""]",not_assessed,not_assessed,unknown
lnpdb-tail1-81298deb2c47cb6c,tail1,parsed,[C-]#[N+]CCCCCCCCCCCCCCCCCC,"[""[C-]#[N+]CCCCCCCCCCCCCCCCCC""]",71,146,1,"[""37661193""]",1,"[""37661193""]","[""ZH_2023""]",not_assessed,not_assessed,unknown
lnpdb-tail1-817f1586ac020242,tail1,parsed,C=CC(=O)OCCCCCCCCCCCC,"[""C=CC(=O)OCCCCCCCCCCCC"", ""CCCCCCCCCCCCOC(=O)C=C""]",258,341,4,"[""18438401"", ""24969323"", ""27981708"", ""38437545""]",4,"[""18438401"", ""24969323"", ""27981708"", ""38437545""]","[""AA_2008"", ""JM_2016"", ""KW_2014"", ""NC_2024""]",not_assessed,not_assessed,unknown
lnpdb-tail1-82f50e4de734dbea,tail1,parsed,CCCCCCCCC(CCCCCCCC)OC(=O)CCCCCC,"[""CCCCCCCCC(CCCCCCCC)OC(CCCCCC)=O""]",1,15,2,"[""38779592"", ""39502027""]",2,"[""38779592"", ""39502027""]","[""SB_2024"", ""SY_2025""]",not_assessed,not_assessed,unknown
lnpdb-tail1-848cf90ef4f8434e,tail1,parsed,CCCCCCCCCC(CCCCCCC)C(=O)O,"[""CCCCCCCCCC(CCCCCCC)C(=O)O""]",40,40,1,"[""37990414""]",1,"[""37990414""]","[""YX_2023""]",not_assessed,not_assessed,unknown
lnpdb-tail1-85f5c28222293ea9,tail1,parsed,CCCCCCCCCCCOO,"[""CCCCCCCCCCCOO""]",24,24,1,"[""37127709""]",1,"[""37127709""]","[""LR_2023""]",not_assessed,not_assessed,unknown
lnpdb-tail1-86dc1e57c62a4578,tail1,parsed,[C-]#[N+]CCCCCCCCCC,"[""CCCCCCCCCC[N+]#[C-]""]",1,2,1,"[""37661193""]",1,"[""37661193""]","[""ZH_2023""]",not_assessed,not_assessed,unknown
lnpdb-tail1-8a0e87b32a24cac8,tail1,parsed,CCCCC(CC)COCC1CO1,"[""CCCCC(CC)COCC1CO1""]",14,14,1,"[""20080679""]",1,"[""20080679""]","[""KL_2010""]",not_assessed,not_assessed,unknown
lnpdb-tail1-8a549a60e90e42ad,tail1,parsed,CC/C=C\CCS,"[""CC/C=C\\CCS""]",7,7,1,"[""33305471""]",1,"[""33305471""]","[""SL_2020""]",not_assessed,not_assessed,unknown
lnpdb-tail1-8ac54e38a729123f,tail1,parsed,O=C(O)CCCCCS,"[""C(CCC(=O)O)CCS""]",42,42,1,"[""26729861""]",1,"[""26729861""]","[""KZ_2016""]",not_assessed,not_assessed,unknown
lnpdb-tail1-8cbbaed134b6b23f,tail1,parsed,CCCC#CCO,"[""CCCC#CCO""]",71,75,1,"[""36997680""]",1,"[""36997680""]","[""BL_2023""]",not_assessed,not_assessed,unknown
lnpdb-tail1-8d48c6aaaee440ca,tail1,parsed,CCCCCCC(=O)OCCCCCCBr,"[""CCCCCCC(=O)OCCCCCCBr""]",13,13,1,"[""39099464""]",1,"[""39099464""]","[""YR_2024""]",not_assessed,not_assessed,unknown
lnpdb-tail1-8ebf1151208e0f95,tail1,parsed,[C-]#[N+]CCN(C)CC[N+]#[C-],"[""[C-]#[N+]CCN(C)CC[N+]#[C-]""]",60,120,1,"[""37661193""]",1,"[""37661193""]","[""ZH_2023""]",not_assessed,not_assessed,unknown
lnpdb-tail1-92005d4f95fa18e8,tail1,parsed,CCCCCCCCCCCCCCCC(=O)O,"[""C(CCCCCCCCCC)CCCCC(O)=O"", ""CCCCCCCCCCCCCCCC(=O)O""]",50,50,2,"[""36269150"", ""37990414""]",2,"[""36269150"", ""37990414""]","[""YX_2023"", ""ZL_2022""]",not_assessed,not_assessed,unknown
lnpdb-tail1-95d870f1733740b7,tail1,parsed,CC(C)CCS,"[""CC(C)CCS""]",42,42,1,"[""26729861""]",1,"[""26729861""]","[""KZ_2016""]",not_assessed,not_assessed,unknown
lnpdb-tail1-95ee06c57ad35810,tail1,parsed,CCCCCCNC,"[""CCCCCCNC""]",14,14,1,"[""38969646""]",1,"[""38969646""]","[""KS_2024""]",not_assessed,not_assessed,unknown
lnpdb-tail1-979ee6b2d36e497b,tail1,parsed,C=CC(=O)OCCCCCCCCCCCCCCCCCC,"[""C=CC(=O)OCCCCCCCCCCCCCCCCCC""]",50,51,2,"[""18438401"", ""27981708""]",2,"[""18438401"", ""27981708""]","[""AA_2008"", ""JM_2016""]",not_assessed,not_assessed,unknown
lnpdb-tail1-996f1fa1a9596340,tail1,parsed,CCCCCC1CO1,"[""CCCCCC1CO1""]",14,14,1,"[""20080679""]",1,"[""20080679""]","[""KL_2010""]",not_assessed,not_assessed,unknown
lnpdb-tail1-9bf6c295ca52949b,tail1,parsed,C=CC(=O)OCC(CCCC)CCCCCC,"[""CCCCCCC(CCCC)COC(=O)C=C""]",20,30,1,"[""38437545""]",1,"[""38437545""]","[""NC_2024""]",not_assessed,not_assessed,unknown
lnpdb-tail1-9c9b1d3d29bf645e,tail1,parsed,CCCCCCCC1CO1,"[""CCCCCCCC1CO1""]",14,14,1,"[""20080679""]",1,"[""20080679""]","[""KL_2010""]",not_assessed,not_assessed,unknown
lnpdb-tail1-9cd3b54503746be7,tail1,parsed,CCCCCCCCCCCCS,"[""CCCCCCCCCCCCS""]",68,79,3,"[""22902058"", ""26729861"", ""37853662""]",3,"[""22902058"", ""26729861"", ""37853662""]","[""KZ_2016"", ""LL_2012"", ""ZC_2023""]",not_assessed,not_assessed,unknown
lnpdb-tail1-9dfec6e98c8334f7,tail1,parsed,CC(C)CCOC(=O)CCCCC(C)O,"[""CC(C)CCOC(=O)CCCCC(C)O""]",14,14,1,"[""37480759""]",1,"[""37480759""]","[""RG_2023""]",not_assessed,not_assessed,unknown
lnpdb-tail1-9ea9d51c355a0f91,tail1,parsed,CCCCCCCS,"[""CCCCCCCS""]",56,56,2,"[""22902058"", ""26729861""]",2,"[""22902058"", ""26729861""]","[""KZ_2016"", ""LL_2012""]",not_assessed,not_assessed,unknown
lnpdb-tail1-9ec778f12366b363,tail1,parsed,[C-]#[N+]CCCCCCCCCCCCCC,"[""[C-]#[N+]CCCCCCCCCCCCCC""]",1,2,1,"[""37661193""]",1,"[""37661193""]","[""ZH_2023""]",not_assessed,not_assessed,unknown
lnpdb-tail1-9f006c876925d770,tail1,parsed,CCCCCCCCC=CCCCCCCC(C)O,"[""CCCCCCCCC=CCCCCCCC(C)O""]",24,24,1,"[""37480759""]",1,"[""37480759""]","[""RG_2023""]",not_assessed,not_assessed,unknown
lnpdb-tail1-a09defc3bc9cc5d4,tail1,parsed,CCCCCCCC([O])=O,"[""CCCCCCCC(=O)[O]""]",5,10,1,"[""38409275""]",1,"[""38409275""]","[""XH_2024""]",not_assessed,not_assessed,unknown
lnpdb-tail1-a151722803c76476,tail1,parsed,CCCCC/C=C\CCC(=O)O,"[""CCCCC/C=C\\CCC(=O)O""]",24,24,1,"[""37127709""]",1,"[""37127709""]","[""LR_2023""]",not_assessed,not_assessed,unknown
lnpdb-tail1-a1916fbdda704a16,tail1,parsed,OCCCCCCS,"[""C(CCCS)CCO""]",42,42,1,"[""26729861""]",1,"[""26729861""]","[""KZ_2016""]",not_assessed,not_assessed,unknown
lnpdb-tail1-a1b1a7c7a87d7aee,tail1,parsed,CCCCCC(CCCCC)C(=O)O,"[""CCCCCC(CCCCC)C(=O)O""]",40,40,1,"[""37990414""]",1,"[""37990414""]","[""YX_2023""]",not_assessed,not_assessed,unknown
lnpdb-tail1-a28182eb8c65b365,tail1,parsed,CCCCC(CC)CCC(=O)Oc1cc(C=O)cc(OC(=O)CCC(CC)CCCC)c1,"[""CCCCC(CC)CCC(=O)OC1=CC(=CC(=C1)OC(=O)CCC(CC)CCCC)C=O""]",12,40,1,"[""38424061""]",1,"[""38424061""]","[""LX_2024""]",not_assessed,not_assessed,unknown
lnpdb-tail1-a3f02a9965e32d3d,tail1,parsed,CCCCCCCCCCCCCCCC=O,"[""CCCCCCCCCCCCCCCC=O""]",48,48,1,"[""38060560""]",1,"[""38060560""]","[""JC_2023""]",not_assessed,not_assessed,unknown
lnpdb-tail1-a4fe44f4a84f2088,tail1,parsed,[C-]#[N+]CCN(CC[N+]#[C-])CC[N+]#[C-],"[""[C-]#[N+]CCN(CC[N+]#[C-])CC[N+]#[C-]""]",13,26,1,"[""37661193""]",1,"[""37661193""]","[""ZH_2023""]",not_assessed,not_assessed,unknown
lnpdb-tail1-a73ad91b9301346c,tail1,parsed,CCCCCCCC(=O)O,"[""CCCCCCCC(=O)O""]",42,42,2,"[""36269150"", ""37127709""]",2,"[""36269150"", ""37127709""]","[""LR_2023"", ""ZL_2022""]",not_assessed,not_assessed,unknown
lnpdb-tail1-a8278943f6cac657,tail1,parsed,CCCCCCCCC(CCCCCCCC)OC(=O)CCCCC=O,"[""CCCCCCCCC(CCCCCCCC)OC(=O)CCCCC=O""]",48,48,1,"[""38740955""]",1,"[""38740955""]","[""BL_2024""]",not_assessed,not_assessed,unknown
lnpdb-tail1-a869f25bd2775423,tail1,parsed,C=CC(=O)OCCCCCCCCCCC,"[""C=CC(=O)OCCCCCCCCCCC"", ""CCCCCCCCCCCOC(=O)C=C""]",239,281,2,"[""24969323"", ""38437545""]",2,"[""24969323"", ""38437545""]","[""KW_2014"", ""NC_2024""]",not_assessed,not_assessed,unknown
lnpdb-tail1-a9c983dc5fd3a021,tail1,parsed,CCCCCCCCCS,"[""CCCCCCCCCS""]",56,56,2,"[""22902058"", ""26729861""]",2,"[""22902058"", ""26729861""]","[""KZ_2016"", ""LL_2012""]",not_assessed,not_assessed,unknown
lnpdb-tail1-aaa2cbc6ec93f892,tail1,parsed,CCCCCCCCNCCCCCCCC,"[""CCCCCCCCNCCCCCCCC""]",31,31,2,"[""37591187"", ""38969646""]",2,"[""37591187"", ""38969646""]","[""KS_2024"", ""YY_2023""]",not_assessed,not_assessed,unknown
lnpdb-tail1-ae931f1da8390086,tail1,parsed,CCCCCCC(CCCC)COC(=O)CCCCCBr,"[""CCCCCCC(CCCC)COC(=O)CCCCCBr""]",13,13,1,"[""39099464""]",1,"[""39099464""]","[""YR_2024""]",not_assessed,not_assessed,unknown
lnpdb-tail1-b0be3ac32dd0a60a,tail1,parsed,C=CC(=O)OCCCCCCCCCCCCCCCC,"[""C=CC(=O)OCCCCCCCCCCCCCCCC""]",6,6,1,"[""27981708""]",1,"[""27981708""]","[""JM_2016""]",not_assessed,not_assessed,unknown
lnpdb-tail1-b1a26d91665c5e32,tail1,parsed,C=CC(=O)OCCCCCCCC,"[""C=CC(=O)OCCCCCCCC""]",6,6,1,"[""27981708""]",1,"[""27981708""]","[""JM_2016""]",not_assessed,not_assessed,unknown
lnpdb-tail1-b25683e2becd4fb0,tail1,parsed,C=CCCCCCCCCC(=O)OCCCCCC=O,"[""C=CCCCCCCCCC(=O)OCCCCCC=O""]",100,200,1,"[""39060305""]",1,"[""39060305""]","[""YX_2024""]",not_assessed,not_assessed,unknown
lnpdb-tail1-b3b1edcddbfe47e1,tail1,parsed,C=CCCCCCCCCCCCCCC1CO1,"[""C=CCCCCCCCCCCCCCC1CO1""]",14,14,1,"[""20080679""]",1,"[""20080679""]","[""KL_2010""]",not_assessed,not_assessed,unknown
lnpdb-tail1-b42c77c724bc4a17,tail1,parsed,CCCCCCCCCCCCCCCCCC(=O)O,"[""CCCCCCCCCCCCCCCCCC(=O)O""]",74,74,3,"[""36269150"", ""37127709"", ""37990414""]",3,"[""36269150"", ""37127709"", ""37990414""]","[""LR_2023"", ""YX_2023"", ""ZL_2022""]",not_assessed,not_assessed,unknown
lnpdb-tail1-b4610e22ec2741b7,tail1,parsed,C=CC(=O)NCCCCCCCCCCCC,"[""C=CC(=O)NCCCCCCCCCCCC""]",44,45,1,"[""18438401""]",1,"[""18438401""]","[""AA_2008""]",not_assessed,not_assessed,unknown
lnpdb-tail1-b5b7aaf67bde6038,tail1,parsed,CCCCC(CC)C(=O)Oc1cc(C=O)cc(OC(=O)C(CC)CCCC)c1,"[""CCCCC(CC)C(=O)OC1=CC(=CC(=C1)OC(=O)C(CC)CCCC)C=O""]",14,85,1,"[""38424061""]",1,"[""38424061""]","[""LX_2024""]",not_assessed,not_assessed,unknown
lnpdb-tail1-b6ca8c7e3c843f10,tail1,parsed,C=CCCCCCCCCCCCCC1CO1,"[""C=CCCCCCCCCCCCCC1CO1""]",14,14,1,"[""20080679""]",1,"[""20080679""]","[""KL_2010""]",not_assessed,not_assessed,unknown
lnpdb-tail1-b7351c16019f8a34,tail1,parsed,CC(C)CCCCCCCOC(=O)CCCCCCCBr,"[""CC(C)CCCCCCCOC(=O)CCCCCCCBr""]",13,13,1,"[""39099464""]",1,"[""39099464""]","[""YR_2024""]",not_assessed,not_assessed,unknown
lnpdb-tail1-b828ef10c56b1400,tail1,parsed,CCCCCCC#CCO,"[""CCCCCCC#CCO""]",71,80,1,"[""36997680""]",1,"[""36997680""]","[""BL_2023""]",not_assessed,not_assessed,unknown
lnpdb-tail1-b8ca0af0002e3499,tail1,parsed,O=C(O)CCCCCCCCCCS,"[""C(CCCCCS)CCCCC(=O)O""]",42,42,1,"[""26729861""]",1,"[""26729861""]","[""KZ_2016""]",not_assessed,not_assessed,unknown
lnpdb-tail1-ba52efd8b2c66547,tail1,parsed,C=CC(=O)NCCCCCCCCCCCCCCC,"[""C=CC(=O)NCCCCCCCCCCCCCCC""]",46,47,1,"[""18438401""]",1,"[""18438401""]","[""AA_2008""]",not_assessed,not_assessed,unknown
lnpdb-tail1-ba5db87453b42aaa,tail1,parsed,C=CC(=O)OCC(CCCCCC)CCCCCCCC,"[""CCCCCCCCC(CCCCCC)COC(=O)C=C""]",20,30,1,"[""38437545""]",1,"[""38437545""]","[""NC_2024""]",not_assessed,not_assessed,unknown
lnpdb-tail1-bc58cbda2c89c381,tail1,parsed,CC/C=C\CCC(=O)O,"[""CC/C=C\\CCC(=O)O""]",24,24,1,"[""37127709""]",1,"[""37127709""]","[""LR_2023""]",not_assessed,not_assessed,unknown
lnpdb-tail1-bd62725ddca2751a,tail1,parsed,CCCCCCCCCC1CO1,"[""CCCCCCCCCC1CO1""]",14,14,1,"[""20080679""]",1,"[""20080679""]","[""KL_2010""]",not_assessed,not_assessed,unknown
lnpdb-tail1-bdf774f400942ee7,tail1,parsed,CCCCCCCCC(=O)OCCBr,"[""CCCCCCCCC(=O)OCCBr""]",13,13,1,"[""39099464""]",1,"[""39099464""]","[""YR_2024""]",not_assessed,not_assessed,unknown
lnpdb-tail1-bfe935ade19c0dca,tail1,parsed,CC(O)CCCCC(=O)OC(C)C,"[""CC(C)OC(=O)CCCCC(C)O""]",14,14,1,"[""37480759""]",1,"[""37480759""]","[""RG_2023""]",not_assessed,not_assessed,unknown
lnpdb-tail1-c0f5214ab0b512a3,tail1,parsed,CCCCCCCCCCCC(=O)O,"[""CCCCCCCCCCCC(=O)O""]",74,74,3,"[""36269150"", ""37127709"", ""37990414""]",3,"[""36269150"", ""37127709"", ""37990414""]","[""LR_2023"", ""YX_2023"", ""ZL_2022""]",not_assessed,not_assessed,unknown
lnpdb-tail1-c2b9e57ff76d62e1,tail1,parsed,CCCCCCCCCCC(=O)CCCCCCCCCC,"[""CCCCCCCCCCC(=O)CCCCCCCCCC""]",120,120,1,"[""31570898""]",1,"[""31570898""]","[""LM_2019""]",not_assessed,not_assessed,unknown
lnpdb-tail1-c3091864384710d7,tail1,invalid,,"[""CCCCCCCCC(=O)OCCCCCCBr_""]",13,13,1,"[""39099464""]",1,"[""39099464""]","[""YR_2024""]",not_assessed,not_assessed,unknown
lnpdb-tail1-c3c233b2a30a7cd5,tail1,parsed,CCCCCCCC(=O)OCCBr,"[""CCCCCCCC(=O)OCCBr""]",13,13,1,"[""39099464""]",1,"[""39099464""]","[""YR_2024""]",not_assessed,not_assessed,unknown
lnpdb-tail1-c4725a3d1ee6a2e2,tail1,parsed,CCCCCC(=O)OCCBr,"[""CCCCCC(=O)OCCBr""]",13,13,1,"[""39099464""]",1,"[""39099464""]","[""YR_2024""]",not_assessed,not_assessed,unknown
lnpdb-tail1-c52f57c2c08c3625,tail1,parsed,CCCCCCCCCC(=O)CCCCCCCCC,"[""CCCCCCCCCC(=O)CCCCCCCCC""]",120,120,1,"[""31570898""]",1,"[""31570898""]","[""LM_2019""]",not_assessed,not_assessed,unknown
lnpdb-tail1-c566169b14f70f52,tail1,invalid,,"[""CCCCCC(=O)[O-]_""]",5,10,1,"[""38409275""]",1,"[""38409275""]","[""XH_2024""]",not_assessed,not_assessed,unknown
lnpdb-tail1-c81bfc1f41236f45,tail1,parsed,CCCCCCC(CCCC)COC(=O)CCCCCCCBr,"[""CCCCCCC(CCCC)COC(=O)CCCCCCCBr""]",13,13,1,"[""39099464""]",1,"[""39099464""]","[""YR_2024""]",not_assessed,not_assessed,unknown
lnpdb-tail1-c8834ac96bc0cd6d,tail1,parsed,CC(C)CS,"[""CC(C)CS""]",42,42,1,"[""26729861""]",1,"[""26729861""]","[""KZ_2016""]",not_assessed,not_assessed,unknown
lnpdb-tail1-cbcd7d9153d8d87e,tail1,invalid,,"[""C=CCCCCCCCCCCCCCCC1CO1_""]",14,14,1,"[""20080679""]",1,"[""20080679""]","[""KL_2010""]",not_assessed,not_assessed,unknown
lnpdb-tail1-cbfa9f591ae3227a,tail1,parsed,C=CC(=O)OCCCCCCCCC=CC=CCCCCCC,"[""CCCCCCC=CC=CCCCCCCCCOC(=O)C=C""]",20,20,1,"[""38437545""]",1,"[""38437545""]","[""NC_2024""]",not_assessed,not_assessed,unknown
lnpdb-tail1-cd117a543a1c100b,tail1,parsed,C=CC(=O)OCCCCCCCCCCCCC,"[""C=CC(=O)OCCCCCCCCCCCCC"", ""CCCCCCCCCCCCCOC(=O)C=C""]",259,340,3,"[""18438401"", ""24969323"", ""38437545""]",3,"[""18438401"", ""24969323"", ""38437545""]","[""AA_2008"", ""KW_2014"", ""NC_2024""]",not_assessed,not_assessed,unknown
lnpdb-tail1-cd3b1f2e04591169,tail1,parsed,CCCCC(C)CCC(=O)Oc1cc(OC(=O)CCC(C)CCCC)c(C=O)c(OC(=O)CCC(C)CCCC)c1,"[""CCCCC(C)CCC(=O)OC1=CC(=C(C=O)C(=C1)OC(=O)CCC(C)CCCC)OC(=O)CCC(C)CCCC""]",13,54,1,"[""38424061""]",1,"[""38424061""]","[""LX_2024""]",not_assessed,not_assessed,unknown
lnpdb-tail1-cf12e561e9186a7f,tail1,parsed,CCCCN(CCS)C(C)CCC,"[""CCCCN(CCS)C(C)CCC""]",42,42,1,"[""26729861""]",1,"[""26729861""]","[""KZ_2016""]",not_assessed,not_assessed,unknown
lnpdb-tail1-cfec5b332f279730,tail1,parsed,CCCCCCCCCCCCCC(=O)O,"[""CCCCCCCCCCCCCC(=O)O""]",50,50,2,"[""36269150"", ""37990414""]",2,"[""36269150"", ""37990414""]","[""YX_2023"", ""ZL_2022""]",not_assessed,not_assessed,unknown
lnpdb-tail1-d0ae416130bdb47e,tail1,parsed,CCCCCCCCC(C)O,"[""CCCCCCCCC(C)O""]",24,24,1,"[""37480759""]",1,"[""37480759""]","[""RG_2023""]",not_assessed,not_assessed,unknown
lnpdb-tail1-d2a500a1c30ecbd0,tail1,parsed,C#CCCCCCCCCC(=O)OCCCCCC=O,"[""C#CCCCCCCCCC(=O)OCCCCCC=O""]",100,200,1,"[""39060305""]",1,"[""39060305""]","[""YX_2024""]",not_assessed,not_assessed,unknown
lnpdb-tail1-d2efa2369e34ba53,tail1,parsed,CCCCCCCC(=O)CCCCCCC,"[""CCCCCCCC(=O)CCCCCCC""]",120,120,1,"[""31570898""]",1,"[""31570898""]","[""LM_2019""]",not_assessed,not_assessed,unknown
lnpdb-tail1-d41b57f9b6199c70,tail1,parsed,CCCCCCC(=O)Oc1cc(C=O)cc(OC(=O)CCCCCC)c1,"[""CCCCCCC(=O)OC1=CC(C=O)=CC(OC(=O)CCCCCC)=C1""]",11,11,1,"[""38424061""]",1,"[""38424061""]","[""LX_2024""]",not_assessed,not_assessed,unknown
lnpdb-tail1-d444cb5c1080aac5,tail1,parsed,CCCCCCCCCCCCNCCCCCCCCCCCC,"[""CCCCCCCCCCCCNCCCCCCCCCCCC""]",14,14,1,"[""38969646""]",1,"[""38969646""]","[""KS_2024""]",not_assessed,not_assessed,unknown
lnpdb-tail1-d45d967dd1a8af44,tail1,parsed,CCCCCCCCCCCCCCCCCCO,"[""CCCCCCCCCCCCCCCCCCO""]",71,73,1,"[""36997680""]",1,"[""36997680""]","[""BL_2023""]",not_assessed,not_assessed,unknown
lnpdb-tail1-d81ce2e37e237501,tail1,parsed,CC(C)=CCCC(C)CCS,"[""CC(CCC=C(C)C)CCS""]",7,7,1,"[""33305471""]",1,"[""33305471""]","[""SL_2020""]",not_assessed,not_assessed,unknown
lnpdb-tail1-d91cf5565da0de5b,tail1,parsed,CCCCCCCCS,"[""CCCCCCCCS""]",69,86,4,"[""22902058"", ""26729861"", ""33305471"", ""37853662""]",4,"[""22902058"", ""26729861"", ""33305471"", ""37853662""]","[""KZ_2016"", ""LL_2012"", ""SL_2020"", ""ZC_2023""]",not_assessed,not_assessed,unknown
lnpdb-tail1-d92a1cc17cfa42e4,tail1,parsed,CCC=CCCS,"[""CCC=CCCS""]",7,7,1,"[""33305471""]",1,"[""33305471""]","[""SL_2020""]",not_assessed,not_assessed,unknown
lnpdb-tail1-d94b21408d770d0f,tail1,parsed,CCCCCCCCCCCCCCCCS,"[""CCCCCCCCCCCCCCCCS""]",14,14,1,"[""22902058""]",1,"[""22902058""]","[""LL_2012""]",not_assessed,not_assessed,unknown
lnpdb-tail1-daa7a2eb234da62b,tail1,parsed,CCCCCCCC/C=C\CCCCCCCC(=O)CCCCCCC/C=C\CCCCCCCC,"[""CCCCCCCC/C=C\\CCCCCCCC(=O)CCCCCCC/C=C\\CCCCCCCC""]",120,168,1,"[""31570898""]",1,"[""31570898""]","[""LM_2019""]",not_assessed,not_assessed,unknown
lnpdb-tail1-daa9ec48cfbe314f,tail1,parsed,CCCCCCCC=CC(=O)OCCCCCC=O,"[""CCCCCCC/C=CC(=O)OCCCCCC=O"", ""CCCCCCC\\C=CC(=O)OCCCCCC=O""]",200,400,1,"[""39060305""]",1,"[""39060305""]","[""YX_2024""]",not_assessed,not_assessed,unknown
lnpdb-tail1-dd19b6d76b206571,tail1,parsed,CCCCCCCCC1CO1,"[""C1OC1CCCCCCCC"", ""CCCCCCCCC1CO1""]",20,20,2,"[""20080679"", ""27981708""]",2,"[""20080679"", ""27981708""]","[""JM_2016"", ""KL_2010""]",not_assessed,not_assessed,unknown
lnpdb-tail1-dd4b81724e79d6fd,tail1,parsed,C=CCCCCCCCCC1CO1,"[""C=CCCCCCCCCC1CO1""]",14,14,1,"[""20080679""]",1,"[""20080679""]","[""KL_2010""]",not_assessed,not_assessed,unknown
lnpdb-tail1-df04411f92fa8231,tail1,parsed,CCCS,"[""CCCS""]",42,42,1,"[""26729861""]",1,"[""26729861""]","[""KZ_2016""]",not_assessed,not_assessed,unknown
lnpdb-tail1-df06de413afd8147,tail1,parsed,CCCCCCCCCCCCCC1CO1,"[""CCCCCCCCCCCCCC1CO1""]",14,14,1,"[""20080679""]",1,"[""20080679""]","[""KL_2010""]",not_assessed,not_assessed,unknown
lnpdb-tail1-e026e56513c96730,tail1,parsed,CCCCCCCCC(=O)CCCCCCCC,"[""CCCCCCCCC(=O)CCCCCCCC""]",120,120,1,"[""31570898""]",1,"[""31570898""]","[""LM_2019""]",not_assessed,not_assessed,unknown
lnpdb-tail1-e09eef2561f5ea77,tail1,parsed,CCCCCCC(=O)CCCCCC,"[""CCCCCCC(=O)CCCCCC""]",120,120,1,"[""31570898""]",1,"[""31570898""]","[""LM_2019""]",not_assessed,not_assessed,unknown
lnpdb-tail1-e0d20fc3345d990a,tail1,parsed,CN(C)CCCN(C)C(=O)CCCS,"[""CN(C)CCCN(C)C(=O)CCCS""]",42,42,1,"[""26729861""]",1,"[""26729861""]","[""KZ_2016""]",not_assessed,not_assessed,unknown
lnpdb-tail1-e18899ca12234634,tail1,parsed,CCCCC1CO1,"[""CCCCC1CO1""]",14,14,1,"[""20080679""]",1,"[""20080679""]","[""KL_2010""]",not_assessed,not_assessed,unknown
lnpdb-tail1-e301df4d40af77b1,tail1,parsed,CCCCCCCCCCCCC(C)O,"[""CCCCCCCCCCCCC(C)O""]",24,24,1,"[""37480759""]",1,"[""37480759""]","[""RG_2023""]",not_assessed,not_assessed,unknown
lnpdb-tail1-e351504963e8caec,tail1,parsed,CCCCCCCCCCCCC(=O)O,"[""CCCCCCCCCCCCC(=O)O""]",24,24,1,"[""37127709""]",1,"[""37127709""]","[""LR_2023""]",not_assessed,not_assessed,unknown
lnpdb-tail1-e4f0af7f1794b94e,tail1,invalid,,"[""CCCCCCCCC(=O)OC1=CC(=CC(=C1)OC(=O)CCCCCCCC)C=O_""]",11,11,1,"[""38424061""]",1,"[""38424061""]","[""LX_2024""]",not_assessed,not_assessed,unknown
lnpdb-tail1-e530a6163da3705a,tail1,parsed,CN(C)CCS,"[""CN(C)CCS""]",42,42,1,"[""26729861""]",1,"[""26729861""]","[""KZ_2016""]",not_assessed,not_assessed,unknown
lnpdb-tail1-e533ae694454ba4d,tail1,parsed,C=CC(=O)OCC=C(C)CCC=C(C)C,"[""C=CC(=O)OCC=C(C)CCC=C(C)C""]",20,20,1,"[""38437545""]",1,"[""38437545""]","[""NC_2024""]",not_assessed,not_assessed,unknown
lnpdb-tail1-e6b6182b5af4a2f6,tail1,parsed,CC/C=C\C/C=C\C/C=C\C/C=C\C/C=C\CCCC(=O)O,"[""CC/C=C\\C/C=C\\C/C=C\\C/C=C\\C/C=C\\CCCC(=O)O""]",24,47,1,"[""37127709""]",1,"[""37127709""]","[""LR_2023""]",not_assessed,not_assessed,unknown
lnpdb-tail1-e6c99bc487cbf654,tail1,parsed,CCCCCCCCCC(=O)[O-],"[""CCCCCCCCCC(=O)[O-]""]",5,10,1,"[""38409275""]",1,"[""38409275""]","[""XH_2024""]",not_assessed,not_assessed,unknown
lnpdb-tail1-e703ced66674cdd9,tail1,parsed,[C-]#[N+]CCCN(C)C,"[""[C-]#[N+]CCCN(C)C""]",5,10,1,"[""37661193""]",1,"[""37661193""]","[""ZH_2023""]",not_assessed,not_assessed,unknown
lnpdb-tail1-e7395076f5b7da8f,tail1,parsed,SCCN1CCCC1,"[""C1CCN(C1)CCS""]",42,42,1,"[""26729861""]",1,"[""26729861""]","[""KZ_2016""]",not_assessed,not_assessed,unknown
lnpdb-tail1-e864219c28fca57a,tail1,parsed,CCCCCCCCCCCCNC,"[""CCCCCCCCCCCCNC""]",31,31,2,"[""37591187"", ""38969646""]",2,"[""37591187"", ""38969646""]","[""KS_2024"", ""YY_2023""]",not_assessed,not_assessed,unknown
lnpdb-tail1-e907823004ca77b4,tail1,parsed,C=CCCCCCCCCCCCC1CO1,"[""C=CCCCCCCCCCCCC1CO1""]",14,14,1,"[""20080679""]",1,"[""20080679""]","[""KL_2010""]",not_assessed,not_assessed,unknown
lnpdb-tail1-ea267648fd1c4606,tail1,parsed,CCCCCCC(=O)O,"[""CCCCCCC(=O)O""]",24,24,1,"[""37127709""]",1,"[""37127709""]","[""LR_2023""]",not_assessed,not_assessed,unknown
lnpdb-tail1-ea6d8c9a4cadbbbc,tail1,parsed,CCCCCCCCCCCCCCCCCCNC,"[""CCCCCCCCCCCCCCCCCCNC""]",31,31,2,"[""37591187"", ""38969646""]",2,"[""37591187"", ""38969646""]","[""KS_2024"", ""YY_2023""]",not_assessed,not_assessed,unknown
lnpdb-tail1-eb212407349ac2e1,tail1,parsed,CCCCCCCCCCCCCCCCCC(=O)OCCCCCC=O,"[""CCCCCCCCCCCCCCCCCC(=O)OCCCCCC=O""]",148,248,2,"[""38740955"", ""39060305""]",2,"[""38740955"", ""39060305""]","[""BL_2024"", ""YX_2024""]",not_assessed,not_assessed,unknown
lnpdb-tail1-ebb830e5652f7181,tail1,parsed,CC(C)CCCCCCCOC(=O)CCCCCBr,"[""CC(C)CCCCCCCOC(=O)CCCCCBr""]",13,13,1,"[""39099464""]",1,"[""39099464""]","[""YR_2024""]",not_assessed,not_assessed,unknown
lnpdb-tail1-ed45d7f33c07ab0a,tail1,parsed,CCCCCC(=O)OCCCCCBr,"[""CCCCCC(=O)OCCCCCBr""]",13,13,1,"[""39099464""]",1,"[""39099464""]","[""YR_2024""]",not_assessed,not_assessed,unknown
lnpdb-tail1-edc5956cd3fcee40,tail1,parsed,C=CCCCCCCCCCC1CO1,"[""C=CCCCCCCCCCC1CO1""]",14,14,1,"[""20080679""]",1,"[""20080679""]","[""KL_2010""]",not_assessed,not_assessed,unknown
lnpdb-tail1-ef1bcef87773039c,tail1,parsed,CC/C=C\C/C=C\C/C=C\CCCCCCC(C)O,"[""CC/C=C\\C/C=C\\C/C=C\\CCCCCCC(C)O""]",24,24,1,"[""37480759""]",1,"[""37480759""]","[""RG_2023""]",not_assessed,not_assessed,unknown
lnpdb-tail1-ef288523e2ce7b7e,tail1,parsed,SCCc1ccccc1,"[""C1=CC=C(C=C1)CCS""]",42,42,1,"[""26729861""]",1,"[""26729861""]","[""KZ_2016""]",not_assessed,not_assessed,unknown
lnpdb-tail1-ef9d622535e1565c,tail1,parsed,CCCCC#CCCO,"[""CCCCC#CCCO""]",71,76,1,"[""36997680""]",1,"[""36997680""]","[""BL_2023""]",not_assessed,not_assessed,unknown
lnpdb-tail1-f21fe7a955d9b24c,tail1,parsed,CCCCNCCS,"[""CCCCNCCS""]",42,42,1,"[""26729861""]",1,"[""26729861""]","[""KZ_2016""]",not_assessed,not_assessed,unknown
lnpdb-tail1-f22c982f0075a5e2,tail1,parsed,C=CCCCCC1CO1,"[""C=CCCCCC1CO1""]",14,14,1,"[""20080679""]",1,"[""20080679""]","[""KL_2010""]",not_assessed,not_assessed,unknown
lnpdb-tail1-f47d2bd1f51c16f7,tail1,parsed,C=CC(=O)NCCCCCCCCCCCCCCCC,"[""C=CC(=O)NCCCCCCCCCCCCCCCC""]",46,47,1,"[""18438401""]",1,"[""18438401""]","[""AA_2008""]",not_assessed,not_assessed,unknown
lnpdb-tail1-f5b804a1efad4f6b,tail1,parsed,C=CC(=O)OCC(CCCCCCCC)CCCCCCCCCC,"[""CCCCCCCCCCC(CCCCCCCC)COC(=O)C=C""]",20,30,1,"[""38437545""]",1,"[""38437545""]","[""NC_2024""]",not_assessed,not_assessed,unknown
lnpdb-tail1-f5f1366c48aad8de,tail1,parsed,C=CCCCCCCCC1CO1,"[""C=CCCCCCCCC1CO1""]",14,14,1,"[""20080679""]",1,"[""20080679""]","[""KL_2010""]",not_assessed,not_assessed,unknown
lnpdb-tail1-f70d436c955ed1c5,tail1,parsed,[C-]#[N+]CCCCCCCC/C=C\CCCCCCCC,"[""[C-]#[N+]CCCCCCCC/C=C\\CCCCCCCC""]",7,14,1,"[""37661193""]",1,"[""37661193""]","[""ZH_2023""]",not_assessed,not_assessed,unknown
lnpdb-tail1-f7c024bba2141b01,tail1,parsed,CCCCC(C)C(=O)Oc1cc(C=O)cc(OC(=O)C(C)CCCC)c1,"[""CCCCC(C)C(=O)OC1=CC(=CC(=C1)OC(=O)C(C)CCCC)C=O""]",13,62,1,"[""38424061""]",1,"[""38424061""]","[""LX_2024""]",not_assessed,not_assessed,unknown
lnpdb-tail1-f81b3ac673c0678d,tail1,parsed,CCCCCCCC(=O)OCCCCCBr,"[""CCCCCCCC(=O)OCCCCCBr""]",13,13,1,"[""39099464""]",1,"[""39099464""]","[""YR_2024""]",not_assessed,not_assessed,unknown
lnpdb-tail1-fa81777804ff6c6a,tail1,parsed,CCN(CC)CCS,"[""CCN(CC)CCS""]",42,42,1,"[""26729861""]",1,"[""26729861""]","[""KZ_2016""]",not_assessed,not_assessed,unknown
lnpdb-tail1-fcab35fc34a86767,tail1,parsed,CCCCCCCCC(CCCCCC)C(=O)O,"[""CCCCCCCCC(CCCCCC)C(=O)O""]",64,64,2,"[""37127709"", ""37990414""]",2,"[""37127709"", ""37990414""]","[""LR_2023"", ""YX_2023""]",not_assessed,not_assessed,unknown
lnpdb-tail1-feb5975d77a4add0,tail1,parsed,OCCCCS,"[""C(CCS)CO""]",42,42,1,"[""26729861""]",1,"[""26729861""]","[""KZ_2016""]",not_assessed,not_assessed,unknown
lnpdb-tail2-07e08d6bcd7151e6,tail2,parsed,[C-]#[N+]CCCCCCCCCCCC,"[""CCCCCCCCCCCC[N+]#[C-]""]",240,480,1,"[""39060305""]",1,"[""39060305""]","[""YX_2024""]",not_assessed,not_assessed,unknown
lnpdb-tail2-0a641f6d79e6f9f3,tail2,parsed,CCCCCCSSCCC(=O)O,"[""CCCCCCSSCCC(=O)O""]",1,2,1,"[""37661193""]",1,"[""37661193""]","[""ZH_2023""]",not_assessed,not_assessed,unknown
lnpdb-tail2-1a0e45caf1445141,tail2,parsed,CCCCCCCCCCCCC(C)O,"[""CCCCCCCCCCCCC(C)O""]",24,24,1,"[""37480759""]",1,"[""37480759""]","[""RG_2023""]",not_assessed,not_assessed,unknown
lnpdb-tail2-1e2b7498ecb72ea6,tail2,parsed,CC/C=C\C/C=C\C/C=C\CCCCCCCC(=O)O,"[""CC/C=C\\C/C=C\\C/C=C\\CCCCCCCC(=O)O""]",12,26,1,"[""37661193""]",1,"[""37661193""]","[""ZH_2023""]",not_assessed,not_assessed,unknown
lnpdb-tail2-235ef327ee669ba8,tail2,parsed,CCC(CC)COCC(=O)CCCCC(C)O,"[""CCC(CC)COCC(=O)CCCCC(C)O""]",18,18,1,"[""37480759""]",1,"[""37480759""]","[""RG_2023""]",not_assessed,not_assessed,unknown
lnpdb-tail2-2743d9bbf5728484,tail2,parsed,CCCCOC(=O)CCCCCCC(C)O,"[""CCCCOC(=O)CCCCCCC(C)O""]",18,18,1,"[""37480759""]",1,"[""37480759""]","[""RG_2023""]",not_assessed,not_assessed,unknown
lnpdb-tail2-3391d4b721fb124a,tail2,parsed,[C-]#[N+]CCCCCCCCCCCCCCCC,"[""CCCCCCCCCCCCCCCC[N+]#[C-]""]",240,480,1,"[""39060305""]",1,"[""39060305""]","[""YX_2024""]",not_assessed,not_assessed,unknown
lnpdb-tail2-3b1330cb8677e26a,tail2,parsed,CCCCCCCCC(CCCCCC)COC(=O)CCCC=O,"[""O=CCCCC(OCC(CCCCCCCC)CCCCCC)=O""]",9,16,1,"[""39502027""]",1,"[""39502027""]","[""SY_2025""]",not_assessed,not_assessed,unknown
lnpdb-tail2-3d549e3d9e6bf853,tail2,parsed,CCCCC/C=C\C/C=C\CCCCCCC(C)O,"[""CCCCC/C=C\\C/C=C\\CCCCCCC(C)O""]",24,24,1,"[""37480759""]",1,"[""37480759""]","[""RG_2023""]",not_assessed,not_assessed,unknown
lnpdb-tail2-3ebe63ee4cf0fbd4,tail2,parsed,CCCCCCCCCCCCCCSSCCC(=O)O,"[""CCCCCCCCCCCCCCSSCCC(=O)O""]",1,2,1,"[""37661193""]",1,"[""37661193""]","[""ZH_2023""]",not_assessed,not_assessed,unknown
lnpdb-tail2-3eee1f7834cd7d6d,tail2,parsed,CCCCCCCCC(CCCCCC)COC(=O)CC=O,"[""O=CCC(OCC(CCCCCCCC)CCCCCC)=O""]",4,8,1,"[""39502027""]",1,"[""39502027""]","[""SY_2025""]",not_assessed,not_assessed,unknown
lnpdb-tail2-477fdaa0aea43990,tail2,parsed,CCCCCCCCCCCCSSCCC(=O)O,"[""CCCCCCCCCCCCSSCCC(=O)O""]",2,4,1,"[""37661193""]",1,"[""37661193""]","[""ZH_2023""]",not_assessed,not_assessed,unknown
lnpdb-tail2-4dac8172f22ef72f,tail2,parsed,[C-]#[N+]CCCCCCCCCCC,"[""CCCCCCCCCCC[N+]#[C-]""]",96,96,1,"[""38060560""]",1,"[""38060560""]","[""JC_2023""]",not_assessed,not_assessed,unknown
lnpdb-tail2-5118035b8a11941d,tail2,parsed,CC(C)CCOC(=O)CCCCCCC(C)O,"[""CC(CCOC(CCCCCCC(O)C)=O)C""]",14,14,1,"[""37480759""]",1,"[""37480759""]","[""RG_2023""]",not_assessed,not_assessed,unknown
lnpdb-tail2-5c8d62e2543faf8f,tail2,parsed,CC(C)CCOC(=O)CCCCC(C)O,"[""CC(C)CCOC(=O)CCCCC(C)O""]",18,18,1,"[""37480759""]",1,"[""37480759""]","[""RG_2023""]",not_assessed,not_assessed,unknown
lnpdb-tail2-617ce2c68b6bb8c5,tail2,parsed,CCCCCCCC/C=C\CCCCCCCC(=O)O,"[""CCCCCCCC/C=C\\CCCCCCCC(=O)O""]",35,70,1,"[""37661193""]",1,"[""37661193""]","[""ZH_2023""]",not_assessed,not_assessed,unknown
lnpdb-tail2-6afbd2eb4589f95c,tail2,parsed,CCCCCCCCSSCCC(=O)O,"[""CCCCCCCCSSCCC(=O)O""]",1,2,1,"[""37661193""]",1,"[""37661193""]","[""ZH_2023""]",not_assessed,not_assessed,unknown
lnpdb-tail2-6de8158043ec2955,tail2,parsed,[C-]#[N+]CCCCCCCCC=CCCCCCCCC,"[""[C-]#[N+]CCCCCCCCC=CCCCCCCCC""]",240,480,1,"[""39060305""]",1,"[""39060305""]","[""YX_2024""]",not_assessed,not_assessed,unknown
lnpdb-tail2-7437e78a256c06a6,tail2,parsed,CCCCCCCCCCCCC#CC#CCCCCCCCCC(=O)O,"[""C(C#CCCCCCCCCCCCC)#CCCCCCCCCC(O)=O""]",12,24,1,"[""37661193""]",1,"[""37661193""]","[""ZH_2023""]",not_assessed,not_assessed,unknown
lnpdb-tail2-750bb6af36d91525,tail2,parsed,CCCCCCCCC(CCCCCC)C(=O)O,"[""CCCCCCCCC(CCCCCC)C(=O)O""]",1,2,1,"[""37661193""]",1,"[""37661193""]","[""ZH_2023""]",not_assessed,not_assessed,unknown
lnpdb-tail2-76235354fa25b04c,tail2,parsed,CCCCCCCCCCCCCCN=O,"[""CCCCCCCCCCCCCCN=O""]",240,480,1,"[""39060305""]",1,"[""39060305""]","[""YX_2024""]",not_assessed,not_assessed,unknown
lnpdb-tail2-793c3ca8f6423646,tail2,parsed,CC(C)CCC[C@@H](C)[C@H]1CC[C@H]2[C@@H]3CC=C4C[C@@H](OC(=O)CCC(=O)O)CC[C@]4(C)[C@H]3CC[C@]12C,"[""CC(C)CCC[C@@H](C)[C@H]1CC[C@H]2[C@@H]3CC=C4C[C@H](CC[C@]4(C)[C@H]3CC[C@]12C)OC(=O)CCC(=O)O""]",1,2,1,"[""37661193""]",1,"[""37661193""]","[""ZH_2023""]",not_assessed,not_assessed,unknown
lnpdb-tail2-7df033d760f635e3,tail2,parsed,O=C(O)CN(CC(=O)O)CC(=O)O,"[""O=C(O)CN(CC(=O)O)CC(=O)O""]",1,2,1,"[""37661193""]",1,"[""37661193""]","[""ZH_2023""]",not_assessed,not_assessed,unknown
lnpdb-tail2-7f4bee8b19bd8f22,tail2,parsed,CC/C=C\C/C=C\C/C=C\CCCCCCC(C)O,"[""CC/C=C\\C/C=C\\C/C=C\\CCCCCCC(C)O""]",24,24,1,"[""37480759""]",1,"[""37480759""]","[""RG_2023""]",not_assessed,not_assessed,unknown
lnpdb-tail2-841a79ba5e008004,tail2,parsed,CCCCCCCCC(CCCCCCCC)OC(=O)CCCCC=O,"[""CCCCCCCCC(CCCCCCCC)OC(=O)CCCCC=O""]",162,183,1,"[""38740955""]",1,"[""38740955""]","[""BL_2024""]",not_assessed,not_assessed,unknown
lnpdb-tail2-8a5842dd7c57894b,tail2,parsed,CCCCCCCCC=CCCCCCCCCN=O,"[""CCCCCCCCC=CCCCCCCCCN=O""]",96,96,1,"[""38060560""]",1,"[""38060560""]","[""JC_2023""]",not_assessed,not_assessed,unknown
lnpdb-tail2-92495509d6b01b13,tail2,parsed,[C-]#[N+]CCCCCCCCCCCCCCCCCC,"[""CCCCCCCCCCCCCCCCCC[N+]#[C-]""]",321,576,2,"[""38060560"", ""39060305""]",2,"[""38060560"", ""39060305""]","[""JC_2023"", ""YX_2024""]",not_assessed,not_assessed,unknown
lnpdb-tail2-9be7c46bed26bcd8,tail2,parsed,CCCCCCCCC(C)O,"[""CCCCCCCCC(C)O""]",24,24,1,"[""37480759""]",1,"[""37480759""]","[""RG_2023""]",not_assessed,not_assessed,unknown
lnpdb-tail2-ab959064296344a8,tail2,parsed,CCCCCCCCCCC(C)O,"[""CCCCCCCCCCC(C)O""]",24,24,1,"[""37480759""]",1,"[""37480759""]","[""RG_2023""]",not_assessed,not_assessed,unknown
lnpdb-tail2-aecba3faf7adb06f,tail2,parsed,CCCCCCCCC=CCCCCCCCC(=O)O,"[""CCCCCCCCC=CCCCCCCCC(=O)O""]",162,177,1,"[""38740955""]",1,"[""38740955""]","[""BL_2024""]",not_assessed,not_assessed,unknown
lnpdb-tail2-b088217e77753457,tail2,parsed,CCCCCC=CCC=CCCCCCCCC(=O)O,"[""CCCCCC=CCC=CCCCCCCCC(=O)O""]",143,192,2,"[""37661193"", ""38740955""]",2,"[""37661193"", ""38740955""]","[""BL_2024"", ""ZH_2023""]",not_assessed,not_assessed,unknown
lnpdb-tail2-b2f4dc1a13f42b43,tail2,parsed,CC(O)CCCCC(=O)OC(C)C,"[""CC(C)OC(=O)CCCCC(C)O""]",16,16,1,"[""37480759""]",1,"[""37480759""]","[""RG_2023""]",not_assessed,not_assessed,unknown
lnpdb-tail2-b80a71e9396ad4a7,tail2,parsed,CCC(CC)COCC(=O)CCCCCCC(C)O,"[""CCC(CC)COCC(=O)CCCCCCC(C)O""]",14,14,1,"[""37480759""]",1,"[""37480759""]","[""RG_2023""]",not_assessed,not_assessed,unknown
lnpdb-tail2-baf5156f7d3fcb60,tail2,parsed,O=C(O)CO,"[""C(C(=O)O)O""]",2,4,1,"[""37661193""]",1,"[""37661193""]","[""ZH_2023""]",not_assessed,not_assessed,unknown
lnpdb-tail2-c3895bc923bc2c9b,tail2,parsed,CCCCCCCCCCCCCCCC(=O)O,"[""CCCCCCCCCCCCCCCC(=O)O""]",140,155,1,"[""38740955""]",1,"[""38740955""]","[""BL_2024""]",not_assessed,not_assessed,unknown
lnpdb-tail2-c7558ff7da2a7c2c,tail2,parsed,CCCCCCCCCCCCCCCCCC(=O)O,"[""CCCCCCCCCCCCCCCCCC(=O)O""]",35,70,1,"[""37661193""]",1,"[""37661193""]","[""ZH_2023""]",not_assessed,not_assessed,unknown
lnpdb-tail2-ca95d00e291876a1,tail2,parsed,CN(C)CCC(=O)O,"[""CN(C)CCC(=O)O""]",3,6,1,"[""37661193""]",1,"[""37661193""]","[""ZH_2023""]",not_assessed,not_assessed,unknown
lnpdb-tail2-d44d11cc10cf0c5b,tail2,parsed,CCCCCCCCCCCCCC(=O)O,"[""CCCCCCCCCCCCCC(=O)O""]",1,2,1,"[""37661193""]",1,"[""37661193""]","[""ZH_2023""]",not_assessed,not_assessed,unknown
lnpdb-tail2-e3fcba42f1f90332,tail2,parsed,CCCCCCCCCC(=O)O,"[""CCCCCCCCCC(=O)O""]",1,2,1,"[""37661193""]",1,"[""37661193""]","[""ZH_2023""]",not_assessed,not_assessed,unknown
lnpdb-tail2-e93e26ca1ea955fd,tail2,parsed,CCCCCCCCC=CCCCCCCC(C)O,"[""CCCCCCCCC=CCCCCCCC(C)O""]",24,24,1,"[""37480759""]",1,"[""37480759""]","[""RG_2023""]",not_assessed,not_assessed,unknown
lnpdb-tail2-ecd66303c4b4f238,tail2,parsed,CCCCCCCCCCCOC(=O)CCCC,"[""CCCCC(OCCCCCCCCCCC)=O""]",1,15,2,"[""38779592"", ""39502027""]",2,"[""38779592"", ""39502027""]","[""SB_2024"", ""SY_2025""]",not_assessed,not_assessed,unknown
lnpdb-tail2-f5be0ffec184c009,tail2,parsed,CCCCCCCCCCSSCCC(=O)O,"[""CCCCCCCCCCSSCCC(=O)O""]",1,2,1,"[""37661193""]",1,"[""37661193""]","[""ZH_2023""]",not_assessed,not_assessed,unknown
lnpdb-tail2-f8d81eb5a93d11e2,tail2,parsed,CCCCCCCCCCCC(=O)O,"[""CCCCCCCCCCCC(=O)O""]",1,2,1,"[""37661193""]",1,"[""37661193""]","[""ZH_2023""]",not_assessed,not_assessed,unknown
lnpdb-tail2-f9b5a9a77ceb4daf,tail2,parsed,CCCCOC(=O)CCCCC(C)O,"[""CCCCOC(=O)CCCCC(C)O""]",18,18,1,"[""37480759""]",1,"[""37480759""]","[""RG_2023""]",not_assessed,not_assessed,unknown
lnpdb-tail2-fd15a624bc0420c9,tail2,parsed,CCCCCCCC(=O)O,"[""CCCCCCCC(=O)O""]",1,2,1,"[""37661193""]",1,"[""37661193""]","[""ZH_2023""]",not_assessed,not_assessed,unknown
